change	path	sha256	review_continuity	retained_evidence
M	.github/workflows/pages.yml	6a4be0e3a33d697272b9678703fb6e48f38420dade867dc8cf999305ff6660d6	CURRENT_HASH_MATCHES_RETAINED_SCOPED_REVIEW_INPUT	verification/requirement-coverage-NREQ-4b26e20f450b23eb551b2da03e69c9c9-20261007-context-07d6150a1321-54e18bc1f938.json;verification/requirement-coverage-NREQ-a011968eff2ed2dc314d58ed27dfad88-20261007-context-87882d5bae07-54e18bc1f938.json;verification/requirement-coverage-NREQ-bedc4564e47ae7ebf86911eb8426b6f0-20261007-context-303caf90caff-54e18bc1f938.json;verification/requirement-coverage-NREQ-befdab6cc6a4121936987a35fc18e1c9-20261007-context-c8b0b09a87ad-54e18bc1f938.json
M	.gitignore	aacd16edafd18aadf63a751233947edd043a2e07d9e57b4839296310bf767c07	RECOVERED_EXACT_SOURCE_SCOPED_REVIEW_RETAINED_WITH_ORIGINAL_LIMITS	/workspace/scratch/recovered-20261006/evidence/02-pr-review/complete-pr-file-review-inventory.json#/files/1;/workspace/scratch/recovered-20261006/evidence/02-pr-review/working-pr-file-review-inventory.json#/files/1
M	README.md	679f41899ff436b4a24c4b03839e18748bdbf4ecd0d3b73fb4637fe2688f232b	HISTORICAL_ALL_FILE_REVIEW_REPORTED_BACKING_INVENTORY_UNAVAILABLE	NONE_RETAINED
M	app-core.js	004671435ed142b937503e1b56a971e8ef7b96c9e3e58ee29a623adc6b7a4460	CURRENT_HASH_MATCHES_RETAINED_SCOPED_REVIEW_INPUT	verification/requirement-coverage-NREQ-012f85cfd2196b3413752b3deb14edf0-20261007-context-faf7fb1b8f5f-54e18bc1f938.json;verification/requirement-coverage-NREQ-092f78e488e6282f342b533fa7801e3e-20261007-context-11d306878126-54e18bc1f938.json;verification/requirement-coverage-NREQ-0b73c99557630a5deeace7e89ea0e28f-20261007-context-70f6fc73db90-54e18bc1f938.json;verification/requirement-coverage-NREQ-0c973b955d61ee36887734df0ade5e69-20261007-context-aa211674369a-54e18bc1f938.json;verification/requirement-coverage-NREQ-0fe0693c63b640aac77aa7fa2ad3861d-20261007-context-e479a2d67661-54e18bc1f938.json;verification/requirement-coverage-NREQ-1543275bf85c6f452bce3c65a31dd691-20261007-context-bc25b407a6a7-54e18bc1f938.json;verification/requirement-coverage-NREQ-1576e27fba46e1d68631bb2ade2e37f4-20261007-context-f03bceab9e8e-54e18bc1f938.json;verification/requirement-coverage-NREQ-178819f4c44ad7250656e79d18a8cae3-20261007-context-c1c5855362aa-54e18bc1f938.json;verification/requirement-coverage-NREQ-1b07d67693ef773b4800dc6e06626b5b-20261007-context-dcaf72405bbe-54e18bc1f938.json;verification/requirement-coverage-NREQ-1cb8c122e35c6f4e36f01c95ea0d02c9-20261007-context-4e1b5cc17d08-54e18bc1f938.json;verification/requirement-coverage-NREQ-1e002259d64a939cee2f2a41f4bf3515-20261007-context-19c88e9b3697-54e18bc1f938.json;verification/requirement-coverage-NREQ-1f578d8524f1af57b280fd03422827f1-20261007-context-33c756e92bb7-54e18bc1f938.json;verification/requirement-coverage-NREQ-2046e21dd63ad76f992233d5582c716d-20261007-context-8d03363ebd61-54e18bc1f938.json;verification/requirement-coverage-NREQ-2323c8d363fd8c29f965d8c0e67549ae-20261007-context-cb02bb332e42-54e18bc1f938.json;verification/requirement-coverage-NREQ-2524a1d9ecc583bbd420778cfb147983-20261007-context-04970fd5ee41-54e18bc1f938.json;verification/requirement-coverage-NREQ-2969c103b4ac33435f1e5d6c258a7b7b-20261007-context-857befb4ca6d-54e18bc1f938.json;verification/requirement-coverage-NREQ-318da161cc5f30f33449238ba3870773-20261007-context-123b97ea9f3d-54e18bc1f938.json;verification/requirement-coverage-NREQ-360281bfdd66bed29237ed7202962808-20261007-context-defd14234c9a-54e18bc1f938.json;verification/requirement-coverage-NREQ-41ab1c200b4ce5c9d1d96613a3e5b264-20261007-context-867dae61e345-54e18bc1f938.json;verification/requirement-coverage-NREQ-4592c9487837c81077b166abf57bb4a7-20261007-context-86ef01f1c3cb-54e18bc1f938.json;verification/requirement-coverage-NREQ-4b26e20f450b23eb551b2da03e69c9c9-20261007-context-07d6150a1321-54e18bc1f938.json;verification/requirement-coverage-NREQ-4b27c9f604f44c29404eacc12a59fd68-20261007-context-0ea535138580-54e18bc1f938.json;verification/requirement-coverage-NREQ-4bb86ccfacff0ea8bbbc59df67b0ca4f-20261007-context-6dcc93386d57-54e18bc1f938.json;verification/requirement-coverage-NREQ-5003532a6cda7a68c13be508fbf4d723-20261007-context-dccb85cd4973-54e18bc1f938.json;verification/requirement-coverage-NREQ-55f458162d319bfbb710223b3528ef9f-20261007-context-5b104c0b9184-54e18bc1f938.json;verification/requirement-coverage-NREQ-57f8fa829a872f35948a81bd58477291-20261007-context-fd3ea3b718ef-54e18bc1f938.json;verification/requirement-coverage-NREQ-5811c65fa83521ee7afeedd602cec806-20261007-context-60e25b364eb4-54e18bc1f938.json;verification/requirement-coverage-NREQ-595ff4d66406e3bd9529e12f036c882b-20261007-context-b22989818f22-54e18bc1f938.json;verification/requirement-coverage-NREQ-59d5854af99ac5a566eb61e978519b21-20261007-context-e53573db3335-54e18bc1f938.json;verification/requirement-coverage-NREQ-5dbdcf72dd32a519bb29fbf8250726d3-20261007-context-99eab70395b3-54e18bc1f938.json;verification/requirement-coverage-NREQ-601ec85ffefcffd713520f4067f7529c-20261007-context-be7aad854ceb-54e18bc1f938.json;verification/requirement-coverage-NREQ-606a27b2b9b712e933dda6e0e7b0ce68-20261007-context-c717ae8f5d63-54e18bc1f938.json;verification/requirement-coverage-NREQ-6a5e773812226552e3448329be3966cd-20261007-context-14f5a52593d0-54e18bc1f938.json;verification/requirement-coverage-NREQ-71896faa31bc64e94d98bc976e1e6f1d-20261007-context-def6b5edfdba-54e18bc1f938.json;verification/requirement-coverage-NREQ-72aa03a305fb8893a65d384f41d86aeb-20261007-context-6fb2556fc745-54e18bc1f938.json;verification/requirement-coverage-NREQ-72ba9c97f91e20a56d469fe3d4acf669-20261007-context-ce1798099b2f-54e18bc1f938.json;verification/requirement-coverage-NREQ-75151f881444015977da6a6d7d86cb1c-20261007-context-5c2a016004df-54e18bc1f938.json;verification/requirement-coverage-NREQ-75b670fc6ea047b7452b4148f12a30ba-20261007-context-dfc64a21a246-54e18bc1f938.json;verification/requirement-coverage-NREQ-7643f1fb351e295ecb8565583cb9a37f-20261007-context-1fe2c84cf115-54e18bc1f938.json;verification/requirement-coverage-NREQ-768d67996244254c83c0d11796f63912-20261007-context-291bd5dd0e04-54e18bc1f938.json;verification/requirement-coverage-NREQ-78fef21919bbd7bb3bafba6f62210631-20261007-context-8f3806190781-54e18bc1f938.json;verification/requirement-coverage-NREQ-797b5fe50f9d13ae34d17cc98c7c8f24-20261007-context-0a94e402d167-54e18bc1f938.json;verification/requirement-coverage-NREQ-7a68fe07ee725cf205dd2102cd997b7f-20261007-context-652ecb1fe1af-54e18bc1f938.json;verification/requirement-coverage-NREQ-7be2bf6dfeab825b0549d41a0151841e-20261007-context-4d745e4aa672-54e18bc1f938.json;verification/requirement-coverage-NREQ-848909d4b95219bdb481803a4b1b91c2-20261007-context-73f60d480258-54e18bc1f938.json;verification/requirement-coverage-NREQ-85b110cf9d0bf8e7e2a6ca34dcdee412-20261007-context-80144a03a02d-54e18bc1f938.json;verification/requirement-coverage-NREQ-86651d173d1583e48cf6c03f9d486f4f-20261007-context-327d2cc2c990-54e18bc1f938.json;verification/requirement-coverage-NREQ-87e7a29563e2235e49d5eea31da7db0c-20261007-context-04879b11d740-54e18bc1f938.json;verification/requirement-coverage-NREQ-8bb8790d8dd6c5082d6e0351c032cda5-20261007-context-ebd61b02b8d5-54e18bc1f938.json;verification/requirement-coverage-NREQ-928a65a08b403be3edc8b160ef9cc53c-20261007-context-bc514f8d980c-54e18bc1f938.json;verification/requirement-coverage-NREQ-949f1919a3c7d66486dd74bbd084b71a-20261007-context-51d18e6898a2-54e18bc1f938.json;verification/requirement-coverage-NREQ-971af7158d193e9b1d780c13b6c8e0ec-20261007-context-3e84d85be560-54e18bc1f938.json;verification/requirement-coverage-NREQ-9e0ad66ef878f9e97c909997e976cc13-20261007-context-c8e259a009f0-54e18bc1f938.json;verification/requirement-coverage-NREQ-a011968eff2ed2dc314d58ed27dfad88-20261007-context-87882d5bae07-54e18bc1f938.json;verification/requirement-coverage-NREQ-a0db6ddcb33d9af123b08d4d481c8ebd-20261007-context-6d4092da78f9-54e18bc1f938.json;verification/requirement-coverage-NREQ-a1bafeb7c6f6f12bf0c7b0f6fcadaab9-20261007-context-4b6563194ed6-54e18bc1f938.json;verification/requirement-coverage-NREQ-a3f1c0440fabe4b988fb5fca68a0487c-20261007-context-eac1ae13e05b-54e18bc1f938.json;verification/requirement-coverage-NREQ-a42ec803577aa8ccbe176ed8e20a8595-20261007-context-66547fe135c2-54e18bc1f938.json;verification/requirement-coverage-NREQ-a6fb1ab9c309f702b7cd3d8c7f38cf8f-20261007-context-683bf6ce202e-54e18bc1f938.json;verification/requirement-coverage-NREQ-a7139de247d6263164ddc139ec1fe2ce-20261007-context-1e402d1c19b7-54e18bc1f938.json;verification/requirement-coverage-NREQ-a99b13aa6aa9c7ffa4b65010951f18ec-20261007-context-8e1c768bc690-54e18bc1f938.json;verification/requirement-coverage-NREQ-ade9df74bf03ff347d7ae537fbfa738d-20261007-context-61a2341f94ae-54e18bc1f938.json;verification/requirement-coverage-NREQ-b04395198a63faa09666a1bfca300a1e-20261007-context-3d6d12bed622-54e18bc1f938.json;verification/requirement-coverage-NREQ-b366c2ac73e0e846627de23589a5a772-20261007-context-a26853843e41-54e18bc1f938.json;verification/requirement-coverage-NREQ-b3e8d9cffdde1f94d9d342ff0ed4f097-20261007-context-b36ec8d0d499-54e18bc1f938.json;verification/requirement-coverage-NREQ-b67c348ca653ff5a19ba01272dfd4262-20261007-context-d619c471e8d3-54e18bc1f938.json;verification/requirement-coverage-NREQ-b7b9ecdbceaad6aaefc9e55f7d5b3d48-20261007-context-08a2d1fe5fc7-54e18bc1f938.json;verification/requirement-coverage-NREQ-baa1c33b2e2490264f91881b06ff9da8-20261007-context-029f6195f4ba-54e18bc1f938.json;verification/requirement-coverage-NREQ-bc997511e2328af90b68d1898bcf6ed7-20261007-context-18574f44b5d8-54e18bc1f938.json;verification/requirement-coverage-NREQ-bde18b0504b7485cf77fad020a4a494b-20261007-context-90bbee2744c4-54e18bc1f938.json;verification/requirement-coverage-NREQ-bedc4564e47ae7ebf86911eb8426b6f0-20261007-context-303caf90caff-54e18bc1f938.json;verification/requirement-coverage-NREQ-befdab6cc6a4121936987a35fc18e1c9-20261007-context-c8b0b09a87ad-54e18bc1f938.json;verification/requirement-coverage-NREQ-c0080ab56f40757c88225dc35a1f98f0-20261007-context-79fe3bf8357b-54e18bc1f938.json;verification/requirement-coverage-NREQ-c0a2fa84e2aafe674742a0bb98c40e02-20261007-context-949b3819c6b9-54e18bc1f938.json;verification/requirement-coverage-NREQ-c1d94148ff5023aac7735baefed6c35d-20261007-context-c697349e63e8-54e18bc1f938.json;verification/requirement-coverage-NREQ-c94c878ef2cf8c6a35b0985da91c0c85-20261007-context-fe6c073ad55f-54e18bc1f938.json;verification/requirement-coverage-NREQ-cf25cf824db06866df51c0e538fcbc03-20261007-context-fde639603c5f-54e18bc1f938.json;verification/requirement-coverage-NREQ-cf2cbee76666e1f836c4cca046988062-20261007-context-ee826876a6b9-54e18bc1f938.json;verification/requirement-coverage-NREQ-d2fa27e805583d3a5c7d281ed7051950-20261007-context-8e1b30f0d0bb-54e18bc1f938.json;verification/requirement-coverage-NREQ-d3216139914fb4c3ec1d54819ee18890-20261007-context-4d85dbcad915-54e18bc1f938.json;verification/requirement-coverage-NREQ-d6eeb36f75c6f6f6854a2e3aa9ac2070-20261007-context-e9e30bbb47a8-54e18bc1f938.json;verification/requirement-coverage-NREQ-e0b91994f249e0b795ab80a6e3f4a4a2-20261007-context-b609fa37652f-54e18bc1f938.json;verification/requirement-coverage-NREQ-e2c966ff2db0502c8d0f2d40e87f4262-20261007-context-c6d95e2cb2e2-54e18bc1f938.json;verification/requirement-coverage-NREQ-ea453611a3a1f48cdd2fbfbe946d7ac7-20261007-context-5fb3beeac070-54e18bc1f938.json;verification/requirement-coverage-NREQ-ebadc5f449d2029613a3af4b31f78c6f-20261007-context-4fd7fab953a6-54e18bc1f938.json;verification/requirement-coverage-NREQ-ec756b9a468c4ea50f2d35c578a1a11a-20261007-context-5b0bc69cf0f7-54e18bc1f938.json;verification/requirement-coverage-NREQ-f1919b51ebfc8561d0140c02cbf08abd-20261007-context-5b509fd997c1-54e18bc1f938.json;verification/requirement-coverage-NREQ-f2d6f77dfa27e853d7eb5dab69be388d-20261007-context-e9122d35086e-54e18bc1f938.json;verification/requirement-coverage-NREQ-f41a79c58369bd76c58ad7e831e953ce-20261007-context-a6f639cd6cfc-54e18bc1f938.json;verification/requirement-coverage-NREQ-f6e1df45974ccc5d32aafbc5f38dd535-20261007-context-b48c49f827aa-54e18bc1f938.json
A	browser-execution-evidence.mjs	ded69b26852ae1999b5825f937fa8856b56cfbd6acf9f461ada828632f6455a9	CURRENT_HASH_MATCHES_RETAINED_SCOPED_REVIEW_INPUT	verification/requirement-coverage-NREQ-4b26e20f450b23eb551b2da03e69c9c9-20261007-context-07d6150a1321-54e18bc1f938.json;verification/requirement-coverage-NREQ-a011968eff2ed2dc314d58ed27dfad88-20261007-context-87882d5bae07-54e18bc1f938.json;verification/requirement-coverage-NREQ-bedc4564e47ae7ebf86911eb8426b6f0-20261007-context-303caf90caff-54e18bc1f938.json;verification/requirement-coverage-NREQ-befdab6cc6a4121936987a35fc18e1c9-20261007-context-c8b0b09a87ad-54e18bc1f938.json
M	build-static-site.mjs	fdda103454069b9c40cb563ac327bfcc3ab999428466fea647da5364eca1b840	CURRENT_HASH_MATCHES_RETAINED_SCOPED_REVIEW_INPUT	verification/requirement-coverage-NREQ-a011968eff2ed2dc314d58ed27dfad88-20261007-context-87882d5bae07-54e18bc1f938.json;verification/requirement-coverage-NREQ-befdab6cc6a4121936987a35fc18e1c9-20261007-context-c8b0b09a87ad-54e18bc1f938.json
M	build-test-project.mjs	045b11a85a35c75937cc2d8893f0a72e2a8fbee94f9533702ed4b7b080f02639	RECOVERED_EXACT_SOURCE_SCOPED_REVIEW_RETAINED_WITH_ORIGINAL_LIMITS	/workspace/scratch/recovered-20261006/evidence/02-pr-review/complete-pr-file-review-inventory.json#/files/6;/workspace/scratch/recovered-20261006/evidence/02-pr-review/working-pr-file-review-inventory.json#/files/6
A	collect-verification-evidence.mjs	1954c33089333e7195a078eb9871263ae042f595ad72a475d7a16d08060fb616	CURRENT_HASH_REFERENCED_BY_RETAINED_DELTA_REVIEW	verification/ci-evidence-independent-delta-review-20261010.json
A	deployment-contract-identities.mjs	bd4e76c84bf14a4a88ff1549e45e6c5b9020f779a39dae21ed8d79aab7898ef3	CURRENT_HASH_MATCHES_RETAINED_SCOPED_REVIEW_INPUT	verification/requirement-coverage-NREQ-4b26e20f450b23eb551b2da03e69c9c9-20261007-context-07d6150a1321-54e18bc1f938.json;verification/requirement-coverage-NREQ-a011968eff2ed2dc314d58ed27dfad88-20261007-context-87882d5bae07-54e18bc1f938.json;verification/requirement-coverage-NREQ-bedc4564e47ae7ebf86911eb8426b6f0-20261007-context-303caf90caff-54e18bc1f938.json;verification/requirement-coverage-NREQ-befdab6cc6a4121936987a35fc18e1c9-20261007-context-c8b0b09a87ad-54e18bc1f938.json
M	final-acceptance.mjs	5f5187e5f8426d8681f4e88afbc2511ac08a5e3d1ca28fbae10d0632d147d4f2	CURRENT_HASH_MATCHES_RETAINED_SCOPED_REVIEW_INPUT	verification/requirement-coverage-NREQ-4b26e20f450b23eb551b2da03e69c9c9-20261007-context-07d6150a1321-54e18bc1f938.json;verification/requirement-coverage-NREQ-a011968eff2ed2dc314d58ed27dfad88-20261007-context-87882d5bae07-54e18bc1f938.json;verification/requirement-coverage-NREQ-bedc4564e47ae7ebf86911eb8426b6f0-20261007-context-303caf90caff-54e18bc1f938.json;verification/requirement-coverage-NREQ-befdab6cc6a4121936987a35fc18e1c9-20261007-context-c8b0b09a87ad-54e18bc1f938.json
A	full-cycle-prerequisite.mjs	5096865e45ddac46a9c10257193dc273cc044ff5fabaf329c8eac386788c4df5	CURRENT_HASH_REFERENCED_BY_RETAINED_DELTA_REVIEW	verification/runtime-storage-independent-delta-review-20261010.json
M	generate-mobile-acceptance-target.mjs	4af52f2a88ca1825357281d850f4d23619d3d4a7d8e6f5557f9b3392a53846f0	HISTORICAL_ALL_FILE_REVIEW_REPORTED_BACKING_INVENTORY_UNAVAILABLE	NONE_RETAINED
M	generate-specification-governance.mjs	a8e68ef2e4f2aa1bfb4b5dbee49d2a899661f509047311c9539e6120882a60df	RECOVERED_EXACT_SOURCE_SCOPED_REVIEW_RETAINED_WITH_ORIGINAL_LIMITS	/workspace/scratch/recovered-20261006/evidence/02-pr-review/complete-pr-file-review-inventory.json#/files/10;/workspace/scratch/recovered-20261006/evidence/02-pr-review/working-pr-file-review-inventory.json#/files/10
M	hash.js	a13cf57bd7c7414bc801f511d5937f80eaf7fd675c0e6c2b5a92b365df16e4d7	CURRENT_HASH_MATCHES_RETAINED_SCOPED_REVIEW_INPUT	verification/requirement-coverage-NREQ-012f85cfd2196b3413752b3deb14edf0-20261007-context-faf7fb1b8f5f-54e18bc1f938.json;verification/requirement-coverage-NREQ-04e156310ae4ecdd6915448e3f30e047-20261007-context-9f8a35215a69-54e18bc1f938.json;verification/requirement-coverage-NREQ-0774fcb2b6e2510d755133d371474ec8-20261007-context-d48d5f2a8e1a-54e18bc1f938.json;verification/requirement-coverage-NREQ-092f78e488e6282f342b533fa7801e3e-20261007-context-11d306878126-54e18bc1f938.json;verification/requirement-coverage-NREQ-0b73c99557630a5deeace7e89ea0e28f-20261007-context-70f6fc73db90-54e18bc1f938.json;verification/requirement-coverage-NREQ-0c973b955d61ee36887734df0ade5e69-20261007-context-aa211674369a-54e18bc1f938.json;verification/requirement-coverage-NREQ-0fe0693c63b640aac77aa7fa2ad3861d-20261007-context-e479a2d67661-54e18bc1f938.json;verification/requirement-coverage-NREQ-1000a70e39109bdb76b85fa6855a4892-20261007-context-fab4e794a047-54e18bc1f938.json;verification/requirement-coverage-NREQ-1543275bf85c6f452bce3c65a31dd691-20261007-context-bc25b407a6a7-54e18bc1f938.json;verification/requirement-coverage-NREQ-1576e27fba46e1d68631bb2ade2e37f4-20261007-context-f03bceab9e8e-54e18bc1f938.json;verification/requirement-coverage-NREQ-178819f4c44ad7250656e79d18a8cae3-20261007-context-c1c5855362aa-54e18bc1f938.json;verification/requirement-coverage-NREQ-18edc302ca3fad90513b66c585e688e6-20261007-context-c29757d88109-54e18bc1f938.json;verification/requirement-coverage-NREQ-1b07d67693ef773b4800dc6e06626b5b-20261007-context-dcaf72405bbe-54e18bc1f938.json;verification/requirement-coverage-NREQ-1cb8c122e35c6f4e36f01c95ea0d02c9-20261007-context-4e1b5cc17d08-54e18bc1f938.json;verification/requirement-coverage-NREQ-1e002259d64a939cee2f2a41f4bf3515-20261007-context-19c88e9b3697-54e18bc1f938.json;verification/requirement-coverage-NREQ-1f578d8524f1af57b280fd03422827f1-20261007-context-33c756e92bb7-54e18bc1f938.json;verification/requirement-coverage-NREQ-2046e21dd63ad76f992233d5582c716d-20261007-context-8d03363ebd61-54e18bc1f938.json;verification/requirement-coverage-NREQ-2174af2894ceaa1acb9a032113db659d-20261007-context-8376db0a1333-54e18bc1f938.json;verification/requirement-coverage-NREQ-229f56cf458329f04d589d3aa92b95e5-20261007-context-23fcc35649f3-54e18bc1f938.json;verification/requirement-coverage-NREQ-22cf265b2b952dcb7187618a915c98bd-20261007-context-78f2e077c3d8-54e18bc1f938.json;verification/requirement-coverage-NREQ-2323c8d363fd8c29f965d8c0e67549ae-20261007-context-cb02bb332e42-54e18bc1f938.json;verification/requirement-coverage-NREQ-2524a1d9ecc583bbd420778cfb147983-20261007-context-04970fd5ee41-54e18bc1f938.json;verification/requirement-coverage-NREQ-252dcf08d6bbe6a5893bc9cd551ef6ec-20261007-context-568f2f91efca-54e18bc1f938.json;verification/requirement-coverage-NREQ-255fe5112069486751f53087b1ab699e-20261007-context-608c37b31d30-54e18bc1f938.json;verification/requirement-coverage-NREQ-266e79545a48e7c4310883faa04e9844-20261007-context-7b27fb019885-54e18bc1f938.json;verification/requirement-coverage-NREQ-26b8cfa830777dd2bfa4c8aac620403c-20261007-context-08c3774267c0-54e18bc1f938.json;verification/requirement-coverage-NREQ-27cf5e6a8e4cf40ff1873bd4d059b3cd-20261007-context-079978627600-54e18bc1f938.json;verification/requirement-coverage-NREQ-27f437fe3040767de849d06a48cdb3c3-20261007-context-f1acc99ffcf8-54e18bc1f938.json;verification/requirement-coverage-NREQ-292af594522de75d72b35851b9befed4-20261007-context-e580690eff15-54e18bc1f938.json;verification/requirement-coverage-NREQ-2969c103b4ac33435f1e5d6c258a7b7b-20261007-context-857befb4ca6d-54e18bc1f938.json;verification/requirement-coverage-NREQ-2b14774ffd65e947a3d3deae3ad09c92-20261007-context-aa8204f96091-54e18bc1f938.json;verification/requirement-coverage-NREQ-318da161cc5f30f33449238ba3870773-20261007-context-123b97ea9f3d-54e18bc1f938.json;verification/requirement-coverage-NREQ-360281bfdd66bed29237ed7202962808-20261007-context-defd14234c9a-54e18bc1f938.json;verification/requirement-coverage-NREQ-3a3ba3d92dd569d454e781fcccf7ac61-20261007-context-66b766ea1a5d-54e18bc1f938.json;verification/requirement-coverage-NREQ-41ab1c200b4ce5c9d1d96613a3e5b264-20261007-context-867dae61e345-54e18bc1f938.json;verification/requirement-coverage-NREQ-4363c0420b1bd921591c1f2446cfb8eb-20261007-context-de3533a949d5-54e18bc1f938.json;verification/requirement-coverage-NREQ-4592c9487837c81077b166abf57bb4a7-20261007-context-86ef01f1c3cb-54e18bc1f938.json;verification/requirement-coverage-NREQ-4b26e20f450b23eb551b2da03e69c9c9-20261007-context-07d6150a1321-54e18bc1f938.json;verification/requirement-coverage-NREQ-4b27c9f604f44c29404eacc12a59fd68-20261007-context-0ea535138580-54e18bc1f938.json;verification/requirement-coverage-NREQ-4bb54f6379863c0a17e6fbc58edcd042-20261007-context-c3df825e72e4-54e18bc1f938.json;verification/requirement-coverage-NREQ-4bb86ccfacff0ea8bbbc59df67b0ca4f-20261007-context-6dcc93386d57-54e18bc1f938.json;verification/requirement-coverage-NREQ-4d7b09d088c999d3c6e91a968cbe1a02-20261007-context-03745896590f-54e18bc1f938.json;verification/requirement-coverage-NREQ-5003532a6cda7a68c13be508fbf4d723-20261007-context-dccb85cd4973-54e18bc1f938.json;verification/requirement-coverage-NREQ-536910c50d3998944884b519e0d89555-20261007-context-0ceefe702ac1-54e18bc1f938.json;verification/requirement-coverage-NREQ-55dce831e47c4a26e093cc6134572e8f-20261007-context-b731d3ee0180-54e18bc1f938.json;verification/requirement-coverage-NREQ-55f458162d319bfbb710223b3528ef9f-20261007-context-5b104c0b9184-54e18bc1f938.json;verification/requirement-coverage-NREQ-57f8fa829a872f35948a81bd58477291-20261007-context-fd3ea3b718ef-54e18bc1f938.json;verification/requirement-coverage-NREQ-5811c65fa83521ee7afeedd602cec806-20261007-context-60e25b364eb4-54e18bc1f938.json;verification/requirement-coverage-NREQ-595ff4d66406e3bd9529e12f036c882b-20261007-context-b22989818f22-54e18bc1f938.json;verification/requirement-coverage-NREQ-59d5854af99ac5a566eb61e978519b21-20261007-context-e53573db3335-54e18bc1f938.json;verification/requirement-coverage-NREQ-5d9431875519d7cfc3188157a10d6bfc-20261007-context-6cff1723f402-54e18bc1f938.json;verification/requirement-coverage-NREQ-5dbdcf72dd32a519bb29fbf8250726d3-20261007-context-99eab70395b3-54e18bc1f938.json;verification/requirement-coverage-NREQ-5f9aa84ccae751c1692f148708a9288c-20261007-context-1a6ddd562cda-54e18bc1f938.json;verification/requirement-coverage-NREQ-5fe6282f6c99d8d0f13fdf06bb5317fa-20261007-context-b3f25a0a1514-54e18bc1f938.json;verification/requirement-coverage-NREQ-601ec85ffefcffd713520f4067f7529c-20261007-context-be7aad854ceb-54e18bc1f938.json;verification/requirement-coverage-NREQ-606a27b2b9b712e933dda6e0e7b0ce68-20261007-context-c717ae8f5d63-54e18bc1f938.json;verification/requirement-coverage-NREQ-647d36595971915d7c485a338ddc4013-20261007-context-661182e4e06d-54e18bc1f938.json;verification/requirement-coverage-NREQ-6a5e773812226552e3448329be3966cd-20261007-context-14f5a52593d0-54e18bc1f938.json;verification/requirement-coverage-NREQ-6fe30b5cb969bf2fb9daaabc3422ac38-20261007-context-2594d1e812f8-54e18bc1f938.json;verification/requirement-coverage-NREQ-70114fe79e900fc756a0d6cc14ea8f90-20261007-context-0322b753560e-54e18bc1f938.json;verification/requirement-coverage-NREQ-71896faa31bc64e94d98bc976e1e6f1d-20261007-context-def6b5edfdba-54e18bc1f938.json;verification/requirement-coverage-NREQ-72aa03a305fb8893a65d384f41d86aeb-20261007-context-6fb2556fc745-54e18bc1f938.json;verification/requirement-coverage-NREQ-72ba9c97f91e20a56d469fe3d4acf669-20261007-context-ce1798099b2f-54e18bc1f938.json;verification/requirement-coverage-NREQ-75151f881444015977da6a6d7d86cb1c-20261007-context-5c2a016004df-54e18bc1f938.json;verification/requirement-coverage-NREQ-7542acad543ceb37f7fb325baac0d9d0-20261007-context-1dab787f784f-54e18bc1f938.json;verification/requirement-coverage-NREQ-75b670fc6ea047b7452b4148f12a30ba-20261007-context-dfc64a21a246-54e18bc1f938.json;verification/requirement-coverage-NREQ-7643f1fb351e295ecb8565583cb9a37f-20261007-context-1fe2c84cf115-54e18bc1f938.json;verification/requirement-coverage-NREQ-768d67996244254c83c0d11796f63912-20261007-context-291bd5dd0e04-54e18bc1f938.json;verification/requirement-coverage-NREQ-78fef21919bbd7bb3bafba6f62210631-20261007-context-8f3806190781-54e18bc1f938.json;verification/requirement-coverage-NREQ-797b5fe50f9d13ae34d17cc98c7c8f24-20261007-context-0a94e402d167-54e18bc1f938.json;verification/requirement-coverage-NREQ-7a68fe07ee725cf205dd2102cd997b7f-20261007-context-652ecb1fe1af-54e18bc1f938.json;verification/requirement-coverage-NREQ-7add6f24a57198b72b500e5a2acf1ca6-20261007-context-6cba32557505-54e18bc1f938.json;verification/requirement-coverage-NREQ-7be2bf6dfeab825b0549d41a0151841e-20261007-context-4d745e4aa672-54e18bc1f938.json;verification/requirement-coverage-NREQ-7d91a0dd124e5a78fc01449f23a3e8fa-20261007-context-dfcfcb839c96-54e18bc1f938.json;verification/requirement-coverage-NREQ-829ac5f73d2b01828644e51c0675d6b6-20261007-context-b712f2bc0f59-54e18bc1f938.json;verification/requirement-coverage-NREQ-848909d4b95219bdb481803a4b1b91c2-20261007-context-73f60d480258-54e18bc1f938.json;verification/requirement-coverage-NREQ-853a934199459ed6bf419687ca08ba34-20261007-context-00fada70b5c9-54e18bc1f938.json;verification/requirement-coverage-NREQ-85b110cf9d0bf8e7e2a6ca34dcdee412-20261007-context-80144a03a02d-54e18bc1f938.json;verification/requirement-coverage-NREQ-86651d173d1583e48cf6c03f9d486f4f-20261007-context-327d2cc2c990-54e18bc1f938.json;verification/requirement-coverage-NREQ-87e7a29563e2235e49d5eea31da7db0c-20261007-context-04879b11d740-54e18bc1f938.json;verification/requirement-coverage-NREQ-8bb8790d8dd6c5082d6e0351c032cda5-20261007-context-ebd61b02b8d5-54e18bc1f938.json;verification/requirement-coverage-NREQ-8c2bdedb1f707a1a97695f7b0745365c-20261007-context-96450c77219a-54e18bc1f938.json;verification/requirement-coverage-NREQ-9050383f9f0b382f0fd9b465a0a20f78-20261007-context-cfc13d3d88ae-54e18bc1f938.json;verification/requirement-coverage-NREQ-925405b741265dbbc292d4f3a74c2bd6-20261007-context-acc52814e6d6-54e18bc1f938.json;verification/requirement-coverage-NREQ-928a65a08b403be3edc8b160ef9cc53c-20261007-context-bc514f8d980c-54e18bc1f938.json;verification/requirement-coverage-NREQ-928c9bbcf0101e2a0e4a0e69edc59164-20261007-context-c00b5434d55a-54e18bc1f938.json;verification/requirement-coverage-NREQ-931f08afd15144dcac6c7768f2c393d0-20261007-context-4eaa8fcb825e-54e18bc1f938.json;verification/requirement-coverage-NREQ-949f1919a3c7d66486dd74bbd084b71a-20261007-context-51d18e6898a2-54e18bc1f938.json;verification/requirement-coverage-NREQ-971af7158d193e9b1d780c13b6c8e0ec-20261007-context-3e84d85be560-54e18bc1f938.json;verification/requirement-coverage-NREQ-9b21240c5c27ee356dec92b459a0fcb9-20261007-context-f0585937ea82-54e18bc1f938.json;verification/requirement-coverage-NREQ-9e0ad66ef878f9e97c909997e976cc13-20261007-context-c8e259a009f0-54e18bc1f938.json;verification/requirement-coverage-NREQ-9e413bfc92a85655c990712d56002499-20261007-context-ce45300844ea-54e18bc1f938.json;verification/requirement-coverage-NREQ-a011968eff2ed2dc314d58ed27dfad88-20261007-context-87882d5bae07-54e18bc1f938.json;verification/requirement-coverage-NREQ-a0db6ddcb33d9af123b08d4d481c8ebd-20261007-context-6d4092da78f9-54e18bc1f938.json;verification/requirement-coverage-NREQ-a12012292224d4b4a0a9b1088c8c49d0-20261007-context-3fe1f1abe0f4-54e18bc1f938.json;verification/requirement-coverage-NREQ-a1bafeb7c6f6f12bf0c7b0f6fcadaab9-20261007-context-4b6563194ed6-54e18bc1f938.json;verification/requirement-coverage-NREQ-a3f1c0440fabe4b988fb5fca68a0487c-20261007-context-eac1ae13e05b-54e18bc1f938.json;verification/requirement-coverage-NREQ-a42ec803577aa8ccbe176ed8e20a8595-20261007-context-66547fe135c2-54e18bc1f938.json;verification/requirement-coverage-NREQ-a5e73329c9ae93f23b01a42d43179133-20261007-context-71a07396be34-54e18bc1f938.json;verification/requirement-coverage-NREQ-a6fb1ab9c309f702b7cd3d8c7f38cf8f-20261007-context-683bf6ce202e-54e18bc1f938.json;verification/requirement-coverage-NREQ-a7139de247d6263164ddc139ec1fe2ce-20261007-context-1e402d1c19b7-54e18bc1f938.json;verification/requirement-coverage-NREQ-a8822e7da5b9525a6c3e097b71e59183-20261007-context-c52dc24f6227-54e18bc1f938.json;verification/requirement-coverage-NREQ-a99b13aa6aa9c7ffa4b65010951f18ec-20261007-context-8e1c768bc690-54e18bc1f938.json;verification/requirement-coverage-NREQ-a9ef7326ce64b6049b07bdddd8d9d024-20261007-context-f1fcf2f90e43-54e18bc1f938.json;verification/requirement-coverage-NREQ-aa165dd96291b05acd70bf948f215d04-20261007-context-bb47e51ecefe-54e18bc1f938.json;verification/requirement-coverage-NREQ-aafc7cd5dc54af415d36425000d76acb-20261007-context-a26debd029d2-54e18bc1f938.json;verification/requirement-coverage-NREQ-ab9ab7c7ba110dfd3e0a5f8f5c9908cb-20261007-context-d64ec081ccf9-54e18bc1f938.json;verification/requirement-coverage-NREQ-ade9df74bf03ff347d7ae537fbfa738d-20261007-context-61a2341f94ae-54e18bc1f938.json;verification/requirement-coverage-NREQ-b04395198a63faa09666a1bfca300a1e-20261007-context-3d6d12bed622-54e18bc1f938.json;verification/requirement-coverage-NREQ-b14772d932b286c302b05996186c8022-20261007-context-53abd11134eb-54e18bc1f938.json;verification/requirement-coverage-NREQ-b366c2ac73e0e846627de23589a5a772-20261007-context-a26853843e41-54e18bc1f938.json;verification/requirement-coverage-NREQ-b3e8d9cffdde1f94d9d342ff0ed4f097-20261007-context-b36ec8d0d499-54e18bc1f938.json;verification/requirement-coverage-NREQ-b67c348ca653ff5a19ba01272dfd4262-20261007-context-d619c471e8d3-54e18bc1f938.json;verification/requirement-coverage-NREQ-b7b9ecdbceaad6aaefc9e55f7d5b3d48-20261007-context-08a2d1fe5fc7-54e18bc1f938.json;verification/requirement-coverage-NREQ-baa1c33b2e2490264f91881b06ff9da8-20261007-context-029f6195f4ba-54e18bc1f938.json;verification/requirement-coverage-NREQ-bc997511e2328af90b68d1898bcf6ed7-20261007-context-18574f44b5d8-54e18bc1f938.json;verification/requirement-coverage-NREQ-bde18b0504b7485cf77fad020a4a494b-20261007-context-90bbee2744c4-54e18bc1f938.json;verification/requirement-coverage-NREQ-bedc4564e47ae7ebf86911eb8426b6f0-20261007-context-303caf90caff-54e18bc1f938.json;verification/requirement-coverage-NREQ-befdab6cc6a4121936987a35fc18e1c9-20261007-context-c8b0b09a87ad-54e18bc1f938.json;verification/requirement-coverage-NREQ-bfc0e4b5d516977d7fcad7b3f74e43c6-20261007-context-a86412ff6400-54e18bc1f938.json;verification/requirement-coverage-NREQ-c0080ab56f40757c88225dc35a1f98f0-20261007-context-79fe3bf8357b-54e18bc1f938.json;verification/requirement-coverage-NREQ-c0a2fa84e2aafe674742a0bb98c40e02-20261007-context-949b3819c6b9-54e18bc1f938.json;verification/requirement-coverage-NREQ-c1d94148ff5023aac7735baefed6c35d-20261007-context-c697349e63e8-54e18bc1f938.json;verification/requirement-coverage-NREQ-c6ad5908eba2e59771e74f2ceebc5077-20261007-context-e1522203239f-54e18bc1f938.json;verification/requirement-coverage-NREQ-c756b0b15119dd819444cd7212bdad56-20261007-context-fb0c67dfb2a4-54e18bc1f938.json;verification/requirement-coverage-NREQ-c94c878ef2cf8c6a35b0985da91c0c85-20261007-context-fe6c073ad55f-54e18bc1f938.json;verification/requirement-coverage-NREQ-cf25cf824db06866df51c0e538fcbc03-20261007-context-fde639603c5f-54e18bc1f938.json;verification/requirement-coverage-NREQ-cf2cbee76666e1f836c4cca046988062-20261007-context-ee826876a6b9-54e18bc1f938.json;verification/requirement-coverage-NREQ-d2fa27e805583d3a5c7d281ed7051950-20261007-context-8e1b30f0d0bb-54e18bc1f938.json;verification/requirement-coverage-NREQ-d3216139914fb4c3ec1d54819ee18890-20261007-context-4d85dbcad915-54e18bc1f938.json;verification/requirement-coverage-NREQ-d6eeb36f75c6f6f6854a2e3aa9ac2070-20261007-context-e9e30bbb47a8-54e18bc1f938.json;verification/requirement-coverage-NREQ-d6f8519fc2d36e59e4eba26af0442d14-20261007-context-2fbfbdc64e39-54e18bc1f938.json;verification/requirement-coverage-NREQ-db8a127d9ff92a6510ae92e3eb1fbb86-20261007-context-e4c13fc3e86d-54e18bc1f938.json;verification/requirement-coverage-NREQ-dba22c5f93e4359c4b7d4ebdd9799dbf-20261007-context-20dec9a14f41-54e18bc1f938.json;verification/requirement-coverage-NREQ-dd1241e76fbe641c1c88243ba947dc89-20261007-context-d1b7c31332df-54e18bc1f938.json;verification/requirement-coverage-NREQ-ddf7192c16e06f5276d4d324b2e1f6c3-20261007-context-471ddf5379c5-54e18bc1f938.json;verification/requirement-coverage-NREQ-e0b91994f249e0b795ab80a6e3f4a4a2-20261007-context-b609fa37652f-54e18bc1f938.json;verification/requirement-coverage-NREQ-e1a8ce05f1d7a97c385039fd3bd71143-20261007-context-6e9650794698-54e18bc1f938.json;verification/requirement-coverage-NREQ-e2c966ff2db0502c8d0f2d40e87f4262-20261007-context-c6d95e2cb2e2-54e18bc1f938.json;verification/requirement-coverage-NREQ-e5db8a7c723f5b54ada73ce37c7725a2-20261007-context-6d038e318a4a-54e18bc1f938.json;verification/requirement-coverage-NREQ-ea453611a3a1f48cdd2fbfbe946d7ac7-20261007-context-5fb3beeac070-54e18bc1f938.json;verification/requirement-coverage-NREQ-ebadc5f449d2029613a3af4b31f78c6f-20261007-context-4fd7fab953a6-54e18bc1f938.json;verification/requirement-coverage-NREQ-ec756b9a468c4ea50f2d35c578a1a11a-20261007-context-5b0bc69cf0f7-54e18bc1f938.json;verification/requirement-coverage-NREQ-ee95aae3e46bebd05ef8469aff39c9da-20261007-context-4ab906314fee-54e18bc1f938.json;verification/requirement-coverage-NREQ-efa519285f6f28591dc9ad7936c1caa6-20261007-context-67b0bcc51a0a-54e18bc1f938.json;verification/requirement-coverage-NREQ-f0d3896f2d4c46e85ce52981147764ef-20261007-context-01afc04c65c4-54e18bc1f938.json;verification/requirement-coverage-NREQ-f1919b51ebfc8561d0140c02cbf08abd-20261007-context-5b509fd997c1-54e18bc1f938.json;verification/requirement-coverage-NREQ-f295ec535d0d117429de1cced6886a6e-20261007-context-c064f5db48cd-54e18bc1f938.json;verification/requirement-coverage-NREQ-f2d6f77dfa27e853d7eb5dab69be388d-20261007-context-e9122d35086e-54e18bc1f938.json;verification/requirement-coverage-NREQ-f41a79c58369bd76c58ad7e831e953ce-20261007-context-a6f639cd6cfc-54e18bc1f938.json;verification/requirement-coverage-NREQ-f50ee5baca83ff85d962de77d313fda6-20261007-context-fd5c589d06d2-54e18bc1f938.json;verification/requirement-coverage-NREQ-f6858b1d41ca1327e88e31e7f0e8f94f-20261007-context-4f6feb334f83-54e18bc1f938.json;verification/requirement-coverage-NREQ-f6e1df45974ccc5d32aafbc5f38dd535-20261007-context-b48c49f827aa-54e18bc1f938.json;verification/requirement-coverage-NREQ-f9c8f3d1723060ee3fd3fa87ba2a4d75-20261007-context-0bef4700f599-54e18bc1f938.json
M	index.html	7ef019fa3ae9887d8ba2286731c5269083cbceae143892b5858db50c038d563a	CURRENT_HASH_MATCHES_RETAINED_SCOPED_REVIEW_INPUT	verification/requirement-coverage-NREQ-0c973b955d61ee36887734df0ade5e69-20261007-context-aa211674369a-54e18bc1f938.json;verification/requirement-coverage-NREQ-1576e27fba46e1d68631bb2ade2e37f4-20261007-context-f03bceab9e8e-54e18bc1f938.json;verification/requirement-coverage-NREQ-360281bfdd66bed29237ed7202962808-20261007-context-defd14234c9a-54e18bc1f938.json;verification/requirement-coverage-NREQ-41ab1c200b4ce5c9d1d96613a3e5b264-20261007-context-867dae61e345-54e18bc1f938.json;verification/requirement-coverage-NREQ-4b27c9f604f44c29404eacc12a59fd68-20261007-context-0ea535138580-54e18bc1f938.json;verification/requirement-coverage-NREQ-4bb86ccfacff0ea8bbbc59df67b0ca4f-20261007-context-6dcc93386d57-54e18bc1f938.json;verification/requirement-coverage-NREQ-59d5854af99ac5a566eb61e978519b21-20261007-context-e53573db3335-54e18bc1f938.json;verification/requirement-coverage-NREQ-601ec85ffefcffd713520f4067f7529c-20261007-context-be7aad854ceb-54e18bc1f938.json;verification/requirement-coverage-NREQ-71896faa31bc64e94d98bc976e1e6f1d-20261007-context-def6b5edfdba-54e18bc1f938.json;verification/requirement-coverage-NREQ-72aa03a305fb8893a65d384f41d86aeb-20261007-context-6fb2556fc745-54e18bc1f938.json;verification/requirement-coverage-NREQ-75b670fc6ea047b7452b4148f12a30ba-20261007-context-dfc64a21a246-54e18bc1f938.json;verification/requirement-coverage-NREQ-768d67996244254c83c0d11796f63912-20261007-context-291bd5dd0e04-54e18bc1f938.json;verification/requirement-coverage-NREQ-78fef21919bbd7bb3bafba6f62210631-20261007-context-8f3806190781-54e18bc1f938.json;verification/requirement-coverage-NREQ-7a68fe07ee725cf205dd2102cd997b7f-20261007-context-652ecb1fe1af-54e18bc1f938.json;verification/requirement-coverage-NREQ-848909d4b95219bdb481803a4b1b91c2-20261007-context-73f60d480258-54e18bc1f938.json;verification/requirement-coverage-NREQ-86651d173d1583e48cf6c03f9d486f4f-20261007-context-327d2cc2c990-54e18bc1f938.json;verification/requirement-coverage-NREQ-928a65a08b403be3edc8b160ef9cc53c-20261007-context-bc514f8d980c-54e18bc1f938.json;verification/requirement-coverage-NREQ-971af7158d193e9b1d780c13b6c8e0ec-20261007-context-3e84d85be560-54e18bc1f938.json;verification/requirement-coverage-NREQ-a0db6ddcb33d9af123b08d4d481c8ebd-20261007-context-6d4092da78f9-54e18bc1f938.json;verification/requirement-coverage-NREQ-a42ec803577aa8ccbe176ed8e20a8595-20261007-context-66547fe135c2-54e18bc1f938.json;verification/requirement-coverage-NREQ-baa1c33b2e2490264f91881b06ff9da8-20261007-context-029f6195f4ba-54e18bc1f938.json;verification/requirement-coverage-NREQ-c0080ab56f40757c88225dc35a1f98f0-20261007-context-79fe3bf8357b-54e18bc1f938.json;verification/requirement-coverage-NREQ-cf25cf824db06866df51c0e538fcbc03-20261007-context-fde639603c5f-54e18bc1f938.json;verification/requirement-coverage-NREQ-f1919b51ebfc8561d0140c02cbf08abd-20261007-context-5b509fd997c1-54e18bc1f938.json
M	mobile-evidence-test-fixture.mjs	eabdada8addb4cdae11c7193f28f53a3b6de3e70d08f026da72b74a2709f6806	CURRENT_HASH_MATCHES_RETAINED_SCOPED_REVIEW_INPUT	verification/requirement-coverage-NREQ-4b26e20f450b23eb551b2da03e69c9c9-20261007-context-07d6150a1321-54e18bc1f938.json;verification/requirement-coverage-NREQ-a011968eff2ed2dc314d58ed27dfad88-20261007-context-87882d5bae07-54e18bc1f938.json;verification/requirement-coverage-NREQ-bedc4564e47ae7ebf86911eb8426b6f0-20261007-context-303caf90caff-54e18bc1f938.json;verification/requirement-coverage-NREQ-befdab6cc6a4121936987a35fc18e1c9-20261007-context-c8b0b09a87ad-54e18bc1f938.json
M	operator-browser-driver.mjs	140e0c94b6b77294f7a2275026e6c1693811fc841f5232749a20660d332062ac	CURRENT_HASH_MATCHES_RETAINED_SCOPED_REVIEW_INPUT	verification/requirement-coverage-NREQ-0c973b955d61ee36887734df0ade5e69-20261007-context-aa211674369a-54e18bc1f938.json;verification/requirement-coverage-NREQ-1576e27fba46e1d68631bb2ade2e37f4-20261007-context-f03bceab9e8e-54e18bc1f938.json;verification/requirement-coverage-NREQ-360281bfdd66bed29237ed7202962808-20261007-context-defd14234c9a-54e18bc1f938.json;verification/requirement-coverage-NREQ-41ab1c200b4ce5c9d1d96613a3e5b264-20261007-context-867dae61e345-54e18bc1f938.json;verification/requirement-coverage-NREQ-4b27c9f604f44c29404eacc12a59fd68-20261007-context-0ea535138580-54e18bc1f938.json;verification/requirement-coverage-NREQ-4bb86ccfacff0ea8bbbc59df67b0ca4f-20261007-context-6dcc93386d57-54e18bc1f938.json;verification/requirement-coverage-NREQ-59d5854af99ac5a566eb61e978519b21-20261007-context-e53573db3335-54e18bc1f938.json;verification/requirement-coverage-NREQ-601ec85ffefcffd713520f4067f7529c-20261007-context-be7aad854ceb-54e18bc1f938.json;verification/requirement-coverage-NREQ-71896faa31bc64e94d98bc976e1e6f1d-20261007-context-def6b5edfdba-54e18bc1f938.json;verification/requirement-coverage-NREQ-72aa03a305fb8893a65d384f41d86aeb-20261007-context-6fb2556fc745-54e18bc1f938.json;verification/requirement-coverage-NREQ-75b670fc6ea047b7452b4148f12a30ba-20261007-context-dfc64a21a246-54e18bc1f938.json;verification/requirement-coverage-NREQ-768d67996244254c83c0d11796f63912-20261007-context-291bd5dd0e04-54e18bc1f938.json;verification/requirement-coverage-NREQ-78fef21919bbd7bb3bafba6f62210631-20261007-context-8f3806190781-54e18bc1f938.json;verification/requirement-coverage-NREQ-7a68fe07ee725cf205dd2102cd997b7f-20261007-context-652ecb1fe1af-54e18bc1f938.json;verification/requirement-coverage-NREQ-848909d4b95219bdb481803a4b1b91c2-20261007-context-73f60d480258-54e18bc1f938.json;verification/requirement-coverage-NREQ-86651d173d1583e48cf6c03f9d486f4f-20261007-context-327d2cc2c990-54e18bc1f938.json;verification/requirement-coverage-NREQ-928a65a08b403be3edc8b160ef9cc53c-20261007-context-bc514f8d980c-54e18bc1f938.json;verification/requirement-coverage-NREQ-971af7158d193e9b1d780c13b6c8e0ec-20261007-context-3e84d85be560-54e18bc1f938.json;verification/requirement-coverage-NREQ-a0db6ddcb33d9af123b08d4d481c8ebd-20261007-context-6d4092da78f9-54e18bc1f938.json;verification/requirement-coverage-NREQ-a42ec803577aa8ccbe176ed8e20a8595-20261007-context-66547fe135c2-54e18bc1f938.json;verification/requirement-coverage-NREQ-baa1c33b2e2490264f91881b06ff9da8-20261007-context-029f6195f4ba-54e18bc1f938.json;verification/requirement-coverage-NREQ-c0080ab56f40757c88225dc35a1f98f0-20261007-context-79fe3bf8357b-54e18bc1f938.json;verification/requirement-coverage-NREQ-cf25cf824db06866df51c0e538fcbc03-20261007-context-fde639603c5f-54e18bc1f938.json;verification/requirement-coverage-NREQ-f1919b51ebfc8561d0140c02cbf08abd-20261007-context-5b509fd997c1-54e18bc1f938.json
M	operator-journey-fixtures.mjs	73cca7813dfdca430c66e76487efc60b91cbf4642bfcd93b96f6bad2a9314c38	CURRENT_HASH_MATCHES_RETAINED_SCOPED_REVIEW_INPUT	verification/requirement-coverage-NREQ-0c973b955d61ee36887734df0ade5e69-20261007-context-aa211674369a-54e18bc1f938.json;verification/requirement-coverage-NREQ-1576e27fba46e1d68631bb2ade2e37f4-20261007-context-f03bceab9e8e-54e18bc1f938.json;verification/requirement-coverage-NREQ-360281bfdd66bed29237ed7202962808-20261007-context-defd14234c9a-54e18bc1f938.json;verification/requirement-coverage-NREQ-41ab1c200b4ce5c9d1d96613a3e5b264-20261007-context-867dae61e345-54e18bc1f938.json;verification/requirement-coverage-NREQ-4b26e20f450b23eb551b2da03e69c9c9-20261007-context-07d6150a1321-54e18bc1f938.json;verification/requirement-coverage-NREQ-4b27c9f604f44c29404eacc12a59fd68-20261007-context-0ea535138580-54e18bc1f938.json;verification/requirement-coverage-NREQ-4bb86ccfacff0ea8bbbc59df67b0ca4f-20261007-context-6dcc93386d57-54e18bc1f938.json;verification/requirement-coverage-NREQ-59d5854af99ac5a566eb61e978519b21-20261007-context-e53573db3335-54e18bc1f938.json;verification/requirement-coverage-NREQ-601ec85ffefcffd713520f4067f7529c-20261007-context-be7aad854ceb-54e18bc1f938.json;verification/requirement-coverage-NREQ-71896faa31bc64e94d98bc976e1e6f1d-20261007-context-def6b5edfdba-54e18bc1f938.json;verification/requirement-coverage-NREQ-72aa03a305fb8893a65d384f41d86aeb-20261007-context-6fb2556fc745-54e18bc1f938.json;verification/requirement-coverage-NREQ-75b670fc6ea047b7452b4148f12a30ba-20261007-context-dfc64a21a246-54e18bc1f938.json;verification/requirement-coverage-NREQ-768d67996244254c83c0d11796f63912-20261007-context-291bd5dd0e04-54e18bc1f938.json;verification/requirement-coverage-NREQ-78fef21919bbd7bb3bafba6f62210631-20261007-context-8f3806190781-54e18bc1f938.json;verification/requirement-coverage-NREQ-7a68fe07ee725cf205dd2102cd997b7f-20261007-context-652ecb1fe1af-54e18bc1f938.json;verification/requirement-coverage-NREQ-848909d4b95219bdb481803a4b1b91c2-20261007-context-73f60d480258-54e18bc1f938.json;verification/requirement-coverage-NREQ-86651d173d1583e48cf6c03f9d486f4f-20261007-context-327d2cc2c990-54e18bc1f938.json;verification/requirement-coverage-NREQ-928a65a08b403be3edc8b160ef9cc53c-20261007-context-bc514f8d980c-54e18bc1f938.json;verification/requirement-coverage-NREQ-971af7158d193e9b1d780c13b6c8e0ec-20261007-context-3e84d85be560-54e18bc1f938.json;verification/requirement-coverage-NREQ-a011968eff2ed2dc314d58ed27dfad88-20261007-context-87882d5bae07-54e18bc1f938.json;verification/requirement-coverage-NREQ-a0db6ddcb33d9af123b08d4d481c8ebd-20261007-context-6d4092da78f9-54e18bc1f938.json;verification/requirement-coverage-NREQ-a42ec803577aa8ccbe176ed8e20a8595-20261007-context-66547fe135c2-54e18bc1f938.json;verification/requirement-coverage-NREQ-baa1c33b2e2490264f91881b06ff9da8-20261007-context-029f6195f4ba-54e18bc1f938.json;verification/requirement-coverage-NREQ-bedc4564e47ae7ebf86911eb8426b6f0-20261007-context-303caf90caff-54e18bc1f938.json;verification/requirement-coverage-NREQ-befdab6cc6a4121936987a35fc18e1c9-20261007-context-c8b0b09a87ad-54e18bc1f938.json;verification/requirement-coverage-NREQ-c0080ab56f40757c88225dc35a1f98f0-20261007-context-79fe3bf8357b-54e18bc1f938.json;verification/requirement-coverage-NREQ-cf25cf824db06866df51c0e538fcbc03-20261007-context-fde639603c5f-54e18bc1f938.json;verification/requirement-coverage-NREQ-ea453611a3a1f48cdd2fbfbe946d7ac7-20261007-context-5fb3beeac070-54e18bc1f938.json;verification/requirement-coverage-NREQ-f1919b51ebfc8561d0140c02cbf08abd-20261007-context-5b509fd997c1-54e18bc1f938.json
M	project-store.js	4e8368f0d91eab0b937ee5c256a121c6ca2b3524e9d06ffc16c3f5637a05b060	CURRENT_HASH_MATCHES_RETAINED_SCOPED_REVIEW_INPUT	verification/requirement-coverage-NREQ-012f85cfd2196b3413752b3deb14edf0-20261007-context-faf7fb1b8f5f-54e18bc1f938.json;verification/requirement-coverage-NREQ-092f78e488e6282f342b533fa7801e3e-20261007-context-11d306878126-54e18bc1f938.json;verification/requirement-coverage-NREQ-0b73c99557630a5deeace7e89ea0e28f-20261007-context-70f6fc73db90-54e18bc1f938.json;verification/requirement-coverage-NREQ-0c973b955d61ee36887734df0ade5e69-20261007-context-aa211674369a-54e18bc1f938.json;verification/requirement-coverage-NREQ-0fe0693c63b640aac77aa7fa2ad3861d-20261007-context-e479a2d67661-54e18bc1f938.json;verification/requirement-coverage-NREQ-1543275bf85c6f452bce3c65a31dd691-20261007-context-bc25b407a6a7-54e18bc1f938.json;verification/requirement-coverage-NREQ-1576e27fba46e1d68631bb2ade2e37f4-20261007-context-f03bceab9e8e-54e18bc1f938.json;verification/requirement-coverage-NREQ-178819f4c44ad7250656e79d18a8cae3-20261007-context-c1c5855362aa-54e18bc1f938.json;verification/requirement-coverage-NREQ-1b07d67693ef773b4800dc6e06626b5b-20261007-context-dcaf72405bbe-54e18bc1f938.json;verification/requirement-coverage-NREQ-1cb8c122e35c6f4e36f01c95ea0d02c9-20261007-context-4e1b5cc17d08-54e18bc1f938.json;verification/requirement-coverage-NREQ-1e002259d64a939cee2f2a41f4bf3515-20261007-context-19c88e9b3697-54e18bc1f938.json;verification/requirement-coverage-NREQ-1f578d8524f1af57b280fd03422827f1-20261007-context-33c756e92bb7-54e18bc1f938.json;verification/requirement-coverage-NREQ-2046e21dd63ad76f992233d5582c716d-20261007-context-8d03363ebd61-54e18bc1f938.json;verification/requirement-coverage-NREQ-2323c8d363fd8c29f965d8c0e67549ae-20261007-context-cb02bb332e42-54e18bc1f938.json;verification/requirement-coverage-NREQ-2524a1d9ecc583bbd420778cfb147983-20261007-context-04970fd5ee41-54e18bc1f938.json;verification/requirement-coverage-NREQ-2969c103b4ac33435f1e5d6c258a7b7b-20261007-context-857befb4ca6d-54e18bc1f938.json;verification/requirement-coverage-NREQ-318da161cc5f30f33449238ba3870773-20261007-context-123b97ea9f3d-54e18bc1f938.json;verification/requirement-coverage-NREQ-360281bfdd66bed29237ed7202962808-20261007-context-defd14234c9a-54e18bc1f938.json;verification/requirement-coverage-NREQ-41ab1c200b4ce5c9d1d96613a3e5b264-20261007-context-867dae61e345-54e18bc1f938.json;verification/requirement-coverage-NREQ-4592c9487837c81077b166abf57bb4a7-20261007-context-86ef01f1c3cb-54e18bc1f938.json;verification/requirement-coverage-NREQ-4b26e20f450b23eb551b2da03e69c9c9-20261007-context-07d6150a1321-54e18bc1f938.json;verification/requirement-coverage-NREQ-4b27c9f604f44c29404eacc12a59fd68-20261007-context-0ea535138580-54e18bc1f938.json;verification/requirement-coverage-NREQ-4bb86ccfacff0ea8bbbc59df67b0ca4f-20261007-context-6dcc93386d57-54e18bc1f938.json;verification/requirement-coverage-NREQ-5003532a6cda7a68c13be508fbf4d723-20261007-context-dccb85cd4973-54e18bc1f938.json;verification/requirement-coverage-NREQ-55f458162d319bfbb710223b3528ef9f-20261007-context-5b104c0b9184-54e18bc1f938.json;verification/requirement-coverage-NREQ-57f8fa829a872f35948a81bd58477291-20261007-context-fd3ea3b718ef-54e18bc1f938.json;verification/requirement-coverage-NREQ-5811c65fa83521ee7afeedd602cec806-20261007-context-60e25b364eb4-54e18bc1f938.json;verification/requirement-coverage-NREQ-595ff4d66406e3bd9529e12f036c882b-20261007-context-b22989818f22-54e18bc1f938.json;verification/requirement-coverage-NREQ-59d5854af99ac5a566eb61e978519b21-20261007-context-e53573db3335-54e18bc1f938.json;verification/requirement-coverage-NREQ-5dbdcf72dd32a519bb29fbf8250726d3-20261007-context-99eab70395b3-54e18bc1f938.json;verification/requirement-coverage-NREQ-601ec85ffefcffd713520f4067f7529c-20261007-context-be7aad854ceb-54e18bc1f938.json;verification/requirement-coverage-NREQ-606a27b2b9b712e933dda6e0e7b0ce68-20261007-context-c717ae8f5d63-54e18bc1f938.json;verification/requirement-coverage-NREQ-6a5e773812226552e3448329be3966cd-20261007-context-14f5a52593d0-54e18bc1f938.json;verification/requirement-coverage-NREQ-71896faa31bc64e94d98bc976e1e6f1d-20261007-context-def6b5edfdba-54e18bc1f938.json;verification/requirement-coverage-NREQ-72aa03a305fb8893a65d384f41d86aeb-20261007-context-6fb2556fc745-54e18bc1f938.json;verification/requirement-coverage-NREQ-72ba9c97f91e20a56d469fe3d4acf669-20261007-context-ce1798099b2f-54e18bc1f938.json;verification/requirement-coverage-NREQ-75151f881444015977da6a6d7d86cb1c-20261007-context-5c2a016004df-54e18bc1f938.json;verification/requirement-coverage-NREQ-75b670fc6ea047b7452b4148f12a30ba-20261007-context-dfc64a21a246-54e18bc1f938.json;verification/requirement-coverage-NREQ-7643f1fb351e295ecb8565583cb9a37f-20261007-context-1fe2c84cf115-54e18bc1f938.json;verification/requirement-coverage-NREQ-768d67996244254c83c0d11796f63912-20261007-context-291bd5dd0e04-54e18bc1f938.json;verification/requirement-coverage-NREQ-78fef21919bbd7bb3bafba6f62210631-20261007-context-8f3806190781-54e18bc1f938.json;verification/requirement-coverage-NREQ-797b5fe50f9d13ae34d17cc98c7c8f24-20261007-context-0a94e402d167-54e18bc1f938.json;verification/requirement-coverage-NREQ-7a68fe07ee725cf205dd2102cd997b7f-20261007-context-652ecb1fe1af-54e18bc1f938.json;verification/requirement-coverage-NREQ-7be2bf6dfeab825b0549d41a0151841e-20261007-context-4d745e4aa672-54e18bc1f938.json;verification/requirement-coverage-NREQ-848909d4b95219bdb481803a4b1b91c2-20261007-context-73f60d480258-54e18bc1f938.json;verification/requirement-coverage-NREQ-85b110cf9d0bf8e7e2a6ca34dcdee412-20261007-context-80144a03a02d-54e18bc1f938.json;verification/requirement-coverage-NREQ-86651d173d1583e48cf6c03f9d486f4f-20261007-context-327d2cc2c990-54e18bc1f938.json;verification/requirement-coverage-NREQ-87e7a29563e2235e49d5eea31da7db0c-20261007-context-04879b11d740-54e18bc1f938.json;verification/requirement-coverage-NREQ-8bb8790d8dd6c5082d6e0351c032cda5-20261007-context-ebd61b02b8d5-54e18bc1f938.json;verification/requirement-coverage-NREQ-928a65a08b403be3edc8b160ef9cc53c-20261007-context-bc514f8d980c-54e18bc1f938.json;verification/requirement-coverage-NREQ-949f1919a3c7d66486dd74bbd084b71a-20261007-context-51d18e6898a2-54e18bc1f938.json;verification/requirement-coverage-NREQ-971af7158d193e9b1d780c13b6c8e0ec-20261007-context-3e84d85be560-54e18bc1f938.json;verification/requirement-coverage-NREQ-9e0ad66ef878f9e97c909997e976cc13-20261007-context-c8e259a009f0-54e18bc1f938.json;verification/requirement-coverage-NREQ-a011968eff2ed2dc314d58ed27dfad88-20261007-context-87882d5bae07-54e18bc1f938.json;verification/requirement-coverage-NREQ-a0db6ddcb33d9af123b08d4d481c8ebd-20261007-context-6d4092da78f9-54e18bc1f938.json;verification/requirement-coverage-NREQ-a1bafeb7c6f6f12bf0c7b0f6fcadaab9-20261007-context-4b6563194ed6-54e18bc1f938.json;verification/requirement-coverage-NREQ-a3f1c0440fabe4b988fb5fca68a0487c-20261007-context-eac1ae13e05b-54e18bc1f938.json;verification/requirement-coverage-NREQ-a42ec803577aa8ccbe176ed8e20a8595-20261007-context-66547fe135c2-54e18bc1f938.json;verification/requirement-coverage-NREQ-a6fb1ab9c309f702b7cd3d8c7f38cf8f-20261007-context-683bf6ce202e-54e18bc1f938.json;verification/requirement-coverage-NREQ-a7139de247d6263164ddc139ec1fe2ce-20261007-context-1e402d1c19b7-54e18bc1f938.json;verification/requirement-coverage-NREQ-a99b13aa6aa9c7ffa4b65010951f18ec-20261007-context-8e1c768bc690-54e18bc1f938.json;verification/requirement-coverage-NREQ-ade9df74bf03ff347d7ae537fbfa738d-20261007-context-61a2341f94ae-54e18bc1f938.json;verification/requirement-coverage-NREQ-b04395198a63faa09666a1bfca300a1e-20261007-context-3d6d12bed622-54e18bc1f938.json;verification/requirement-coverage-NREQ-b366c2ac73e0e846627de23589a5a772-20261007-context-a26853843e41-54e18bc1f938.json;verification/requirement-coverage-NREQ-b3e8d9cffdde1f94d9d342ff0ed4f097-20261007-context-b36ec8d0d499-54e18bc1f938.json;verification/requirement-coverage-NREQ-b67c348ca653ff5a19ba01272dfd4262-20261007-context-d619c471e8d3-54e18bc1f938.json;verification/requirement-coverage-NREQ-b7b9ecdbceaad6aaefc9e55f7d5b3d48-20261007-context-08a2d1fe5fc7-54e18bc1f938.json;verification/requirement-coverage-NREQ-baa1c33b2e2490264f91881b06ff9da8-20261007-context-029f6195f4ba-54e18bc1f938.json;verification/requirement-coverage-NREQ-bc997511e2328af90b68d1898bcf6ed7-20261007-context-18574f44b5d8-54e18bc1f938.json;verification/requirement-coverage-NREQ-bde18b0504b7485cf77fad020a4a494b-20261007-context-90bbee2744c4-54e18bc1f938.json;verification/requirement-coverage-NREQ-bedc4564e47ae7ebf86911eb8426b6f0-20261007-context-303caf90caff-54e18bc1f938.json;verification/requirement-coverage-NREQ-befdab6cc6a4121936987a35fc18e1c9-20261007-context-c8b0b09a87ad-54e18bc1f938.json;verification/requirement-coverage-NREQ-c0080ab56f40757c88225dc35a1f98f0-20261007-context-79fe3bf8357b-54e18bc1f938.json;verification/requirement-coverage-NREQ-c0a2fa84e2aafe674742a0bb98c40e02-20261007-context-949b3819c6b9-54e18bc1f938.json;verification/requirement-coverage-NREQ-c1d94148ff5023aac7735baefed6c35d-20261007-context-c697349e63e8-54e18bc1f938.json;verification/requirement-coverage-NREQ-c94c878ef2cf8c6a35b0985da91c0c85-20261007-context-fe6c073ad55f-54e18bc1f938.json;verification/requirement-coverage-NREQ-cf25cf824db06866df51c0e538fcbc03-20261007-context-fde639603c5f-54e18bc1f938.json;verification/requirement-coverage-NREQ-cf2cbee76666e1f836c4cca046988062-20261007-context-ee826876a6b9-54e18bc1f938.json;verification/requirement-coverage-NREQ-d2fa27e805583d3a5c7d281ed7051950-20261007-context-8e1b30f0d0bb-54e18bc1f938.json;verification/requirement-coverage-NREQ-d3216139914fb4c3ec1d54819ee18890-20261007-context-4d85dbcad915-54e18bc1f938.json;verification/requirement-coverage-NREQ-d6eeb36f75c6f6f6854a2e3aa9ac2070-20261007-context-e9e30bbb47a8-54e18bc1f938.json;verification/requirement-coverage-NREQ-e0b91994f249e0b795ab80a6e3f4a4a2-20261007-context-b609fa37652f-54e18bc1f938.json;verification/requirement-coverage-NREQ-e2c966ff2db0502c8d0f2d40e87f4262-20261007-context-c6d95e2cb2e2-54e18bc1f938.json;verification/requirement-coverage-NREQ-ea453611a3a1f48cdd2fbfbe946d7ac7-20261007-context-5fb3beeac070-54e18bc1f938.json;verification/requirement-coverage-NREQ-ebadc5f449d2029613a3af4b31f78c6f-20261007-context-4fd7fab953a6-54e18bc1f938.json;verification/requirement-coverage-NREQ-ec756b9a468c4ea50f2d35c578a1a11a-20261007-context-5b0bc69cf0f7-54e18bc1f938.json;verification/requirement-coverage-NREQ-f1919b51ebfc8561d0140c02cbf08abd-20261007-context-5b509fd997c1-54e18bc1f938.json;verification/requirement-coverage-NREQ-f2d6f77dfa27e853d7eb5dab69be388d-20261007-context-e9122d35086e-54e18bc1f938.json;verification/requirement-coverage-NREQ-f41a79c58369bd76c58ad7e831e953ce-20261007-context-a6f639cd6cfc-54e18bc1f938.json;verification/requirement-coverage-NREQ-f6e1df45974ccc5d32aafbc5f38dd535-20261007-context-b48c49f827aa-54e18bc1f938.json
M	prompt-engine.js	61e363381dfb88fcfd32a176066762e2a37cf7b14fb9d39bff4eacf7e6d5706f	CURRENT_HASH_MATCHES_RETAINED_SCOPED_REVIEW_INPUT	verification/requirement-coverage-NREQ-012f85cfd2196b3413752b3deb14edf0-20261007-context-faf7fb1b8f5f-54e18bc1f938.json;verification/requirement-coverage-NREQ-092f78e488e6282f342b533fa7801e3e-20261007-context-11d306878126-54e18bc1f938.json;verification/requirement-coverage-NREQ-0b73c99557630a5deeace7e89ea0e28f-20261007-context-70f6fc73db90-54e18bc1f938.json;verification/requirement-coverage-NREQ-0c973b955d61ee36887734df0ade5e69-20261007-context-aa211674369a-54e18bc1f938.json;verification/requirement-coverage-NREQ-0fe0693c63b640aac77aa7fa2ad3861d-20261007-context-e479a2d67661-54e18bc1f938.json;verification/requirement-coverage-NREQ-1543275bf85c6f452bce3c65a31dd691-20261007-context-bc25b407a6a7-54e18bc1f938.json;verification/requirement-coverage-NREQ-1576e27fba46e1d68631bb2ade2e37f4-20261007-context-f03bceab9e8e-54e18bc1f938.json;verification/requirement-coverage-NREQ-178819f4c44ad7250656e79d18a8cae3-20261007-context-c1c5855362aa-54e18bc1f938.json;verification/requirement-coverage-NREQ-1b07d67693ef773b4800dc6e06626b5b-20261007-context-dcaf72405bbe-54e18bc1f938.json;verification/requirement-coverage-NREQ-1cb8c122e35c6f4e36f01c95ea0d02c9-20261007-context-4e1b5cc17d08-54e18bc1f938.json;verification/requirement-coverage-NREQ-1e002259d64a939cee2f2a41f4bf3515-20261007-context-19c88e9b3697-54e18bc1f938.json;verification/requirement-coverage-NREQ-1f578d8524f1af57b280fd03422827f1-20261007-context-33c756e92bb7-54e18bc1f938.json;verification/requirement-coverage-NREQ-2046e21dd63ad76f992233d5582c716d-20261007-context-8d03363ebd61-54e18bc1f938.json;verification/requirement-coverage-NREQ-2323c8d363fd8c29f965d8c0e67549ae-20261007-context-cb02bb332e42-54e18bc1f938.json;verification/requirement-coverage-NREQ-2524a1d9ecc583bbd420778cfb147983-20261007-context-04970fd5ee41-54e18bc1f938.json;verification/requirement-coverage-NREQ-2969c103b4ac33435f1e5d6c258a7b7b-20261007-context-857befb4ca6d-54e18bc1f938.json;verification/requirement-coverage-NREQ-318da161cc5f30f33449238ba3870773-20261007-context-123b97ea9f3d-54e18bc1f938.json;verification/requirement-coverage-NREQ-360281bfdd66bed29237ed7202962808-20261007-context-defd14234c9a-54e18bc1f938.json;verification/requirement-coverage-NREQ-41ab1c200b4ce5c9d1d96613a3e5b264-20261007-context-867dae61e345-54e18bc1f938.json;verification/requirement-coverage-NREQ-4592c9487837c81077b166abf57bb4a7-20261007-context-86ef01f1c3cb-54e18bc1f938.json;verification/requirement-coverage-NREQ-4b26e20f450b23eb551b2da03e69c9c9-20261007-context-07d6150a1321-54e18bc1f938.json;verification/requirement-coverage-NREQ-4b27c9f604f44c29404eacc12a59fd68-20261007-context-0ea535138580-54e18bc1f938.json;verification/requirement-coverage-NREQ-4bb86ccfacff0ea8bbbc59df67b0ca4f-20261007-context-6dcc93386d57-54e18bc1f938.json;verification/requirement-coverage-NREQ-5003532a6cda7a68c13be508fbf4d723-20261007-context-dccb85cd4973-54e18bc1f938.json;verification/requirement-coverage-NREQ-55f458162d319bfbb710223b3528ef9f-20261007-context-5b104c0b9184-54e18bc1f938.json;verification/requirement-coverage-NREQ-57f8fa829a872f35948a81bd58477291-20261007-context-fd3ea3b718ef-54e18bc1f938.json;verification/requirement-coverage-NREQ-5811c65fa83521ee7afeedd602cec806-20261007-context-60e25b364eb4-54e18bc1f938.json;verification/requirement-coverage-NREQ-595ff4d66406e3bd9529e12f036c882b-20261007-context-b22989818f22-54e18bc1f938.json;verification/requirement-coverage-NREQ-59d5854af99ac5a566eb61e978519b21-20261007-context-e53573db3335-54e18bc1f938.json;verification/requirement-coverage-NREQ-5dbdcf72dd32a519bb29fbf8250726d3-20261007-context-99eab70395b3-54e18bc1f938.json;verification/requirement-coverage-NREQ-601ec85ffefcffd713520f4067f7529c-20261007-context-be7aad854ceb-54e18bc1f938.json;verification/requirement-coverage-NREQ-606a27b2b9b712e933dda6e0e7b0ce68-20261007-context-c717ae8f5d63-54e18bc1f938.json;verification/requirement-coverage-NREQ-6a5e773812226552e3448329be3966cd-20261007-context-14f5a52593d0-54e18bc1f938.json;verification/requirement-coverage-NREQ-71896faa31bc64e94d98bc976e1e6f1d-20261007-context-def6b5edfdba-54e18bc1f938.json;verification/requirement-coverage-NREQ-72aa03a305fb8893a65d384f41d86aeb-20261007-context-6fb2556fc745-54e18bc1f938.json;verification/requirement-coverage-NREQ-72ba9c97f91e20a56d469fe3d4acf669-20261007-context-ce1798099b2f-54e18bc1f938.json;verification/requirement-coverage-NREQ-75151f881444015977da6a6d7d86cb1c-20261007-context-5c2a016004df-54e18bc1f938.json;verification/requirement-coverage-NREQ-75b670fc6ea047b7452b4148f12a30ba-20261007-context-dfc64a21a246-54e18bc1f938.json;verification/requirement-coverage-NREQ-7643f1fb351e295ecb8565583cb9a37f-20261007-context-1fe2c84cf115-54e18bc1f938.json;verification/requirement-coverage-NREQ-768d67996244254c83c0d11796f63912-20261007-context-291bd5dd0e04-54e18bc1f938.json;verification/requirement-coverage-NREQ-78fef21919bbd7bb3bafba6f62210631-20261007-context-8f3806190781-54e18bc1f938.json;verification/requirement-coverage-NREQ-797b5fe50f9d13ae34d17cc98c7c8f24-20261007-context-0a94e402d167-54e18bc1f938.json;verification/requirement-coverage-NREQ-7a68fe07ee725cf205dd2102cd997b7f-20261007-context-652ecb1fe1af-54e18bc1f938.json;verification/requirement-coverage-NREQ-7be2bf6dfeab825b0549d41a0151841e-20261007-context-4d745e4aa672-54e18bc1f938.json;verification/requirement-coverage-NREQ-848909d4b95219bdb481803a4b1b91c2-20261007-context-73f60d480258-54e18bc1f938.json;verification/requirement-coverage-NREQ-85b110cf9d0bf8e7e2a6ca34dcdee412-20261007-context-80144a03a02d-54e18bc1f938.json;verification/requirement-coverage-NREQ-86651d173d1583e48cf6c03f9d486f4f-20261007-context-327d2cc2c990-54e18bc1f938.json;verification/requirement-coverage-NREQ-87e7a29563e2235e49d5eea31da7db0c-20261007-context-04879b11d740-54e18bc1f938.json;verification/requirement-coverage-NREQ-8bb8790d8dd6c5082d6e0351c032cda5-20261007-context-ebd61b02b8d5-54e18bc1f938.json;verification/requirement-coverage-NREQ-928a65a08b403be3edc8b160ef9cc53c-20261007-context-bc514f8d980c-54e18bc1f938.json;verification/requirement-coverage-NREQ-949f1919a3c7d66486dd74bbd084b71a-20261007-context-51d18e6898a2-54e18bc1f938.json;verification/requirement-coverage-NREQ-971af7158d193e9b1d780c13b6c8e0ec-20261007-context-3e84d85be560-54e18bc1f938.json;verification/requirement-coverage-NREQ-9e0ad66ef878f9e97c909997e976cc13-20261007-context-c8e259a009f0-54e18bc1f938.json;verification/requirement-coverage-NREQ-a011968eff2ed2dc314d58ed27dfad88-20261007-context-87882d5bae07-54e18bc1f938.json;verification/requirement-coverage-NREQ-a0db6ddcb33d9af123b08d4d481c8ebd-20261007-context-6d4092da78f9-54e18bc1f938.json;verification/requirement-coverage-NREQ-a1bafeb7c6f6f12bf0c7b0f6fcadaab9-20261007-context-4b6563194ed6-54e18bc1f938.json;verification/requirement-coverage-NREQ-a3f1c0440fabe4b988fb5fca68a0487c-20261007-context-eac1ae13e05b-54e18bc1f938.json;verification/requirement-coverage-NREQ-a42ec803577aa8ccbe176ed8e20a8595-20261007-context-66547fe135c2-54e18bc1f938.json;verification/requirement-coverage-NREQ-a6fb1ab9c309f702b7cd3d8c7f38cf8f-20261007-context-683bf6ce202e-54e18bc1f938.json;verification/requirement-coverage-NREQ-a7139de247d6263164ddc139ec1fe2ce-20261007-context-1e402d1c19b7-54e18bc1f938.json;verification/requirement-coverage-NREQ-a99b13aa6aa9c7ffa4b65010951f18ec-20261007-context-8e1c768bc690-54e18bc1f938.json;verification/requirement-coverage-NREQ-ade9df74bf03ff347d7ae537fbfa738d-20261007-context-61a2341f94ae-54e18bc1f938.json;verification/requirement-coverage-NREQ-b04395198a63faa09666a1bfca300a1e-20261007-context-3d6d12bed622-54e18bc1f938.json;verification/requirement-coverage-NREQ-b366c2ac73e0e846627de23589a5a772-20261007-context-a26853843e41-54e18bc1f938.json;verification/requirement-coverage-NREQ-b3e8d9cffdde1f94d9d342ff0ed4f097-20261007-context-b36ec8d0d499-54e18bc1f938.json;verification/requirement-coverage-NREQ-b67c348ca653ff5a19ba01272dfd4262-20261007-context-d619c471e8d3-54e18bc1f938.json;verification/requirement-coverage-NREQ-b7b9ecdbceaad6aaefc9e55f7d5b3d48-20261007-context-08a2d1fe5fc7-54e18bc1f938.json;verification/requirement-coverage-NREQ-baa1c33b2e2490264f91881b06ff9da8-20261007-context-029f6195f4ba-54e18bc1f938.json;verification/requirement-coverage-NREQ-bc997511e2328af90b68d1898bcf6ed7-20261007-context-18574f44b5d8-54e18bc1f938.json;verification/requirement-coverage-NREQ-bde18b0504b7485cf77fad020a4a494b-20261007-context-90bbee2744c4-54e18bc1f938.json;verification/requirement-coverage-NREQ-bedc4564e47ae7ebf86911eb8426b6f0-20261007-context-303caf90caff-54e18bc1f938.json;verification/requirement-coverage-NREQ-befdab6cc6a4121936987a35fc18e1c9-20261007-context-c8b0b09a87ad-54e18bc1f938.json;verification/requirement-coverage-NREQ-c0080ab56f40757c88225dc35a1f98f0-20261007-context-79fe3bf8357b-54e18bc1f938.json;verification/requirement-coverage-NREQ-c0a2fa84e2aafe674742a0bb98c40e02-20261007-context-949b3819c6b9-54e18bc1f938.json;verification/requirement-coverage-NREQ-c1d94148ff5023aac7735baefed6c35d-20261007-context-c697349e63e8-54e18bc1f938.json;verification/requirement-coverage-NREQ-c94c878ef2cf8c6a35b0985da91c0c85-20261007-context-fe6c073ad55f-54e18bc1f938.json;verification/requirement-coverage-NREQ-cf25cf824db06866df51c0e538fcbc03-20261007-context-fde639603c5f-54e18bc1f938.json;verification/requirement-coverage-NREQ-cf2cbee76666e1f836c4cca046988062-20261007-context-ee826876a6b9-54e18bc1f938.json;verification/requirement-coverage-NREQ-d2fa27e805583d3a5c7d281ed7051950-20261007-context-8e1b30f0d0bb-54e18bc1f938.json;verification/requirement-coverage-NREQ-d3216139914fb4c3ec1d54819ee18890-20261007-context-4d85dbcad915-54e18bc1f938.json;verification/requirement-coverage-NREQ-d6eeb36f75c6f6f6854a2e3aa9ac2070-20261007-context-e9e30bbb47a8-54e18bc1f938.json;verification/requirement-coverage-NREQ-e0b91994f249e0b795ab80a6e3f4a4a2-20261007-context-b609fa37652f-54e18bc1f938.json;verification/requirement-coverage-NREQ-e2c966ff2db0502c8d0f2d40e87f4262-20261007-context-c6d95e2cb2e2-54e18bc1f938.json;verification/requirement-coverage-NREQ-ea453611a3a1f48cdd2fbfbe946d7ac7-20261007-context-5fb3beeac070-54e18bc1f938.json;verification/requirement-coverage-NREQ-ebadc5f449d2029613a3af4b31f78c6f-20261007-context-4fd7fab953a6-54e18bc1f938.json;verification/requirement-coverage-NREQ-ec756b9a468c4ea50f2d35c578a1a11a-20261007-context-5b0bc69cf0f7-54e18bc1f938.json;verification/requirement-coverage-NREQ-f1919b51ebfc8561d0140c02cbf08abd-20261007-context-5b509fd997c1-54e18bc1f938.json;verification/requirement-coverage-NREQ-f2d6f77dfa27e853d7eb5dab69be388d-20261007-context-e9122d35086e-54e18bc1f938.json;verification/requirement-coverage-NREQ-f41a79c58369bd76c58ad7e831e953ce-20261007-context-a6f639cd6cfc-54e18bc1f938.json;verification/requirement-coverage-NREQ-f6e1df45974ccc5d32aafbc5f38dd535-20261007-context-b48c49f827aa-54e18bc1f938.json
M	response-ingestion.js	0a78d1af4421a3bd2c332e9c553a70c0a0959b6b8ee3b18eab4ae51acee3cbd5	CURRENT_HASH_MATCHES_RETAINED_SCOPED_REVIEW_INPUT	verification/requirement-coverage-NREQ-012f85cfd2196b3413752b3deb14edf0-20261007-context-faf7fb1b8f5f-54e18bc1f938.json;verification/requirement-coverage-NREQ-092f78e488e6282f342b533fa7801e3e-20261007-context-11d306878126-54e18bc1f938.json;verification/requirement-coverage-NREQ-0b73c99557630a5deeace7e89ea0e28f-20261007-context-70f6fc73db90-54e18bc1f938.json;verification/requirement-coverage-NREQ-0c973b955d61ee36887734df0ade5e69-20261007-context-aa211674369a-54e18bc1f938.json;verification/requirement-coverage-NREQ-0fe0693c63b640aac77aa7fa2ad3861d-20261007-context-e479a2d67661-54e18bc1f938.json;verification/requirement-coverage-NREQ-1543275bf85c6f452bce3c65a31dd691-20261007-context-bc25b407a6a7-54e18bc1f938.json;verification/requirement-coverage-NREQ-1576e27fba46e1d68631bb2ade2e37f4-20261007-context-f03bceab9e8e-54e18bc1f938.json;verification/requirement-coverage-NREQ-178819f4c44ad7250656e79d18a8cae3-20261007-context-c1c5855362aa-54e18bc1f938.json;verification/requirement-coverage-NREQ-1b07d67693ef773b4800dc6e06626b5b-20261007-context-dcaf72405bbe-54e18bc1f938.json;verification/requirement-coverage-NREQ-1cb8c122e35c6f4e36f01c95ea0d02c9-20261007-context-4e1b5cc17d08-54e18bc1f938.json;verification/requirement-coverage-NREQ-1e002259d64a939cee2f2a41f4bf3515-20261007-context-19c88e9b3697-54e18bc1f938.json;verification/requirement-coverage-NREQ-1f578d8524f1af57b280fd03422827f1-20261007-context-33c756e92bb7-54e18bc1f938.json;verification/requirement-coverage-NREQ-2046e21dd63ad76f992233d5582c716d-20261007-context-8d03363ebd61-54e18bc1f938.json;verification/requirement-coverage-NREQ-2323c8d363fd8c29f965d8c0e67549ae-20261007-context-cb02bb332e42-54e18bc1f938.json;verification/requirement-coverage-NREQ-2524a1d9ecc583bbd420778cfb147983-20261007-context-04970fd5ee41-54e18bc1f938.json;verification/requirement-coverage-NREQ-2969c103b4ac33435f1e5d6c258a7b7b-20261007-context-857befb4ca6d-54e18bc1f938.json;verification/requirement-coverage-NREQ-318da161cc5f30f33449238ba3870773-20261007-context-123b97ea9f3d-54e18bc1f938.json;verification/requirement-coverage-NREQ-360281bfdd66bed29237ed7202962808-20261007-context-defd14234c9a-54e18bc1f938.json;verification/requirement-coverage-NREQ-41ab1c200b4ce5c9d1d96613a3e5b264-20261007-context-867dae61e345-54e18bc1f938.json;verification/requirement-coverage-NREQ-4592c9487837c81077b166abf57bb4a7-20261007-context-86ef01f1c3cb-54e18bc1f938.json;verification/requirement-coverage-NREQ-4b26e20f450b23eb551b2da03e69c9c9-20261007-context-07d6150a1321-54e18bc1f938.json;verification/requirement-coverage-NREQ-4b27c9f604f44c29404eacc12a59fd68-20261007-context-0ea535138580-54e18bc1f938.json;verification/requirement-coverage-NREQ-4bb86ccfacff0ea8bbbc59df67b0ca4f-20261007-context-6dcc93386d57-54e18bc1f938.json;verification/requirement-coverage-NREQ-5003532a6cda7a68c13be508fbf4d723-20261007-context-dccb85cd4973-54e18bc1f938.json;verification/requirement-coverage-NREQ-55f458162d319bfbb710223b3528ef9f-20261007-context-5b104c0b9184-54e18bc1f938.json;verification/requirement-coverage-NREQ-57f8fa829a872f35948a81bd58477291-20261007-context-fd3ea3b718ef-54e18bc1f938.json;verification/requirement-coverage-NREQ-5811c65fa83521ee7afeedd602cec806-20261007-context-60e25b364eb4-54e18bc1f938.json;verification/requirement-coverage-NREQ-595ff4d66406e3bd9529e12f036c882b-20261007-context-b22989818f22-54e18bc1f938.json;verification/requirement-coverage-NREQ-59d5854af99ac5a566eb61e978519b21-20261007-context-e53573db3335-54e18bc1f938.json;verification/requirement-coverage-NREQ-5dbdcf72dd32a519bb29fbf8250726d3-20261007-context-99eab70395b3-54e18bc1f938.json;verification/requirement-coverage-NREQ-601ec85ffefcffd713520f4067f7529c-20261007-context-be7aad854ceb-54e18bc1f938.json;verification/requirement-coverage-NREQ-606a27b2b9b712e933dda6e0e7b0ce68-20261007-context-c717ae8f5d63-54e18bc1f938.json;verification/requirement-coverage-NREQ-6a5e773812226552e3448329be3966cd-20261007-context-14f5a52593d0-54e18bc1f938.json;verification/requirement-coverage-NREQ-71896faa31bc64e94d98bc976e1e6f1d-20261007-context-def6b5edfdba-54e18bc1f938.json;verification/requirement-coverage-NREQ-72aa03a305fb8893a65d384f41d86aeb-20261007-context-6fb2556fc745-54e18bc1f938.json;verification/requirement-coverage-NREQ-72ba9c97f91e20a56d469fe3d4acf669-20261007-context-ce1798099b2f-54e18bc1f938.json;verification/requirement-coverage-NREQ-75151f881444015977da6a6d7d86cb1c-20261007-context-5c2a016004df-54e18bc1f938.json;verification/requirement-coverage-NREQ-75b670fc6ea047b7452b4148f12a30ba-20261007-context-dfc64a21a246-54e18bc1f938.json;verification/requirement-coverage-NREQ-7643f1fb351e295ecb8565583cb9a37f-20261007-context-1fe2c84cf115-54e18bc1f938.json;verification/requirement-coverage-NREQ-768d67996244254c83c0d11796f63912-20261007-context-291bd5dd0e04-54e18bc1f938.json;verification/requirement-coverage-NREQ-78fef21919bbd7bb3bafba6f62210631-20261007-context-8f3806190781-54e18bc1f938.json;verification/requirement-coverage-NREQ-797b5fe50f9d13ae34d17cc98c7c8f24-20261007-context-0a94e402d167-54e18bc1f938.json;verification/requirement-coverage-NREQ-7a68fe07ee725cf205dd2102cd997b7f-20261007-context-652ecb1fe1af-54e18bc1f938.json;verification/requirement-coverage-NREQ-7be2bf6dfeab825b0549d41a0151841e-20261007-context-4d745e4aa672-54e18bc1f938.json;verification/requirement-coverage-NREQ-848909d4b95219bdb481803a4b1b91c2-20261007-context-73f60d480258-54e18bc1f938.json;verification/requirement-coverage-NREQ-85b110cf9d0bf8e7e2a6ca34dcdee412-20261007-context-80144a03a02d-54e18bc1f938.json;verification/requirement-coverage-NREQ-86651d173d1583e48cf6c03f9d486f4f-20261007-context-327d2cc2c990-54e18bc1f938.json;verification/requirement-coverage-NREQ-87e7a29563e2235e49d5eea31da7db0c-20261007-context-04879b11d740-54e18bc1f938.json;verification/requirement-coverage-NREQ-8bb8790d8dd6c5082d6e0351c032cda5-20261007-context-ebd61b02b8d5-54e18bc1f938.json;verification/requirement-coverage-NREQ-928a65a08b403be3edc8b160ef9cc53c-20261007-context-bc514f8d980c-54e18bc1f938.json;verification/requirement-coverage-NREQ-949f1919a3c7d66486dd74bbd084b71a-20261007-context-51d18e6898a2-54e18bc1f938.json;verification/requirement-coverage-NREQ-971af7158d193e9b1d780c13b6c8e0ec-20261007-context-3e84d85be560-54e18bc1f938.json;verification/requirement-coverage-NREQ-9e0ad66ef878f9e97c909997e976cc13-20261007-context-c8e259a009f0-54e18bc1f938.json;verification/requirement-coverage-NREQ-a011968eff2ed2dc314d58ed27dfad88-20261007-context-87882d5bae07-54e18bc1f938.json;verification/requirement-coverage-NREQ-a0db6ddcb33d9af123b08d4d481c8ebd-20261007-context-6d4092da78f9-54e18bc1f938.json;verification/requirement-coverage-NREQ-a1bafeb7c6f6f12bf0c7b0f6fcadaab9-20261007-context-4b6563194ed6-54e18bc1f938.json;verification/requirement-coverage-NREQ-a3f1c0440fabe4b988fb5fca68a0487c-20261007-context-eac1ae13e05b-54e18bc1f938.json;verification/requirement-coverage-NREQ-a42ec803577aa8ccbe176ed8e20a8595-20261007-context-66547fe135c2-54e18bc1f938.json;verification/requirement-coverage-NREQ-a6fb1ab9c309f702b7cd3d8c7f38cf8f-20261007-context-683bf6ce202e-54e18bc1f938.json;verification/requirement-coverage-NREQ-a7139de247d6263164ddc139ec1fe2ce-20261007-context-1e402d1c19b7-54e18bc1f938.json;verification/requirement-coverage-NREQ-a99b13aa6aa9c7ffa4b65010951f18ec-20261007-context-8e1c768bc690-54e18bc1f938.json;verification/requirement-coverage-NREQ-ade9df74bf03ff347d7ae537fbfa738d-20261007-context-61a2341f94ae-54e18bc1f938.json;verification/requirement-coverage-NREQ-b04395198a63faa09666a1bfca300a1e-20261007-context-3d6d12bed622-54e18bc1f938.json;verification/requirement-coverage-NREQ-b366c2ac73e0e846627de23589a5a772-20261007-context-a26853843e41-54e18bc1f938.json;verification/requirement-coverage-NREQ-b3e8d9cffdde1f94d9d342ff0ed4f097-20261007-context-b36ec8d0d499-54e18bc1f938.json;verification/requirement-coverage-NREQ-b67c348ca653ff5a19ba01272dfd4262-20261007-context-d619c471e8d3-54e18bc1f938.json;verification/requirement-coverage-NREQ-b7b9ecdbceaad6aaefc9e55f7d5b3d48-20261007-context-08a2d1fe5fc7-54e18bc1f938.json;verification/requirement-coverage-NREQ-baa1c33b2e2490264f91881b06ff9da8-20261007-context-029f6195f4ba-54e18bc1f938.json;verification/requirement-coverage-NREQ-bc997511e2328af90b68d1898bcf6ed7-20261007-context-18574f44b5d8-54e18bc1f938.json;verification/requirement-coverage-NREQ-bde18b0504b7485cf77fad020a4a494b-20261007-context-90bbee2744c4-54e18bc1f938.json;verification/requirement-coverage-NREQ-bedc4564e47ae7ebf86911eb8426b6f0-20261007-context-303caf90caff-54e18bc1f938.json;verification/requirement-coverage-NREQ-befdab6cc6a4121936987a35fc18e1c9-20261007-context-c8b0b09a87ad-54e18bc1f938.json;verification/requirement-coverage-NREQ-c0080ab56f40757c88225dc35a1f98f0-20261007-context-79fe3bf8357b-54e18bc1f938.json;verification/requirement-coverage-NREQ-c0a2fa84e2aafe674742a0bb98c40e02-20261007-context-949b3819c6b9-54e18bc1f938.json;verification/requirement-coverage-NREQ-c1d94148ff5023aac7735baefed6c35d-20261007-context-c697349e63e8-54e18bc1f938.json;verification/requirement-coverage-NREQ-c94c878ef2cf8c6a35b0985da91c0c85-20261007-context-fe6c073ad55f-54e18bc1f938.json;verification/requirement-coverage-NREQ-cf25cf824db06866df51c0e538fcbc03-20261007-context-fde639603c5f-54e18bc1f938.json;verification/requirement-coverage-NREQ-cf2cbee76666e1f836c4cca046988062-20261007-context-ee826876a6b9-54e18bc1f938.json;verification/requirement-coverage-NREQ-d2fa27e805583d3a5c7d281ed7051950-20261007-context-8e1b30f0d0bb-54e18bc1f938.json;verification/requirement-coverage-NREQ-d3216139914fb4c3ec1d54819ee18890-20261007-context-4d85dbcad915-54e18bc1f938.json;verification/requirement-coverage-NREQ-d6eeb36f75c6f6f6854a2e3aa9ac2070-20261007-context-e9e30bbb47a8-54e18bc1f938.json;verification/requirement-coverage-NREQ-e0b91994f249e0b795ab80a6e3f4a4a2-20261007-context-b609fa37652f-54e18bc1f938.json;verification/requirement-coverage-NREQ-e2c966ff2db0502c8d0f2d40e87f4262-20261007-context-c6d95e2cb2e2-54e18bc1f938.json;verification/requirement-coverage-NREQ-ea453611a3a1f48cdd2fbfbe946d7ac7-20261007-context-5fb3beeac070-54e18bc1f938.json;verification/requirement-coverage-NREQ-ebadc5f449d2029613a3af4b31f78c6f-20261007-context-4fd7fab953a6-54e18bc1f938.json;verification/requirement-coverage-NREQ-ec756b9a468c4ea50f2d35c578a1a11a-20261007-context-5b0bc69cf0f7-54e18bc1f938.json;verification/requirement-coverage-NREQ-f1919b51ebfc8561d0140c02cbf08abd-20261007-context-5b509fd997c1-54e18bc1f938.json;verification/requirement-coverage-NREQ-f2d6f77dfa27e853d7eb5dab69be388d-20261007-context-e9122d35086e-54e18bc1f938.json;verification/requirement-coverage-NREQ-f41a79c58369bd76c58ad7e831e953ce-20261007-context-a6f639cd6cfc-54e18bc1f938.json;verification/requirement-coverage-NREQ-f6e1df45974ccc5d32aafbc5f38dd535-20261007-context-b48c49f827aa-54e18bc1f938.json
M	specification-governance-core.mjs	94a51200176286dc6c62e50d122f8cac51a6797d33e9e35c8a1af3309efcf9dd	RECOVERED_EXACT_SOURCE_SCOPED_REVIEW_RETAINED_WITH_ORIGINAL_LIMITS	/workspace/scratch/recovered-20261006/evidence/02-pr-review/complete-pr-file-review-inventory.json#/files/16;/workspace/scratch/recovered-20261006/evidence/02-pr-review/working-pr-file-review-inventory.json#/files/16
M	specification/closed-loop-normative-requirements.json	97b43f690b60219d67f498459439bce30416650b9f26c46c34a89b972a13929f	CURRENT_HASH_MATCHES_RETAINED_SCOPED_REVIEW_INPUT	verification/requirement-coverage-NREQ-0c973b955d61ee36887734df0ade5e69-20261007-context-aa211674369a-54e18bc1f938.json;verification/requirement-coverage-NREQ-1576e27fba46e1d68631bb2ade2e37f4-20261007-context-f03bceab9e8e-54e18bc1f938.json;verification/requirement-coverage-NREQ-41ab1c200b4ce5c9d1d96613a3e5b264-20261007-context-867dae61e345-54e18bc1f938.json;verification/requirement-coverage-NREQ-4b26e20f450b23eb551b2da03e69c9c9-20261007-context-07d6150a1321-54e18bc1f938.json;verification/requirement-coverage-NREQ-4bb86ccfacff0ea8bbbc59df67b0ca4f-20261007-context-6dcc93386d57-54e18bc1f938.json;verification/requirement-coverage-NREQ-59d5854af99ac5a566eb61e978519b21-20261007-context-e53573db3335-54e18bc1f938.json;verification/requirement-coverage-NREQ-75b670fc6ea047b7452b4148f12a30ba-20261007-context-dfc64a21a246-54e18bc1f938.json;verification/requirement-coverage-NREQ-768d67996244254c83c0d11796f63912-20261007-context-291bd5dd0e04-54e18bc1f938.json;verification/requirement-coverage-NREQ-7a68fe07ee725cf205dd2102cd997b7f-20261007-context-652ecb1fe1af-54e18bc1f938.json;verification/requirement-coverage-NREQ-86651d173d1583e48cf6c03f9d486f4f-20261007-context-327d2cc2c990-54e18bc1f938.json;verification/requirement-coverage-NREQ-971af7158d193e9b1d780c13b6c8e0ec-20261007-context-3e84d85be560-54e18bc1f938.json;verification/requirement-coverage-NREQ-a011968eff2ed2dc314d58ed27dfad88-20261007-context-87882d5bae07-54e18bc1f938.json;verification/requirement-coverage-NREQ-bedc4564e47ae7ebf86911eb8426b6f0-20261007-context-303caf90caff-54e18bc1f938.json;verification/requirement-coverage-NREQ-befdab6cc6a4121936987a35fc18e1c9-20261007-context-c8b0b09a87ad-54e18bc1f938.json;verification/requirement-coverage-NREQ-c94c878ef2cf8c6a35b0985da91c0c85-20261007-context-fe6c073ad55f-54e18bc1f938.json;verification/requirement-coverage-NREQ-cf25cf824db06866df51c0e538fcbc03-20261007-context-fde639603c5f-54e18bc1f938.json;verification/requirement-coverage-NREQ-ea453611a3a1f48cdd2fbfbe946d7ac7-20261007-context-5fb3beeac070-54e18bc1f938.json
M	specification/closed-loop-reliability-controlling-implementation-specification.txt	95a6a8b1f8857b35c47cb44874aee2bbada1ccfd2ee7aa9033d92fb39c8bda9d	CURRENT_HASH_MATCHES_RETAINED_SCOPED_REVIEW_INPUT	verification/requirement-coverage-NREQ-012f85cfd2196b3413752b3deb14edf0-20261007-context-faf7fb1b8f5f-54e18bc1f938.json;verification/requirement-coverage-NREQ-04e156310ae4ecdd6915448e3f30e047-20261007-context-9f8a35215a69-54e18bc1f938.json;verification/requirement-coverage-NREQ-0774fcb2b6e2510d755133d371474ec8-20261007-context-d48d5f2a8e1a-54e18bc1f938.json;verification/requirement-coverage-NREQ-092f78e488e6282f342b533fa7801e3e-20261007-context-11d306878126-54e18bc1f938.json;verification/requirement-coverage-NREQ-0b73c99557630a5deeace7e89ea0e28f-20261007-context-70f6fc73db90-54e18bc1f938.json;verification/requirement-coverage-NREQ-0c973b955d61ee36887734df0ade5e69-20261007-context-aa211674369a-54e18bc1f938.json;verification/requirement-coverage-NREQ-0f5cdc9e49a6fb5b69455d4b2338448c-20261007-context-fb52feb719db-54e18bc1f938.json;verification/requirement-coverage-NREQ-0fe0693c63b640aac77aa7fa2ad3861d-20261007-context-e479a2d67661-54e18bc1f938.json;verification/requirement-coverage-NREQ-1000a70e39109bdb76b85fa6855a4892-20261007-context-fab4e794a047-54e18bc1f938.json;verification/requirement-coverage-NREQ-1543275bf85c6f452bce3c65a31dd691-20261007-context-bc25b407a6a7-54e18bc1f938.json;verification/requirement-coverage-NREQ-1576e27fba46e1d68631bb2ade2e37f4-20261007-context-f03bceab9e8e-54e18bc1f938.json;verification/requirement-coverage-NREQ-178819f4c44ad7250656e79d18a8cae3-20261007-context-c1c5855362aa-54e18bc1f938.json;verification/requirement-coverage-NREQ-18edc302ca3fad90513b66c585e688e6-20261007-context-c29757d88109-54e18bc1f938.json;verification/requirement-coverage-NREQ-1b07d67693ef773b4800dc6e06626b5b-20261007-context-dcaf72405bbe-54e18bc1f938.json;verification/requirement-coverage-NREQ-1cb8c122e35c6f4e36f01c95ea0d02c9-20261007-context-4e1b5cc17d08-54e18bc1f938.json;verification/requirement-coverage-NREQ-1e002259d64a939cee2f2a41f4bf3515-20261007-context-19c88e9b3697-54e18bc1f938.json;verification/requirement-coverage-NREQ-1f578d8524f1af57b280fd03422827f1-20261007-context-33c756e92bb7-54e18bc1f938.json;verification/requirement-coverage-NREQ-2046e21dd63ad76f992233d5582c716d-20261007-context-8d03363ebd61-54e18bc1f938.json;verification/requirement-coverage-NREQ-2174af2894ceaa1acb9a032113db659d-20261007-context-8376db0a1333-54e18bc1f938.json;verification/requirement-coverage-NREQ-229f56cf458329f04d589d3aa92b95e5-20261007-context-23fcc35649f3-54e18bc1f938.json;verification/requirement-coverage-NREQ-22cf265b2b952dcb7187618a915c98bd-20261007-context-78f2e077c3d8-54e18bc1f938.json;verification/requirement-coverage-NREQ-2323c8d363fd8c29f965d8c0e67549ae-20261007-context-cb02bb332e42-54e18bc1f938.json;verification/requirement-coverage-NREQ-2524a1d9ecc583bbd420778cfb147983-20261007-context-04970fd5ee41-54e18bc1f938.json;verification/requirement-coverage-NREQ-252dcf08d6bbe6a5893bc9cd551ef6ec-20261007-context-568f2f91efca-54e18bc1f938.json;verification/requirement-coverage-NREQ-255fe5112069486751f53087b1ab699e-20261007-context-608c37b31d30-54e18bc1f938.json;verification/requirement-coverage-NREQ-266e79545a48e7c4310883faa04e9844-20261007-context-7b27fb019885-54e18bc1f938.json;verification/requirement-coverage-NREQ-26b8cfa830777dd2bfa4c8aac620403c-20261007-context-08c3774267c0-54e18bc1f938.json;verification/requirement-coverage-NREQ-27cf5e6a8e4cf40ff1873bd4d059b3cd-20261007-context-079978627600-54e18bc1f938.json;verification/requirement-coverage-NREQ-27f437fe3040767de849d06a48cdb3c3-20261007-context-f1acc99ffcf8-54e18bc1f938.json;verification/requirement-coverage-NREQ-292af594522de75d72b35851b9befed4-20261007-context-e580690eff15-54e18bc1f938.json;verification/requirement-coverage-NREQ-2969c103b4ac33435f1e5d6c258a7b7b-20261007-context-857befb4ca6d-54e18bc1f938.json;verification/requirement-coverage-NREQ-2b14774ffd65e947a3d3deae3ad09c92-20261007-context-aa8204f96091-54e18bc1f938.json;verification/requirement-coverage-NREQ-318da161cc5f30f33449238ba3870773-20261007-context-123b97ea9f3d-54e18bc1f938.json;verification/requirement-coverage-NREQ-360281bfdd66bed29237ed7202962808-20261007-context-defd14234c9a-54e18bc1f938.json;verification/requirement-coverage-NREQ-39eba2aba9049ed18beade0c11e0c107-20261007-context-3f29c46a8871-54e18bc1f938.json;verification/requirement-coverage-NREQ-3a3ba3d92dd569d454e781fcccf7ac61-20261007-context-66b766ea1a5d-54e18bc1f938.json;verification/requirement-coverage-NREQ-41ab1c200b4ce5c9d1d96613a3e5b264-20261007-context-867dae61e345-54e18bc1f938.json;verification/requirement-coverage-NREQ-4363c0420b1bd921591c1f2446cfb8eb-20261007-context-de3533a949d5-54e18bc1f938.json;verification/requirement-coverage-NREQ-4592c9487837c81077b166abf57bb4a7-20261007-context-86ef01f1c3cb-54e18bc1f938.json;verification/requirement-coverage-NREQ-4b26e20f450b23eb551b2da03e69c9c9-20261007-context-07d6150a1321-54e18bc1f938.json;verification/requirement-coverage-NREQ-4b27c9f604f44c29404eacc12a59fd68-20261007-context-0ea535138580-54e18bc1f938.json;verification/requirement-coverage-NREQ-4bb54f6379863c0a17e6fbc58edcd042-20261007-context-c3df825e72e4-54e18bc1f938.json;verification/requirement-coverage-NREQ-4bb86ccfacff0ea8bbbc59df67b0ca4f-20261007-context-6dcc93386d57-54e18bc1f938.json;verification/requirement-coverage-NREQ-4d7b09d088c999d3c6e91a968cbe1a02-20261007-context-03745896590f-54e18bc1f938.json;verification/requirement-coverage-NREQ-5003532a6cda7a68c13be508fbf4d723-20261007-context-dccb85cd4973-54e18bc1f938.json;verification/requirement-coverage-NREQ-536910c50d3998944884b519e0d89555-20261007-context-0ceefe702ac1-54e18bc1f938.json;verification/requirement-coverage-NREQ-55dce831e47c4a26e093cc6134572e8f-20261007-context-b731d3ee0180-54e18bc1f938.json;verification/requirement-coverage-NREQ-55f458162d319bfbb710223b3528ef9f-20261007-context-5b104c0b9184-54e18bc1f938.json;verification/requirement-coverage-NREQ-57f8fa829a872f35948a81bd58477291-20261007-context-fd3ea3b718ef-54e18bc1f938.json;verification/requirement-coverage-NREQ-5811c65fa83521ee7afeedd602cec806-20261007-context-60e25b364eb4-54e18bc1f938.json;verification/requirement-coverage-NREQ-595ff4d66406e3bd9529e12f036c882b-20261007-context-b22989818f22-54e18bc1f938.json;verification/requirement-coverage-NREQ-59d5854af99ac5a566eb61e978519b21-20261007-context-e53573db3335-54e18bc1f938.json;verification/requirement-coverage-NREQ-5d9431875519d7cfc3188157a10d6bfc-20261007-context-6cff1723f402-54e18bc1f938.json;verification/requirement-coverage-NREQ-5dbdcf72dd32a519bb29fbf8250726d3-20261007-context-99eab70395b3-54e18bc1f938.json;verification/requirement-coverage-NREQ-5f9aa84ccae751c1692f148708a9288c-20261007-context-1a6ddd562cda-54e18bc1f938.json;verification/requirement-coverage-NREQ-5fe6282f6c99d8d0f13fdf06bb5317fa-20261007-context-b3f25a0a1514-54e18bc1f938.json;verification/requirement-coverage-NREQ-601ec85ffefcffd713520f4067f7529c-20261007-context-be7aad854ceb-54e18bc1f938.json;verification/requirement-coverage-NREQ-606a27b2b9b712e933dda6e0e7b0ce68-20261007-context-c717ae8f5d63-54e18bc1f938.json;verification/requirement-coverage-NREQ-647d36595971915d7c485a338ddc4013-20261007-context-661182e4e06d-54e18bc1f938.json;verification/requirement-coverage-NREQ-6a5e773812226552e3448329be3966cd-20261007-context-14f5a52593d0-54e18bc1f938.json;verification/requirement-coverage-NREQ-6fe30b5cb969bf2fb9daaabc3422ac38-20261007-context-2594d1e812f8-54e18bc1f938.json;verification/requirement-coverage-NREQ-70114fe79e900fc756a0d6cc14ea8f90-20261007-context-0322b753560e-54e18bc1f938.json;verification/requirement-coverage-NREQ-71896faa31bc64e94d98bc976e1e6f1d-20261007-context-def6b5edfdba-54e18bc1f938.json;verification/requirement-coverage-NREQ-72aa03a305fb8893a65d384f41d86aeb-20261007-context-6fb2556fc745-54e18bc1f938.json;verification/requirement-coverage-NREQ-72ba9c97f91e20a56d469fe3d4acf669-20261007-context-ce1798099b2f-54e18bc1f938.json;verification/requirement-coverage-NREQ-75151f881444015977da6a6d7d86cb1c-20261007-context-5c2a016004df-54e18bc1f938.json;verification/requirement-coverage-NREQ-7542acad543ceb37f7fb325baac0d9d0-20261007-context-1dab787f784f-54e18bc1f938.json;verification/requirement-coverage-NREQ-75b670fc6ea047b7452b4148f12a30ba-20261007-context-dfc64a21a246-54e18bc1f938.json;verification/requirement-coverage-NREQ-7643f1fb351e295ecb8565583cb9a37f-20261007-context-1fe2c84cf115-54e18bc1f938.json;verification/requirement-coverage-NREQ-768d67996244254c83c0d11796f63912-20261007-context-291bd5dd0e04-54e18bc1f938.json;verification/requirement-coverage-NREQ-78fef21919bbd7bb3bafba6f62210631-20261007-context-8f3806190781-54e18bc1f938.json;verification/requirement-coverage-NREQ-797b5fe50f9d13ae34d17cc98c7c8f24-20261007-context-0a94e402d167-54e18bc1f938.json;verification/requirement-coverage-NREQ-7a68fe07ee725cf205dd2102cd997b7f-20261007-context-652ecb1fe1af-54e18bc1f938.json;verification/requirement-coverage-NREQ-7add6f24a57198b72b500e5a2acf1ca6-20261007-context-6cba32557505-54e18bc1f938.json;verification/requirement-coverage-NREQ-7be2bf6dfeab825b0549d41a0151841e-20261007-context-4d745e4aa672-54e18bc1f938.json;verification/requirement-coverage-NREQ-7d91a0dd124e5a78fc01449f23a3e8fa-20261007-context-dfcfcb839c96-54e18bc1f938.json;verification/requirement-coverage-NREQ-829ac5f73d2b01828644e51c0675d6b6-20261007-context-b712f2bc0f59-54e18bc1f938.json;verification/requirement-coverage-NREQ-848909d4b95219bdb481803a4b1b91c2-20261007-context-73f60d480258-54e18bc1f938.json;verification/requirement-coverage-NREQ-853a934199459ed6bf419687ca08ba34-20261007-context-00fada70b5c9-54e18bc1f938.json;verification/requirement-coverage-NREQ-85b110cf9d0bf8e7e2a6ca34dcdee412-20261007-context-80144a03a02d-54e18bc1f938.json;verification/requirement-coverage-NREQ-86651d173d1583e48cf6c03f9d486f4f-20261007-context-327d2cc2c990-54e18bc1f938.json;verification/requirement-coverage-NREQ-87e7a29563e2235e49d5eea31da7db0c-20261007-context-04879b11d740-54e18bc1f938.json;verification/requirement-coverage-NREQ-8bb8790d8dd6c5082d6e0351c032cda5-20261007-context-ebd61b02b8d5-54e18bc1f938.json;verification/requirement-coverage-NREQ-8c2bdedb1f707a1a97695f7b0745365c-20261007-context-96450c77219a-54e18bc1f938.json;verification/requirement-coverage-NREQ-9050383f9f0b382f0fd9b465a0a20f78-20261007-context-cfc13d3d88ae-54e18bc1f938.json;verification/requirement-coverage-NREQ-925405b741265dbbc292d4f3a74c2bd6-20261007-context-acc52814e6d6-54e18bc1f938.json;verification/requirement-coverage-NREQ-928a65a08b403be3edc8b160ef9cc53c-20261007-context-bc514f8d980c-54e18bc1f938.json;verification/requirement-coverage-NREQ-928c9bbcf0101e2a0e4a0e69edc59164-20261007-context-c00b5434d55a-54e18bc1f938.json;verification/requirement-coverage-NREQ-931f08afd15144dcac6c7768f2c393d0-20261007-context-4eaa8fcb825e-54e18bc1f938.json;verification/requirement-coverage-NREQ-949f1919a3c7d66486dd74bbd084b71a-20261007-context-51d18e6898a2-54e18bc1f938.json;verification/requirement-coverage-NREQ-971af7158d193e9b1d780c13b6c8e0ec-20261007-context-3e84d85be560-54e18bc1f938.json;verification/requirement-coverage-NREQ-9b21240c5c27ee356dec92b459a0fcb9-20261007-context-f0585937ea82-54e18bc1f938.json;verification/requirement-coverage-NREQ-9e0ad66ef878f9e97c909997e976cc13-20261007-context-c8e259a009f0-54e18bc1f938.json;verification/requirement-coverage-NREQ-9e413bfc92a85655c990712d56002499-20261007-context-ce45300844ea-54e18bc1f938.json;verification/requirement-coverage-NREQ-a011968eff2ed2dc314d58ed27dfad88-20261007-context-87882d5bae07-54e18bc1f938.json;verification/requirement-coverage-NREQ-a0db6ddcb33d9af123b08d4d481c8ebd-20261007-context-6d4092da78f9-54e18bc1f938.json;verification/requirement-coverage-NREQ-a12012292224d4b4a0a9b1088c8c49d0-20261007-context-3fe1f1abe0f4-54e18bc1f938.json;verification/requirement-coverage-NREQ-a1bafeb7c6f6f12bf0c7b0f6fcadaab9-20261007-context-4b6563194ed6-54e18bc1f938.json;verification/requirement-coverage-NREQ-a3f1c0440fabe4b988fb5fca68a0487c-20261007-context-eac1ae13e05b-54e18bc1f938.json;verification/requirement-coverage-NREQ-a42ec803577aa8ccbe176ed8e20a8595-20261007-context-66547fe135c2-54e18bc1f938.json;verification/requirement-coverage-NREQ-a5e73329c9ae93f23b01a42d43179133-20261007-context-71a07396be34-54e18bc1f938.json;verification/requirement-coverage-NREQ-a6fb1ab9c309f702b7cd3d8c7f38cf8f-20261007-context-683bf6ce202e-54e18bc1f938.json;verification/requirement-coverage-NREQ-a7139de247d6263164ddc139ec1fe2ce-20261007-context-1e402d1c19b7-54e18bc1f938.json;verification/requirement-coverage-NREQ-a8822e7da5b9525a6c3e097b71e59183-20261007-context-c52dc24f6227-54e18bc1f938.json;verification/requirement-coverage-NREQ-a99b13aa6aa9c7ffa4b65010951f18ec-20261007-context-8e1c768bc690-54e18bc1f938.json;verification/requirement-coverage-NREQ-a9ef7326ce64b6049b07bdddd8d9d024-20261007-context-f1fcf2f90e43-54e18bc1f938.json;verification/requirement-coverage-NREQ-aa165dd96291b05acd70bf948f215d04-20261007-context-bb47e51ecefe-54e18bc1f938.json;verification/requirement-coverage-NREQ-aafc7cd5dc54af415d36425000d76acb-20261007-context-a26debd029d2-54e18bc1f938.json;verification/requirement-coverage-NREQ-ab9ab7c7ba110dfd3e0a5f8f5c9908cb-20261007-context-d64ec081ccf9-54e18bc1f938.json;verification/requirement-coverage-NREQ-ade9df74bf03ff347d7ae537fbfa738d-20261007-context-61a2341f94ae-54e18bc1f938.json;verification/requirement-coverage-NREQ-b04395198a63faa09666a1bfca300a1e-20261007-context-3d6d12bed622-54e18bc1f938.json;verification/requirement-coverage-NREQ-b14772d932b286c302b05996186c8022-20261007-context-53abd11134eb-54e18bc1f938.json;verification/requirement-coverage-NREQ-b366c2ac73e0e846627de23589a5a772-20261007-context-a26853843e41-54e18bc1f938.json;verification/requirement-coverage-NREQ-b3e8d9cffdde1f94d9d342ff0ed4f097-20261007-context-b36ec8d0d499-54e18bc1f938.json;verification/requirement-coverage-NREQ-b67c348ca653ff5a19ba01272dfd4262-20261007-context-d619c471e8d3-54e18bc1f938.json;verification/requirement-coverage-NREQ-b7b9ecdbceaad6aaefc9e55f7d5b3d48-20261007-context-08a2d1fe5fc7-54e18bc1f938.json;verification/requirement-coverage-NREQ-baa1c33b2e2490264f91881b06ff9da8-20261007-context-029f6195f4ba-54e18bc1f938.json;verification/requirement-coverage-NREQ-bc997511e2328af90b68d1898bcf6ed7-20261007-context-18574f44b5d8-54e18bc1f938.json;verification/requirement-coverage-NREQ-bde18b0504b7485cf77fad020a4a494b-20261007-context-90bbee2744c4-54e18bc1f938.json;verification/requirement-coverage-NREQ-bedc4564e47ae7ebf86911eb8426b6f0-20261007-context-303caf90caff-54e18bc1f938.json;verification/requirement-coverage-NREQ-befdab6cc6a4121936987a35fc18e1c9-20261007-context-c8b0b09a87ad-54e18bc1f938.json;verification/requirement-coverage-NREQ-bfc0e4b5d516977d7fcad7b3f74e43c6-20261007-context-a86412ff6400-54e18bc1f938.json;verification/requirement-coverage-NREQ-c0080ab56f40757c88225dc35a1f98f0-20261007-context-79fe3bf8357b-54e18bc1f938.json;verification/requirement-coverage-NREQ-c0a2fa84e2aafe674742a0bb98c40e02-20261007-context-949b3819c6b9-54e18bc1f938.json;verification/requirement-coverage-NREQ-c1d94148ff5023aac7735baefed6c35d-20261007-context-c697349e63e8-54e18bc1f938.json;verification/requirement-coverage-NREQ-c6ad5908eba2e59771e74f2ceebc5077-20261007-context-e1522203239f-54e18bc1f938.json;verification/requirement-coverage-NREQ-c756b0b15119dd819444cd7212bdad56-20261007-context-fb0c67dfb2a4-54e18bc1f938.json;verification/requirement-coverage-NREQ-c94c878ef2cf8c6a35b0985da91c0c85-20261007-context-fe6c073ad55f-54e18bc1f938.json;verification/requirement-coverage-NREQ-cf25cf824db06866df51c0e538fcbc03-20261007-context-fde639603c5f-54e18bc1f938.json;verification/requirement-coverage-NREQ-cf2cbee76666e1f836c4cca046988062-20261007-context-ee826876a6b9-54e18bc1f938.json;verification/requirement-coverage-NREQ-d2fa27e805583d3a5c7d281ed7051950-20261007-context-8e1b30f0d0bb-54e18bc1f938.json;verification/requirement-coverage-NREQ-d3216139914fb4c3ec1d54819ee18890-20261007-context-4d85dbcad915-54e18bc1f938.json;verification/requirement-coverage-NREQ-d6eeb36f75c6f6f6854a2e3aa9ac2070-20261007-context-e9e30bbb47a8-54e18bc1f938.json;verification/requirement-coverage-NREQ-d6f8519fc2d36e59e4eba26af0442d14-20261007-context-2fbfbdc64e39-54e18bc1f938.json;verification/requirement-coverage-NREQ-db8a127d9ff92a6510ae92e3eb1fbb86-20261007-context-e4c13fc3e86d-54e18bc1f938.json;verification/requirement-coverage-NREQ-dba22c5f93e4359c4b7d4ebdd9799dbf-20261007-context-20dec9a14f41-54e18bc1f938.json;verification/requirement-coverage-NREQ-dd1241e76fbe641c1c88243ba947dc89-20261007-context-d1b7c31332df-54e18bc1f938.json;verification/requirement-coverage-NREQ-ddf7192c16e06f5276d4d324b2e1f6c3-20261007-context-471ddf5379c5-54e18bc1f938.json;verification/requirement-coverage-NREQ-e0b91994f249e0b795ab80a6e3f4a4a2-20261007-context-b609fa37652f-54e18bc1f938.json;verification/requirement-coverage-NREQ-e1a8ce05f1d7a97c385039fd3bd71143-20261007-context-6e9650794698-54e18bc1f938.json;verification/requirement-coverage-NREQ-e2c966ff2db0502c8d0f2d40e87f4262-20261007-context-c6d95e2cb2e2-54e18bc1f938.json;verification/requirement-coverage-NREQ-e5db8a7c723f5b54ada73ce37c7725a2-20261007-context-6d038e318a4a-54e18bc1f938.json;verification/requirement-coverage-NREQ-ea453611a3a1f48cdd2fbfbe946d7ac7-20261007-context-5fb3beeac070-54e18bc1f938.json;verification/requirement-coverage-NREQ-ebadc5f449d2029613a3af4b31f78c6f-20261007-context-4fd7fab953a6-54e18bc1f938.json;verification/requirement-coverage-NREQ-ec756b9a468c4ea50f2d35c578a1a11a-20261007-context-5b0bc69cf0f7-54e18bc1f938.json;verification/requirement-coverage-NREQ-ee95aae3e46bebd05ef8469aff39c9da-20261007-context-4ab906314fee-54e18bc1f938.json;verification/requirement-coverage-NREQ-efa519285f6f28591dc9ad7936c1caa6-20261007-context-67b0bcc51a0a-54e18bc1f938.json;verification/requirement-coverage-NREQ-f0d3896f2d4c46e85ce52981147764ef-20261007-context-01afc04c65c4-54e18bc1f938.json;verification/requirement-coverage-NREQ-f1919b51ebfc8561d0140c02cbf08abd-20261007-context-5b509fd997c1-54e18bc1f938.json;verification/requirement-coverage-NREQ-f295ec535d0d117429de1cced6886a6e-20261007-context-c064f5db48cd-54e18bc1f938.json;verification/requirement-coverage-NREQ-f2d6f77dfa27e853d7eb5dab69be388d-20261007-context-e9122d35086e-54e18bc1f938.json;verification/requirement-coverage-NREQ-f41a79c58369bd76c58ad7e831e953ce-20261007-context-a6f639cd6cfc-54e18bc1f938.json;verification/requirement-coverage-NREQ-f50ee5baca83ff85d962de77d313fda6-20261007-context-fd5c589d06d2-54e18bc1f938.json;verification/requirement-coverage-NREQ-f6858b1d41ca1327e88e31e7f0e8f94f-20261007-context-4f6feb334f83-54e18bc1f938.json;verification/requirement-coverage-NREQ-f6e1df45974ccc5d32aafbc5f38dd535-20261007-context-b48c49f827aa-54e18bc1f938.json;verification/requirement-coverage-NREQ-f9c8f3d1723060ee3fd3fa87ba2a4d75-20261007-context-0bef4700f599-54e18bc1f938.json
M	specification/closed-loop-specification-manifest.json	651e71dffee949524793d50195d4958a777dc7392cb31f40b5975079a846b258	CURRENT_HASH_MATCHES_RETAINED_SCOPED_REVIEW_INPUT	verification/requirement-coverage-NREQ-4b26e20f450b23eb551b2da03e69c9c9-20261007-context-07d6150a1321-54e18bc1f938.json;verification/requirement-coverage-NREQ-a011968eff2ed2dc314d58ed27dfad88-20261007-context-87882d5bae07-54e18bc1f938.json;verification/requirement-coverage-NREQ-bedc4564e47ae7ebf86911eb8426b6f0-20261007-context-303caf90caff-54e18bc1f938.json;verification/requirement-coverage-NREQ-befdab6cc6a4121936987a35fc18e1c9-20261007-context-c8b0b09a87ad-54e18bc1f938.json;verification/requirement-coverage-NREQ-c94c878ef2cf8c6a35b0985da91c0c85-20261007-context-fe6c073ad55f-54e18bc1f938.json;verification/requirement-coverage-NREQ-ea453611a3a1f48cdd2fbfbe946d7ac7-20261007-context-5fb3beeac070-54e18bc1f938.json
M	specification/requirement-evidence-bindings.json	9c4631c86ccd2d8234f23469ffc7e11374bcda51eb4bb1f27c1f4a97ade7b72e	CURRENT_HASH_MATCHES_RETAINED_SCOPED_REVIEW_INPUT	verification/requirement-coverage-NREQ-c94c878ef2cf8c6a35b0985da91c0c85-20261007-context-fe6c073ad55f-54e18bc1f938.json;verification/requirement-coverage-NREQ-ea453611a3a1f48cdd2fbfbe946d7ac7-20261007-context-5fb3beeac070-54e18bc1f938.json
M	specification/source-clause-review.json	846c5eec07dac57813fa8f97536fc6ef21bb074c538e9fe3a4ee26bab18ba21a	RECOVERED_EXACT_SOURCE_SCOPED_REVIEW_RETAINED_WITH_ORIGINAL_LIMITS	/workspace/scratch/recovered-20261006/evidence/02-pr-review/complete-pr-file-review-inventory.json#/files/21;/workspace/scratch/recovered-20261006/evidence/02-pr-review/working-pr-file-review-inventory.json#/files/21
M	stage19-fixture.mjs	bd018bef6f48ca54b942fb7b4b80cf588332b406a6397739d2fbac717215a4d5	RECOVERED_EXACT_SOURCE_SCOPED_REVIEW_RETAINED_WITH_ORIGINAL_LIMITS	/workspace/scratch/recovered-20261006/evidence/02-pr-review/complete-pr-file-review-inventory.json#/files/22;/workspace/scratch/recovered-20261006/evidence/02-pr-review/working-pr-file-review-inventory.json#/files/22
A	test-artifact-byte-sharing.mjs	e14c46e5ade79461ac29b8befe1f02c14139670792f0adfe955178a50620d810	CURRENT_HASH_MATCHES_RETAINED_SCOPED_REVIEW_INPUT	verification/requirement-coverage-NREQ-72ba9c97f91e20a56d469fe3d4acf669-20261007-context-ce1798099b2f-54e18bc1f938.json;verification/requirement-coverage-NREQ-87e7a29563e2235e49d5eea31da7db0c-20261007-context-04879b11d740-54e18bc1f938.json;verification/requirement-coverage-NREQ-949f1919a3c7d66486dd74bbd084b71a-20261007-context-51d18e6898a2-54e18bc1f938.json;verification/requirement-coverage-NREQ-a7139de247d6263164ddc139ec1fe2ce-20261007-context-1e402d1c19b7-54e18bc1f938.json;verification/requirement-coverage-NREQ-d3216139914fb4c3ec1d54819ee18890-20261007-context-4d85dbcad915-54e18bc1f938.json
A	test-backup-capacity-roundtrip.mjs	6222a2467d95ea84c452eb9505852c2aa817b5e38071d4b74796fb94e512cc94	CURRENT_HASH_MATCHES_RETAINED_SCOPED_REVIEW_INPUT	verification/requirement-coverage-NREQ-1b07d67693ef773b4800dc6e06626b5b-20261007-context-dcaf72405bbe-54e18bc1f938.json;verification/requirement-coverage-NREQ-2046e21dd63ad76f992233d5582c716d-20261007-context-8d03363ebd61-54e18bc1f938.json;verification/requirement-coverage-NREQ-5811c65fa83521ee7afeedd602cec806-20261007-context-60e25b364eb4-54e18bc1f938.json;verification/requirement-coverage-NREQ-a1bafeb7c6f6f12bf0c7b0f6fcadaab9-20261007-context-4b6563194ed6-54e18bc1f938.json;verification/requirement-coverage-NREQ-f41a79c58369bd76c58ad7e831e953ce-20261007-context-a6f639cd6cfc-54e18bc1f938.json
A	test-backup-import-staging.mjs	4a0073eedc1092ef2d673437f6ea789fd8ace4eb42d80e4b479fb72d28479e3f	CURRENT_HASH_MATCHES_RETAINED_SCOPED_REVIEW_INPUT	verification/requirement-coverage-NREQ-0c973b955d61ee36887734df0ade5e69-20261007-context-aa211674369a-54e18bc1f938.json;verification/requirement-coverage-NREQ-1576e27fba46e1d68631bb2ade2e37f4-20261007-context-f03bceab9e8e-54e18bc1f938.json;verification/requirement-coverage-NREQ-360281bfdd66bed29237ed7202962808-20261007-context-defd14234c9a-54e18bc1f938.json;verification/requirement-coverage-NREQ-41ab1c200b4ce5c9d1d96613a3e5b264-20261007-context-867dae61e345-54e18bc1f938.json;verification/requirement-coverage-NREQ-4b27c9f604f44c29404eacc12a59fd68-20261007-context-0ea535138580-54e18bc1f938.json;verification/requirement-coverage-NREQ-4bb86ccfacff0ea8bbbc59df67b0ca4f-20261007-context-6dcc93386d57-54e18bc1f938.json;verification/requirement-coverage-NREQ-59d5854af99ac5a566eb61e978519b21-20261007-context-e53573db3335-54e18bc1f938.json;verification/requirement-coverage-NREQ-601ec85ffefcffd713520f4067f7529c-20261007-context-be7aad854ceb-54e18bc1f938.json;verification/requirement-coverage-NREQ-71896faa31bc64e94d98bc976e1e6f1d-20261007-context-def6b5edfdba-54e18bc1f938.json;verification/requirement-coverage-NREQ-72aa03a305fb8893a65d384f41d86aeb-20261007-context-6fb2556fc745-54e18bc1f938.json;verification/requirement-coverage-NREQ-75b670fc6ea047b7452b4148f12a30ba-20261007-context-dfc64a21a246-54e18bc1f938.json;verification/requirement-coverage-NREQ-768d67996244254c83c0d11796f63912-20261007-context-291bd5dd0e04-54e18bc1f938.json;verification/requirement-coverage-NREQ-78fef21919bbd7bb3bafba6f62210631-20261007-context-8f3806190781-54e18bc1f938.json;verification/requirement-coverage-NREQ-7a68fe07ee725cf205dd2102cd997b7f-20261007-context-652ecb1fe1af-54e18bc1f938.json;verification/requirement-coverage-NREQ-848909d4b95219bdb481803a4b1b91c2-20261007-context-73f60d480258-54e18bc1f938.json;verification/requirement-coverage-NREQ-86651d173d1583e48cf6c03f9d486f4f-20261007-context-327d2cc2c990-54e18bc1f938.json;verification/requirement-coverage-NREQ-928a65a08b403be3edc8b160ef9cc53c-20261007-context-bc514f8d980c-54e18bc1f938.json;verification/requirement-coverage-NREQ-971af7158d193e9b1d780c13b6c8e0ec-20261007-context-3e84d85be560-54e18bc1f938.json;verification/requirement-coverage-NREQ-a0db6ddcb33d9af123b08d4d481c8ebd-20261007-context-6d4092da78f9-54e18bc1f938.json;verification/requirement-coverage-NREQ-a42ec803577aa8ccbe176ed8e20a8595-20261007-context-66547fe135c2-54e18bc1f938.json;verification/requirement-coverage-NREQ-baa1c33b2e2490264f91881b06ff9da8-20261007-context-029f6195f4ba-54e18bc1f938.json;verification/requirement-coverage-NREQ-c0080ab56f40757c88225dc35a1f98f0-20261007-context-79fe3bf8357b-54e18bc1f938.json;verification/requirement-coverage-NREQ-cf25cf824db06866df51c0e538fcbc03-20261007-context-fde639603c5f-54e18bc1f938.json;verification/requirement-coverage-NREQ-f1919b51ebfc8561d0140c02cbf08abd-20261007-context-5b509fd997c1-54e18bc1f938.json
A	test-backup-staging-store.mjs	ff495b1155c1990f0c7431e52aab035c64f46862571a8d7ad2ebe6c7598ea3d5	CURRENT_HASH_MATCHES_RETAINED_SCOPED_REVIEW_INPUT	verification/requirement-coverage-NREQ-0c973b955d61ee36887734df0ade5e69-20261007-context-aa211674369a-54e18bc1f938.json;verification/requirement-coverage-NREQ-1576e27fba46e1d68631bb2ade2e37f4-20261007-context-f03bceab9e8e-54e18bc1f938.json;verification/requirement-coverage-NREQ-360281bfdd66bed29237ed7202962808-20261007-context-defd14234c9a-54e18bc1f938.json;verification/requirement-coverage-NREQ-41ab1c200b4ce5c9d1d96613a3e5b264-20261007-context-867dae61e345-54e18bc1f938.json;verification/requirement-coverage-NREQ-4b27c9f604f44c29404eacc12a59fd68-20261007-context-0ea535138580-54e18bc1f938.json;verification/requirement-coverage-NREQ-4bb86ccfacff0ea8bbbc59df67b0ca4f-20261007-context-6dcc93386d57-54e18bc1f938.json;verification/requirement-coverage-NREQ-59d5854af99ac5a566eb61e978519b21-20261007-context-e53573db3335-54e18bc1f938.json;verification/requirement-coverage-NREQ-601ec85ffefcffd713520f4067f7529c-20261007-context-be7aad854ceb-54e18bc1f938.json;verification/requirement-coverage-NREQ-71896faa31bc64e94d98bc976e1e6f1d-20261007-context-def6b5edfdba-54e18bc1f938.json;verification/requirement-coverage-NREQ-72aa03a305fb8893a65d384f41d86aeb-20261007-context-6fb2556fc745-54e18bc1f938.json;verification/requirement-coverage-NREQ-75b670fc6ea047b7452b4148f12a30ba-20261007-context-dfc64a21a246-54e18bc1f938.json;verification/requirement-coverage-NREQ-768d67996244254c83c0d11796f63912-20261007-context-291bd5dd0e04-54e18bc1f938.json;verification/requirement-coverage-NREQ-78fef21919bbd7bb3bafba6f62210631-20261007-context-8f3806190781-54e18bc1f938.json;verification/requirement-coverage-NREQ-7a68fe07ee725cf205dd2102cd997b7f-20261007-context-652ecb1fe1af-54e18bc1f938.json;verification/requirement-coverage-NREQ-848909d4b95219bdb481803a4b1b91c2-20261007-context-73f60d480258-54e18bc1f938.json;verification/requirement-coverage-NREQ-86651d173d1583e48cf6c03f9d486f4f-20261007-context-327d2cc2c990-54e18bc1f938.json;verification/requirement-coverage-NREQ-928a65a08b403be3edc8b160ef9cc53c-20261007-context-bc514f8d980c-54e18bc1f938.json;verification/requirement-coverage-NREQ-971af7158d193e9b1d780c13b6c8e0ec-20261007-context-3e84d85be560-54e18bc1f938.json;verification/requirement-coverage-NREQ-a0db6ddcb33d9af123b08d4d481c8ebd-20261007-context-6d4092da78f9-54e18bc1f938.json;verification/requirement-coverage-NREQ-a42ec803577aa8ccbe176ed8e20a8595-20261007-context-66547fe135c2-54e18bc1f938.json;verification/requirement-coverage-NREQ-baa1c33b2e2490264f91881b06ff9da8-20261007-context-029f6195f4ba-54e18bc1f938.json;verification/requirement-coverage-NREQ-c0080ab56f40757c88225dc35a1f98f0-20261007-context-79fe3bf8357b-54e18bc1f938.json;verification/requirement-coverage-NREQ-cf25cf824db06866df51c0e538fcbc03-20261007-context-fde639603c5f-54e18bc1f938.json;verification/requirement-coverage-NREQ-f1919b51ebfc8561d0140c02cbf08abd-20261007-context-5b509fd997c1-54e18bc1f938.json
A	test-browser-handoff-authorization.mjs	cc3a288dfb186b9a1710e68306a1f4eda4cac861a103cd6b3909db778eb4f49f	RECOVERED_EXACT_SOURCE_SCOPED_REVIEW_RETAINED_WITH_ORIGINAL_LIMITS	/workspace/scratch/recovered-20261006/evidence/02-pr-review/complete-pr-file-review-inventory.json#/files/23;/workspace/scratch/recovered-20261006/evidence/02-pr-review/working-pr-file-review-inventory.json#/files/24
A	test-canonical-field-integrity.mjs	4007b3d29127189806f1d723730f08ab87168255a61c3293111746951db204be	CURRENT_HASH_MATCHES_RETAINED_SCOPED_REVIEW_INPUT	verification/requirement-coverage-NREQ-1b07d67693ef773b4800dc6e06626b5b-20261007-context-dcaf72405bbe-54e18bc1f938.json;verification/requirement-coverage-NREQ-2046e21dd63ad76f992233d5582c716d-20261007-context-8d03363ebd61-54e18bc1f938.json;verification/requirement-coverage-NREQ-5811c65fa83521ee7afeedd602cec806-20261007-context-60e25b364eb4-54e18bc1f938.json;verification/requirement-coverage-NREQ-a1bafeb7c6f6f12bf0c7b0f6fcadaab9-20261007-context-4b6563194ed6-54e18bc1f938.json;verification/requirement-coverage-NREQ-f41a79c58369bd76c58ad7e831e953ce-20261007-context-a6f639cd6cfc-54e18bc1f938.json
A	test-deferred-producer-contracts.mjs	79e206e76db92d9476448f3f1488bf3e5e52c58676249b1fd5be53ab9485fba7	RECOVERED_EXACT_SOURCE_SCOPED_REVIEW_RETAINED_WITH_ORIGINAL_LIMITS	/workspace/scratch/recovered-20261006/evidence/02-pr-review/complete-pr-file-review-inventory.json#/files/25;/workspace/scratch/recovered-20261006/evidence/02-pr-review/working-pr-file-review-inventory.json#/files/26
A	test-deployment-contract-identities.mjs	719fc2bd6fa0744e082c7b7d4bf24dd26e2fe821d162381247304568f5570779	CURRENT_HASH_MATCHES_RETAINED_SCOPED_REVIEW_INPUT	verification/requirement-coverage-NREQ-a011968eff2ed2dc314d58ed27dfad88-20261007-context-87882d5bae07-54e18bc1f938.json;verification/requirement-coverage-NREQ-befdab6cc6a4121936987a35fc18e1c9-20261007-context-c8b0b09a87ad-54e18bc1f938.json
A	test-due-evidence-consumers.mjs	1d8e369448f3b5d4ac60cbfa9199ff8d9ed3a7aeb5a855681ef4b0bcbffe6859	HISTORICAL_ALL_FILE_REVIEW_REPORTED_BACKING_INVENTORY_UNAVAILABLE	NONE_RETAINED
A	test-due-verification-scheduling.mjs	8c19acdfc3c72f2bcffec9df2603307d014d5f23e6d3034e0fb7769639a35282	CURRENT_HASH_MATCHES_RETAINED_SCOPED_REVIEW_INPUT	verification/requirement-coverage-NREQ-c94c878ef2cf8c6a35b0985da91c0c85-20261007-context-fe6c073ad55f-54e18bc1f938.json;verification/requirement-coverage-NREQ-ea453611a3a1f48cdd2fbfbe946d7ac7-20261007-context-5fb3beeac070-54e18bc1f938.json
A	test-exact-verification-tuples.mjs	9c05f75576ebb83788e11c9cb3b5645f4fce8822ee21d7567fbcfa4bcadd104d	RECOVERED_EXACT_SOURCE_SCOPED_REVIEW_RETAINED_WITH_ORIGINAL_LIMITS	/workspace/scratch/recovered-20261006/evidence/02-pr-review/complete-pr-file-review-inventory.json#/files/29;/workspace/scratch/recovered-20261006/evidence/02-pr-review/working-pr-file-review-inventory.json#/files/30
A	test-external-normative-proof.mjs	46f3f29839cd513f836ecb1219e9b4cd1789f19fc28dc6361c684639adda0e7f	CURRENT_HASH_MATCHES_RETAINED_SCOPED_REVIEW_INPUT	verification/requirement-coverage-NREQ-4b26e20f450b23eb551b2da03e69c9c9-20261007-context-07d6150a1321-54e18bc1f938.json;verification/requirement-coverage-NREQ-a011968eff2ed2dc314d58ed27dfad88-20261007-context-87882d5bae07-54e18bc1f938.json;verification/requirement-coverage-NREQ-bedc4564e47ae7ebf86911eb8426b6f0-20261007-context-303caf90caff-54e18bc1f938.json;verification/requirement-coverage-NREQ-befdab6cc6a4121936987a35fc18e1c9-20261007-context-c8b0b09a87ad-54e18bc1f938.json
M	test-fixtures.mjs	666a66d54f5944eae28c608eb0d627aefe45972413b8f5ac004db306205f00c7	CURRENT_HASH_MATCHES_RETAINED_SCOPED_REVIEW_INPUT	verification/requirement-coverage-NREQ-012f85cfd2196b3413752b3deb14edf0-20261007-context-faf7fb1b8f5f-54e18bc1f938.json;verification/requirement-coverage-NREQ-092f78e488e6282f342b533fa7801e3e-20261007-context-11d306878126-54e18bc1f938.json;verification/requirement-coverage-NREQ-0b73c99557630a5deeace7e89ea0e28f-20261007-context-70f6fc73db90-54e18bc1f938.json;verification/requirement-coverage-NREQ-0c973b955d61ee36887734df0ade5e69-20261007-context-aa211674369a-54e18bc1f938.json;verification/requirement-coverage-NREQ-0fe0693c63b640aac77aa7fa2ad3861d-20261007-context-e479a2d67661-54e18bc1f938.json;verification/requirement-coverage-NREQ-1543275bf85c6f452bce3c65a31dd691-20261007-context-bc25b407a6a7-54e18bc1f938.json;verification/requirement-coverage-NREQ-1576e27fba46e1d68631bb2ade2e37f4-20261007-context-f03bceab9e8e-54e18bc1f938.json;verification/requirement-coverage-NREQ-178819f4c44ad7250656e79d18a8cae3-20261007-context-c1c5855362aa-54e18bc1f938.json;verification/requirement-coverage-NREQ-1cb8c122e35c6f4e36f01c95ea0d02c9-20261007-context-4e1b5cc17d08-54e18bc1f938.json;verification/requirement-coverage-NREQ-1e002259d64a939cee2f2a41f4bf3515-20261007-context-19c88e9b3697-54e18bc1f938.json;verification/requirement-coverage-NREQ-1f578d8524f1af57b280fd03422827f1-20261007-context-33c756e92bb7-54e18bc1f938.json;verification/requirement-coverage-NREQ-2323c8d363fd8c29f965d8c0e67549ae-20261007-context-cb02bb332e42-54e18bc1f938.json;verification/requirement-coverage-NREQ-2524a1d9ecc583bbd420778cfb147983-20261007-context-04970fd5ee41-54e18bc1f938.json;verification/requirement-coverage-NREQ-2969c103b4ac33435f1e5d6c258a7b7b-20261007-context-857befb4ca6d-54e18bc1f938.json;verification/requirement-coverage-NREQ-318da161cc5f30f33449238ba3870773-20261007-context-123b97ea9f3d-54e18bc1f938.json;verification/requirement-coverage-NREQ-360281bfdd66bed29237ed7202962808-20261007-context-defd14234c9a-54e18bc1f938.json;verification/requirement-coverage-NREQ-41ab1c200b4ce5c9d1d96613a3e5b264-20261007-context-867dae61e345-54e18bc1f938.json;verification/requirement-coverage-NREQ-4592c9487837c81077b166abf57bb4a7-20261007-context-86ef01f1c3cb-54e18bc1f938.json;verification/requirement-coverage-NREQ-4b26e20f450b23eb551b2da03e69c9c9-20261007-context-07d6150a1321-54e18bc1f938.json;verification/requirement-coverage-NREQ-4b27c9f604f44c29404eacc12a59fd68-20261007-context-0ea535138580-54e18bc1f938.json;verification/requirement-coverage-NREQ-4bb86ccfacff0ea8bbbc59df67b0ca4f-20261007-context-6dcc93386d57-54e18bc1f938.json;verification/requirement-coverage-NREQ-55f458162d319bfbb710223b3528ef9f-20261007-context-5b104c0b9184-54e18bc1f938.json;verification/requirement-coverage-NREQ-57f8fa829a872f35948a81bd58477291-20261007-context-fd3ea3b718ef-54e18bc1f938.json;verification/requirement-coverage-NREQ-595ff4d66406e3bd9529e12f036c882b-20261007-context-b22989818f22-54e18bc1f938.json;verification/requirement-coverage-NREQ-59d5854af99ac5a566eb61e978519b21-20261007-context-e53573db3335-54e18bc1f938.json;verification/requirement-coverage-NREQ-5dbdcf72dd32a519bb29fbf8250726d3-20261007-context-99eab70395b3-54e18bc1f938.json;verification/requirement-coverage-NREQ-601ec85ffefcffd713520f4067f7529c-20261007-context-be7aad854ceb-54e18bc1f938.json;verification/requirement-coverage-NREQ-606a27b2b9b712e933dda6e0e7b0ce68-20261007-context-c717ae8f5d63-54e18bc1f938.json;verification/requirement-coverage-NREQ-6a5e773812226552e3448329be3966cd-20261007-context-14f5a52593d0-54e18bc1f938.json;verification/requirement-coverage-NREQ-71896faa31bc64e94d98bc976e1e6f1d-20261007-context-def6b5edfdba-54e18bc1f938.json;verification/requirement-coverage-NREQ-72aa03a305fb8893a65d384f41d86aeb-20261007-context-6fb2556fc745-54e18bc1f938.json;verification/requirement-coverage-NREQ-72ba9c97f91e20a56d469fe3d4acf669-20261007-context-ce1798099b2f-54e18bc1f938.json;verification/requirement-coverage-NREQ-75151f881444015977da6a6d7d86cb1c-20261007-context-5c2a016004df-54e18bc1f938.json;verification/requirement-coverage-NREQ-75b670fc6ea047b7452b4148f12a30ba-20261007-context-dfc64a21a246-54e18bc1f938.json;verification/requirement-coverage-NREQ-7643f1fb351e295ecb8565583cb9a37f-20261007-context-1fe2c84cf115-54e18bc1f938.json;verification/requirement-coverage-NREQ-768d67996244254c83c0d11796f63912-20261007-context-291bd5dd0e04-54e18bc1f938.json;verification/requirement-coverage-NREQ-78fef21919bbd7bb3bafba6f62210631-20261007-context-8f3806190781-54e18bc1f938.json;verification/requirement-coverage-NREQ-797b5fe50f9d13ae34d17cc98c7c8f24-20261007-context-0a94e402d167-54e18bc1f938.json;verification/requirement-coverage-NREQ-7a68fe07ee725cf205dd2102cd997b7f-20261007-context-652ecb1fe1af-54e18bc1f938.json;verification/requirement-coverage-NREQ-7be2bf6dfeab825b0549d41a0151841e-20261007-context-4d745e4aa672-54e18bc1f938.json;verification/requirement-coverage-NREQ-848909d4b95219bdb481803a4b1b91c2-20261007-context-73f60d480258-54e18bc1f938.json;verification/requirement-coverage-NREQ-85b110cf9d0bf8e7e2a6ca34dcdee412-20261007-context-80144a03a02d-54e18bc1f938.json;verification/requirement-coverage-NREQ-86651d173d1583e48cf6c03f9d486f4f-20261007-context-327d2cc2c990-54e18bc1f938.json;verification/requirement-coverage-NREQ-87e7a29563e2235e49d5eea31da7db0c-20261007-context-04879b11d740-54e18bc1f938.json;verification/requirement-coverage-NREQ-8bb8790d8dd6c5082d6e0351c032cda5-20261007-context-ebd61b02b8d5-54e18bc1f938.json;verification/requirement-coverage-NREQ-928a65a08b403be3edc8b160ef9cc53c-20261007-context-bc514f8d980c-54e18bc1f938.json;verification/requirement-coverage-NREQ-949f1919a3c7d66486dd74bbd084b71a-20261007-context-51d18e6898a2-54e18bc1f938.json;verification/requirement-coverage-NREQ-971af7158d193e9b1d780c13b6c8e0ec-20261007-context-3e84d85be560-54e18bc1f938.json;verification/requirement-coverage-NREQ-9e0ad66ef878f9e97c909997e976cc13-20261007-context-c8e259a009f0-54e18bc1f938.json;verification/requirement-coverage-NREQ-a011968eff2ed2dc314d58ed27dfad88-20261007-context-87882d5bae07-54e18bc1f938.json;verification/requirement-coverage-NREQ-a0db6ddcb33d9af123b08d4d481c8ebd-20261007-context-6d4092da78f9-54e18bc1f938.json;verification/requirement-coverage-NREQ-a3f1c0440fabe4b988fb5fca68a0487c-20261007-context-eac1ae13e05b-54e18bc1f938.json;verification/requirement-coverage-NREQ-a42ec803577aa8ccbe176ed8e20a8595-20261007-context-66547fe135c2-54e18bc1f938.json;verification/requirement-coverage-NREQ-a6fb1ab9c309f702b7cd3d8c7f38cf8f-20261007-context-683bf6ce202e-54e18bc1f938.json;verification/requirement-coverage-NREQ-a7139de247d6263164ddc139ec1fe2ce-20261007-context-1e402d1c19b7-54e18bc1f938.json;verification/requirement-coverage-NREQ-a99b13aa6aa9c7ffa4b65010951f18ec-20261007-context-8e1c768bc690-54e18bc1f938.json;verification/requirement-coverage-NREQ-ade9df74bf03ff347d7ae537fbfa738d-20261007-context-61a2341f94ae-54e18bc1f938.json;verification/requirement-coverage-NREQ-b04395198a63faa09666a1bfca300a1e-20261007-context-3d6d12bed622-54e18bc1f938.json;verification/requirement-coverage-NREQ-b366c2ac73e0e846627de23589a5a772-20261007-context-a26853843e41-54e18bc1f938.json;verification/requirement-coverage-NREQ-b3e8d9cffdde1f94d9d342ff0ed4f097-20261007-context-b36ec8d0d499-54e18bc1f938.json;verification/requirement-coverage-NREQ-b67c348ca653ff5a19ba01272dfd4262-20261007-context-d619c471e8d3-54e18bc1f938.json;verification/requirement-coverage-NREQ-b7b9ecdbceaad6aaefc9e55f7d5b3d48-20261007-context-08a2d1fe5fc7-54e18bc1f938.json;verification/requirement-coverage-NREQ-baa1c33b2e2490264f91881b06ff9da8-20261007-context-029f6195f4ba-54e18bc1f938.json;verification/requirement-coverage-NREQ-bc997511e2328af90b68d1898bcf6ed7-20261007-context-18574f44b5d8-54e18bc1f938.json;verification/requirement-coverage-NREQ-bde18b0504b7485cf77fad020a4a494b-20261007-context-90bbee2744c4-54e18bc1f938.json;verification/requirement-coverage-NREQ-bedc4564e47ae7ebf86911eb8426b6f0-20261007-context-303caf90caff-54e18bc1f938.json;verification/requirement-coverage-NREQ-befdab6cc6a4121936987a35fc18e1c9-20261007-context-c8b0b09a87ad-54e18bc1f938.json;verification/requirement-coverage-NREQ-c0080ab56f40757c88225dc35a1f98f0-20261007-context-79fe3bf8357b-54e18bc1f938.json;verification/requirement-coverage-NREQ-c0a2fa84e2aafe674742a0bb98c40e02-20261007-context-949b3819c6b9-54e18bc1f938.json;verification/requirement-coverage-NREQ-c1d94148ff5023aac7735baefed6c35d-20261007-context-c697349e63e8-54e18bc1f938.json;verification/requirement-coverage-NREQ-cf25cf824db06866df51c0e538fcbc03-20261007-context-fde639603c5f-54e18bc1f938.json;verification/requirement-coverage-NREQ-cf2cbee76666e1f836c4cca046988062-20261007-context-ee826876a6b9-54e18bc1f938.json;verification/requirement-coverage-NREQ-d2fa27e805583d3a5c7d281ed7051950-20261007-context-8e1b30f0d0bb-54e18bc1f938.json;verification/requirement-coverage-NREQ-d3216139914fb4c3ec1d54819ee18890-20261007-context-4d85dbcad915-54e18bc1f938.json;verification/requirement-coverage-NREQ-d6eeb36f75c6f6f6854a2e3aa9ac2070-20261007-context-e9e30bbb47a8-54e18bc1f938.json;verification/requirement-coverage-NREQ-e0b91994f249e0b795ab80a6e3f4a4a2-20261007-context-b609fa37652f-54e18bc1f938.json;verification/requirement-coverage-NREQ-e2c966ff2db0502c8d0f2d40e87f4262-20261007-context-c6d95e2cb2e2-54e18bc1f938.json;verification/requirement-coverage-NREQ-ea453611a3a1f48cdd2fbfbe946d7ac7-20261007-context-5fb3beeac070-54e18bc1f938.json;verification/requirement-coverage-NREQ-ebadc5f449d2029613a3af4b31f78c6f-20261007-context-4fd7fab953a6-54e18bc1f938.json;verification/requirement-coverage-NREQ-ec756b9a468c4ea50f2d35c578a1a11a-20261007-context-5b0bc69cf0f7-54e18bc1f938.json;verification/requirement-coverage-NREQ-f1919b51ebfc8561d0140c02cbf08abd-20261007-context-5b509fd997c1-54e18bc1f938.json;verification/requirement-coverage-NREQ-f2d6f77dfa27e853d7eb5dab69be388d-20261007-context-e9122d35086e-54e18bc1f938.json;verification/requirement-coverage-NREQ-f6e1df45974ccc5d32aafbc5f38dd535-20261007-context-b48c49f827aa-54e18bc1f938.json
A	test-handoff-authorization.mjs	37bfb4e255afb6701fccaccdf055ee7961e838eaf03927c2963dfcf880cf82b6	CURRENT_HASH_MATCHES_RETAINED_SCOPED_REVIEW_INPUT	verification/requirement-coverage-NREQ-012f85cfd2196b3413752b3deb14edf0-20261007-context-faf7fb1b8f5f-54e18bc1f938.json;verification/requirement-coverage-NREQ-092f78e488e6282f342b533fa7801e3e-20261007-context-11d306878126-54e18bc1f938.json;verification/requirement-coverage-NREQ-0b73c99557630a5deeace7e89ea0e28f-20261007-context-70f6fc73db90-54e18bc1f938.json;verification/requirement-coverage-NREQ-0c973b955d61ee36887734df0ade5e69-20261007-context-aa211674369a-54e18bc1f938.json;verification/requirement-coverage-NREQ-0fe0693c63b640aac77aa7fa2ad3861d-20261007-context-e479a2d67661-54e18bc1f938.json;verification/requirement-coverage-NREQ-1543275bf85c6f452bce3c65a31dd691-20261007-context-bc25b407a6a7-54e18bc1f938.json;verification/requirement-coverage-NREQ-1576e27fba46e1d68631bb2ade2e37f4-20261007-context-f03bceab9e8e-54e18bc1f938.json;verification/requirement-coverage-NREQ-178819f4c44ad7250656e79d18a8cae3-20261007-context-c1c5855362aa-54e18bc1f938.json;verification/requirement-coverage-NREQ-1b07d67693ef773b4800dc6e06626b5b-20261007-context-dcaf72405bbe-54e18bc1f938.json;verification/requirement-coverage-NREQ-1cb8c122e35c6f4e36f01c95ea0d02c9-20261007-context-4e1b5cc17d08-54e18bc1f938.json;verification/requirement-coverage-NREQ-1e002259d64a939cee2f2a41f4bf3515-20261007-context-19c88e9b3697-54e18bc1f938.json;verification/requirement-coverage-NREQ-1f578d8524f1af57b280fd03422827f1-20261007-context-33c756e92bb7-54e18bc1f938.json;verification/requirement-coverage-NREQ-2046e21dd63ad76f992233d5582c716d-20261007-context-8d03363ebd61-54e18bc1f938.json;verification/requirement-coverage-NREQ-2323c8d363fd8c29f965d8c0e67549ae-20261007-context-cb02bb332e42-54e18bc1f938.json;verification/requirement-coverage-NREQ-2524a1d9ecc583bbd420778cfb147983-20261007-context-04970fd5ee41-54e18bc1f938.json;verification/requirement-coverage-NREQ-2969c103b4ac33435f1e5d6c258a7b7b-20261007-context-857befb4ca6d-54e18bc1f938.json;verification/requirement-coverage-NREQ-318da161cc5f30f33449238ba3870773-20261007-context-123b97ea9f3d-54e18bc1f938.json;verification/requirement-coverage-NREQ-360281bfdd66bed29237ed7202962808-20261007-context-defd14234c9a-54e18bc1f938.json;verification/requirement-coverage-NREQ-41ab1c200b4ce5c9d1d96613a3e5b264-20261007-context-867dae61e345-54e18bc1f938.json;verification/requirement-coverage-NREQ-4592c9487837c81077b166abf57bb4a7-20261007-context-86ef01f1c3cb-54e18bc1f938.json;verification/requirement-coverage-NREQ-4b26e20f450b23eb551b2da03e69c9c9-20261007-context-07d6150a1321-54e18bc1f938.json;verification/requirement-coverage-NREQ-4b27c9f604f44c29404eacc12a59fd68-20261007-context-0ea535138580-54e18bc1f938.json;verification/requirement-coverage-NREQ-4bb86ccfacff0ea8bbbc59df67b0ca4f-20261007-context-6dcc93386d57-54e18bc1f938.json;verification/requirement-coverage-NREQ-55f458162d319bfbb710223b3528ef9f-20261007-context-5b104c0b9184-54e18bc1f938.json;verification/requirement-coverage-NREQ-57f8fa829a872f35948a81bd58477291-20261007-context-fd3ea3b718ef-54e18bc1f938.json;verification/requirement-coverage-NREQ-5811c65fa83521ee7afeedd602cec806-20261007-context-60e25b364eb4-54e18bc1f938.json;verification/requirement-coverage-NREQ-595ff4d66406e3bd9529e12f036c882b-20261007-context-b22989818f22-54e18bc1f938.json;verification/requirement-coverage-NREQ-59d5854af99ac5a566eb61e978519b21-20261007-context-e53573db3335-54e18bc1f938.json;verification/requirement-coverage-NREQ-5dbdcf72dd32a519bb29fbf8250726d3-20261007-context-99eab70395b3-54e18bc1f938.json;verification/requirement-coverage-NREQ-601ec85ffefcffd713520f4067f7529c-20261007-context-be7aad854ceb-54e18bc1f938.json;verification/requirement-coverage-NREQ-606a27b2b9b712e933dda6e0e7b0ce68-20261007-context-c717ae8f5d63-54e18bc1f938.json;verification/requirement-coverage-NREQ-6a5e773812226552e3448329be3966cd-20261007-context-14f5a52593d0-54e18bc1f938.json;verification/requirement-coverage-NREQ-71896faa31bc64e94d98bc976e1e6f1d-20261007-context-def6b5edfdba-54e18bc1f938.json;verification/requirement-coverage-NREQ-72aa03a305fb8893a65d384f41d86aeb-20261007-context-6fb2556fc745-54e18bc1f938.json;verification/requirement-coverage-NREQ-72ba9c97f91e20a56d469fe3d4acf669-20261007-context-ce1798099b2f-54e18bc1f938.json;verification/requirement-coverage-NREQ-75151f881444015977da6a6d7d86cb1c-20261007-context-5c2a016004df-54e18bc1f938.json;verification/requirement-coverage-NREQ-75b670fc6ea047b7452b4148f12a30ba-20261007-context-dfc64a21a246-54e18bc1f938.json;verification/requirement-coverage-NREQ-7643f1fb351e295ecb8565583cb9a37f-20261007-context-1fe2c84cf115-54e18bc1f938.json;verification/requirement-coverage-NREQ-768d67996244254c83c0d11796f63912-20261007-context-291bd5dd0e04-54e18bc1f938.json;verification/requirement-coverage-NREQ-78fef21919bbd7bb3bafba6f62210631-20261007-context-8f3806190781-54e18bc1f938.json;verification/requirement-coverage-NREQ-797b5fe50f9d13ae34d17cc98c7c8f24-20261007-context-0a94e402d167-54e18bc1f938.json;verification/requirement-coverage-NREQ-7a68fe07ee725cf205dd2102cd997b7f-20261007-context-652ecb1fe1af-54e18bc1f938.json;verification/requirement-coverage-NREQ-7be2bf6dfeab825b0549d41a0151841e-20261007-context-4d745e4aa672-54e18bc1f938.json;verification/requirement-coverage-NREQ-848909d4b95219bdb481803a4b1b91c2-20261007-context-73f60d480258-54e18bc1f938.json;verification/requirement-coverage-NREQ-85b110cf9d0bf8e7e2a6ca34dcdee412-20261007-context-80144a03a02d-54e18bc1f938.json;verification/requirement-coverage-NREQ-86651d173d1583e48cf6c03f9d486f4f-20261007-context-327d2cc2c990-54e18bc1f938.json;verification/requirement-coverage-NREQ-87e7a29563e2235e49d5eea31da7db0c-20261007-context-04879b11d740-54e18bc1f938.json;verification/requirement-coverage-NREQ-8bb8790d8dd6c5082d6e0351c032cda5-20261007-context-ebd61b02b8d5-54e18bc1f938.json;verification/requirement-coverage-NREQ-928a65a08b403be3edc8b160ef9cc53c-20261007-context-bc514f8d980c-54e18bc1f938.json;verification/requirement-coverage-NREQ-949f1919a3c7d66486dd74bbd084b71a-20261007-context-51d18e6898a2-54e18bc1f938.json;verification/requirement-coverage-NREQ-971af7158d193e9b1d780c13b6c8e0ec-20261007-context-3e84d85be560-54e18bc1f938.json;verification/requirement-coverage-NREQ-9e0ad66ef878f9e97c909997e976cc13-20261007-context-c8e259a009f0-54e18bc1f938.json;verification/requirement-coverage-NREQ-a011968eff2ed2dc314d58ed27dfad88-20261007-context-87882d5bae07-54e18bc1f938.json;verification/requirement-coverage-NREQ-a0db6ddcb33d9af123b08d4d481c8ebd-20261007-context-6d4092da78f9-54e18bc1f938.json;verification/requirement-coverage-NREQ-a1bafeb7c6f6f12bf0c7b0f6fcadaab9-20261007-context-4b6563194ed6-54e18bc1f938.json;verification/requirement-coverage-NREQ-a3f1c0440fabe4b988fb5fca68a0487c-20261007-context-eac1ae13e05b-54e18bc1f938.json;verification/requirement-coverage-NREQ-a42ec803577aa8ccbe176ed8e20a8595-20261007-context-66547fe135c2-54e18bc1f938.json;verification/requirement-coverage-NREQ-a6fb1ab9c309f702b7cd3d8c7f38cf8f-20261007-context-683bf6ce202e-54e18bc1f938.json;verification/requirement-coverage-NREQ-a7139de247d6263164ddc139ec1fe2ce-20261007-context-1e402d1c19b7-54e18bc1f938.json;verification/requirement-coverage-NREQ-a99b13aa6aa9c7ffa4b65010951f18ec-20261007-context-8e1c768bc690-54e18bc1f938.json;verification/requirement-coverage-NREQ-ade9df74bf03ff347d7ae537fbfa738d-20261007-context-61a2341f94ae-54e18bc1f938.json;verification/requirement-coverage-NREQ-b04395198a63faa09666a1bfca300a1e-20261007-context-3d6d12bed622-54e18bc1f938.json;verification/requirement-coverage-NREQ-b366c2ac73e0e846627de23589a5a772-20261007-context-a26853843e41-54e18bc1f938.json;verification/requirement-coverage-NREQ-b3e8d9cffdde1f94d9d342ff0ed4f097-20261007-context-b36ec8d0d499-54e18bc1f938.json;verification/requirement-coverage-NREQ-b67c348ca653ff5a19ba01272dfd4262-20261007-context-d619c471e8d3-54e18bc1f938.json;verification/requirement-coverage-NREQ-b7b9ecdbceaad6aaefc9e55f7d5b3d48-20261007-context-08a2d1fe5fc7-54e18bc1f938.json;verification/requirement-coverage-NREQ-baa1c33b2e2490264f91881b06ff9da8-20261007-context-029f6195f4ba-54e18bc1f938.json;verification/requirement-coverage-NREQ-bc997511e2328af90b68d1898bcf6ed7-20261007-context-18574f44b5d8-54e18bc1f938.json;verification/requirement-coverage-NREQ-bde18b0504b7485cf77fad020a4a494b-20261007-context-90bbee2744c4-54e18bc1f938.json;verification/requirement-coverage-NREQ-bedc4564e47ae7ebf86911eb8426b6f0-20261007-context-303caf90caff-54e18bc1f938.json;verification/requirement-coverage-NREQ-befdab6cc6a4121936987a35fc18e1c9-20261007-context-c8b0b09a87ad-54e18bc1f938.json;verification/requirement-coverage-NREQ-c0080ab56f40757c88225dc35a1f98f0-20261007-context-79fe3bf8357b-54e18bc1f938.json;verification/requirement-coverage-NREQ-c0a2fa84e2aafe674742a0bb98c40e02-20261007-context-949b3819c6b9-54e18bc1f938.json;verification/requirement-coverage-NREQ-c1d94148ff5023aac7735baefed6c35d-20261007-context-c697349e63e8-54e18bc1f938.json;verification/requirement-coverage-NREQ-cf25cf824db06866df51c0e538fcbc03-20261007-context-fde639603c5f-54e18bc1f938.json;verification/requirement-coverage-NREQ-cf2cbee76666e1f836c4cca046988062-20261007-context-ee826876a6b9-54e18bc1f938.json;verification/requirement-coverage-NREQ-d2fa27e805583d3a5c7d281ed7051950-20261007-context-8e1b30f0d0bb-54e18bc1f938.json;verification/requirement-coverage-NREQ-d3216139914fb4c3ec1d54819ee18890-20261007-context-4d85dbcad915-54e18bc1f938.json;verification/requirement-coverage-NREQ-d6eeb36f75c6f6f6854a2e3aa9ac2070-20261007-context-e9e30bbb47a8-54e18bc1f938.json;verification/requirement-coverage-NREQ-e0b91994f249e0b795ab80a6e3f4a4a2-20261007-context-b609fa37652f-54e18bc1f938.json;verification/requirement-coverage-NREQ-e2c966ff2db0502c8d0f2d40e87f4262-20261007-context-c6d95e2cb2e2-54e18bc1f938.json;verification/requirement-coverage-NREQ-ea453611a3a1f48cdd2fbfbe946d7ac7-20261007-context-5fb3beeac070-54e18bc1f938.json;verification/requirement-coverage-NREQ-ebadc5f449d2029613a3af4b31f78c6f-20261007-context-4fd7fab953a6-54e18bc1f938.json;verification/requirement-coverage-NREQ-ec756b9a468c4ea50f2d35c578a1a11a-20261007-context-5b0bc69cf0f7-54e18bc1f938.json;verification/requirement-coverage-NREQ-f1919b51ebfc8561d0140c02cbf08abd-20261007-context-5b509fd997c1-54e18bc1f938.json;verification/requirement-coverage-NREQ-f2d6f77dfa27e853d7eb5dab69be388d-20261007-context-e9122d35086e-54e18bc1f938.json;verification/requirement-coverage-NREQ-f41a79c58369bd76c58ad7e831e953ce-20261007-context-a6f639cd6cfc-54e18bc1f938.json;verification/requirement-coverage-NREQ-f6e1df45974ccc5d32aafbc5f38dd535-20261007-context-b48c49f827aa-54e18bc1f938.json
A	test-handoff-blind-export.mjs	e241f52913e35a13a0f69782ee5d68ba4af74aaf70a363a836e04139a23d4e9a	HISTORICAL_ALL_FILE_REVIEW_REPORTED_BACKING_INVENTORY_UNAVAILABLE	NONE_RETAINED
A	test-handoff-policy.mjs	4d97bc89badffcfa1c74139d7532bc0117f0822fbb9d787e5808e2844bc81c43	CURRENT_HASH_REFERENCED_BY_RETAINED_DELTA_REVIEW	verification/runtime-storage-independent-delta-review-20261010.json
A	test-human-fallback-controls.mjs	92938a5e02801a991fa1dee319c62a82df34209fe2422f3485158f8ded783f98	RECOVERED_EXACT_SOURCE_SCOPED_REVIEW_RETAINED_WITH_ORIGINAL_LIMITS	/workspace/scratch/recovered-20261006/evidence/02-pr-review/complete-pr-file-review-inventory.json#/files/35;/workspace/scratch/recovered-20261006/evidence/02-pr-review/working-pr-file-review-inventory.json#/files/36
A	test-human-fallback-fixture.mjs	eb615e93dfef958a609ebb02ecffbb2e3b5c5e31b2586ab4c63dc85cc200056b	RECOVERED_EXACT_SOURCE_SCOPED_REVIEW_RETAINED_WITH_ORIGINAL_LIMITS	/workspace/scratch/recovered-20261006/evidence/02-pr-review/complete-pr-file-review-inventory.json#/files/36;/workspace/scratch/recovered-20261006/evidence/02-pr-review/working-pr-file-review-inventory.json#/files/37
A	test-human-job-authority.mjs	3b8db1e6efdbe38354951bc5aed5788f680518be52d0a6f0fbbf4f77f0bf015d	CURRENT_HASH_MATCHES_RETAINED_SCOPED_REVIEW_INPUT	verification/requirement-coverage-NREQ-0c973b955d61ee36887734df0ade5e69-20261007-context-aa211674369a-54e18bc1f938.json;verification/requirement-coverage-NREQ-1576e27fba46e1d68631bb2ade2e37f4-20261007-context-f03bceab9e8e-54e18bc1f938.json;verification/requirement-coverage-NREQ-360281bfdd66bed29237ed7202962808-20261007-context-defd14234c9a-54e18bc1f938.json;verification/requirement-coverage-NREQ-41ab1c200b4ce5c9d1d96613a3e5b264-20261007-context-867dae61e345-54e18bc1f938.json;verification/requirement-coverage-NREQ-4b27c9f604f44c29404eacc12a59fd68-20261007-context-0ea535138580-54e18bc1f938.json;verification/requirement-coverage-NREQ-4bb86ccfacff0ea8bbbc59df67b0ca4f-20261007-context-6dcc93386d57-54e18bc1f938.json;verification/requirement-coverage-NREQ-59d5854af99ac5a566eb61e978519b21-20261007-context-e53573db3335-54e18bc1f938.json;verification/requirement-coverage-NREQ-601ec85ffefcffd713520f4067f7529c-20261007-context-be7aad854ceb-54e18bc1f938.json;verification/requirement-coverage-NREQ-71896faa31bc64e94d98bc976e1e6f1d-20261007-context-def6b5edfdba-54e18bc1f938.json;verification/requirement-coverage-NREQ-72aa03a305fb8893a65d384f41d86aeb-20261007-context-6fb2556fc745-54e18bc1f938.json;verification/requirement-coverage-NREQ-75b670fc6ea047b7452b4148f12a30ba-20261007-context-dfc64a21a246-54e18bc1f938.json;verification/requirement-coverage-NREQ-768d67996244254c83c0d11796f63912-20261007-context-291bd5dd0e04-54e18bc1f938.json;verification/requirement-coverage-NREQ-78fef21919bbd7bb3bafba6f62210631-20261007-context-8f3806190781-54e18bc1f938.json;verification/requirement-coverage-NREQ-7a68fe07ee725cf205dd2102cd997b7f-20261007-context-652ecb1fe1af-54e18bc1f938.json;verification/requirement-coverage-NREQ-848909d4b95219bdb481803a4b1b91c2-20261007-context-73f60d480258-54e18bc1f938.json;verification/requirement-coverage-NREQ-86651d173d1583e48cf6c03f9d486f4f-20261007-context-327d2cc2c990-54e18bc1f938.json;verification/requirement-coverage-NREQ-928a65a08b403be3edc8b160ef9cc53c-20261007-context-bc514f8d980c-54e18bc1f938.json;verification/requirement-coverage-NREQ-971af7158d193e9b1d780c13b6c8e0ec-20261007-context-3e84d85be560-54e18bc1f938.json;verification/requirement-coverage-NREQ-a0db6ddcb33d9af123b08d4d481c8ebd-20261007-context-6d4092da78f9-54e18bc1f938.json;verification/requirement-coverage-NREQ-a42ec803577aa8ccbe176ed8e20a8595-20261007-context-66547fe135c2-54e18bc1f938.json;verification/requirement-coverage-NREQ-baa1c33b2e2490264f91881b06ff9da8-20261007-context-029f6195f4ba-54e18bc1f938.json;verification/requirement-coverage-NREQ-c0080ab56f40757c88225dc35a1f98f0-20261007-context-79fe3bf8357b-54e18bc1f938.json;verification/requirement-coverage-NREQ-cf25cf824db06866df51c0e538fcbc03-20261007-context-fde639603c5f-54e18bc1f938.json;verification/requirement-coverage-NREQ-f1919b51ebfc8561d0140c02cbf08abd-20261007-context-5b509fd997c1-54e18bc1f938.json
A	test-human-job-controls.mjs	ed5c7be79e2111667eeede3562115e396afaf0fc5d6a20236e668fe2c1ba7138	CURRENT_HASH_MATCHES_RETAINED_SCOPED_REVIEW_INPUT	verification/requirement-coverage-NREQ-0c973b955d61ee36887734df0ade5e69-20261007-context-aa211674369a-54e18bc1f938.json;verification/requirement-coverage-NREQ-1576e27fba46e1d68631bb2ade2e37f4-20261007-context-f03bceab9e8e-54e18bc1f938.json;verification/requirement-coverage-NREQ-360281bfdd66bed29237ed7202962808-20261007-context-defd14234c9a-54e18bc1f938.json;verification/requirement-coverage-NREQ-41ab1c200b4ce5c9d1d96613a3e5b264-20261007-context-867dae61e345-54e18bc1f938.json;verification/requirement-coverage-NREQ-4b27c9f604f44c29404eacc12a59fd68-20261007-context-0ea535138580-54e18bc1f938.json;verification/requirement-coverage-NREQ-4bb86ccfacff0ea8bbbc59df67b0ca4f-20261007-context-6dcc93386d57-54e18bc1f938.json;verification/requirement-coverage-NREQ-59d5854af99ac5a566eb61e978519b21-20261007-context-e53573db3335-54e18bc1f938.json;verification/requirement-coverage-NREQ-601ec85ffefcffd713520f4067f7529c-20261007-context-be7aad854ceb-54e18bc1f938.json;verification/requirement-coverage-NREQ-71896faa31bc64e94d98bc976e1e6f1d-20261007-context-def6b5edfdba-54e18bc1f938.json;verification/requirement-coverage-NREQ-72aa03a305fb8893a65d384f41d86aeb-20261007-context-6fb2556fc745-54e18bc1f938.json;verification/requirement-coverage-NREQ-75b670fc6ea047b7452b4148f12a30ba-20261007-context-dfc64a21a246-54e18bc1f938.json;verification/requirement-coverage-NREQ-768d67996244254c83c0d11796f63912-20261007-context-291bd5dd0e04-54e18bc1f938.json;verification/requirement-coverage-NREQ-78fef21919bbd7bb3bafba6f62210631-20261007-context-8f3806190781-54e18bc1f938.json;verification/requirement-coverage-NREQ-7a68fe07ee725cf205dd2102cd997b7f-20261007-context-652ecb1fe1af-54e18bc1f938.json;verification/requirement-coverage-NREQ-848909d4b95219bdb481803a4b1b91c2-20261007-context-73f60d480258-54e18bc1f938.json;verification/requirement-coverage-NREQ-86651d173d1583e48cf6c03f9d486f4f-20261007-context-327d2cc2c990-54e18bc1f938.json;verification/requirement-coverage-NREQ-928a65a08b403be3edc8b160ef9cc53c-20261007-context-bc514f8d980c-54e18bc1f938.json;verification/requirement-coverage-NREQ-971af7158d193e9b1d780c13b6c8e0ec-20261007-context-3e84d85be560-54e18bc1f938.json;verification/requirement-coverage-NREQ-a0db6ddcb33d9af123b08d4d481c8ebd-20261007-context-6d4092da78f9-54e18bc1f938.json;verification/requirement-coverage-NREQ-a42ec803577aa8ccbe176ed8e20a8595-20261007-context-66547fe135c2-54e18bc1f938.json;verification/requirement-coverage-NREQ-baa1c33b2e2490264f91881b06ff9da8-20261007-context-029f6195f4ba-54e18bc1f938.json;verification/requirement-coverage-NREQ-c0080ab56f40757c88225dc35a1f98f0-20261007-context-79fe3bf8357b-54e18bc1f938.json;verification/requirement-coverage-NREQ-cf25cf824db06866df51c0e538fcbc03-20261007-context-fde639603c5f-54e18bc1f938.json;verification/requirement-coverage-NREQ-f1919b51ebfc8561d0140c02cbf08abd-20261007-context-5b509fd997c1-54e18bc1f938.json
A	test-human-stage-save.mjs	c068ece9ae1f0f40ba093974d704fe21cff0c0841842f8a9e938be465cf42940	RECOVERED_EXACT_SOURCE_SCOPED_REVIEW_RETAINED_WITH_ORIGINAL_LIMITS	/workspace/scratch/recovered-20261006/evidence/02-pr-review/complete-pr-file-review-inventory.json#/files/39;/workspace/scratch/recovered-20261006/evidence/02-pr-review/working-pr-file-review-inventory.json#/files/40
A	test-inbound-archive-browser.mjs	eab1aa2f2f4d2fc88df608a3ca2b75e2d9e268f3f4d4b47a4a193bcb0c039a0f	HISTORICAL_ALL_FILE_REVIEW_REPORTED_BACKING_INVENTORY_UNAVAILABLE	NONE_RETAINED
A	test-inbound-archive-parser.mjs	12db876d97c010eded59f8274c37b465c853c1550c45c39a6a212fe9d035a39d	CURRENT_HASH_MATCHES_RETAINED_SCOPED_REVIEW_INPUT	verification/requirement-coverage-NREQ-72ba9c97f91e20a56d469fe3d4acf669-20261007-context-ce1798099b2f-54e18bc1f938.json;verification/requirement-coverage-NREQ-87e7a29563e2235e49d5eea31da7db0c-20261007-context-04879b11d740-54e18bc1f938.json;verification/requirement-coverage-NREQ-949f1919a3c7d66486dd74bbd084b71a-20261007-context-51d18e6898a2-54e18bc1f938.json;verification/requirement-coverage-NREQ-a7139de247d6263164ddc139ec1fe2ce-20261007-context-1e402d1c19b7-54e18bc1f938.json;verification/requirement-coverage-NREQ-d3216139914fb4c3ec1d54819ee18890-20261007-context-4d85dbcad915-54e18bc1f938.json
A	test-inbound-response-archive.mjs	fa564d46a7469f229e35528f29f5cd0da83e50381e549d00ac4c89291b791431	CURRENT_HASH_MATCHES_RETAINED_SCOPED_REVIEW_INPUT	verification/requirement-coverage-NREQ-0c973b955d61ee36887734df0ade5e69-20261007-context-aa211674369a-54e18bc1f938.json;verification/requirement-coverage-NREQ-1576e27fba46e1d68631bb2ade2e37f4-20261007-context-f03bceab9e8e-54e18bc1f938.json;verification/requirement-coverage-NREQ-360281bfdd66bed29237ed7202962808-20261007-context-defd14234c9a-54e18bc1f938.json;verification/requirement-coverage-NREQ-41ab1c200b4ce5c9d1d96613a3e5b264-20261007-context-867dae61e345-54e18bc1f938.json;verification/requirement-coverage-NREQ-4b27c9f604f44c29404eacc12a59fd68-20261007-context-0ea535138580-54e18bc1f938.json;verification/requirement-coverage-NREQ-4bb86ccfacff0ea8bbbc59df67b0ca4f-20261007-context-6dcc93386d57-54e18bc1f938.json;verification/requirement-coverage-NREQ-59d5854af99ac5a566eb61e978519b21-20261007-context-e53573db3335-54e18bc1f938.json;verification/requirement-coverage-NREQ-601ec85ffefcffd713520f4067f7529c-20261007-context-be7aad854ceb-54e18bc1f938.json;verification/requirement-coverage-NREQ-71896faa31bc64e94d98bc976e1e6f1d-20261007-context-def6b5edfdba-54e18bc1f938.json;verification/requirement-coverage-NREQ-72aa03a305fb8893a65d384f41d86aeb-20261007-context-6fb2556fc745-54e18bc1f938.json;verification/requirement-coverage-NREQ-75b670fc6ea047b7452b4148f12a30ba-20261007-context-dfc64a21a246-54e18bc1f938.json;verification/requirement-coverage-NREQ-768d67996244254c83c0d11796f63912-20261007-context-291bd5dd0e04-54e18bc1f938.json;verification/requirement-coverage-NREQ-78fef21919bbd7bb3bafba6f62210631-20261007-context-8f3806190781-54e18bc1f938.json;verification/requirement-coverage-NREQ-7a68fe07ee725cf205dd2102cd997b7f-20261007-context-652ecb1fe1af-54e18bc1f938.json;verification/requirement-coverage-NREQ-848909d4b95219bdb481803a4b1b91c2-20261007-context-73f60d480258-54e18bc1f938.json;verification/requirement-coverage-NREQ-86651d173d1583e48cf6c03f9d486f4f-20261007-context-327d2cc2c990-54e18bc1f938.json;verification/requirement-coverage-NREQ-928a65a08b403be3edc8b160ef9cc53c-20261007-context-bc514f8d980c-54e18bc1f938.json;verification/requirement-coverage-NREQ-971af7158d193e9b1d780c13b6c8e0ec-20261007-context-3e84d85be560-54e18bc1f938.json;verification/requirement-coverage-NREQ-a0db6ddcb33d9af123b08d4d481c8ebd-20261007-context-6d4092da78f9-54e18bc1f938.json;verification/requirement-coverage-NREQ-a42ec803577aa8ccbe176ed8e20a8595-20261007-context-66547fe135c2-54e18bc1f938.json;verification/requirement-coverage-NREQ-baa1c33b2e2490264f91881b06ff9da8-20261007-context-029f6195f4ba-54e18bc1f938.json;verification/requirement-coverage-NREQ-c0080ab56f40757c88225dc35a1f98f0-20261007-context-79fe3bf8357b-54e18bc1f938.json;verification/requirement-coverage-NREQ-cf25cf824db06866df51c0e538fcbc03-20261007-context-fde639603c5f-54e18bc1f938.json;verification/requirement-coverage-NREQ-f1919b51ebfc8561d0140c02cbf08abd-20261007-context-5b509fd997c1-54e18bc1f938.json
A	test-ingestion-context-reference.mjs	18e4446b5960a39981964a8c2fa80128fc10f6d1008d84111f418130b4d277ee	CURRENT_HASH_MATCHES_RETAINED_SCOPED_REVIEW_INPUT	verification/requirement-coverage-NREQ-0c973b955d61ee36887734df0ade5e69-20261007-context-aa211674369a-54e18bc1f938.json;verification/requirement-coverage-NREQ-1576e27fba46e1d68631bb2ade2e37f4-20261007-context-f03bceab9e8e-54e18bc1f938.json;verification/requirement-coverage-NREQ-360281bfdd66bed29237ed7202962808-20261007-context-defd14234c9a-54e18bc1f938.json;verification/requirement-coverage-NREQ-41ab1c200b4ce5c9d1d96613a3e5b264-20261007-context-867dae61e345-54e18bc1f938.json;verification/requirement-coverage-NREQ-4b27c9f604f44c29404eacc12a59fd68-20261007-context-0ea535138580-54e18bc1f938.json;verification/requirement-coverage-NREQ-4bb86ccfacff0ea8bbbc59df67b0ca4f-20261007-context-6dcc93386d57-54e18bc1f938.json;verification/requirement-coverage-NREQ-59d5854af99ac5a566eb61e978519b21-20261007-context-e53573db3335-54e18bc1f938.json;verification/requirement-coverage-NREQ-601ec85ffefcffd713520f4067f7529c-20261007-context-be7aad854ceb-54e18bc1f938.json;verification/requirement-coverage-NREQ-71896faa31bc64e94d98bc976e1e6f1d-20261007-context-def6b5edfdba-54e18bc1f938.json;verification/requirement-coverage-NREQ-72aa03a305fb8893a65d384f41d86aeb-20261007-context-6fb2556fc745-54e18bc1f938.json;verification/requirement-coverage-NREQ-72ba9c97f91e20a56d469fe3d4acf669-20261007-context-ce1798099b2f-54e18bc1f938.json;verification/requirement-coverage-NREQ-75b670fc6ea047b7452b4148f12a30ba-20261007-context-dfc64a21a246-54e18bc1f938.json;verification/requirement-coverage-NREQ-768d67996244254c83c0d11796f63912-20261007-context-291bd5dd0e04-54e18bc1f938.json;verification/requirement-coverage-NREQ-78fef21919bbd7bb3bafba6f62210631-20261007-context-8f3806190781-54e18bc1f938.json;verification/requirement-coverage-NREQ-7a68fe07ee725cf205dd2102cd997b7f-20261007-context-652ecb1fe1af-54e18bc1f938.json;verification/requirement-coverage-NREQ-848909d4b95219bdb481803a4b1b91c2-20261007-context-73f60d480258-54e18bc1f938.json;verification/requirement-coverage-NREQ-86651d173d1583e48cf6c03f9d486f4f-20261007-context-327d2cc2c990-54e18bc1f938.json;verification/requirement-coverage-NREQ-87e7a29563e2235e49d5eea31da7db0c-20261007-context-04879b11d740-54e18bc1f938.json;verification/requirement-coverage-NREQ-928a65a08b403be3edc8b160ef9cc53c-20261007-context-bc514f8d980c-54e18bc1f938.json;verification/requirement-coverage-NREQ-949f1919a3c7d66486dd74bbd084b71a-20261007-context-51d18e6898a2-54e18bc1f938.json;verification/requirement-coverage-NREQ-971af7158d193e9b1d780c13b6c8e0ec-20261007-context-3e84d85be560-54e18bc1f938.json;verification/requirement-coverage-NREQ-a0db6ddcb33d9af123b08d4d481c8ebd-20261007-context-6d4092da78f9-54e18bc1f938.json;verification/requirement-coverage-NREQ-a42ec803577aa8ccbe176ed8e20a8595-20261007-context-66547fe135c2-54e18bc1f938.json;verification/requirement-coverage-NREQ-a7139de247d6263164ddc139ec1fe2ce-20261007-context-1e402d1c19b7-54e18bc1f938.json;verification/requirement-coverage-NREQ-baa1c33b2e2490264f91881b06ff9da8-20261007-context-029f6195f4ba-54e18bc1f938.json;verification/requirement-coverage-NREQ-c0080ab56f40757c88225dc35a1f98f0-20261007-context-79fe3bf8357b-54e18bc1f938.json;verification/requirement-coverage-NREQ-c94c878ef2cf8c6a35b0985da91c0c85-20261007-context-fe6c073ad55f-54e18bc1f938.json;verification/requirement-coverage-NREQ-cf25cf824db06866df51c0e538fcbc03-20261007-context-fde639603c5f-54e18bc1f938.json;verification/requirement-coverage-NREQ-d3216139914fb4c3ec1d54819ee18890-20261007-context-4d85dbcad915-54e18bc1f938.json;verification/requirement-coverage-NREQ-f1919b51ebfc8561d0140c02cbf08abd-20261007-context-5b509fd997c1-54e18bc1f938.json
A	test-ingestion-syntax-transport.mjs	e6f0c330defc80309158dd2bf2fa229e8b2b96a2bb119b6a8f0bf9611a3785cb	CURRENT_HASH_MATCHES_RETAINED_SCOPED_REVIEW_INPUT	verification/requirement-coverage-NREQ-0c973b955d61ee36887734df0ade5e69-20261007-context-aa211674369a-54e18bc1f938.json;verification/requirement-coverage-NREQ-1576e27fba46e1d68631bb2ade2e37f4-20261007-context-f03bceab9e8e-54e18bc1f938.json;verification/requirement-coverage-NREQ-360281bfdd66bed29237ed7202962808-20261007-context-defd14234c9a-54e18bc1f938.json;verification/requirement-coverage-NREQ-41ab1c200b4ce5c9d1d96613a3e5b264-20261007-context-867dae61e345-54e18bc1f938.json;verification/requirement-coverage-NREQ-4b27c9f604f44c29404eacc12a59fd68-20261007-context-0ea535138580-54e18bc1f938.json;verification/requirement-coverage-NREQ-4bb86ccfacff0ea8bbbc59df67b0ca4f-20261007-context-6dcc93386d57-54e18bc1f938.json;verification/requirement-coverage-NREQ-59d5854af99ac5a566eb61e978519b21-20261007-context-e53573db3335-54e18bc1f938.json;verification/requirement-coverage-NREQ-601ec85ffefcffd713520f4067f7529c-20261007-context-be7aad854ceb-54e18bc1f938.json;verification/requirement-coverage-NREQ-71896faa31bc64e94d98bc976e1e6f1d-20261007-context-def6b5edfdba-54e18bc1f938.json;verification/requirement-coverage-NREQ-72aa03a305fb8893a65d384f41d86aeb-20261007-context-6fb2556fc745-54e18bc1f938.json;verification/requirement-coverage-NREQ-75b670fc6ea047b7452b4148f12a30ba-20261007-context-dfc64a21a246-54e18bc1f938.json;verification/requirement-coverage-NREQ-768d67996244254c83c0d11796f63912-20261007-context-291bd5dd0e04-54e18bc1f938.json;verification/requirement-coverage-NREQ-78fef21919bbd7bb3bafba6f62210631-20261007-context-8f3806190781-54e18bc1f938.json;verification/requirement-coverage-NREQ-7a68fe07ee725cf205dd2102cd997b7f-20261007-context-652ecb1fe1af-54e18bc1f938.json;verification/requirement-coverage-NREQ-848909d4b95219bdb481803a4b1b91c2-20261007-context-73f60d480258-54e18bc1f938.json;verification/requirement-coverage-NREQ-86651d173d1583e48cf6c03f9d486f4f-20261007-context-327d2cc2c990-54e18bc1f938.json;verification/requirement-coverage-NREQ-928a65a08b403be3edc8b160ef9cc53c-20261007-context-bc514f8d980c-54e18bc1f938.json;verification/requirement-coverage-NREQ-971af7158d193e9b1d780c13b6c8e0ec-20261007-context-3e84d85be560-54e18bc1f938.json;verification/requirement-coverage-NREQ-a0db6ddcb33d9af123b08d4d481c8ebd-20261007-context-6d4092da78f9-54e18bc1f938.json;verification/requirement-coverage-NREQ-a42ec803577aa8ccbe176ed8e20a8595-20261007-context-66547fe135c2-54e18bc1f938.json;verification/requirement-coverage-NREQ-baa1c33b2e2490264f91881b06ff9da8-20261007-context-029f6195f4ba-54e18bc1f938.json;verification/requirement-coverage-NREQ-c0080ab56f40757c88225dc35a1f98f0-20261007-context-79fe3bf8357b-54e18bc1f938.json;verification/requirement-coverage-NREQ-cf25cf824db06866df51c0e538fcbc03-20261007-context-fde639603c5f-54e18bc1f938.json;verification/requirement-coverage-NREQ-f1919b51ebfc8561d0140c02cbf08abd-20261007-context-5b509fd997c1-54e18bc1f938.json
A	test-job-pointer-integrity.mjs	3502c7d2fdb74ac663c224ef0360b9365ae6b8e55c20c058d899f4c0c1e5392c	CURRENT_HASH_REFERENCED_BY_RETAINED_DELTA_REVIEW	verification/current-source-delta-review-20261007.json
A	test-migration-source-retention.mjs	46758013d469fe70cab397662b5cad6d181e5bc5258da325e8c21581e6054d41	CURRENT_HASH_MATCHES_RETAINED_SCOPED_REVIEW_INPUT	verification/requirement-coverage-NREQ-1b07d67693ef773b4800dc6e06626b5b-20261007-context-dcaf72405bbe-54e18bc1f938.json;verification/requirement-coverage-NREQ-2046e21dd63ad76f992233d5582c716d-20261007-context-8d03363ebd61-54e18bc1f938.json;verification/requirement-coverage-NREQ-5811c65fa83521ee7afeedd602cec806-20261007-context-60e25b364eb4-54e18bc1f938.json;verification/requirement-coverage-NREQ-a1bafeb7c6f6f12bf0c7b0f6fcadaab9-20261007-context-4b6563194ed6-54e18bc1f938.json;verification/requirement-coverage-NREQ-f41a79c58369bd76c58ad7e831e953ce-20261007-context-a6f639cd6cfc-54e18bc1f938.json
A	test-mobile-preparation-ui.mjs	c412d76eb8bbe753340e07c07f77876cb5e7a2b45644e4f1f997be6fc80a3184	CURRENT_HASH_REFERENCED_BY_RETAINED_DELTA_REVIEW	verification/current-source-delta-review-20261007.json
A	test-mobile-session-storage.mjs	54239e01700093e6488e67305eefae1824f74fbf964ef54d2fe159eaafd3df70	HISTORICAL_ALL_FILE_REVIEW_REPORTED_BACKING_INVENTORY_UNAVAILABLE	NONE_RETAINED
A	test-normative-catalog-consumers.mjs	6c14d578e5d70351f30288c9182ca9f6cbfcced5ec35e230167b22874a202044	CURRENT_HASH_MATCHES_RETAINED_SCOPED_REVIEW_INPUT	verification/requirement-coverage-NREQ-4b26e20f450b23eb551b2da03e69c9c9-20261007-context-07d6150a1321-54e18bc1f938.json;verification/requirement-coverage-NREQ-a011968eff2ed2dc314d58ed27dfad88-20261007-context-87882d5bae07-54e18bc1f938.json;verification/requirement-coverage-NREQ-bedc4564e47ae7ebf86911eb8426b6f0-20261007-context-303caf90caff-54e18bc1f938.json;verification/requirement-coverage-NREQ-befdab6cc6a4121936987a35fc18e1c9-20261007-context-c8b0b09a87ad-54e18bc1f938.json;verification/requirement-coverage-NREQ-c94c878ef2cf8c6a35b0985da91c0c85-20261007-context-fe6c073ad55f-54e18bc1f938.json;verification/requirement-coverage-NREQ-ea453611a3a1f48cdd2fbfbe946d7ac7-20261007-context-5fb3beeac070-54e18bc1f938.json
A	test-normative-context-applicability.mjs	a733281294d7af8103cd35340262725635c4565388ca9bcce69493b22c5ba0eb	CURRENT_HASH_MATCHES_RETAINED_SCOPED_REVIEW_INPUT	verification/requirement-coverage-NREQ-4b26e20f450b23eb551b2da03e69c9c9-20261007-context-07d6150a1321-54e18bc1f938.json;verification/requirement-coverage-NREQ-a011968eff2ed2dc314d58ed27dfad88-20261007-context-87882d5bae07-54e18bc1f938.json;verification/requirement-coverage-NREQ-bedc4564e47ae7ebf86911eb8426b6f0-20261007-context-303caf90caff-54e18bc1f938.json;verification/requirement-coverage-NREQ-befdab6cc6a4121936987a35fc18e1c9-20261007-context-c8b0b09a87ad-54e18bc1f938.json
A	test-normative-proof-fixture.mjs	b1f24a46bc3aefcfe79be849ecffe2f90f018293701272c487b6e8b6b28b1554	CURRENT_HASH_MATCHES_RETAINED_SCOPED_REVIEW_INPUT	verification/requirement-coverage-NREQ-4b26e20f450b23eb551b2da03e69c9c9-20261007-context-07d6150a1321-54e18bc1f938.json;verification/requirement-coverage-NREQ-a011968eff2ed2dc314d58ed27dfad88-20261007-context-87882d5bae07-54e18bc1f938.json;verification/requirement-coverage-NREQ-bedc4564e47ae7ebf86911eb8426b6f0-20261007-context-303caf90caff-54e18bc1f938.json;verification/requirement-coverage-NREQ-befdab6cc6a4121936987a35fc18e1c9-20261007-context-c8b0b09a87ad-54e18bc1f938.json
A	test-operational-journal-copy.mjs	bea385c3ff2c4f6279378485e8f3f5c4acd8a0caf86b87b02a57a31feb5a7d94	CURRENT_HASH_REFERENCED_BY_RETAINED_DELTA_REVIEW	verification/runtime-storage-independent-delta-review-20261010.json
A	test-operator-safety-feedback.mjs	a6e804b9b3f05952b6ceff89933b248b899dce50bed79039cb758998a4f91a45	CURRENT_HASH_MATCHES_RETAINED_SCOPED_REVIEW_INPUT	verification/requirement-coverage-NREQ-0c973b955d61ee36887734df0ade5e69-20261007-context-aa211674369a-54e18bc1f938.json;verification/requirement-coverage-NREQ-1576e27fba46e1d68631bb2ade2e37f4-20261007-context-f03bceab9e8e-54e18bc1f938.json;verification/requirement-coverage-NREQ-360281bfdd66bed29237ed7202962808-20261007-context-defd14234c9a-54e18bc1f938.json;verification/requirement-coverage-NREQ-41ab1c200b4ce5c9d1d96613a3e5b264-20261007-context-867dae61e345-54e18bc1f938.json;verification/requirement-coverage-NREQ-4b27c9f604f44c29404eacc12a59fd68-20261007-context-0ea535138580-54e18bc1f938.json;verification/requirement-coverage-NREQ-4bb86ccfacff0ea8bbbc59df67b0ca4f-20261007-context-6dcc93386d57-54e18bc1f938.json;verification/requirement-coverage-NREQ-59d5854af99ac5a566eb61e978519b21-20261007-context-e53573db3335-54e18bc1f938.json;verification/requirement-coverage-NREQ-601ec85ffefcffd713520f4067f7529c-20261007-context-be7aad854ceb-54e18bc1f938.json;verification/requirement-coverage-NREQ-71896faa31bc64e94d98bc976e1e6f1d-20261007-context-def6b5edfdba-54e18bc1f938.json;verification/requirement-coverage-NREQ-72aa03a305fb8893a65d384f41d86aeb-20261007-context-6fb2556fc745-54e18bc1f938.json;verification/requirement-coverage-NREQ-75b670fc6ea047b7452b4148f12a30ba-20261007-context-dfc64a21a246-54e18bc1f938.json;verification/requirement-coverage-NREQ-768d67996244254c83c0d11796f63912-20261007-context-291bd5dd0e04-54e18bc1f938.json;verification/requirement-coverage-NREQ-78fef21919bbd7bb3bafba6f62210631-20261007-context-8f3806190781-54e18bc1f938.json;verification/requirement-coverage-NREQ-7a68fe07ee725cf205dd2102cd997b7f-20261007-context-652ecb1fe1af-54e18bc1f938.json;verification/requirement-coverage-NREQ-848909d4b95219bdb481803a4b1b91c2-20261007-context-73f60d480258-54e18bc1f938.json;verification/requirement-coverage-NREQ-86651d173d1583e48cf6c03f9d486f4f-20261007-context-327d2cc2c990-54e18bc1f938.json;verification/requirement-coverage-NREQ-928a65a08b403be3edc8b160ef9cc53c-20261007-context-bc514f8d980c-54e18bc1f938.json;verification/requirement-coverage-NREQ-971af7158d193e9b1d780c13b6c8e0ec-20261007-context-3e84d85be560-54e18bc1f938.json;verification/requirement-coverage-NREQ-a0db6ddcb33d9af123b08d4d481c8ebd-20261007-context-6d4092da78f9-54e18bc1f938.json;verification/requirement-coverage-NREQ-a42ec803577aa8ccbe176ed8e20a8595-20261007-context-66547fe135c2-54e18bc1f938.json;verification/requirement-coverage-NREQ-baa1c33b2e2490264f91881b06ff9da8-20261007-context-029f6195f4ba-54e18bc1f938.json;verification/requirement-coverage-NREQ-c0080ab56f40757c88225dc35a1f98f0-20261007-context-79fe3bf8357b-54e18bc1f938.json;verification/requirement-coverage-NREQ-cf25cf824db06866df51c0e538fcbc03-20261007-context-fde639603c5f-54e18bc1f938.json;verification/requirement-coverage-NREQ-f1919b51ebfc8561d0140c02cbf08abd-20261007-context-5b509fd997c1-54e18bc1f938.json
M	test-project-store-runtime.mjs	743e74ce60e3f81f1601daf7a1bf589ac2a3b8600e275a5865c24fbd0f335f1b	CURRENT_HASH_MATCHES_RETAINED_SCOPED_REVIEW_INPUT	verification/requirement-coverage-NREQ-012f85cfd2196b3413752b3deb14edf0-20261007-context-faf7fb1b8f5f-54e18bc1f938.json;verification/requirement-coverage-NREQ-092f78e488e6282f342b533fa7801e3e-20261007-context-11d306878126-54e18bc1f938.json;verification/requirement-coverage-NREQ-0b73c99557630a5deeace7e89ea0e28f-20261007-context-70f6fc73db90-54e18bc1f938.json;verification/requirement-coverage-NREQ-0c973b955d61ee36887734df0ade5e69-20261007-context-aa211674369a-54e18bc1f938.json;verification/requirement-coverage-NREQ-0fe0693c63b640aac77aa7fa2ad3861d-20261007-context-e479a2d67661-54e18bc1f938.json;verification/requirement-coverage-NREQ-1543275bf85c6f452bce3c65a31dd691-20261007-context-bc25b407a6a7-54e18bc1f938.json;verification/requirement-coverage-NREQ-1576e27fba46e1d68631bb2ade2e37f4-20261007-context-f03bceab9e8e-54e18bc1f938.json;verification/requirement-coverage-NREQ-178819f4c44ad7250656e79d18a8cae3-20261007-context-c1c5855362aa-54e18bc1f938.json;verification/requirement-coverage-NREQ-1b07d67693ef773b4800dc6e06626b5b-20261007-context-dcaf72405bbe-54e18bc1f938.json;verification/requirement-coverage-NREQ-1cb8c122e35c6f4e36f01c95ea0d02c9-20261007-context-4e1b5cc17d08-54e18bc1f938.json;verification/requirement-coverage-NREQ-1e002259d64a939cee2f2a41f4bf3515-20261007-context-19c88e9b3697-54e18bc1f938.json;verification/requirement-coverage-NREQ-1f578d8524f1af57b280fd03422827f1-20261007-context-33c756e92bb7-54e18bc1f938.json;verification/requirement-coverage-NREQ-2046e21dd63ad76f992233d5582c716d-20261007-context-8d03363ebd61-54e18bc1f938.json;verification/requirement-coverage-NREQ-2323c8d363fd8c29f965d8c0e67549ae-20261007-context-cb02bb332e42-54e18bc1f938.json;verification/requirement-coverage-NREQ-2524a1d9ecc583bbd420778cfb147983-20261007-context-04970fd5ee41-54e18bc1f938.json;verification/requirement-coverage-NREQ-2969c103b4ac33435f1e5d6c258a7b7b-20261007-context-857befb4ca6d-54e18bc1f938.json;verification/requirement-coverage-NREQ-318da161cc5f30f33449238ba3870773-20261007-context-123b97ea9f3d-54e18bc1f938.json;verification/requirement-coverage-NREQ-360281bfdd66bed29237ed7202962808-20261007-context-defd14234c9a-54e18bc1f938.json;verification/requirement-coverage-NREQ-41ab1c200b4ce5c9d1d96613a3e5b264-20261007-context-867dae61e345-54e18bc1f938.json;verification/requirement-coverage-NREQ-4592c9487837c81077b166abf57bb4a7-20261007-context-86ef01f1c3cb-54e18bc1f938.json;verification/requirement-coverage-NREQ-4b26e20f450b23eb551b2da03e69c9c9-20261007-context-07d6150a1321-54e18bc1f938.json;verification/requirement-coverage-NREQ-4b27c9f604f44c29404eacc12a59fd68-20261007-context-0ea535138580-54e18bc1f938.json;verification/requirement-coverage-NREQ-4bb86ccfacff0ea8bbbc59df67b0ca4f-20261007-context-6dcc93386d57-54e18bc1f938.json;verification/requirement-coverage-NREQ-5003532a6cda7a68c13be508fbf4d723-20261007-context-dccb85cd4973-54e18bc1f938.json;verification/requirement-coverage-NREQ-55f458162d319bfbb710223b3528ef9f-20261007-context-5b104c0b9184-54e18bc1f938.json;verification/requirement-coverage-NREQ-57f8fa829a872f35948a81bd58477291-20261007-context-fd3ea3b718ef-54e18bc1f938.json;verification/requirement-coverage-NREQ-5811c65fa83521ee7afeedd602cec806-20261007-context-60e25b364eb4-54e18bc1f938.json;verification/requirement-coverage-NREQ-595ff4d66406e3bd9529e12f036c882b-20261007-context-b22989818f22-54e18bc1f938.json;verification/requirement-coverage-NREQ-59d5854af99ac5a566eb61e978519b21-20261007-context-e53573db3335-54e18bc1f938.json;verification/requirement-coverage-NREQ-5dbdcf72dd32a519bb29fbf8250726d3-20261007-context-99eab70395b3-54e18bc1f938.json;verification/requirement-coverage-NREQ-601ec85ffefcffd713520f4067f7529c-20261007-context-be7aad854ceb-54e18bc1f938.json;verification/requirement-coverage-NREQ-606a27b2b9b712e933dda6e0e7b0ce68-20261007-context-c717ae8f5d63-54e18bc1f938.json;verification/requirement-coverage-NREQ-6a5e773812226552e3448329be3966cd-20261007-context-14f5a52593d0-54e18bc1f938.json;verification/requirement-coverage-NREQ-71896faa31bc64e94d98bc976e1e6f1d-20261007-context-def6b5edfdba-54e18bc1f938.json;verification/requirement-coverage-NREQ-72aa03a305fb8893a65d384f41d86aeb-20261007-context-6fb2556fc745-54e18bc1f938.json;verification/requirement-coverage-NREQ-72ba9c97f91e20a56d469fe3d4acf669-20261007-context-ce1798099b2f-54e18bc1f938.json;verification/requirement-coverage-NREQ-75151f881444015977da6a6d7d86cb1c-20261007-context-5c2a016004df-54e18bc1f938.json;verification/requirement-coverage-NREQ-75b670fc6ea047b7452b4148f12a30ba-20261007-context-dfc64a21a246-54e18bc1f938.json;verification/requirement-coverage-NREQ-7643f1fb351e295ecb8565583cb9a37f-20261007-context-1fe2c84cf115-54e18bc1f938.json;verification/requirement-coverage-NREQ-768d67996244254c83c0d11796f63912-20261007-context-291bd5dd0e04-54e18bc1f938.json;verification/requirement-coverage-NREQ-78fef21919bbd7bb3bafba6f62210631-20261007-context-8f3806190781-54e18bc1f938.json;verification/requirement-coverage-NREQ-797b5fe50f9d13ae34d17cc98c7c8f24-20261007-context-0a94e402d167-54e18bc1f938.json;verification/requirement-coverage-NREQ-7a68fe07ee725cf205dd2102cd997b7f-20261007-context-652ecb1fe1af-54e18bc1f938.json;verification/requirement-coverage-NREQ-7be2bf6dfeab825b0549d41a0151841e-20261007-context-4d745e4aa672-54e18bc1f938.json;verification/requirement-coverage-NREQ-848909d4b95219bdb481803a4b1b91c2-20261007-context-73f60d480258-54e18bc1f938.json;verification/requirement-coverage-NREQ-85b110cf9d0bf8e7e2a6ca34dcdee412-20261007-context-80144a03a02d-54e18bc1f938.json;verification/requirement-coverage-NREQ-86651d173d1583e48cf6c03f9d486f4f-20261007-context-327d2cc2c990-54e18bc1f938.json;verification/requirement-coverage-NREQ-87e7a29563e2235e49d5eea31da7db0c-20261007-context-04879b11d740-54e18bc1f938.json;verification/requirement-coverage-NREQ-8bb8790d8dd6c5082d6e0351c032cda5-20261007-context-ebd61b02b8d5-54e18bc1f938.json;verification/requirement-coverage-NREQ-928a65a08b403be3edc8b160ef9cc53c-20261007-context-bc514f8d980c-54e18bc1f938.json;verification/requirement-coverage-NREQ-949f1919a3c7d66486dd74bbd084b71a-20261007-context-51d18e6898a2-54e18bc1f938.json;verification/requirement-coverage-NREQ-971af7158d193e9b1d780c13b6c8e0ec-20261007-context-3e84d85be560-54e18bc1f938.json;verification/requirement-coverage-NREQ-9e0ad66ef878f9e97c909997e976cc13-20261007-context-c8e259a009f0-54e18bc1f938.json;verification/requirement-coverage-NREQ-a011968eff2ed2dc314d58ed27dfad88-20261007-context-87882d5bae07-54e18bc1f938.json;verification/requirement-coverage-NREQ-a0db6ddcb33d9af123b08d4d481c8ebd-20261007-context-6d4092da78f9-54e18bc1f938.json;verification/requirement-coverage-NREQ-a1bafeb7c6f6f12bf0c7b0f6fcadaab9-20261007-context-4b6563194ed6-54e18bc1f938.json;verification/requirement-coverage-NREQ-a3f1c0440fabe4b988fb5fca68a0487c-20261007-context-eac1ae13e05b-54e18bc1f938.json;verification/requirement-coverage-NREQ-a42ec803577aa8ccbe176ed8e20a8595-20261007-context-66547fe135c2-54e18bc1f938.json;verification/requirement-coverage-NREQ-a6fb1ab9c309f702b7cd3d8c7f38cf8f-20261007-context-683bf6ce202e-54e18bc1f938.json;verification/requirement-coverage-NREQ-a7139de247d6263164ddc139ec1fe2ce-20261007-context-1e402d1c19b7-54e18bc1f938.json;verification/requirement-coverage-NREQ-a99b13aa6aa9c7ffa4b65010951f18ec-20261007-context-8e1c768bc690-54e18bc1f938.json;verification/requirement-coverage-NREQ-ade9df74bf03ff347d7ae537fbfa738d-20261007-context-61a2341f94ae-54e18bc1f938.json;verification/requirement-coverage-NREQ-b04395198a63faa09666a1bfca300a1e-20261007-context-3d6d12bed622-54e18bc1f938.json;verification/requirement-coverage-NREQ-b366c2ac73e0e846627de23589a5a772-20261007-context-a26853843e41-54e18bc1f938.json;verification/requirement-coverage-NREQ-b3e8d9cffdde1f94d9d342ff0ed4f097-20261007-context-b36ec8d0d499-54e18bc1f938.json;verification/requirement-coverage-NREQ-b67c348ca653ff5a19ba01272dfd4262-20261007-context-d619c471e8d3-54e18bc1f938.json;verification/requirement-coverage-NREQ-b7b9ecdbceaad6aaefc9e55f7d5b3d48-20261007-context-08a2d1fe5fc7-54e18bc1f938.json;verification/requirement-coverage-NREQ-baa1c33b2e2490264f91881b06ff9da8-20261007-context-029f6195f4ba-54e18bc1f938.json;verification/requirement-coverage-NREQ-bc997511e2328af90b68d1898bcf6ed7-20261007-context-18574f44b5d8-54e18bc1f938.json;verification/requirement-coverage-NREQ-bde18b0504b7485cf77fad020a4a494b-20261007-context-90bbee2744c4-54e18bc1f938.json;verification/requirement-coverage-NREQ-bedc4564e47ae7ebf86911eb8426b6f0-20261007-context-303caf90caff-54e18bc1f938.json;verification/requirement-coverage-NREQ-befdab6cc6a4121936987a35fc18e1c9-20261007-context-c8b0b09a87ad-54e18bc1f938.json;verification/requirement-coverage-NREQ-c0080ab56f40757c88225dc35a1f98f0-20261007-context-79fe3bf8357b-54e18bc1f938.json;verification/requirement-coverage-NREQ-c0a2fa84e2aafe674742a0bb98c40e02-20261007-context-949b3819c6b9-54e18bc1f938.json;verification/requirement-coverage-NREQ-c1d94148ff5023aac7735baefed6c35d-20261007-context-c697349e63e8-54e18bc1f938.json;verification/requirement-coverage-NREQ-c94c878ef2cf8c6a35b0985da91c0c85-20261007-context-fe6c073ad55f-54e18bc1f938.json;verification/requirement-coverage-NREQ-cf25cf824db06866df51c0e538fcbc03-20261007-context-fde639603c5f-54e18bc1f938.json;verification/requirement-coverage-NREQ-cf2cbee76666e1f836c4cca046988062-20261007-context-ee826876a6b9-54e18bc1f938.json;verification/requirement-coverage-NREQ-d2fa27e805583d3a5c7d281ed7051950-20261007-context-8e1b30f0d0bb-54e18bc1f938.json;verification/requirement-coverage-NREQ-d3216139914fb4c3ec1d54819ee18890-20261007-context-4d85dbcad915-54e18bc1f938.json;verification/requirement-coverage-NREQ-d6eeb36f75c6f6f6854a2e3aa9ac2070-20261007-context-e9e30bbb47a8-54e18bc1f938.json;verification/requirement-coverage-NREQ-e0b91994f249e0b795ab80a6e3f4a4a2-20261007-context-b609fa37652f-54e18bc1f938.json;verification/requirement-coverage-NREQ-e2c966ff2db0502c8d0f2d40e87f4262-20261007-context-c6d95e2cb2e2-54e18bc1f938.json;verification/requirement-coverage-NREQ-ea453611a3a1f48cdd2fbfbe946d7ac7-20261007-context-5fb3beeac070-54e18bc1f938.json;verification/requirement-coverage-NREQ-ebadc5f449d2029613a3af4b31f78c6f-20261007-context-4fd7fab953a6-54e18bc1f938.json;verification/requirement-coverage-NREQ-ec756b9a468c4ea50f2d35c578a1a11a-20261007-context-5b0bc69cf0f7-54e18bc1f938.json;verification/requirement-coverage-NREQ-f1919b51ebfc8561d0140c02cbf08abd-20261007-context-5b509fd997c1-54e18bc1f938.json;verification/requirement-coverage-NREQ-f2d6f77dfa27e853d7eb5dab69be388d-20261007-context-e9122d35086e-54e18bc1f938.json;verification/requirement-coverage-NREQ-f41a79c58369bd76c58ad7e831e953ce-20261007-context-a6f639cd6cfc-54e18bc1f938.json;verification/requirement-coverage-NREQ-f6e1df45974ccc5d32aafbc5f38dd535-20261007-context-b48c49f827aa-54e18bc1f938.json
A	test-prompt-context-storage.mjs	64d4b412417f7f17ff6e85f57aa692aaaeaec773adebe669be01a2152252964d	CURRENT_HASH_MATCHES_RETAINED_SCOPED_REVIEW_INPUT	verification/requirement-coverage-NREQ-72ba9c97f91e20a56d469fe3d4acf669-20261007-context-ce1798099b2f-54e18bc1f938.json;verification/requirement-coverage-NREQ-87e7a29563e2235e49d5eea31da7db0c-20261007-context-04879b11d740-54e18bc1f938.json;verification/requirement-coverage-NREQ-949f1919a3c7d66486dd74bbd084b71a-20261007-context-51d18e6898a2-54e18bc1f938.json;verification/requirement-coverage-NREQ-a7139de247d6263164ddc139ec1fe2ce-20261007-context-1e402d1c19b7-54e18bc1f938.json;verification/requirement-coverage-NREQ-d3216139914fb4c3ec1d54819ee18890-20261007-context-4d85dbcad915-54e18bc1f938.json
A	test-release-semantic-fixture.mjs	052aa9f6e591f95d134f34900d5ecb91c917fc3b98a9bd650dac48c9a2dddc3a	RECOVERED_EXACT_SOURCE_SCOPED_REVIEW_RETAINED_WITH_ORIGINAL_LIMITS	/workspace/scratch/recovered-20261006/evidence/02-pr-review/complete-pr-file-review-inventory.json#/files/47;/workspace/scratch/recovered-20261006/evidence/02-pr-review/working-pr-file-review-inventory.json#/files/48
A	test-response-retry-browser.mjs	440037ec98779ae8b52f5e55e5d5373bf362ea3592a111dd0dcbe387dfc2ed4b	RECOVERED_EXACT_SOURCE_SCOPED_REVIEW_RETAINED_WITH_ORIGINAL_LIMITS	/workspace/scratch/recovered-20261006/evidence/02-pr-review/complete-pr-file-review-inventory.json#/files/48;/workspace/scratch/recovered-20261006/evidence/02-pr-review/working-pr-file-review-inventory.json#/files/49
A	test-response-staging-recovery-ui.mjs	216a44b3c901f9df403473871004290b24428b9dc1e000e332d3ad56d97e1f68	CURRENT_HASH_MATCHES_RETAINED_SCOPED_REVIEW_INPUT	verification/requirement-coverage-NREQ-0c973b955d61ee36887734df0ade5e69-20261007-context-aa211674369a-54e18bc1f938.json;verification/requirement-coverage-NREQ-1576e27fba46e1d68631bb2ade2e37f4-20261007-context-f03bceab9e8e-54e18bc1f938.json;verification/requirement-coverage-NREQ-360281bfdd66bed29237ed7202962808-20261007-context-defd14234c9a-54e18bc1f938.json;verification/requirement-coverage-NREQ-41ab1c200b4ce5c9d1d96613a3e5b264-20261007-context-867dae61e345-54e18bc1f938.json;verification/requirement-coverage-NREQ-4b27c9f604f44c29404eacc12a59fd68-20261007-context-0ea535138580-54e18bc1f938.json;verification/requirement-coverage-NREQ-4bb86ccfacff0ea8bbbc59df67b0ca4f-20261007-context-6dcc93386d57-54e18bc1f938.json;verification/requirement-coverage-NREQ-59d5854af99ac5a566eb61e978519b21-20261007-context-e53573db3335-54e18bc1f938.json;verification/requirement-coverage-NREQ-601ec85ffefcffd713520f4067f7529c-20261007-context-be7aad854ceb-54e18bc1f938.json;verification/requirement-coverage-NREQ-71896faa31bc64e94d98bc976e1e6f1d-20261007-context-def6b5edfdba-54e18bc1f938.json;verification/requirement-coverage-NREQ-72aa03a305fb8893a65d384f41d86aeb-20261007-context-6fb2556fc745-54e18bc1f938.json;verification/requirement-coverage-NREQ-75b670fc6ea047b7452b4148f12a30ba-20261007-context-dfc64a21a246-54e18bc1f938.json;verification/requirement-coverage-NREQ-768d67996244254c83c0d11796f63912-20261007-context-291bd5dd0e04-54e18bc1f938.json;verification/requirement-coverage-NREQ-78fef21919bbd7bb3bafba6f62210631-20261007-context-8f3806190781-54e18bc1f938.json;verification/requirement-coverage-NREQ-7a68fe07ee725cf205dd2102cd997b7f-20261007-context-652ecb1fe1af-54e18bc1f938.json;verification/requirement-coverage-NREQ-848909d4b95219bdb481803a4b1b91c2-20261007-context-73f60d480258-54e18bc1f938.json;verification/requirement-coverage-NREQ-86651d173d1583e48cf6c03f9d486f4f-20261007-context-327d2cc2c990-54e18bc1f938.json;verification/requirement-coverage-NREQ-928a65a08b403be3edc8b160ef9cc53c-20261007-context-bc514f8d980c-54e18bc1f938.json;verification/requirement-coverage-NREQ-971af7158d193e9b1d780c13b6c8e0ec-20261007-context-3e84d85be560-54e18bc1f938.json;verification/requirement-coverage-NREQ-a0db6ddcb33d9af123b08d4d481c8ebd-20261007-context-6d4092da78f9-54e18bc1f938.json;verification/requirement-coverage-NREQ-a42ec803577aa8ccbe176ed8e20a8595-20261007-context-66547fe135c2-54e18bc1f938.json;verification/requirement-coverage-NREQ-baa1c33b2e2490264f91881b06ff9da8-20261007-context-029f6195f4ba-54e18bc1f938.json;verification/requirement-coverage-NREQ-c0080ab56f40757c88225dc35a1f98f0-20261007-context-79fe3bf8357b-54e18bc1f938.json;verification/requirement-coverage-NREQ-cf25cf824db06866df51c0e538fcbc03-20261007-context-fde639603c5f-54e18bc1f938.json;verification/requirement-coverage-NREQ-f1919b51ebfc8561d0140c02cbf08abd-20261007-context-5b509fd997c1-54e18bc1f938.json
A	test-response-staging-recovery.mjs	4c386f0d20b007d6206b143f1df17bedbac9952e6342a4cb8f792c9658ad8322	CURRENT_HASH_MATCHES_RETAINED_SCOPED_REVIEW_INPUT	verification/requirement-coverage-NREQ-72ba9c97f91e20a56d469fe3d4acf669-20261007-context-ce1798099b2f-54e18bc1f938.json;verification/requirement-coverage-NREQ-87e7a29563e2235e49d5eea31da7db0c-20261007-context-04879b11d740-54e18bc1f938.json;verification/requirement-coverage-NREQ-949f1919a3c7d66486dd74bbd084b71a-20261007-context-51d18e6898a2-54e18bc1f938.json;verification/requirement-coverage-NREQ-a7139de247d6263164ddc139ec1fe2ce-20261007-context-1e402d1c19b7-54e18bc1f938.json;verification/requirement-coverage-NREQ-d3216139914fb4c3ec1d54819ee18890-20261007-context-4d85dbcad915-54e18bc1f938.json
A	test-response-type-boundaries.mjs	795224a6d8b5a6c13a81dc69072ef511cac15c07e8d311c142bfed0ed8d3db8f	CURRENT_HASH_MATCHES_RETAINED_SCOPED_REVIEW_INPUT	verification/requirement-coverage-NREQ-0c973b955d61ee36887734df0ade5e69-20261007-context-aa211674369a-54e18bc1f938.json;verification/requirement-coverage-NREQ-1576e27fba46e1d68631bb2ade2e37f4-20261007-context-f03bceab9e8e-54e18bc1f938.json;verification/requirement-coverage-NREQ-360281bfdd66bed29237ed7202962808-20261007-context-defd14234c9a-54e18bc1f938.json;verification/requirement-coverage-NREQ-41ab1c200b4ce5c9d1d96613a3e5b264-20261007-context-867dae61e345-54e18bc1f938.json;verification/requirement-coverage-NREQ-4b27c9f604f44c29404eacc12a59fd68-20261007-context-0ea535138580-54e18bc1f938.json;verification/requirement-coverage-NREQ-4bb86ccfacff0ea8bbbc59df67b0ca4f-20261007-context-6dcc93386d57-54e18bc1f938.json;verification/requirement-coverage-NREQ-59d5854af99ac5a566eb61e978519b21-20261007-context-e53573db3335-54e18bc1f938.json;verification/requirement-coverage-NREQ-601ec85ffefcffd713520f4067f7529c-20261007-context-be7aad854ceb-54e18bc1f938.json;verification/requirement-coverage-NREQ-71896faa31bc64e94d98bc976e1e6f1d-20261007-context-def6b5edfdba-54e18bc1f938.json;verification/requirement-coverage-NREQ-72aa03a305fb8893a65d384f41d86aeb-20261007-context-6fb2556fc745-54e18bc1f938.json;verification/requirement-coverage-NREQ-75b670fc6ea047b7452b4148f12a30ba-20261007-context-dfc64a21a246-54e18bc1f938.json;verification/requirement-coverage-NREQ-768d67996244254c83c0d11796f63912-20261007-context-291bd5dd0e04-54e18bc1f938.json;verification/requirement-coverage-NREQ-78fef21919bbd7bb3bafba6f62210631-20261007-context-8f3806190781-54e18bc1f938.json;verification/requirement-coverage-NREQ-7a68fe07ee725cf205dd2102cd997b7f-20261007-context-652ecb1fe1af-54e18bc1f938.json;verification/requirement-coverage-NREQ-848909d4b95219bdb481803a4b1b91c2-20261007-context-73f60d480258-54e18bc1f938.json;verification/requirement-coverage-NREQ-86651d173d1583e48cf6c03f9d486f4f-20261007-context-327d2cc2c990-54e18bc1f938.json;verification/requirement-coverage-NREQ-928a65a08b403be3edc8b160ef9cc53c-20261007-context-bc514f8d980c-54e18bc1f938.json;verification/requirement-coverage-NREQ-971af7158d193e9b1d780c13b6c8e0ec-20261007-context-3e84d85be560-54e18bc1f938.json;verification/requirement-coverage-NREQ-a0db6ddcb33d9af123b08d4d481c8ebd-20261007-context-6d4092da78f9-54e18bc1f938.json;verification/requirement-coverage-NREQ-a42ec803577aa8ccbe176ed8e20a8595-20261007-context-66547fe135c2-54e18bc1f938.json;verification/requirement-coverage-NREQ-baa1c33b2e2490264f91881b06ff9da8-20261007-context-029f6195f4ba-54e18bc1f938.json;verification/requirement-coverage-NREQ-c0080ab56f40757c88225dc35a1f98f0-20261007-context-79fe3bf8357b-54e18bc1f938.json;verification/requirement-coverage-NREQ-cf25cf824db06866df51c0e538fcbc03-20261007-context-fde639603c5f-54e18bc1f938.json;verification/requirement-coverage-NREQ-f1919b51ebfc8561d0140c02cbf08abd-20261007-context-5b509fd997c1-54e18bc1f938.json
A	test-retained-history-browser.mjs	df87262003b9be6eaef9bdbc0278c9c51188d64b78d6c9dbedf9762b55124bc3	CURRENT_HASH_MATCHES_RETAINED_SCOPED_REVIEW_INPUT	verification/requirement-coverage-NREQ-0c973b955d61ee36887734df0ade5e69-20261007-context-aa211674369a-54e18bc1f938.json;verification/requirement-coverage-NREQ-1576e27fba46e1d68631bb2ade2e37f4-20261007-context-f03bceab9e8e-54e18bc1f938.json;verification/requirement-coverage-NREQ-360281bfdd66bed29237ed7202962808-20261007-context-defd14234c9a-54e18bc1f938.json;verification/requirement-coverage-NREQ-41ab1c200b4ce5c9d1d96613a3e5b264-20261007-context-867dae61e345-54e18bc1f938.json;verification/requirement-coverage-NREQ-4b27c9f604f44c29404eacc12a59fd68-20261007-context-0ea535138580-54e18bc1f938.json;verification/requirement-coverage-NREQ-4bb86ccfacff0ea8bbbc59df67b0ca4f-20261007-context-6dcc93386d57-54e18bc1f938.json;verification/requirement-coverage-NREQ-59d5854af99ac5a566eb61e978519b21-20261007-context-e53573db3335-54e18bc1f938.json;verification/requirement-coverage-NREQ-601ec85ffefcffd713520f4067f7529c-20261007-context-be7aad854ceb-54e18bc1f938.json;verification/requirement-coverage-NREQ-71896faa31bc64e94d98bc976e1e6f1d-20261007-context-def6b5edfdba-54e18bc1f938.json;verification/requirement-coverage-NREQ-72aa03a305fb8893a65d384f41d86aeb-20261007-context-6fb2556fc745-54e18bc1f938.json;verification/requirement-coverage-NREQ-75b670fc6ea047b7452b4148f12a30ba-20261007-context-dfc64a21a246-54e18bc1f938.json;verification/requirement-coverage-NREQ-768d67996244254c83c0d11796f63912-20261007-context-291bd5dd0e04-54e18bc1f938.json;verification/requirement-coverage-NREQ-78fef21919bbd7bb3bafba6f62210631-20261007-context-8f3806190781-54e18bc1f938.json;verification/requirement-coverage-NREQ-7a68fe07ee725cf205dd2102cd997b7f-20261007-context-652ecb1fe1af-54e18bc1f938.json;verification/requirement-coverage-NREQ-848909d4b95219bdb481803a4b1b91c2-20261007-context-73f60d480258-54e18bc1f938.json;verification/requirement-coverage-NREQ-86651d173d1583e48cf6c03f9d486f4f-20261007-context-327d2cc2c990-54e18bc1f938.json;verification/requirement-coverage-NREQ-928a65a08b403be3edc8b160ef9cc53c-20261007-context-bc514f8d980c-54e18bc1f938.json;verification/requirement-coverage-NREQ-971af7158d193e9b1d780c13b6c8e0ec-20261007-context-3e84d85be560-54e18bc1f938.json;verification/requirement-coverage-NREQ-a0db6ddcb33d9af123b08d4d481c8ebd-20261007-context-6d4092da78f9-54e18bc1f938.json;verification/requirement-coverage-NREQ-a42ec803577aa8ccbe176ed8e20a8595-20261007-context-66547fe135c2-54e18bc1f938.json;verification/requirement-coverage-NREQ-baa1c33b2e2490264f91881b06ff9da8-20261007-context-029f6195f4ba-54e18bc1f938.json;verification/requirement-coverage-NREQ-c0080ab56f40757c88225dc35a1f98f0-20261007-context-79fe3bf8357b-54e18bc1f938.json;verification/requirement-coverage-NREQ-cf25cf824db06866df51c0e538fcbc03-20261007-context-fde639603c5f-54e18bc1f938.json;verification/requirement-coverage-NREQ-f1919b51ebfc8561d0140c02cbf08abd-20261007-context-5b509fd997c1-54e18bc1f938.json
A	test-returned-attachment-boundaries.mjs	895a14cef6cbfb7850ef485d7ec909c326b47916b01e97bf43da09002460a820	CURRENT_HASH_MATCHES_RETAINED_SCOPED_REVIEW_INPUT	verification/requirement-coverage-NREQ-0c973b955d61ee36887734df0ade5e69-20261007-context-aa211674369a-54e18bc1f938.json;verification/requirement-coverage-NREQ-1576e27fba46e1d68631bb2ade2e37f4-20261007-context-f03bceab9e8e-54e18bc1f938.json;verification/requirement-coverage-NREQ-360281bfdd66bed29237ed7202962808-20261007-context-defd14234c9a-54e18bc1f938.json;verification/requirement-coverage-NREQ-41ab1c200b4ce5c9d1d96613a3e5b264-20261007-context-867dae61e345-54e18bc1f938.json;verification/requirement-coverage-NREQ-4b27c9f604f44c29404eacc12a59fd68-20261007-context-0ea535138580-54e18bc1f938.json;verification/requirement-coverage-NREQ-4bb86ccfacff0ea8bbbc59df67b0ca4f-20261007-context-6dcc93386d57-54e18bc1f938.json;verification/requirement-coverage-NREQ-59d5854af99ac5a566eb61e978519b21-20261007-context-e53573db3335-54e18bc1f938.json;verification/requirement-coverage-NREQ-601ec85ffefcffd713520f4067f7529c-20261007-context-be7aad854ceb-54e18bc1f938.json;verification/requirement-coverage-NREQ-71896faa31bc64e94d98bc976e1e6f1d-20261007-context-def6b5edfdba-54e18bc1f938.json;verification/requirement-coverage-NREQ-72aa03a305fb8893a65d384f41d86aeb-20261007-context-6fb2556fc745-54e18bc1f938.json;verification/requirement-coverage-NREQ-75b670fc6ea047b7452b4148f12a30ba-20261007-context-dfc64a21a246-54e18bc1f938.json;verification/requirement-coverage-NREQ-768d67996244254c83c0d11796f63912-20261007-context-291bd5dd0e04-54e18bc1f938.json;verification/requirement-coverage-NREQ-78fef21919bbd7bb3bafba6f62210631-20261007-context-8f3806190781-54e18bc1f938.json;verification/requirement-coverage-NREQ-7a68fe07ee725cf205dd2102cd997b7f-20261007-context-652ecb1fe1af-54e18bc1f938.json;verification/requirement-coverage-NREQ-848909d4b95219bdb481803a4b1b91c2-20261007-context-73f60d480258-54e18bc1f938.json;verification/requirement-coverage-NREQ-86651d173d1583e48cf6c03f9d486f4f-20261007-context-327d2cc2c990-54e18bc1f938.json;verification/requirement-coverage-NREQ-928a65a08b403be3edc8b160ef9cc53c-20261007-context-bc514f8d980c-54e18bc1f938.json;verification/requirement-coverage-NREQ-971af7158d193e9b1d780c13b6c8e0ec-20261007-context-3e84d85be560-54e18bc1f938.json;verification/requirement-coverage-NREQ-a0db6ddcb33d9af123b08d4d481c8ebd-20261007-context-6d4092da78f9-54e18bc1f938.json;verification/requirement-coverage-NREQ-a42ec803577aa8ccbe176ed8e20a8595-20261007-context-66547fe135c2-54e18bc1f938.json;verification/requirement-coverage-NREQ-baa1c33b2e2490264f91881b06ff9da8-20261007-context-029f6195f4ba-54e18bc1f938.json;verification/requirement-coverage-NREQ-c0080ab56f40757c88225dc35a1f98f0-20261007-context-79fe3bf8357b-54e18bc1f938.json;verification/requirement-coverage-NREQ-cf25cf824db06866df51c0e538fcbc03-20261007-context-fde639603c5f-54e18bc1f938.json;verification/requirement-coverage-NREQ-f1919b51ebfc8561d0140c02cbf08abd-20261007-context-5b509fd997c1-54e18bc1f938.json
A	test-returned-slot-atomic-staging.mjs	ca39d31051682716f7f8d7f8a0e15fa92bdc5251e270e5c61bfcfd552aad08c5	CURRENT_HASH_MATCHES_RETAINED_SCOPED_REVIEW_INPUT	verification/requirement-coverage-NREQ-72ba9c97f91e20a56d469fe3d4acf669-20261007-context-ce1798099b2f-54e18bc1f938.json;verification/requirement-coverage-NREQ-87e7a29563e2235e49d5eea31da7db0c-20261007-context-04879b11d740-54e18bc1f938.json;verification/requirement-coverage-NREQ-949f1919a3c7d66486dd74bbd084b71a-20261007-context-51d18e6898a2-54e18bc1f938.json;verification/requirement-coverage-NREQ-a7139de247d6263164ddc139ec1fe2ce-20261007-context-1e402d1c19b7-54e18bc1f938.json;verification/requirement-coverage-NREQ-d3216139914fb4c3ec1d54819ee18890-20261007-context-4d85dbcad915-54e18bc1f938.json
A	test-runtime-operation-registry.mjs	8892e1f7aea7a6565af693233fe802785d8dbcabee972c6b61890a66a02f233e	CURRENT_HASH_MATCHES_RETAINED_SCOPED_REVIEW_INPUT	verification/requirement-coverage-NREQ-012f85cfd2196b3413752b3deb14edf0-20261007-context-faf7fb1b8f5f-54e18bc1f938.json;verification/requirement-coverage-NREQ-092f78e488e6282f342b533fa7801e3e-20261007-context-11d306878126-54e18bc1f938.json;verification/requirement-coverage-NREQ-1543275bf85c6f452bce3c65a31dd691-20261007-context-bc25b407a6a7-54e18bc1f938.json;verification/requirement-coverage-NREQ-178819f4c44ad7250656e79d18a8cae3-20261007-context-c1c5855362aa-54e18bc1f938.json;verification/requirement-coverage-NREQ-1cb8c122e35c6f4e36f01c95ea0d02c9-20261007-context-4e1b5cc17d08-54e18bc1f938.json;verification/requirement-coverage-NREQ-1e002259d64a939cee2f2a41f4bf3515-20261007-context-19c88e9b3697-54e18bc1f938.json;verification/requirement-coverage-NREQ-2323c8d363fd8c29f965d8c0e67549ae-20261007-context-cb02bb332e42-54e18bc1f938.json;verification/requirement-coverage-NREQ-2969c103b4ac33435f1e5d6c258a7b7b-20261007-context-857befb4ca6d-54e18bc1f938.json;verification/requirement-coverage-NREQ-318da161cc5f30f33449238ba3870773-20261007-context-123b97ea9f3d-54e18bc1f938.json;verification/requirement-coverage-NREQ-4592c9487837c81077b166abf57bb4a7-20261007-context-86ef01f1c3cb-54e18bc1f938.json;verification/requirement-coverage-NREQ-4b26e20f450b23eb551b2da03e69c9c9-20261007-context-07d6150a1321-54e18bc1f938.json;verification/requirement-coverage-NREQ-55f458162d319bfbb710223b3528ef9f-20261007-context-5b104c0b9184-54e18bc1f938.json;verification/requirement-coverage-NREQ-595ff4d66406e3bd9529e12f036c882b-20261007-context-b22989818f22-54e18bc1f938.json;verification/requirement-coverage-NREQ-606a27b2b9b712e933dda6e0e7b0ce68-20261007-context-c717ae8f5d63-54e18bc1f938.json;verification/requirement-coverage-NREQ-6a5e773812226552e3448329be3966cd-20261007-context-14f5a52593d0-54e18bc1f938.json;verification/requirement-coverage-NREQ-75151f881444015977da6a6d7d86cb1c-20261007-context-5c2a016004df-54e18bc1f938.json;verification/requirement-coverage-NREQ-7643f1fb351e295ecb8565583cb9a37f-20261007-context-1fe2c84cf115-54e18bc1f938.json;verification/requirement-coverage-NREQ-797b5fe50f9d13ae34d17cc98c7c8f24-20261007-context-0a94e402d167-54e18bc1f938.json;verification/requirement-coverage-NREQ-9e0ad66ef878f9e97c909997e976cc13-20261007-context-c8e259a009f0-54e18bc1f938.json;verification/requirement-coverage-NREQ-a011968eff2ed2dc314d58ed27dfad88-20261007-context-87882d5bae07-54e18bc1f938.json;verification/requirement-coverage-NREQ-a99b13aa6aa9c7ffa4b65010951f18ec-20261007-context-8e1c768bc690-54e18bc1f938.json;verification/requirement-coverage-NREQ-b04395198a63faa09666a1bfca300a1e-20261007-context-3d6d12bed622-54e18bc1f938.json;verification/requirement-coverage-NREQ-b366c2ac73e0e846627de23589a5a772-20261007-context-a26853843e41-54e18bc1f938.json;verification/requirement-coverage-NREQ-b67c348ca653ff5a19ba01272dfd4262-20261007-context-d619c471e8d3-54e18bc1f938.json;verification/requirement-coverage-NREQ-bc997511e2328af90b68d1898bcf6ed7-20261007-context-18574f44b5d8-54e18bc1f938.json;verification/requirement-coverage-NREQ-bde18b0504b7485cf77fad020a4a494b-20261007-context-90bbee2744c4-54e18bc1f938.json;verification/requirement-coverage-NREQ-bedc4564e47ae7ebf86911eb8426b6f0-20261007-context-303caf90caff-54e18bc1f938.json;verification/requirement-coverage-NREQ-befdab6cc6a4121936987a35fc18e1c9-20261007-context-c8b0b09a87ad-54e18bc1f938.json;verification/requirement-coverage-NREQ-c0a2fa84e2aafe674742a0bb98c40e02-20261007-context-949b3819c6b9-54e18bc1f938.json;verification/requirement-coverage-NREQ-d2fa27e805583d3a5c7d281ed7051950-20261007-context-8e1b30f0d0bb-54e18bc1f938.json;verification/requirement-coverage-NREQ-d6eeb36f75c6f6f6854a2e3aa9ac2070-20261007-context-e9e30bbb47a8-54e18bc1f938.json;verification/requirement-coverage-NREQ-e0b91994f249e0b795ab80a6e3f4a4a2-20261007-context-b609fa37652f-54e18bc1f938.json;verification/requirement-coverage-NREQ-ec756b9a468c4ea50f2d35c578a1a11a-20261007-context-5b0bc69cf0f7-54e18bc1f938.json;verification/requirement-coverage-NREQ-f6e1df45974ccc5d32aafbc5f38dd535-20261007-context-b48c49f827aa-54e18bc1f938.json
M	test-runtime.js	e4e01a79c526592f9d044e2c104845e63c9aa341eb64837c138f5c3e3ecba353	CURRENT_HASH_MATCHES_RETAINED_SCOPED_REVIEW_INPUT	verification/requirement-coverage-NREQ-012f85cfd2196b3413752b3deb14edf0-20261007-context-faf7fb1b8f5f-54e18bc1f938.json;verification/requirement-coverage-NREQ-092f78e488e6282f342b533fa7801e3e-20261007-context-11d306878126-54e18bc1f938.json;verification/requirement-coverage-NREQ-0b73c99557630a5deeace7e89ea0e28f-20261007-context-70f6fc73db90-54e18bc1f938.json;verification/requirement-coverage-NREQ-0c973b955d61ee36887734df0ade5e69-20261007-context-aa211674369a-54e18bc1f938.json;verification/requirement-coverage-NREQ-0fe0693c63b640aac77aa7fa2ad3861d-20261007-context-e479a2d67661-54e18bc1f938.json;verification/requirement-coverage-NREQ-1543275bf85c6f452bce3c65a31dd691-20261007-context-bc25b407a6a7-54e18bc1f938.json;verification/requirement-coverage-NREQ-1576e27fba46e1d68631bb2ade2e37f4-20261007-context-f03bceab9e8e-54e18bc1f938.json;verification/requirement-coverage-NREQ-178819f4c44ad7250656e79d18a8cae3-20261007-context-c1c5855362aa-54e18bc1f938.json;verification/requirement-coverage-NREQ-1b07d67693ef773b4800dc6e06626b5b-20261007-context-dcaf72405bbe-54e18bc1f938.json;verification/requirement-coverage-NREQ-1cb8c122e35c6f4e36f01c95ea0d02c9-20261007-context-4e1b5cc17d08-54e18bc1f938.json;verification/requirement-coverage-NREQ-1e002259d64a939cee2f2a41f4bf3515-20261007-context-19c88e9b3697-54e18bc1f938.json;verification/requirement-coverage-NREQ-1f578d8524f1af57b280fd03422827f1-20261007-context-33c756e92bb7-54e18bc1f938.json;verification/requirement-coverage-NREQ-2046e21dd63ad76f992233d5582c716d-20261007-context-8d03363ebd61-54e18bc1f938.json;verification/requirement-coverage-NREQ-2323c8d363fd8c29f965d8c0e67549ae-20261007-context-cb02bb332e42-54e18bc1f938.json;verification/requirement-coverage-NREQ-2524a1d9ecc583bbd420778cfb147983-20261007-context-04970fd5ee41-54e18bc1f938.json;verification/requirement-coverage-NREQ-2969c103b4ac33435f1e5d6c258a7b7b-20261007-context-857befb4ca6d-54e18bc1f938.json;verification/requirement-coverage-NREQ-318da161cc5f30f33449238ba3870773-20261007-context-123b97ea9f3d-54e18bc1f938.json;verification/requirement-coverage-NREQ-360281bfdd66bed29237ed7202962808-20261007-context-defd14234c9a-54e18bc1f938.json;verification/requirement-coverage-NREQ-41ab1c200b4ce5c9d1d96613a3e5b264-20261007-context-867dae61e345-54e18bc1f938.json;verification/requirement-coverage-NREQ-4592c9487837c81077b166abf57bb4a7-20261007-context-86ef01f1c3cb-54e18bc1f938.json;verification/requirement-coverage-NREQ-4b26e20f450b23eb551b2da03e69c9c9-20261007-context-07d6150a1321-54e18bc1f938.json;verification/requirement-coverage-NREQ-4b27c9f604f44c29404eacc12a59fd68-20261007-context-0ea535138580-54e18bc1f938.json;verification/requirement-coverage-NREQ-4bb86ccfacff0ea8bbbc59df67b0ca4f-20261007-context-6dcc93386d57-54e18bc1f938.json;verification/requirement-coverage-NREQ-5003532a6cda7a68c13be508fbf4d723-20261007-context-dccb85cd4973-54e18bc1f938.json;verification/requirement-coverage-NREQ-55f458162d319bfbb710223b3528ef9f-20261007-context-5b104c0b9184-54e18bc1f938.json;verification/requirement-coverage-NREQ-57f8fa829a872f35948a81bd58477291-20261007-context-fd3ea3b718ef-54e18bc1f938.json;verification/requirement-coverage-NREQ-5811c65fa83521ee7afeedd602cec806-20261007-context-60e25b364eb4-54e18bc1f938.json;verification/requirement-coverage-NREQ-595ff4d66406e3bd9529e12f036c882b-20261007-context-b22989818f22-54e18bc1f938.json;verification/requirement-coverage-NREQ-59d5854af99ac5a566eb61e978519b21-20261007-context-e53573db3335-54e18bc1f938.json;verification/requirement-coverage-NREQ-5dbdcf72dd32a519bb29fbf8250726d3-20261007-context-99eab70395b3-54e18bc1f938.json;verification/requirement-coverage-NREQ-601ec85ffefcffd713520f4067f7529c-20261007-context-be7aad854ceb-54e18bc1f938.json;verification/requirement-coverage-NREQ-606a27b2b9b712e933dda6e0e7b0ce68-20261007-context-c717ae8f5d63-54e18bc1f938.json;verification/requirement-coverage-NREQ-6a5e773812226552e3448329be3966cd-20261007-context-14f5a52593d0-54e18bc1f938.json;verification/requirement-coverage-NREQ-71896faa31bc64e94d98bc976e1e6f1d-20261007-context-def6b5edfdba-54e18bc1f938.json;verification/requirement-coverage-NREQ-72aa03a305fb8893a65d384f41d86aeb-20261007-context-6fb2556fc745-54e18bc1f938.json;verification/requirement-coverage-NREQ-72ba9c97f91e20a56d469fe3d4acf669-20261007-context-ce1798099b2f-54e18bc1f938.json;verification/requirement-coverage-NREQ-75151f881444015977da6a6d7d86cb1c-20261007-context-5c2a016004df-54e18bc1f938.json;verification/requirement-coverage-NREQ-75b670fc6ea047b7452b4148f12a30ba-20261007-context-dfc64a21a246-54e18bc1f938.json;verification/requirement-coverage-NREQ-7643f1fb351e295ecb8565583cb9a37f-20261007-context-1fe2c84cf115-54e18bc1f938.json;verification/requirement-coverage-NREQ-768d67996244254c83c0d11796f63912-20261007-context-291bd5dd0e04-54e18bc1f938.json;verification/requirement-coverage-NREQ-78fef21919bbd7bb3bafba6f62210631-20261007-context-8f3806190781-54e18bc1f938.json;verification/requirement-coverage-NREQ-797b5fe50f9d13ae34d17cc98c7c8f24-20261007-context-0a94e402d167-54e18bc1f938.json;verification/requirement-coverage-NREQ-7a68fe07ee725cf205dd2102cd997b7f-20261007-context-652ecb1fe1af-54e18bc1f938.json;verification/requirement-coverage-NREQ-7be2bf6dfeab825b0549d41a0151841e-20261007-context-4d745e4aa672-54e18bc1f938.json;verification/requirement-coverage-NREQ-848909d4b95219bdb481803a4b1b91c2-20261007-context-73f60d480258-54e18bc1f938.json;verification/requirement-coverage-NREQ-85b110cf9d0bf8e7e2a6ca34dcdee412-20261007-context-80144a03a02d-54e18bc1f938.json;verification/requirement-coverage-NREQ-86651d173d1583e48cf6c03f9d486f4f-20261007-context-327d2cc2c990-54e18bc1f938.json;verification/requirement-coverage-NREQ-87e7a29563e2235e49d5eea31da7db0c-20261007-context-04879b11d740-54e18bc1f938.json;verification/requirement-coverage-NREQ-8bb8790d8dd6c5082d6e0351c032cda5-20261007-context-ebd61b02b8d5-54e18bc1f938.json;verification/requirement-coverage-NREQ-928a65a08b403be3edc8b160ef9cc53c-20261007-context-bc514f8d980c-54e18bc1f938.json;verification/requirement-coverage-NREQ-949f1919a3c7d66486dd74bbd084b71a-20261007-context-51d18e6898a2-54e18bc1f938.json;verification/requirement-coverage-NREQ-971af7158d193e9b1d780c13b6c8e0ec-20261007-context-3e84d85be560-54e18bc1f938.json;verification/requirement-coverage-NREQ-9e0ad66ef878f9e97c909997e976cc13-20261007-context-c8e259a009f0-54e18bc1f938.json;verification/requirement-coverage-NREQ-a011968eff2ed2dc314d58ed27dfad88-20261007-context-87882d5bae07-54e18bc1f938.json;verification/requirement-coverage-NREQ-a0db6ddcb33d9af123b08d4d481c8ebd-20261007-context-6d4092da78f9-54e18bc1f938.json;verification/requirement-coverage-NREQ-a1bafeb7c6f6f12bf0c7b0f6fcadaab9-20261007-context-4b6563194ed6-54e18bc1f938.json;verification/requirement-coverage-NREQ-a3f1c0440fabe4b988fb5fca68a0487c-20261007-context-eac1ae13e05b-54e18bc1f938.json;verification/requirement-coverage-NREQ-a42ec803577aa8ccbe176ed8e20a8595-20261007-context-66547fe135c2-54e18bc1f938.json;verification/requirement-coverage-NREQ-a6fb1ab9c309f702b7cd3d8c7f38cf8f-20261007-context-683bf6ce202e-54e18bc1f938.json;verification/requirement-coverage-NREQ-a7139de247d6263164ddc139ec1fe2ce-20261007-context-1e402d1c19b7-54e18bc1f938.json;verification/requirement-coverage-NREQ-a99b13aa6aa9c7ffa4b65010951f18ec-20261007-context-8e1c768bc690-54e18bc1f938.json;verification/requirement-coverage-NREQ-ade9df74bf03ff347d7ae537fbfa738d-20261007-context-61a2341f94ae-54e18bc1f938.json;verification/requirement-coverage-NREQ-b04395198a63faa09666a1bfca300a1e-20261007-context-3d6d12bed622-54e18bc1f938.json;verification/requirement-coverage-NREQ-b366c2ac73e0e846627de23589a5a772-20261007-context-a26853843e41-54e18bc1f938.json;verification/requirement-coverage-NREQ-b3e8d9cffdde1f94d9d342ff0ed4f097-20261007-context-b36ec8d0d499-54e18bc1f938.json;verification/requirement-coverage-NREQ-b67c348ca653ff5a19ba01272dfd4262-20261007-context-d619c471e8d3-54e18bc1f938.json;verification/requirement-coverage-NREQ-b7b9ecdbceaad6aaefc9e55f7d5b3d48-20261007-context-08a2d1fe5fc7-54e18bc1f938.json;verification/requirement-coverage-NREQ-baa1c33b2e2490264f91881b06ff9da8-20261007-context-029f6195f4ba-54e18bc1f938.json;verification/requirement-coverage-NREQ-bc997511e2328af90b68d1898bcf6ed7-20261007-context-18574f44b5d8-54e18bc1f938.json;verification/requirement-coverage-NREQ-bde18b0504b7485cf77fad020a4a494b-20261007-context-90bbee2744c4-54e18bc1f938.json;verification/requirement-coverage-NREQ-bedc4564e47ae7ebf86911eb8426b6f0-20261007-context-303caf90caff-54e18bc1f938.json;verification/requirement-coverage-NREQ-befdab6cc6a4121936987a35fc18e1c9-20261007-context-c8b0b09a87ad-54e18bc1f938.json;verification/requirement-coverage-NREQ-c0080ab56f40757c88225dc35a1f98f0-20261007-context-79fe3bf8357b-54e18bc1f938.json;verification/requirement-coverage-NREQ-c0a2fa84e2aafe674742a0bb98c40e02-20261007-context-949b3819c6b9-54e18bc1f938.json;verification/requirement-coverage-NREQ-c1d94148ff5023aac7735baefed6c35d-20261007-context-c697349e63e8-54e18bc1f938.json;verification/requirement-coverage-NREQ-c94c878ef2cf8c6a35b0985da91c0c85-20261007-context-fe6c073ad55f-54e18bc1f938.json;verification/requirement-coverage-NREQ-cf25cf824db06866df51c0e538fcbc03-20261007-context-fde639603c5f-54e18bc1f938.json;verification/requirement-coverage-NREQ-cf2cbee76666e1f836c4cca046988062-20261007-context-ee826876a6b9-54e18bc1f938.json;verification/requirement-coverage-NREQ-d2fa27e805583d3a5c7d281ed7051950-20261007-context-8e1b30f0d0bb-54e18bc1f938.json;verification/requirement-coverage-NREQ-d3216139914fb4c3ec1d54819ee18890-20261007-context-4d85dbcad915-54e18bc1f938.json;verification/requirement-coverage-NREQ-d6eeb36f75c6f6f6854a2e3aa9ac2070-20261007-context-e9e30bbb47a8-54e18bc1f938.json;verification/requirement-coverage-NREQ-e0b91994f249e0b795ab80a6e3f4a4a2-20261007-context-b609fa37652f-54e18bc1f938.json;verification/requirement-coverage-NREQ-e2c966ff2db0502c8d0f2d40e87f4262-20261007-context-c6d95e2cb2e2-54e18bc1f938.json;verification/requirement-coverage-NREQ-ea453611a3a1f48cdd2fbfbe946d7ac7-20261007-context-5fb3beeac070-54e18bc1f938.json;verification/requirement-coverage-NREQ-ebadc5f449d2029613a3af4b31f78c6f-20261007-context-4fd7fab953a6-54e18bc1f938.json;verification/requirement-coverage-NREQ-ec756b9a468c4ea50f2d35c578a1a11a-20261007-context-5b0bc69cf0f7-54e18bc1f938.json;verification/requirement-coverage-NREQ-f1919b51ebfc8561d0140c02cbf08abd-20261007-context-5b509fd997c1-54e18bc1f938.json;verification/requirement-coverage-NREQ-f2d6f77dfa27e853d7eb5dab69be388d-20261007-context-e9122d35086e-54e18bc1f938.json;verification/requirement-coverage-NREQ-f41a79c58369bd76c58ad7e831e953ce-20261007-context-a6f639cd6cfc-54e18bc1f938.json;verification/requirement-coverage-NREQ-f6e1df45974ccc5d32aafbc5f38dd535-20261007-context-b48c49f827aa-54e18bc1f938.json
A	test-semantic-response-retries.mjs	9bb4e549699694e3f9d7ad4ba46aaf500c80517c3df18ee9af67548fdbd33257	CURRENT_HASH_MATCHES_RETAINED_SCOPED_REVIEW_INPUT	verification/requirement-coverage-NREQ-0c973b955d61ee36887734df0ade5e69-20261007-context-aa211674369a-54e18bc1f938.json;verification/requirement-coverage-NREQ-1576e27fba46e1d68631bb2ade2e37f4-20261007-context-f03bceab9e8e-54e18bc1f938.json;verification/requirement-coverage-NREQ-360281bfdd66bed29237ed7202962808-20261007-context-defd14234c9a-54e18bc1f938.json;verification/requirement-coverage-NREQ-41ab1c200b4ce5c9d1d96613a3e5b264-20261007-context-867dae61e345-54e18bc1f938.json;verification/requirement-coverage-NREQ-4b27c9f604f44c29404eacc12a59fd68-20261007-context-0ea535138580-54e18bc1f938.json;verification/requirement-coverage-NREQ-4bb86ccfacff0ea8bbbc59df67b0ca4f-20261007-context-6dcc93386d57-54e18bc1f938.json;verification/requirement-coverage-NREQ-59d5854af99ac5a566eb61e978519b21-20261007-context-e53573db3335-54e18bc1f938.json;verification/requirement-coverage-NREQ-601ec85ffefcffd713520f4067f7529c-20261007-context-be7aad854ceb-54e18bc1f938.json;verification/requirement-coverage-NREQ-71896faa31bc64e94d98bc976e1e6f1d-20261007-context-def6b5edfdba-54e18bc1f938.json;verification/requirement-coverage-NREQ-72aa03a305fb8893a65d384f41d86aeb-20261007-context-6fb2556fc745-54e18bc1f938.json;verification/requirement-coverage-NREQ-75b670fc6ea047b7452b4148f12a30ba-20261007-context-dfc64a21a246-54e18bc1f938.json;verification/requirement-coverage-NREQ-768d67996244254c83c0d11796f63912-20261007-context-291bd5dd0e04-54e18bc1f938.json;verification/requirement-coverage-NREQ-78fef21919bbd7bb3bafba6f62210631-20261007-context-8f3806190781-54e18bc1f938.json;verification/requirement-coverage-NREQ-7a68fe07ee725cf205dd2102cd997b7f-20261007-context-652ecb1fe1af-54e18bc1f938.json;verification/requirement-coverage-NREQ-848909d4b95219bdb481803a4b1b91c2-20261007-context-73f60d480258-54e18bc1f938.json;verification/requirement-coverage-NREQ-86651d173d1583e48cf6c03f9d486f4f-20261007-context-327d2cc2c990-54e18bc1f938.json;verification/requirement-coverage-NREQ-928a65a08b403be3edc8b160ef9cc53c-20261007-context-bc514f8d980c-54e18bc1f938.json;verification/requirement-coverage-NREQ-971af7158d193e9b1d780c13b6c8e0ec-20261007-context-3e84d85be560-54e18bc1f938.json;verification/requirement-coverage-NREQ-a0db6ddcb33d9af123b08d4d481c8ebd-20261007-context-6d4092da78f9-54e18bc1f938.json;verification/requirement-coverage-NREQ-a42ec803577aa8ccbe176ed8e20a8595-20261007-context-66547fe135c2-54e18bc1f938.json;verification/requirement-coverage-NREQ-baa1c33b2e2490264f91881b06ff9da8-20261007-context-029f6195f4ba-54e18bc1f938.json;verification/requirement-coverage-NREQ-c0080ab56f40757c88225dc35a1f98f0-20261007-context-79fe3bf8357b-54e18bc1f938.json;verification/requirement-coverage-NREQ-cf25cf824db06866df51c0e538fcbc03-20261007-context-fde639603c5f-54e18bc1f938.json;verification/requirement-coverage-NREQ-f1919b51ebfc8561d0140c02cbf08abd-20261007-context-5b509fd997c1-54e18bc1f938.json
A	test-specification-field-registry.mjs	064ebc232eaa07ce51587de4233e075c97824b15b953f1f7d925195f6d0f7f05	CURRENT_HASH_MATCHES_RETAINED_SCOPED_REVIEW_INPUT	verification/requirement-coverage-NREQ-0c973b955d61ee36887734df0ade5e69-20261007-context-aa211674369a-54e18bc1f938.json;verification/requirement-coverage-NREQ-1576e27fba46e1d68631bb2ade2e37f4-20261007-context-f03bceab9e8e-54e18bc1f938.json;verification/requirement-coverage-NREQ-1b07d67693ef773b4800dc6e06626b5b-20261007-context-dcaf72405bbe-54e18bc1f938.json;verification/requirement-coverage-NREQ-2046e21dd63ad76f992233d5582c716d-20261007-context-8d03363ebd61-54e18bc1f938.json;verification/requirement-coverage-NREQ-41ab1c200b4ce5c9d1d96613a3e5b264-20261007-context-867dae61e345-54e18bc1f938.json;verification/requirement-coverage-NREQ-4b26e20f450b23eb551b2da03e69c9c9-20261007-context-07d6150a1321-54e18bc1f938.json;verification/requirement-coverage-NREQ-4bb86ccfacff0ea8bbbc59df67b0ca4f-20261007-context-6dcc93386d57-54e18bc1f938.json;verification/requirement-coverage-NREQ-5811c65fa83521ee7afeedd602cec806-20261007-context-60e25b364eb4-54e18bc1f938.json;verification/requirement-coverage-NREQ-59d5854af99ac5a566eb61e978519b21-20261007-context-e53573db3335-54e18bc1f938.json;verification/requirement-coverage-NREQ-75b670fc6ea047b7452b4148f12a30ba-20261007-context-dfc64a21a246-54e18bc1f938.json;verification/requirement-coverage-NREQ-768d67996244254c83c0d11796f63912-20261007-context-291bd5dd0e04-54e18bc1f938.json;verification/requirement-coverage-NREQ-7a68fe07ee725cf205dd2102cd997b7f-20261007-context-652ecb1fe1af-54e18bc1f938.json;verification/requirement-coverage-NREQ-86651d173d1583e48cf6c03f9d486f4f-20261007-context-327d2cc2c990-54e18bc1f938.json;verification/requirement-coverage-NREQ-971af7158d193e9b1d780c13b6c8e0ec-20261007-context-3e84d85be560-54e18bc1f938.json;verification/requirement-coverage-NREQ-a011968eff2ed2dc314d58ed27dfad88-20261007-context-87882d5bae07-54e18bc1f938.json;verification/requirement-coverage-NREQ-a1bafeb7c6f6f12bf0c7b0f6fcadaab9-20261007-context-4b6563194ed6-54e18bc1f938.json;verification/requirement-coverage-NREQ-bedc4564e47ae7ebf86911eb8426b6f0-20261007-context-303caf90caff-54e18bc1f938.json;verification/requirement-coverage-NREQ-befdab6cc6a4121936987a35fc18e1c9-20261007-context-c8b0b09a87ad-54e18bc1f938.json;verification/requirement-coverage-NREQ-cf25cf824db06866df51c0e538fcbc03-20261007-context-fde639603c5f-54e18bc1f938.json;verification/requirement-coverage-NREQ-f41a79c58369bd76c58ad7e831e953ce-20261007-context-a6f639cd6cfc-54e18bc1f938.json
A	test-stage01-specification-controls.mjs	3455469d384cd50cc4216ddd842d50c70ea088b3639b045ac9f5d82f4d73a2d3	CURRENT_HASH_MATCHES_RETAINED_SCOPED_REVIEW_INPUT	verification/requirement-coverage-NREQ-0b73c99557630a5deeace7e89ea0e28f-20261007-context-70f6fc73db90-54e18bc1f938.json;verification/requirement-coverage-NREQ-0fe0693c63b640aac77aa7fa2ad3861d-20261007-context-e479a2d67661-54e18bc1f938.json;verification/requirement-coverage-NREQ-1f578d8524f1af57b280fd03422827f1-20261007-context-33c756e92bb7-54e18bc1f938.json;verification/requirement-coverage-NREQ-2524a1d9ecc583bbd420778cfb147983-20261007-context-04970fd5ee41-54e18bc1f938.json;verification/requirement-coverage-NREQ-4b26e20f450b23eb551b2da03e69c9c9-20261007-context-07d6150a1321-54e18bc1f938.json;verification/requirement-coverage-NREQ-57f8fa829a872f35948a81bd58477291-20261007-context-fd3ea3b718ef-54e18bc1f938.json;verification/requirement-coverage-NREQ-5dbdcf72dd32a519bb29fbf8250726d3-20261007-context-99eab70395b3-54e18bc1f938.json;verification/requirement-coverage-NREQ-7be2bf6dfeab825b0549d41a0151841e-20261007-context-4d745e4aa672-54e18bc1f938.json;verification/requirement-coverage-NREQ-85b110cf9d0bf8e7e2a6ca34dcdee412-20261007-context-80144a03a02d-54e18bc1f938.json;verification/requirement-coverage-NREQ-8bb8790d8dd6c5082d6e0351c032cda5-20261007-context-ebd61b02b8d5-54e18bc1f938.json;verification/requirement-coverage-NREQ-a011968eff2ed2dc314d58ed27dfad88-20261007-context-87882d5bae07-54e18bc1f938.json;verification/requirement-coverage-NREQ-a3f1c0440fabe4b988fb5fca68a0487c-20261007-context-eac1ae13e05b-54e18bc1f938.json;verification/requirement-coverage-NREQ-a6fb1ab9c309f702b7cd3d8c7f38cf8f-20261007-context-683bf6ce202e-54e18bc1f938.json;verification/requirement-coverage-NREQ-ade9df74bf03ff347d7ae537fbfa738d-20261007-context-61a2341f94ae-54e18bc1f938.json;verification/requirement-coverage-NREQ-b3e8d9cffdde1f94d9d342ff0ed4f097-20261007-context-b36ec8d0d499-54e18bc1f938.json;verification/requirement-coverage-NREQ-b7b9ecdbceaad6aaefc9e55f7d5b3d48-20261007-context-08a2d1fe5fc7-54e18bc1f938.json;verification/requirement-coverage-NREQ-bedc4564e47ae7ebf86911eb8426b6f0-20261007-context-303caf90caff-54e18bc1f938.json;verification/requirement-coverage-NREQ-befdab6cc6a4121936987a35fc18e1c9-20261007-context-c8b0b09a87ad-54e18bc1f938.json;verification/requirement-coverage-NREQ-c1d94148ff5023aac7735baefed6c35d-20261007-context-c697349e63e8-54e18bc1f938.json;verification/requirement-coverage-NREQ-cf2cbee76666e1f836c4cca046988062-20261007-context-ee826876a6b9-54e18bc1f938.json;verification/requirement-coverage-NREQ-e2c966ff2db0502c8d0f2d40e87f4262-20261007-context-c6d95e2cb2e2-54e18bc1f938.json;verification/requirement-coverage-NREQ-ebadc5f449d2029613a3af4b31f78c6f-20261007-context-4fd7fab953a6-54e18bc1f938.json;verification/requirement-coverage-NREQ-f2d6f77dfa27e853d7eb5dab69be388d-20261007-context-e9122d35086e-54e18bc1f938.json
A	test-stage13-projection-recovery.mjs	4431a23648d27462adf9b0687cd6045eea6df7dd4864f25dc715e331dcb58cff	HISTORICAL_ALL_FILE_REVIEW_REPORTED_BACKING_INVENTORY_UNAVAILABLE	NONE_RETAINED
A	test-stage29-investigation.mjs	938113dde0cbe463ee48677ca2c776d8996593dd01e149ed9429ac3af76b6a84	RECOVERED_EXACT_SOURCE_SCOPED_REVIEW_RETAINED_WITH_ORIGINAL_LIMITS	/workspace/scratch/recovered-20261006/evidence/02-pr-review/complete-pr-file-review-inventory.json#/files/58;/workspace/scratch/recovered-20261006/evidence/02-pr-review/working-pr-file-review-inventory.json#/files/59
A	test-staging-safe-cleanup.mjs	68b0bbe312782d3d32633dac52fdc97f7f4207897833d46003569b0426c23b64	CURRENT_HASH_MATCHES_RETAINED_SCOPED_REVIEW_INPUT	verification/requirement-coverage-NREQ-c94c878ef2cf8c6a35b0985da91c0c85-20261007-context-fe6c073ad55f-54e18bc1f938.json
A	test-startup-storage-boundaries.mjs	e773e6573a490461833943d5c83ea30484323ac01f09c40ef4e1894a36466e11	CURRENT_HASH_MATCHES_RETAINED_SCOPED_REVIEW_INPUT	verification/requirement-coverage-NREQ-c94c878ef2cf8c6a35b0985da91c0c85-20261007-context-fe6c073ad55f-54e18bc1f938.json
A	test-verifier-context-relations.mjs	017e9aab1fd7abfadd2d96d938e7968934338921a8f8cd910ea8a69c97a95ba1	HISTORICAL_ALL_FILE_REVIEW_REPORTED_BACKING_INVENTORY_UNAVAILABLE	NONE_RETAINED
A	test-verifier-context-ui.mjs	c0d9f0abad45f3d73f2f398454ca4f1c0174a76d7b0b7bbec01306e6a0ca5409	HISTORICAL_ALL_FILE_REVIEW_REPORTED_BACKING_INVENTORY_UNAVAILABLE	NONE_RETAINED
A	verification-assertion-bindings.json	6c53e50dba0e3ac69a00a6ac2b363086a6d6c1f785803ccb1b4ed35b9913d396	HISTORICAL_ALL_FILE_REVIEW_REPORTED_BACKING_INVENTORY_UNAVAILABLE	NONE_RETAINED
A	verification-evidence-catalog.mjs	5d8e04d46601123d4552e796d0e69027f29774155d5309d5e1356c6456c53010	CURRENT_HASH_MATCHES_RETAINED_SCOPED_REVIEW_INPUT	verification/requirement-coverage-NREQ-012f85cfd2196b3413752b3deb14edf0-20261007-context-faf7fb1b8f5f-54e18bc1f938.json;verification/requirement-coverage-NREQ-04e156310ae4ecdd6915448e3f30e047-20261007-context-9f8a35215a69-54e18bc1f938.json;verification/requirement-coverage-NREQ-0774fcb2b6e2510d755133d371474ec8-20261007-context-d48d5f2a8e1a-54e18bc1f938.json;verification/requirement-coverage-NREQ-092f78e488e6282f342b533fa7801e3e-20261007-context-11d306878126-54e18bc1f938.json;verification/requirement-coverage-NREQ-0b73c99557630a5deeace7e89ea0e28f-20261007-context-70f6fc73db90-54e18bc1f938.json;verification/requirement-coverage-NREQ-0c973b955d61ee36887734df0ade5e69-20261007-context-aa211674369a-54e18bc1f938.json;verification/requirement-coverage-NREQ-0f5cdc9e49a6fb5b69455d4b2338448c-20261007-context-fb52feb719db-54e18bc1f938.json;verification/requirement-coverage-NREQ-0fe0693c63b640aac77aa7fa2ad3861d-20261007-context-e479a2d67661-54e18bc1f938.json;verification/requirement-coverage-NREQ-1000a70e39109bdb76b85fa6855a4892-20261007-context-fab4e794a047-54e18bc1f938.json;verification/requirement-coverage-NREQ-1543275bf85c6f452bce3c65a31dd691-20261007-context-bc25b407a6a7-54e18bc1f938.json;verification/requirement-coverage-NREQ-1576e27fba46e1d68631bb2ade2e37f4-20261007-context-f03bceab9e8e-54e18bc1f938.json;verification/requirement-coverage-NREQ-178819f4c44ad7250656e79d18a8cae3-20261007-context-c1c5855362aa-54e18bc1f938.json;verification/requirement-coverage-NREQ-18edc302ca3fad90513b66c585e688e6-20261007-context-c29757d88109-54e18bc1f938.json;verification/requirement-coverage-NREQ-1b07d67693ef773b4800dc6e06626b5b-20261007-context-dcaf72405bbe-54e18bc1f938.json;verification/requirement-coverage-NREQ-1cb8c122e35c6f4e36f01c95ea0d02c9-20261007-context-4e1b5cc17d08-54e18bc1f938.json;verification/requirement-coverage-NREQ-1e002259d64a939cee2f2a41f4bf3515-20261007-context-19c88e9b3697-54e18bc1f938.json;verification/requirement-coverage-NREQ-1f578d8524f1af57b280fd03422827f1-20261007-context-33c756e92bb7-54e18bc1f938.json;verification/requirement-coverage-NREQ-2046e21dd63ad76f992233d5582c716d-20261007-context-8d03363ebd61-54e18bc1f938.json;verification/requirement-coverage-NREQ-2174af2894ceaa1acb9a032113db659d-20261007-context-8376db0a1333-54e18bc1f938.json;verification/requirement-coverage-NREQ-229f56cf458329f04d589d3aa92b95e5-20261007-context-23fcc35649f3-54e18bc1f938.json;verification/requirement-coverage-NREQ-22cf265b2b952dcb7187618a915c98bd-20261007-context-78f2e077c3d8-54e18bc1f938.json;verification/requirement-coverage-NREQ-2323c8d363fd8c29f965d8c0e67549ae-20261007-context-cb02bb332e42-54e18bc1f938.json;verification/requirement-coverage-NREQ-2524a1d9ecc583bbd420778cfb147983-20261007-context-04970fd5ee41-54e18bc1f938.json;verification/requirement-coverage-NREQ-252dcf08d6bbe6a5893bc9cd551ef6ec-20261007-context-568f2f91efca-54e18bc1f938.json;verification/requirement-coverage-NREQ-255fe5112069486751f53087b1ab699e-20261007-context-608c37b31d30-54e18bc1f938.json;verification/requirement-coverage-NREQ-266e79545a48e7c4310883faa04e9844-20261007-context-7b27fb019885-54e18bc1f938.json;verification/requirement-coverage-NREQ-26b8cfa830777dd2bfa4c8aac620403c-20261007-context-08c3774267c0-54e18bc1f938.json;verification/requirement-coverage-NREQ-27cf5e6a8e4cf40ff1873bd4d059b3cd-20261007-context-079978627600-54e18bc1f938.json;verification/requirement-coverage-NREQ-27f437fe3040767de849d06a48cdb3c3-20261007-context-f1acc99ffcf8-54e18bc1f938.json;verification/requirement-coverage-NREQ-292af594522de75d72b35851b9befed4-20261007-context-e580690eff15-54e18bc1f938.json;verification/requirement-coverage-NREQ-2969c103b4ac33435f1e5d6c258a7b7b-20261007-context-857befb4ca6d-54e18bc1f938.json;verification/requirement-coverage-NREQ-2b14774ffd65e947a3d3deae3ad09c92-20261007-context-aa8204f96091-54e18bc1f938.json;verification/requirement-coverage-NREQ-318da161cc5f30f33449238ba3870773-20261007-context-123b97ea9f3d-54e18bc1f938.json;verification/requirement-coverage-NREQ-360281bfdd66bed29237ed7202962808-20261007-context-defd14234c9a-54e18bc1f938.json;verification/requirement-coverage-NREQ-39eba2aba9049ed18beade0c11e0c107-20261007-context-3f29c46a8871-54e18bc1f938.json;verification/requirement-coverage-NREQ-3a3ba3d92dd569d454e781fcccf7ac61-20261007-context-66b766ea1a5d-54e18bc1f938.json;verification/requirement-coverage-NREQ-41ab1c200b4ce5c9d1d96613a3e5b264-20261007-context-867dae61e345-54e18bc1f938.json;verification/requirement-coverage-NREQ-4363c0420b1bd921591c1f2446cfb8eb-20261007-context-de3533a949d5-54e18bc1f938.json;verification/requirement-coverage-NREQ-4592c9487837c81077b166abf57bb4a7-20261007-context-86ef01f1c3cb-54e18bc1f938.json;verification/requirement-coverage-NREQ-4b26e20f450b23eb551b2da03e69c9c9-20261007-context-07d6150a1321-54e18bc1f938.json;verification/requirement-coverage-NREQ-4b27c9f604f44c29404eacc12a59fd68-20261007-context-0ea535138580-54e18bc1f938.json;verification/requirement-coverage-NREQ-4bb54f6379863c0a17e6fbc58edcd042-20261007-context-c3df825e72e4-54e18bc1f938.json;verification/requirement-coverage-NREQ-4bb86ccfacff0ea8bbbc59df67b0ca4f-20261007-context-6dcc93386d57-54e18bc1f938.json;verification/requirement-coverage-NREQ-4d7b09d088c999d3c6e91a968cbe1a02-20261007-context-03745896590f-54e18bc1f938.json;verification/requirement-coverage-NREQ-5003532a6cda7a68c13be508fbf4d723-20261007-context-dccb85cd4973-54e18bc1f938.json;verification/requirement-coverage-NREQ-536910c50d3998944884b519e0d89555-20261007-context-0ceefe702ac1-54e18bc1f938.json;verification/requirement-coverage-NREQ-55dce831e47c4a26e093cc6134572e8f-20261007-context-b731d3ee0180-54e18bc1f938.json;verification/requirement-coverage-NREQ-55f458162d319bfbb710223b3528ef9f-20261007-context-5b104c0b9184-54e18bc1f938.json;verification/requirement-coverage-NREQ-57f8fa829a872f35948a81bd58477291-20261007-context-fd3ea3b718ef-54e18bc1f938.json;verification/requirement-coverage-NREQ-5811c65fa83521ee7afeedd602cec806-20261007-context-60e25b364eb4-54e18bc1f938.json;verification/requirement-coverage-NREQ-595ff4d66406e3bd9529e12f036c882b-20261007-context-b22989818f22-54e18bc1f938.json;verification/requirement-coverage-NREQ-59d5854af99ac5a566eb61e978519b21-20261007-context-e53573db3335-54e18bc1f938.json;verification/requirement-coverage-NREQ-5d9431875519d7cfc3188157a10d6bfc-20261007-context-6cff1723f402-54e18bc1f938.json;verification/requirement-coverage-NREQ-5dbdcf72dd32a519bb29fbf8250726d3-20261007-context-99eab70395b3-54e18bc1f938.json;verification/requirement-coverage-NREQ-5f9aa84ccae751c1692f148708a9288c-20261007-context-1a6ddd562cda-54e18bc1f938.json;verification/requirement-coverage-NREQ-5fe6282f6c99d8d0f13fdf06bb5317fa-20261007-context-b3f25a0a1514-54e18bc1f938.json;verification/requirement-coverage-NREQ-601ec85ffefcffd713520f4067f7529c-20261007-context-be7aad854ceb-54e18bc1f938.json;verification/requirement-coverage-NREQ-606a27b2b9b712e933dda6e0e7b0ce68-20261007-context-c717ae8f5d63-54e18bc1f938.json;verification/requirement-coverage-NREQ-647d36595971915d7c485a338ddc4013-20261007-context-661182e4e06d-54e18bc1f938.json;verification/requirement-coverage-NREQ-6a5e773812226552e3448329be3966cd-20261007-context-14f5a52593d0-54e18bc1f938.json;verification/requirement-coverage-NREQ-6fe30b5cb969bf2fb9daaabc3422ac38-20261007-context-2594d1e812f8-54e18bc1f938.json;verification/requirement-coverage-NREQ-70114fe79e900fc756a0d6cc14ea8f90-20261007-context-0322b753560e-54e18bc1f938.json;verification/requirement-coverage-NREQ-71896faa31bc64e94d98bc976e1e6f1d-20261007-context-def6b5edfdba-54e18bc1f938.json;verification/requirement-coverage-NREQ-72aa03a305fb8893a65d384f41d86aeb-20261007-context-6fb2556fc745-54e18bc1f938.json;verification/requirement-coverage-NREQ-72ba9c97f91e20a56d469fe3d4acf669-20261007-context-ce1798099b2f-54e18bc1f938.json;verification/requirement-coverage-NREQ-75151f881444015977da6a6d7d86cb1c-20261007-context-5c2a016004df-54e18bc1f938.json;verification/requirement-coverage-NREQ-7542acad543ceb37f7fb325baac0d9d0-20261007-context-1dab787f784f-54e18bc1f938.json;verification/requirement-coverage-NREQ-75b670fc6ea047b7452b4148f12a30ba-20261007-context-dfc64a21a246-54e18bc1f938.json;verification/requirement-coverage-NREQ-7643f1fb351e295ecb8565583cb9a37f-20261007-context-1fe2c84cf115-54e18bc1f938.json;verification/requirement-coverage-NREQ-768d67996244254c83c0d11796f63912-20261007-context-291bd5dd0e04-54e18bc1f938.json;verification/requirement-coverage-NREQ-78fef21919bbd7bb3bafba6f62210631-20261007-context-8f3806190781-54e18bc1f938.json;verification/requirement-coverage-NREQ-797b5fe50f9d13ae34d17cc98c7c8f24-20261007-context-0a94e402d167-54e18bc1f938.json;verification/requirement-coverage-NREQ-7a68fe07ee725cf205dd2102cd997b7f-20261007-context-652ecb1fe1af-54e18bc1f938.json;verification/requirement-coverage-NREQ-7add6f24a57198b72b500e5a2acf1ca6-20261007-context-6cba32557505-54e18bc1f938.json;verification/requirement-coverage-NREQ-7be2bf6dfeab825b0549d41a0151841e-20261007-context-4d745e4aa672-54e18bc1f938.json;verification/requirement-coverage-NREQ-7d91a0dd124e5a78fc01449f23a3e8fa-20261007-context-dfcfcb839c96-54e18bc1f938.json;verification/requirement-coverage-NREQ-829ac5f73d2b01828644e51c0675d6b6-20261007-context-b712f2bc0f59-54e18bc1f938.json;verification/requirement-coverage-NREQ-848909d4b95219bdb481803a4b1b91c2-20261007-context-73f60d480258-54e18bc1f938.json;verification/requirement-coverage-NREQ-853a934199459ed6bf419687ca08ba34-20261007-context-00fada70b5c9-54e18bc1f938.json;verification/requirement-coverage-NREQ-85b110cf9d0bf8e7e2a6ca34dcdee412-20261007-context-80144a03a02d-54e18bc1f938.json;verification/requirement-coverage-NREQ-86651d173d1583e48cf6c03f9d486f4f-20261007-context-327d2cc2c990-54e18bc1f938.json;verification/requirement-coverage-NREQ-87e7a29563e2235e49d5eea31da7db0c-20261007-context-04879b11d740-54e18bc1f938.json;verification/requirement-coverage-NREQ-8bb8790d8dd6c5082d6e0351c032cda5-20261007-context-ebd61b02b8d5-54e18bc1f938.json;verification/requirement-coverage-NREQ-8c2bdedb1f707a1a97695f7b0745365c-20261007-context-96450c77219a-54e18bc1f938.json;verification/requirement-coverage-NREQ-9050383f9f0b382f0fd9b465a0a20f78-20261007-context-cfc13d3d88ae-54e18bc1f938.json;verification/requirement-coverage-NREQ-925405b741265dbbc292d4f3a74c2bd6-20261007-context-acc52814e6d6-54e18bc1f938.json;verification/requirement-coverage-NREQ-928a65a08b403be3edc8b160ef9cc53c-20261007-context-bc514f8d980c-54e18bc1f938.json;verification/requirement-coverage-NREQ-928c9bbcf0101e2a0e4a0e69edc59164-20261007-context-c00b5434d55a-54e18bc1f938.json;verification/requirement-coverage-NREQ-931f08afd15144dcac6c7768f2c393d0-20261007-context-4eaa8fcb825e-54e18bc1f938.json;verification/requirement-coverage-NREQ-949f1919a3c7d66486dd74bbd084b71a-20261007-context-51d18e6898a2-54e18bc1f938.json;verification/requirement-coverage-NREQ-971af7158d193e9b1d780c13b6c8e0ec-20261007-context-3e84d85be560-54e18bc1f938.json;verification/requirement-coverage-NREQ-9b21240c5c27ee356dec92b459a0fcb9-20261007-context-f0585937ea82-54e18bc1f938.json;verification/requirement-coverage-NREQ-9e0ad66ef878f9e97c909997e976cc13-20261007-context-c8e259a009f0-54e18bc1f938.json;verification/requirement-coverage-NREQ-9e413bfc92a85655c990712d56002499-20261007-context-ce45300844ea-54e18bc1f938.json;verification/requirement-coverage-NREQ-a011968eff2ed2dc314d58ed27dfad88-20261007-context-87882d5bae07-54e18bc1f938.json;verification/requirement-coverage-NREQ-a0db6ddcb33d9af123b08d4d481c8ebd-20261007-context-6d4092da78f9-54e18bc1f938.json;verification/requirement-coverage-NREQ-a12012292224d4b4a0a9b1088c8c49d0-20261007-context-3fe1f1abe0f4-54e18bc1f938.json;verification/requirement-coverage-NREQ-a1bafeb7c6f6f12bf0c7b0f6fcadaab9-20261007-context-4b6563194ed6-54e18bc1f938.json;verification/requirement-coverage-NREQ-a3f1c0440fabe4b988fb5fca68a0487c-20261007-context-eac1ae13e05b-54e18bc1f938.json;verification/requirement-coverage-NREQ-a42ec803577aa8ccbe176ed8e20a8595-20261007-context-66547fe135c2-54e18bc1f938.json;verification/requirement-coverage-NREQ-a5e73329c9ae93f23b01a42d43179133-20261007-context-71a07396be34-54e18bc1f938.json;verification/requirement-coverage-NREQ-a6fb1ab9c309f702b7cd3d8c7f38cf8f-20261007-context-683bf6ce202e-54e18bc1f938.json;verification/requirement-coverage-NREQ-a7139de247d6263164ddc139ec1fe2ce-20261007-context-1e402d1c19b7-54e18bc1f938.json;verification/requirement-coverage-NREQ-a8822e7da5b9525a6c3e097b71e59183-20261007-context-c52dc24f6227-54e18bc1f938.json;verification/requirement-coverage-NREQ-a99b13aa6aa9c7ffa4b65010951f18ec-20261007-context-8e1c768bc690-54e18bc1f938.json;verification/requirement-coverage-NREQ-a9ef7326ce64b6049b07bdddd8d9d024-20261007-context-f1fcf2f90e43-54e18bc1f938.json;verification/requirement-coverage-NREQ-aa165dd96291b05acd70bf948f215d04-20261007-context-bb47e51ecefe-54e18bc1f938.json;verification/requirement-coverage-NREQ-aafc7cd5dc54af415d36425000d76acb-20261007-context-a26debd029d2-54e18bc1f938.json;verification/requirement-coverage-NREQ-ab9ab7c7ba110dfd3e0a5f8f5c9908cb-20261007-context-d64ec081ccf9-54e18bc1f938.json;verification/requirement-coverage-NREQ-ade9df74bf03ff347d7ae537fbfa738d-20261007-context-61a2341f94ae-54e18bc1f938.json;verification/requirement-coverage-NREQ-b04395198a63faa09666a1bfca300a1e-20261007-context-3d6d12bed622-54e18bc1f938.json;verification/requirement-coverage-NREQ-b14772d932b286c302b05996186c8022-20261007-context-53abd11134eb-54e18bc1f938.json;verification/requirement-coverage-NREQ-b366c2ac73e0e846627de23589a5a772-20261007-context-a26853843e41-54e18bc1f938.json;verification/requirement-coverage-NREQ-b3e8d9cffdde1f94d9d342ff0ed4f097-20261007-context-b36ec8d0d499-54e18bc1f938.json;verification/requirement-coverage-NREQ-b67c348ca653ff5a19ba01272dfd4262-20261007-context-d619c471e8d3-54e18bc1f938.json;verification/requirement-coverage-NREQ-b7b9ecdbceaad6aaefc9e55f7d5b3d48-20261007-context-08a2d1fe5fc7-54e18bc1f938.json;verification/requirement-coverage-NREQ-baa1c33b2e2490264f91881b06ff9da8-20261007-context-029f6195f4ba-54e18bc1f938.json;verification/requirement-coverage-NREQ-bc997511e2328af90b68d1898bcf6ed7-20261007-context-18574f44b5d8-54e18bc1f938.json;verification/requirement-coverage-NREQ-bde18b0504b7485cf77fad020a4a494b-20261007-context-90bbee2744c4-54e18bc1f938.json;verification/requirement-coverage-NREQ-bedc4564e47ae7ebf86911eb8426b6f0-20261007-context-303caf90caff-54e18bc1f938.json;verification/requirement-coverage-NREQ-befdab6cc6a4121936987a35fc18e1c9-20261007-context-c8b0b09a87ad-54e18bc1f938.json;verification/requirement-coverage-NREQ-bfc0e4b5d516977d7fcad7b3f74e43c6-20261007-context-a86412ff6400-54e18bc1f938.json;verification/requirement-coverage-NREQ-c0080ab56f40757c88225dc35a1f98f0-20261007-context-79fe3bf8357b-54e18bc1f938.json;verification/requirement-coverage-NREQ-c0a2fa84e2aafe674742a0bb98c40e02-20261007-context-949b3819c6b9-54e18bc1f938.json;verification/requirement-coverage-NREQ-c1d94148ff5023aac7735baefed6c35d-20261007-context-c697349e63e8-54e18bc1f938.json;verification/requirement-coverage-NREQ-c6ad5908eba2e59771e74f2ceebc5077-20261007-context-e1522203239f-54e18bc1f938.json;verification/requirement-coverage-NREQ-c756b0b15119dd819444cd7212bdad56-20261007-context-fb0c67dfb2a4-54e18bc1f938.json;verification/requirement-coverage-NREQ-c94c878ef2cf8c6a35b0985da91c0c85-20261007-context-fe6c073ad55f-54e18bc1f938.json;verification/requirement-coverage-NREQ-cf25cf824db06866df51c0e538fcbc03-20261007-context-fde639603c5f-54e18bc1f938.json;verification/requirement-coverage-NREQ-cf2cbee76666e1f836c4cca046988062-20261007-context-ee826876a6b9-54e18bc1f938.json;verification/requirement-coverage-NREQ-d2fa27e805583d3a5c7d281ed7051950-20261007-context-8e1b30f0d0bb-54e18bc1f938.json;verification/requirement-coverage-NREQ-d3216139914fb4c3ec1d54819ee18890-20261007-context-4d85dbcad915-54e18bc1f938.json;verification/requirement-coverage-NREQ-d6eeb36f75c6f6f6854a2e3aa9ac2070-20261007-context-e9e30bbb47a8-54e18bc1f938.json;verification/requirement-coverage-NREQ-d6f8519fc2d36e59e4eba26af0442d14-20261007-context-2fbfbdc64e39-54e18bc1f938.json;verification/requirement-coverage-NREQ-db8a127d9ff92a6510ae92e3eb1fbb86-20261007-context-e4c13fc3e86d-54e18bc1f938.json;verification/requirement-coverage-NREQ-dba22c5f93e4359c4b7d4ebdd9799dbf-20261007-context-20dec9a14f41-54e18bc1f938.json;verification/requirement-coverage-NREQ-dd1241e76fbe641c1c88243ba947dc89-20261007-context-d1b7c31332df-54e18bc1f938.json;verification/requirement-coverage-NREQ-ddf7192c16e06f5276d4d324b2e1f6c3-20261007-context-471ddf5379c5-54e18bc1f938.json;verification/requirement-coverage-NREQ-e0b91994f249e0b795ab80a6e3f4a4a2-20261007-context-b609fa37652f-54e18bc1f938.json;verification/requirement-coverage-NREQ-e1a8ce05f1d7a97c385039fd3bd71143-20261007-context-6e9650794698-54e18bc1f938.json;verification/requirement-coverage-NREQ-e2c966ff2db0502c8d0f2d40e87f4262-20261007-context-c6d95e2cb2e2-54e18bc1f938.json;verification/requirement-coverage-NREQ-e5db8a7c723f5b54ada73ce37c7725a2-20261007-context-6d038e318a4a-54e18bc1f938.json;verification/requirement-coverage-NREQ-ea453611a3a1f48cdd2fbfbe946d7ac7-20261007-context-5fb3beeac070-54e18bc1f938.json;verification/requirement-coverage-NREQ-ebadc5f449d2029613a3af4b31f78c6f-20261007-context-4fd7fab953a6-54e18bc1f938.json;verification/requirement-coverage-NREQ-ec756b9a468c4ea50f2d35c578a1a11a-20261007-context-5b0bc69cf0f7-54e18bc1f938.json;verification/requirement-coverage-NREQ-ee95aae3e46bebd05ef8469aff39c9da-20261007-context-4ab906314fee-54e18bc1f938.json;verification/requirement-coverage-NREQ-efa519285f6f28591dc9ad7936c1caa6-20261007-context-67b0bcc51a0a-54e18bc1f938.json;verification/requirement-coverage-NREQ-f0d3896f2d4c46e85ce52981147764ef-20261007-context-01afc04c65c4-54e18bc1f938.json;verification/requirement-coverage-NREQ-f1919b51ebfc8561d0140c02cbf08abd-20261007-context-5b509fd997c1-54e18bc1f938.json;verification/requirement-coverage-NREQ-f295ec535d0d117429de1cced6886a6e-20261007-context-c064f5db48cd-54e18bc1f938.json;verification/requirement-coverage-NREQ-f2d6f77dfa27e853d7eb5dab69be388d-20261007-context-e9122d35086e-54e18bc1f938.json;verification/requirement-coverage-NREQ-f41a79c58369bd76c58ad7e831e953ce-20261007-context-a6f639cd6cfc-54e18bc1f938.json;verification/requirement-coverage-NREQ-f50ee5baca83ff85d962de77d313fda6-20261007-context-fd5c589d06d2-54e18bc1f938.json;verification/requirement-coverage-NREQ-f6858b1d41ca1327e88e31e7f0e8f94f-20261007-context-4f6feb334f83-54e18bc1f938.json;verification/requirement-coverage-NREQ-f6e1df45974ccc5d32aafbc5f38dd535-20261007-context-b48c49f827aa-54e18bc1f938.json;verification/requirement-coverage-NREQ-f9c8f3d1723060ee3fd3fa87ba2a4d75-20261007-context-0bef4700f599-54e18bc1f938.json
A	verification-evidence-preload.mjs	3c7835db4197c92c07dc83abae8f1f63bf1815d389d9f8392e08096093d92ffa	CURRENT_HASH_MATCHES_RETAINED_SCOPED_REVIEW_INPUT	verification/requirement-coverage-NREQ-c94c878ef2cf8c6a35b0985da91c0c85-20261007-context-fe6c073ad55f-54e18bc1f938.json;verification/requirement-coverage-NREQ-ea453611a3a1f48cdd2fbfbe946d7ac7-20261007-context-5fb3beeac070-54e18bc1f938.json
A	verification-evidence.mjs	1fa8705ab0951782d31d4136fcfb1f9be772fb9f6b9039627a32b527320ce972	CURRENT_HASH_MATCHES_RETAINED_SCOPED_REVIEW_INPUT	verification/requirement-coverage-NREQ-4b26e20f450b23eb551b2da03e69c9c9-20261007-context-07d6150a1321-54e18bc1f938.json;verification/requirement-coverage-NREQ-a011968eff2ed2dc314d58ed27dfad88-20261007-context-87882d5bae07-54e18bc1f938.json;verification/requirement-coverage-NREQ-bedc4564e47ae7ebf86911eb8426b6f0-20261007-context-303caf90caff-54e18bc1f938.json;verification/requirement-coverage-NREQ-befdab6cc6a4121936987a35fc18e1c9-20261007-context-c8b0b09a87ad-54e18bc1f938.json
A	verification-negative-populations.json	8fcf901cc8a9667ef37e1630b7d59e9ff4cc919ce2381acc60e23e695c43d22e	CURRENT_HASH_MATCHES_RETAINED_SCOPED_REVIEW_INPUT	verification/requirement-coverage-NREQ-0c973b955d61ee36887734df0ade5e69-20261007-context-aa211674369a-54e18bc1f938.json;verification/requirement-coverage-NREQ-1576e27fba46e1d68631bb2ade2e37f4-20261007-context-f03bceab9e8e-54e18bc1f938.json;verification/requirement-coverage-NREQ-41ab1c200b4ce5c9d1d96613a3e5b264-20261007-context-867dae61e345-54e18bc1f938.json;verification/requirement-coverage-NREQ-4bb86ccfacff0ea8bbbc59df67b0ca4f-20261007-context-6dcc93386d57-54e18bc1f938.json;verification/requirement-coverage-NREQ-59d5854af99ac5a566eb61e978519b21-20261007-context-e53573db3335-54e18bc1f938.json;verification/requirement-coverage-NREQ-75b670fc6ea047b7452b4148f12a30ba-20261007-context-dfc64a21a246-54e18bc1f938.json;verification/requirement-coverage-NREQ-768d67996244254c83c0d11796f63912-20261007-context-291bd5dd0e04-54e18bc1f938.json;verification/requirement-coverage-NREQ-7a68fe07ee725cf205dd2102cd997b7f-20261007-context-652ecb1fe1af-54e18bc1f938.json;verification/requirement-coverage-NREQ-86651d173d1583e48cf6c03f9d486f4f-20261007-context-327d2cc2c990-54e18bc1f938.json;verification/requirement-coverage-NREQ-971af7158d193e9b1d780c13b6c8e0ec-20261007-context-3e84d85be560-54e18bc1f938.json;verification/requirement-coverage-NREQ-cf25cf824db06866df51c0e538fcbc03-20261007-context-fde639603c5f-54e18bc1f938.json
A	verification/approved-deferred-compatibility-20261005.json	f4e7b4b0ab5a68f3049b14ea0b1056329b82688597ebced5c13e97be4d0f5e9a	RECOVERED_EXACT_SOURCE_SCOPED_REVIEW_RETAINED_WITH_ORIGINAL_LIMITS	/workspace/scratch/recovered-20261006/evidence/02-pr-review/complete-pr-file-review-inventory.json#/files/64;/workspace/scratch/recovered-20261006/evidence/02-pr-review/working-pr-file-review-inventory.json#/files/65
A	verification/approved-deferred-compatibility-proposal-20261005.md	06c888569c9eaca414bde1926940cf596838fc2dd12c4ff7d4295e05d27ea22f	RECOVERED_EXACT_SOURCE_SCOPED_REVIEW_RETAINED_WITH_ORIGINAL_LIMITS	/workspace/scratch/recovered-20261006/evidence/02-pr-review/complete-pr-file-review-inventory.json#/files/65;/workspace/scratch/recovered-20261006/evidence/02-pr-review/working-pr-file-review-inventory.json#/files/66
A	verification/ci-evidence-independent-delta-review-20261010.json	2c95da9d8742f268ad2b73be4ad4baaed0089dfb798f471800d9314cf4f222cd	CURRENT_HASH_MATCHES_RETAINED_SCOPED_REVIEW_INPUT	verification/requirement-coverage-NREQ-4b26e20f450b23eb551b2da03e69c9c9-20261007-context-07d6150a1321-54e18bc1f938.json;verification/requirement-coverage-NREQ-a011968eff2ed2dc314d58ed27dfad88-20261007-context-87882d5bae07-54e18bc1f938.json;verification/requirement-coverage-NREQ-bedc4564e47ae7ebf86911eb8426b6f0-20261007-context-303caf90caff-54e18bc1f938.json;verification/requirement-coverage-NREQ-befdab6cc6a4121936987a35fc18e1c9-20261007-context-c8b0b09a87ad-54e18bc1f938.json;verification/requirement-coverage-NREQ-c94c878ef2cf8c6a35b0985da91c0c85-20261007-context-fe6c073ad55f-54e18bc1f938.json;verification/requirement-coverage-NREQ-ea453611a3a1f48cdd2fbfbe946d7ac7-20261007-context-5fb3beeac070-54e18bc1f938.json
A	verification/ci-group-handoff-independent-delta-review-20261010.json	3b8b941ac5a47dec4bd681f3e4dbe939230db8875d40c62c17e862e912f04c4d	CURRENT_HASH_MATCHES_RETAINED_SCOPED_REVIEW_INPUT	verification/requirement-coverage-NREQ-012f85cfd2196b3413752b3deb14edf0-20261007-context-faf7fb1b8f5f-54e18bc1f938.json;verification/requirement-coverage-NREQ-092f78e488e6282f342b533fa7801e3e-20261007-context-11d306878126-54e18bc1f938.json;verification/requirement-coverage-NREQ-0b73c99557630a5deeace7e89ea0e28f-20261007-context-70f6fc73db90-54e18bc1f938.json;verification/requirement-coverage-NREQ-0c973b955d61ee36887734df0ade5e69-20261007-context-aa211674369a-54e18bc1f938.json;verification/requirement-coverage-NREQ-0fe0693c63b640aac77aa7fa2ad3861d-20261007-context-e479a2d67661-54e18bc1f938.json;verification/requirement-coverage-NREQ-1543275bf85c6f452bce3c65a31dd691-20261007-context-bc25b407a6a7-54e18bc1f938.json;verification/requirement-coverage-NREQ-1576e27fba46e1d68631bb2ade2e37f4-20261007-context-f03bceab9e8e-54e18bc1f938.json;verification/requirement-coverage-NREQ-178819f4c44ad7250656e79d18a8cae3-20261007-context-c1c5855362aa-54e18bc1f938.json;verification/requirement-coverage-NREQ-1b07d67693ef773b4800dc6e06626b5b-20261007-context-dcaf72405bbe-54e18bc1f938.json;verification/requirement-coverage-NREQ-1cb8c122e35c6f4e36f01c95ea0d02c9-20261007-context-4e1b5cc17d08-54e18bc1f938.json;verification/requirement-coverage-NREQ-1e002259d64a939cee2f2a41f4bf3515-20261007-context-19c88e9b3697-54e18bc1f938.json;verification/requirement-coverage-NREQ-1f578d8524f1af57b280fd03422827f1-20261007-context-33c756e92bb7-54e18bc1f938.json;verification/requirement-coverage-NREQ-2046e21dd63ad76f992233d5582c716d-20261007-context-8d03363ebd61-54e18bc1f938.json;verification/requirement-coverage-NREQ-2323c8d363fd8c29f965d8c0e67549ae-20261007-context-cb02bb332e42-54e18bc1f938.json;verification/requirement-coverage-NREQ-2524a1d9ecc583bbd420778cfb147983-20261007-context-04970fd5ee41-54e18bc1f938.json;verification/requirement-coverage-NREQ-2969c103b4ac33435f1e5d6c258a7b7b-20261007-context-857befb4ca6d-54e18bc1f938.json;verification/requirement-coverage-NREQ-318da161cc5f30f33449238ba3870773-20261007-context-123b97ea9f3d-54e18bc1f938.json;verification/requirement-coverage-NREQ-360281bfdd66bed29237ed7202962808-20261007-context-defd14234c9a-54e18bc1f938.json;verification/requirement-coverage-NREQ-41ab1c200b4ce5c9d1d96613a3e5b264-20261007-context-867dae61e345-54e18bc1f938.json;verification/requirement-coverage-NREQ-4592c9487837c81077b166abf57bb4a7-20261007-context-86ef01f1c3cb-54e18bc1f938.json;verification/requirement-coverage-NREQ-4b26e20f450b23eb551b2da03e69c9c9-20261007-context-07d6150a1321-54e18bc1f938.json;verification/requirement-coverage-NREQ-4b27c9f604f44c29404eacc12a59fd68-20261007-context-0ea535138580-54e18bc1f938.json;verification/requirement-coverage-NREQ-4bb86ccfacff0ea8bbbc59df67b0ca4f-20261007-context-6dcc93386d57-54e18bc1f938.json;verification/requirement-coverage-NREQ-5003532a6cda7a68c13be508fbf4d723-20261007-context-dccb85cd4973-54e18bc1f938.json;verification/requirement-coverage-NREQ-55f458162d319bfbb710223b3528ef9f-20261007-context-5b104c0b9184-54e18bc1f938.json;verification/requirement-coverage-NREQ-57f8fa829a872f35948a81bd58477291-20261007-context-fd3ea3b718ef-54e18bc1f938.json;verification/requirement-coverage-NREQ-5811c65fa83521ee7afeedd602cec806-20261007-context-60e25b364eb4-54e18bc1f938.json;verification/requirement-coverage-NREQ-595ff4d66406e3bd9529e12f036c882b-20261007-context-b22989818f22-54e18bc1f938.json;verification/requirement-coverage-NREQ-59d5854af99ac5a566eb61e978519b21-20261007-context-e53573db3335-54e18bc1f938.json;verification/requirement-coverage-NREQ-5dbdcf72dd32a519bb29fbf8250726d3-20261007-context-99eab70395b3-54e18bc1f938.json;verification/requirement-coverage-NREQ-601ec85ffefcffd713520f4067f7529c-20261007-context-be7aad854ceb-54e18bc1f938.json;verification/requirement-coverage-NREQ-606a27b2b9b712e933dda6e0e7b0ce68-20261007-context-c717ae8f5d63-54e18bc1f938.json;verification/requirement-coverage-NREQ-6a5e773812226552e3448329be3966cd-20261007-context-14f5a52593d0-54e18bc1f938.json;verification/requirement-coverage-NREQ-71896faa31bc64e94d98bc976e1e6f1d-20261007-context-def6b5edfdba-54e18bc1f938.json;verification/requirement-coverage-NREQ-72aa03a305fb8893a65d384f41d86aeb-20261007-context-6fb2556fc745-54e18bc1f938.json;verification/requirement-coverage-NREQ-72ba9c97f91e20a56d469fe3d4acf669-20261007-context-ce1798099b2f-54e18bc1f938.json;verification/requirement-coverage-NREQ-75151f881444015977da6a6d7d86cb1c-20261007-context-5c2a016004df-54e18bc1f938.json;verification/requirement-coverage-NREQ-75b670fc6ea047b7452b4148f12a30ba-20261007-context-dfc64a21a246-54e18bc1f938.json;verification/requirement-coverage-NREQ-7643f1fb351e295ecb8565583cb9a37f-20261007-context-1fe2c84cf115-54e18bc1f938.json;verification/requirement-coverage-NREQ-768d67996244254c83c0d11796f63912-20261007-context-291bd5dd0e04-54e18bc1f938.json;verification/requirement-coverage-NREQ-78fef21919bbd7bb3bafba6f62210631-20261007-context-8f3806190781-54e18bc1f938.json;verification/requirement-coverage-NREQ-797b5fe50f9d13ae34d17cc98c7c8f24-20261007-context-0a94e402d167-54e18bc1f938.json;verification/requirement-coverage-NREQ-7a68fe07ee725cf205dd2102cd997b7f-20261007-context-652ecb1fe1af-54e18bc1f938.json;verification/requirement-coverage-NREQ-7be2bf6dfeab825b0549d41a0151841e-20261007-context-4d745e4aa672-54e18bc1f938.json;verification/requirement-coverage-NREQ-848909d4b95219bdb481803a4b1b91c2-20261007-context-73f60d480258-54e18bc1f938.json;verification/requirement-coverage-NREQ-85b110cf9d0bf8e7e2a6ca34dcdee412-20261007-context-80144a03a02d-54e18bc1f938.json;verification/requirement-coverage-NREQ-86651d173d1583e48cf6c03f9d486f4f-20261007-context-327d2cc2c990-54e18bc1f938.json;verification/requirement-coverage-NREQ-87e7a29563e2235e49d5eea31da7db0c-20261007-context-04879b11d740-54e18bc1f938.json;verification/requirement-coverage-NREQ-8bb8790d8dd6c5082d6e0351c032cda5-20261007-context-ebd61b02b8d5-54e18bc1f938.json;verification/requirement-coverage-NREQ-928a65a08b403be3edc8b160ef9cc53c-20261007-context-bc514f8d980c-54e18bc1f938.json;verification/requirement-coverage-NREQ-949f1919a3c7d66486dd74bbd084b71a-20261007-context-51d18e6898a2-54e18bc1f938.json;verification/requirement-coverage-NREQ-971af7158d193e9b1d780c13b6c8e0ec-20261007-context-3e84d85be560-54e18bc1f938.json;verification/requirement-coverage-NREQ-9e0ad66ef878f9e97c909997e976cc13-20261007-context-c8e259a009f0-54e18bc1f938.json;verification/requirement-coverage-NREQ-a011968eff2ed2dc314d58ed27dfad88-20261007-context-87882d5bae07-54e18bc1f938.json;verification/requirement-coverage-NREQ-a0db6ddcb33d9af123b08d4d481c8ebd-20261007-context-6d4092da78f9-54e18bc1f938.json;verification/requirement-coverage-NREQ-a1bafeb7c6f6f12bf0c7b0f6fcadaab9-20261007-context-4b6563194ed6-54e18bc1f938.json;verification/requirement-coverage-NREQ-a3f1c0440fabe4b988fb5fca68a0487c-20261007-context-eac1ae13e05b-54e18bc1f938.json;verification/requirement-coverage-NREQ-a42ec803577aa8ccbe176ed8e20a8595-20261007-context-66547fe135c2-54e18bc1f938.json;verification/requirement-coverage-NREQ-a6fb1ab9c309f702b7cd3d8c7f38cf8f-20261007-context-683bf6ce202e-54e18bc1f938.json;verification/requirement-coverage-NREQ-a7139de247d6263164ddc139ec1fe2ce-20261007-context-1e402d1c19b7-54e18bc1f938.json;verification/requirement-coverage-NREQ-a99b13aa6aa9c7ffa4b65010951f18ec-20261007-context-8e1c768bc690-54e18bc1f938.json;verification/requirement-coverage-NREQ-ade9df74bf03ff347d7ae537fbfa738d-20261007-context-61a2341f94ae-54e18bc1f938.json;verification/requirement-coverage-NREQ-b04395198a63faa09666a1bfca300a1e-20261007-context-3d6d12bed622-54e18bc1f938.json;verification/requirement-coverage-NREQ-b366c2ac73e0e846627de23589a5a772-20261007-context-a26853843e41-54e18bc1f938.json;verification/requirement-coverage-NREQ-b3e8d9cffdde1f94d9d342ff0ed4f097-20261007-context-b36ec8d0d499-54e18bc1f938.json;verification/requirement-coverage-NREQ-b67c348ca653ff5a19ba01272dfd4262-20261007-context-d619c471e8d3-54e18bc1f938.json;verification/requirement-coverage-NREQ-b7b9ecdbceaad6aaefc9e55f7d5b3d48-20261007-context-08a2d1fe5fc7-54e18bc1f938.json;verification/requirement-coverage-NREQ-baa1c33b2e2490264f91881b06ff9da8-20261007-context-029f6195f4ba-54e18bc1f938.json;verification/requirement-coverage-NREQ-bc997511e2328af90b68d1898bcf6ed7-20261007-context-18574f44b5d8-54e18bc1f938.json;verification/requirement-coverage-NREQ-bde18b0504b7485cf77fad020a4a494b-20261007-context-90bbee2744c4-54e18bc1f938.json;verification/requirement-coverage-NREQ-bedc4564e47ae7ebf86911eb8426b6f0-20261007-context-303caf90caff-54e18bc1f938.json;verification/requirement-coverage-NREQ-befdab6cc6a4121936987a35fc18e1c9-20261007-context-c8b0b09a87ad-54e18bc1f938.json;verification/requirement-coverage-NREQ-c0080ab56f40757c88225dc35a1f98f0-20261007-context-79fe3bf8357b-54e18bc1f938.json;verification/requirement-coverage-NREQ-c0a2fa84e2aafe674742a0bb98c40e02-20261007-context-949b3819c6b9-54e18bc1f938.json;verification/requirement-coverage-NREQ-c1d94148ff5023aac7735baefed6c35d-20261007-context-c697349e63e8-54e18bc1f938.json;verification/requirement-coverage-NREQ-c94c878ef2cf8c6a35b0985da91c0c85-20261007-context-fe6c073ad55f-54e18bc1f938.json;verification/requirement-coverage-NREQ-cf25cf824db06866df51c0e538fcbc03-20261007-context-fde639603c5f-54e18bc1f938.json;verification/requirement-coverage-NREQ-cf2cbee76666e1f836c4cca046988062-20261007-context-ee826876a6b9-54e18bc1f938.json;verification/requirement-coverage-NREQ-d2fa27e805583d3a5c7d281ed7051950-20261007-context-8e1b30f0d0bb-54e18bc1f938.json;verification/requirement-coverage-NREQ-d3216139914fb4c3ec1d54819ee18890-20261007-context-4d85dbcad915-54e18bc1f938.json;verification/requirement-coverage-NREQ-d6eeb36f75c6f6f6854a2e3aa9ac2070-20261007-context-e9e30bbb47a8-54e18bc1f938.json;verification/requirement-coverage-NREQ-e0b91994f249e0b795ab80a6e3f4a4a2-20261007-context-b609fa37652f-54e18bc1f938.json;verification/requirement-coverage-NREQ-e2c966ff2db0502c8d0f2d40e87f4262-20261007-context-c6d95e2cb2e2-54e18bc1f938.json;verification/requirement-coverage-NREQ-ea453611a3a1f48cdd2fbfbe946d7ac7-20261007-context-5fb3beeac070-54e18bc1f938.json;verification/requirement-coverage-NREQ-ebadc5f449d2029613a3af4b31f78c6f-20261007-context-4fd7fab953a6-54e18bc1f938.json;verification/requirement-coverage-NREQ-ec756b9a468c4ea50f2d35c578a1a11a-20261007-context-5b0bc69cf0f7-54e18bc1f938.json;verification/requirement-coverage-NREQ-f1919b51ebfc8561d0140c02cbf08abd-20261007-context-5b509fd997c1-54e18bc1f938.json;verification/requirement-coverage-NREQ-f2d6f77dfa27e853d7eb5dab69be388d-20261007-context-e9122d35086e-54e18bc1f938.json;verification/requirement-coverage-NREQ-f41a79c58369bd76c58ad7e831e953ce-20261007-context-a6f639cd6cfc-54e18bc1f938.json;verification/requirement-coverage-NREQ-f6e1df45974ccc5d32aafbc5f38dd535-20261007-context-b48c49f827aa-54e18bc1f938.json
A	verification/ci-scheduling-delta-review-20261008.json	a5fa35ea7c8f4364e5e6635d81bf97f6a441efbf96c58461e4b7bf07bd79455d	CURRENT_HASH_MATCHES_RETAINED_SCOPED_REVIEW_INPUT	verification/requirement-coverage-NREQ-4b26e20f450b23eb551b2da03e69c9c9-20261007-context-07d6150a1321-54e18bc1f938.json;verification/requirement-coverage-NREQ-a011968eff2ed2dc314d58ed27dfad88-20261007-context-87882d5bae07-54e18bc1f938.json;verification/requirement-coverage-NREQ-bedc4564e47ae7ebf86911eb8426b6f0-20261007-context-303caf90caff-54e18bc1f938.json;verification/requirement-coverage-NREQ-befdab6cc6a4121936987a35fc18e1c9-20261007-context-c8b0b09a87ad-54e18bc1f938.json
M	verification/closed-loop-build-state.json	02a05246fa73b21110950327a10fd3ca69cc94781e66d3e56f5419340bcc7dce	RECOVERED_EXACT_SOURCE_SCOPED_REVIEW_RETAINED_WITH_ORIGINAL_LIMITS	/workspace/scratch/recovered-20261006/evidence/02-pr-review/complete-pr-file-review-inventory.json#/files/66;/workspace/scratch/recovered-20261006/evidence/02-pr-review/working-pr-file-review-inventory.json#/files/67
A	verification/complete-system-repair-20261007.md	2baa3c9b7900c7cb8e6ce70ceaf4953b28cda9ba33a4fefa725a36f0c9ddd917	HISTORICAL_ALL_FILE_REVIEW_REPORTED_BACKING_INVENTORY_UNAVAILABLE	NONE_RETAINED
A	verification/current-source-delta-review-20261007.json	45cca5871ac89cf1583a3825aec5a7d488d4d40dc70afb51a8534470dececf09	CURRENT_HASH_MATCHES_RETAINED_SCOPED_REVIEW_INPUT	verification/requirement-coverage-NREQ-012f85cfd2196b3413752b3deb14edf0-20261007-context-faf7fb1b8f5f-54e18bc1f938.json;verification/requirement-coverage-NREQ-04e156310ae4ecdd6915448e3f30e047-20261007-context-9f8a35215a69-54e18bc1f938.json;verification/requirement-coverage-NREQ-0774fcb2b6e2510d755133d371474ec8-20261007-context-d48d5f2a8e1a-54e18bc1f938.json;verification/requirement-coverage-NREQ-092f78e488e6282f342b533fa7801e3e-20261007-context-11d306878126-54e18bc1f938.json;verification/requirement-coverage-NREQ-0b73c99557630a5deeace7e89ea0e28f-20261007-context-70f6fc73db90-54e18bc1f938.json;verification/requirement-coverage-NREQ-0c973b955d61ee36887734df0ade5e69-20261007-context-aa211674369a-54e18bc1f938.json;verification/requirement-coverage-NREQ-0f5cdc9e49a6fb5b69455d4b2338448c-20261007-context-fb52feb719db-54e18bc1f938.json;verification/requirement-coverage-NREQ-0fe0693c63b640aac77aa7fa2ad3861d-20261007-context-e479a2d67661-54e18bc1f938.json;verification/requirement-coverage-NREQ-1000a70e39109bdb76b85fa6855a4892-20261007-context-fab4e794a047-54e18bc1f938.json;verification/requirement-coverage-NREQ-1543275bf85c6f452bce3c65a31dd691-20261007-context-bc25b407a6a7-54e18bc1f938.json;verification/requirement-coverage-NREQ-1576e27fba46e1d68631bb2ade2e37f4-20261007-context-f03bceab9e8e-54e18bc1f938.json;verification/requirement-coverage-NREQ-178819f4c44ad7250656e79d18a8cae3-20261007-context-c1c5855362aa-54e18bc1f938.json;verification/requirement-coverage-NREQ-18edc302ca3fad90513b66c585e688e6-20261007-context-c29757d88109-54e18bc1f938.json;verification/requirement-coverage-NREQ-1b07d67693ef773b4800dc6e06626b5b-20261007-context-dcaf72405bbe-54e18bc1f938.json;verification/requirement-coverage-NREQ-1cb8c122e35c6f4e36f01c95ea0d02c9-20261007-context-4e1b5cc17d08-54e18bc1f938.json;verification/requirement-coverage-NREQ-1e002259d64a939cee2f2a41f4bf3515-20261007-context-19c88e9b3697-54e18bc1f938.json;verification/requirement-coverage-NREQ-1f578d8524f1af57b280fd03422827f1-20261007-context-33c756e92bb7-54e18bc1f938.json;verification/requirement-coverage-NREQ-2046e21dd63ad76f992233d5582c716d-20261007-context-8d03363ebd61-54e18bc1f938.json;verification/requirement-coverage-NREQ-2174af2894ceaa1acb9a032113db659d-20261007-context-8376db0a1333-54e18bc1f938.json;verification/requirement-coverage-NREQ-229f56cf458329f04d589d3aa92b95e5-20261007-context-23fcc35649f3-54e18bc1f938.json;verification/requirement-coverage-NREQ-22cf265b2b952dcb7187618a915c98bd-20261007-context-78f2e077c3d8-54e18bc1f938.json;verification/requirement-coverage-NREQ-2323c8d363fd8c29f965d8c0e67549ae-20261007-context-cb02bb332e42-54e18bc1f938.json;verification/requirement-coverage-NREQ-2524a1d9ecc583bbd420778cfb147983-20261007-context-04970fd5ee41-54e18bc1f938.json;verification/requirement-coverage-NREQ-252dcf08d6bbe6a5893bc9cd551ef6ec-20261007-context-568f2f91efca-54e18bc1f938.json;verification/requirement-coverage-NREQ-255fe5112069486751f53087b1ab699e-20261007-context-608c37b31d30-54e18bc1f938.json;verification/requirement-coverage-NREQ-266e79545a48e7c4310883faa04e9844-20261007-context-7b27fb019885-54e18bc1f938.json;verification/requirement-coverage-NREQ-26b8cfa830777dd2bfa4c8aac620403c-20261007-context-08c3774267c0-54e18bc1f938.json;verification/requirement-coverage-NREQ-27cf5e6a8e4cf40ff1873bd4d059b3cd-20261007-context-079978627600-54e18bc1f938.json;verification/requirement-coverage-NREQ-27f437fe3040767de849d06a48cdb3c3-20261007-context-f1acc99ffcf8-54e18bc1f938.json;verification/requirement-coverage-NREQ-292af594522de75d72b35851b9befed4-20261007-context-e580690eff15-54e18bc1f938.json;verification/requirement-coverage-NREQ-2969c103b4ac33435f1e5d6c258a7b7b-20261007-context-857befb4ca6d-54e18bc1f938.json;verification/requirement-coverage-NREQ-2b14774ffd65e947a3d3deae3ad09c92-20261007-context-aa8204f96091-54e18bc1f938.json;verification/requirement-coverage-NREQ-318da161cc5f30f33449238ba3870773-20261007-context-123b97ea9f3d-54e18bc1f938.json;verification/requirement-coverage-NREQ-360281bfdd66bed29237ed7202962808-20261007-context-defd14234c9a-54e18bc1f938.json;verification/requirement-coverage-NREQ-39eba2aba9049ed18beade0c11e0c107-20261007-context-3f29c46a8871-54e18bc1f938.json;verification/requirement-coverage-NREQ-3a3ba3d92dd569d454e781fcccf7ac61-20261007-context-66b766ea1a5d-54e18bc1f938.json;verification/requirement-coverage-NREQ-41ab1c200b4ce5c9d1d96613a3e5b264-20261007-context-867dae61e345-54e18bc1f938.json;verification/requirement-coverage-NREQ-4363c0420b1bd921591c1f2446cfb8eb-20261007-context-de3533a949d5-54e18bc1f938.json;verification/requirement-coverage-NREQ-4592c9487837c81077b166abf57bb4a7-20261007-context-86ef01f1c3cb-54e18bc1f938.json;verification/requirement-coverage-NREQ-4b26e20f450b23eb551b2da03e69c9c9-20261007-context-07d6150a1321-54e18bc1f938.json;verification/requirement-coverage-NREQ-4b27c9f604f44c29404eacc12a59fd68-20261007-context-0ea535138580-54e18bc1f938.json;verification/requirement-coverage-NREQ-4bb54f6379863c0a17e6fbc58edcd042-20261007-context-c3df825e72e4-54e18bc1f938.json;verification/requirement-coverage-NREQ-4bb86ccfacff0ea8bbbc59df67b0ca4f-20261007-context-6dcc93386d57-54e18bc1f938.json;verification/requirement-coverage-NREQ-4d7b09d088c999d3c6e91a968cbe1a02-20261007-context-03745896590f-54e18bc1f938.json;verification/requirement-coverage-NREQ-5003532a6cda7a68c13be508fbf4d723-20261007-context-dccb85cd4973-54e18bc1f938.json;verification/requirement-coverage-NREQ-536910c50d3998944884b519e0d89555-20261007-context-0ceefe702ac1-54e18bc1f938.json;verification/requirement-coverage-NREQ-55dce831e47c4a26e093cc6134572e8f-20261007-context-b731d3ee0180-54e18bc1f938.json;verification/requirement-coverage-NREQ-55f458162d319bfbb710223b3528ef9f-20261007-context-5b104c0b9184-54e18bc1f938.json;verification/requirement-coverage-NREQ-57f8fa829a872f35948a81bd58477291-20261007-context-fd3ea3b718ef-54e18bc1f938.json;verification/requirement-coverage-NREQ-5811c65fa83521ee7afeedd602cec806-20261007-context-60e25b364eb4-54e18bc1f938.json;verification/requirement-coverage-NREQ-595ff4d66406e3bd9529e12f036c882b-20261007-context-b22989818f22-54e18bc1f938.json;verification/requirement-coverage-NREQ-59d5854af99ac5a566eb61e978519b21-20261007-context-e53573db3335-54e18bc1f938.json;verification/requirement-coverage-NREQ-5d9431875519d7cfc3188157a10d6bfc-20261007-context-6cff1723f402-54e18bc1f938.json;verification/requirement-coverage-NREQ-5dbdcf72dd32a519bb29fbf8250726d3-20261007-context-99eab70395b3-54e18bc1f938.json;verification/requirement-coverage-NREQ-5f9aa84ccae751c1692f148708a9288c-20261007-context-1a6ddd562cda-54e18bc1f938.json;verification/requirement-coverage-NREQ-5fe6282f6c99d8d0f13fdf06bb5317fa-20261007-context-b3f25a0a1514-54e18bc1f938.json;verification/requirement-coverage-NREQ-601ec85ffefcffd713520f4067f7529c-20261007-context-be7aad854ceb-54e18bc1f938.json;verification/requirement-coverage-NREQ-606a27b2b9b712e933dda6e0e7b0ce68-20261007-context-c717ae8f5d63-54e18bc1f938.json;verification/requirement-coverage-NREQ-647d36595971915d7c485a338ddc4013-20261007-context-661182e4e06d-54e18bc1f938.json;verification/requirement-coverage-NREQ-6a5e773812226552e3448329be3966cd-20261007-context-14f5a52593d0-54e18bc1f938.json;verification/requirement-coverage-NREQ-6fe30b5cb969bf2fb9daaabc3422ac38-20261007-context-2594d1e812f8-54e18bc1f938.json;verification/requirement-coverage-NREQ-70114fe79e900fc756a0d6cc14ea8f90-20261007-context-0322b753560e-54e18bc1f938.json;verification/requirement-coverage-NREQ-71896faa31bc64e94d98bc976e1e6f1d-20261007-context-def6b5edfdba-54e18bc1f938.json;verification/requirement-coverage-NREQ-72aa03a305fb8893a65d384f41d86aeb-20261007-context-6fb2556fc745-54e18bc1f938.json;verification/requirement-coverage-NREQ-72ba9c97f91e20a56d469fe3d4acf669-20261007-context-ce1798099b2f-54e18bc1f938.json;verification/requirement-coverage-NREQ-75151f881444015977da6a6d7d86cb1c-20261007-context-5c2a016004df-54e18bc1f938.json;verification/requirement-coverage-NREQ-7542acad543ceb37f7fb325baac0d9d0-20261007-context-1dab787f784f-54e18bc1f938.json;verification/requirement-coverage-NREQ-75b670fc6ea047b7452b4148f12a30ba-20261007-context-dfc64a21a246-54e18bc1f938.json;verification/requirement-coverage-NREQ-7643f1fb351e295ecb8565583cb9a37f-20261007-context-1fe2c84cf115-54e18bc1f938.json;verification/requirement-coverage-NREQ-768d67996244254c83c0d11796f63912-20261007-context-291bd5dd0e04-54e18bc1f938.json;verification/requirement-coverage-NREQ-78fef21919bbd7bb3bafba6f62210631-20261007-context-8f3806190781-54e18bc1f938.json;verification/requirement-coverage-NREQ-797b5fe50f9d13ae34d17cc98c7c8f24-20261007-context-0a94e402d167-54e18bc1f938.json;verification/requirement-coverage-NREQ-7a68fe07ee725cf205dd2102cd997b7f-20261007-context-652ecb1fe1af-54e18bc1f938.json;verification/requirement-coverage-NREQ-7add6f24a57198b72b500e5a2acf1ca6-20261007-context-6cba32557505-54e18bc1f938.json;verification/requirement-coverage-NREQ-7be2bf6dfeab825b0549d41a0151841e-20261007-context-4d745e4aa672-54e18bc1f938.json;verification/requirement-coverage-NREQ-7d91a0dd124e5a78fc01449f23a3e8fa-20261007-context-dfcfcb839c96-54e18bc1f938.json;verification/requirement-coverage-NREQ-829ac5f73d2b01828644e51c0675d6b6-20261007-context-b712f2bc0f59-54e18bc1f938.json;verification/requirement-coverage-NREQ-848909d4b95219bdb481803a4b1b91c2-20261007-context-73f60d480258-54e18bc1f938.json;verification/requirement-coverage-NREQ-853a934199459ed6bf419687ca08ba34-20261007-context-00fada70b5c9-54e18bc1f938.json;verification/requirement-coverage-NREQ-85b110cf9d0bf8e7e2a6ca34dcdee412-20261007-context-80144a03a02d-54e18bc1f938.json;verification/requirement-coverage-NREQ-86651d173d1583e48cf6c03f9d486f4f-20261007-context-327d2cc2c990-54e18bc1f938.json;verification/requirement-coverage-NREQ-87e7a29563e2235e49d5eea31da7db0c-20261007-context-04879b11d740-54e18bc1f938.json;verification/requirement-coverage-NREQ-8bb8790d8dd6c5082d6e0351c032cda5-20261007-context-ebd61b02b8d5-54e18bc1f938.json;verification/requirement-coverage-NREQ-8c2bdedb1f707a1a97695f7b0745365c-20261007-context-96450c77219a-54e18bc1f938.json;verification/requirement-coverage-NREQ-9050383f9f0b382f0fd9b465a0a20f78-20261007-context-cfc13d3d88ae-54e18bc1f938.json;verification/requirement-coverage-NREQ-925405b741265dbbc292d4f3a74c2bd6-20261007-context-acc52814e6d6-54e18bc1f938.json;verification/requirement-coverage-NREQ-928a65a08b403be3edc8b160ef9cc53c-20261007-context-bc514f8d980c-54e18bc1f938.json;verification/requirement-coverage-NREQ-928c9bbcf0101e2a0e4a0e69edc59164-20261007-context-c00b5434d55a-54e18bc1f938.json;verification/requirement-coverage-NREQ-931f08afd15144dcac6c7768f2c393d0-20261007-context-4eaa8fcb825e-54e18bc1f938.json;verification/requirement-coverage-NREQ-949f1919a3c7d66486dd74bbd084b71a-20261007-context-51d18e6898a2-54e18bc1f938.json;verification/requirement-coverage-NREQ-971af7158d193e9b1d780c13b6c8e0ec-20261007-context-3e84d85be560-54e18bc1f938.json;verification/requirement-coverage-NREQ-9b21240c5c27ee356dec92b459a0fcb9-20261007-context-f0585937ea82-54e18bc1f938.json;verification/requirement-coverage-NREQ-9e0ad66ef878f9e97c909997e976cc13-20261007-context-c8e259a009f0-54e18bc1f938.json;verification/requirement-coverage-NREQ-9e413bfc92a85655c990712d56002499-20261007-context-ce45300844ea-54e18bc1f938.json;verification/requirement-coverage-NREQ-a011968eff2ed2dc314d58ed27dfad88-20261007-context-87882d5bae07-54e18bc1f938.json;verification/requirement-coverage-NREQ-a0db6ddcb33d9af123b08d4d481c8ebd-20261007-context-6d4092da78f9-54e18bc1f938.json;verification/requirement-coverage-NREQ-a12012292224d4b4a0a9b1088c8c49d0-20261007-context-3fe1f1abe0f4-54e18bc1f938.json;verification/requirement-coverage-NREQ-a1bafeb7c6f6f12bf0c7b0f6fcadaab9-20261007-context-4b6563194ed6-54e18bc1f938.json;verification/requirement-coverage-NREQ-a3f1c0440fabe4b988fb5fca68a0487c-20261007-context-eac1ae13e05b-54e18bc1f938.json;verification/requirement-coverage-NREQ-a42ec803577aa8ccbe176ed8e20a8595-20261007-context-66547fe135c2-54e18bc1f938.json;verification/requirement-coverage-NREQ-a5e73329c9ae93f23b01a42d43179133-20261007-context-71a07396be34-54e18bc1f938.json;verification/requirement-coverage-NREQ-a6fb1ab9c309f702b7cd3d8c7f38cf8f-20261007-context-683bf6ce202e-54e18bc1f938.json;verification/requirement-coverage-NREQ-a7139de247d6263164ddc139ec1fe2ce-20261007-context-1e402d1c19b7-54e18bc1f938.json;verification/requirement-coverage-NREQ-a8822e7da5b9525a6c3e097b71e59183-20261007-context-c52dc24f6227-54e18bc1f938.json;verification/requirement-coverage-NREQ-a99b13aa6aa9c7ffa4b65010951f18ec-20261007-context-8e1c768bc690-54e18bc1f938.json;verification/requirement-coverage-NREQ-a9ef7326ce64b6049b07bdddd8d9d024-20261007-context-f1fcf2f90e43-54e18bc1f938.json;verification/requirement-coverage-NREQ-aa165dd96291b05acd70bf948f215d04-20261007-context-bb47e51ecefe-54e18bc1f938.json;verification/requirement-coverage-NREQ-aafc7cd5dc54af415d36425000d76acb-20261007-context-a26debd029d2-54e18bc1f938.json;verification/requirement-coverage-NREQ-ab9ab7c7ba110dfd3e0a5f8f5c9908cb-20261007-context-d64ec081ccf9-54e18bc1f938.json;verification/requirement-coverage-NREQ-ade9df74bf03ff347d7ae537fbfa738d-20261007-context-61a2341f94ae-54e18bc1f938.json;verification/requirement-coverage-NREQ-b04395198a63faa09666a1bfca300a1e-20261007-context-3d6d12bed622-54e18bc1f938.json;verification/requirement-coverage-NREQ-b14772d932b286c302b05996186c8022-20261007-context-53abd11134eb-54e18bc1f938.json;verification/requirement-coverage-NREQ-b366c2ac73e0e846627de23589a5a772-20261007-context-a26853843e41-54e18bc1f938.json;verification/requirement-coverage-NREQ-b3e8d9cffdde1f94d9d342ff0ed4f097-20261007-context-b36ec8d0d499-54e18bc1f938.json;verification/requirement-coverage-NREQ-b67c348ca653ff5a19ba01272dfd4262-20261007-context-d619c471e8d3-54e18bc1f938.json;verification/requirement-coverage-NREQ-b7b9ecdbceaad6aaefc9e55f7d5b3d48-20261007-context-08a2d1fe5fc7-54e18bc1f938.json;verification/requirement-coverage-NREQ-baa1c33b2e2490264f91881b06ff9da8-20261007-context-029f6195f4ba-54e18bc1f938.json;verification/requirement-coverage-NREQ-bc997511e2328af90b68d1898bcf6ed7-20261007-context-18574f44b5d8-54e18bc1f938.json;verification/requirement-coverage-NREQ-bde18b0504b7485cf77fad020a4a494b-20261007-context-90bbee2744c4-54e18bc1f938.json;verification/requirement-coverage-NREQ-bedc4564e47ae7ebf86911eb8426b6f0-20261007-context-303caf90caff-54e18bc1f938.json;verification/requirement-coverage-NREQ-befdab6cc6a4121936987a35fc18e1c9-20261007-context-c8b0b09a87ad-54e18bc1f938.json;verification/requirement-coverage-NREQ-bfc0e4b5d516977d7fcad7b3f74e43c6-20261007-context-a86412ff6400-54e18bc1f938.json;verification/requirement-coverage-NREQ-c0080ab56f40757c88225dc35a1f98f0-20261007-context-79fe3bf8357b-54e18bc1f938.json;verification/requirement-coverage-NREQ-c0a2fa84e2aafe674742a0bb98c40e02-20261007-context-949b3819c6b9-54e18bc1f938.json;verification/requirement-coverage-NREQ-c1d94148ff5023aac7735baefed6c35d-20261007-context-c697349e63e8-54e18bc1f938.json;verification/requirement-coverage-NREQ-c6ad5908eba2e59771e74f2ceebc5077-20261007-context-e1522203239f-54e18bc1f938.json;verification/requirement-coverage-NREQ-c756b0b15119dd819444cd7212bdad56-20261007-context-fb0c67dfb2a4-54e18bc1f938.json;verification/requirement-coverage-NREQ-c94c878ef2cf8c6a35b0985da91c0c85-20261007-context-fe6c073ad55f-54e18bc1f938.json;verification/requirement-coverage-NREQ-cf25cf824db06866df51c0e538fcbc03-20261007-context-fde639603c5f-54e18bc1f938.json;verification/requirement-coverage-NREQ-cf2cbee76666e1f836c4cca046988062-20261007-context-ee826876a6b9-54e18bc1f938.json;verification/requirement-coverage-NREQ-d2fa27e805583d3a5c7d281ed7051950-20261007-context-8e1b30f0d0bb-54e18bc1f938.json;verification/requirement-coverage-NREQ-d3216139914fb4c3ec1d54819ee18890-20261007-context-4d85dbcad915-54e18bc1f938.json;verification/requirement-coverage-NREQ-d6eeb36f75c6f6f6854a2e3aa9ac2070-20261007-context-e9e30bbb47a8-54e18bc1f938.json;verification/requirement-coverage-NREQ-d6f8519fc2d36e59e4eba26af0442d14-20261007-context-2fbfbdc64e39-54e18bc1f938.json;verification/requirement-coverage-NREQ-db8a127d9ff92a6510ae92e3eb1fbb86-20261007-context-e4c13fc3e86d-54e18bc1f938.json;verification/requirement-coverage-NREQ-dba22c5f93e4359c4b7d4ebdd9799dbf-20261007-context-20dec9a14f41-54e18bc1f938.json;verification/requirement-coverage-NREQ-dd1241e76fbe641c1c88243ba947dc89-20261007-context-d1b7c31332df-54e18bc1f938.json;verification/requirement-coverage-NREQ-ddf7192c16e06f5276d4d324b2e1f6c3-20261007-context-471ddf5379c5-54e18bc1f938.json;verification/requirement-coverage-NREQ-e0b91994f249e0b795ab80a6e3f4a4a2-20261007-context-b609fa37652f-54e18bc1f938.json;verification/requirement-coverage-NREQ-e1a8ce05f1d7a97c385039fd3bd71143-20261007-context-6e9650794698-54e18bc1f938.json;verification/requirement-coverage-NREQ-e2c966ff2db0502c8d0f2d40e87f4262-20261007-context-c6d95e2cb2e2-54e18bc1f938.json;verification/requirement-coverage-NREQ-e5db8a7c723f5b54ada73ce37c7725a2-20261007-context-6d038e318a4a-54e18bc1f938.json;verification/requirement-coverage-NREQ-ea453611a3a1f48cdd2fbfbe946d7ac7-20261007-context-5fb3beeac070-54e18bc1f938.json;verification/requirement-coverage-NREQ-ebadc5f449d2029613a3af4b31f78c6f-20261007-context-4fd7fab953a6-54e18bc1f938.json;verification/requirement-coverage-NREQ-ec756b9a468c4ea50f2d35c578a1a11a-20261007-context-5b0bc69cf0f7-54e18bc1f938.json;verification/requirement-coverage-NREQ-ee95aae3e46bebd05ef8469aff39c9da-20261007-context-4ab906314fee-54e18bc1f938.json;verification/requirement-coverage-NREQ-efa519285f6f28591dc9ad7936c1caa6-20261007-context-67b0bcc51a0a-54e18bc1f938.json;verification/requirement-coverage-NREQ-f0d3896f2d4c46e85ce52981147764ef-20261007-context-01afc04c65c4-54e18bc1f938.json;verification/requirement-coverage-NREQ-f1919b51ebfc8561d0140c02cbf08abd-20261007-context-5b509fd997c1-54e18bc1f938.json;verification/requirement-coverage-NREQ-f295ec535d0d117429de1cced6886a6e-20261007-context-c064f5db48cd-54e18bc1f938.json;verification/requirement-coverage-NREQ-f2d6f77dfa27e853d7eb5dab69be388d-20261007-context-e9122d35086e-54e18bc1f938.json;verification/requirement-coverage-NREQ-f41a79c58369bd76c58ad7e831e953ce-20261007-context-a6f639cd6cfc-54e18bc1f938.json;verification/requirement-coverage-NREQ-f50ee5baca83ff85d962de77d313fda6-20261007-context-fd5c589d06d2-54e18bc1f938.json;verification/requirement-coverage-NREQ-f6858b1d41ca1327e88e31e7f0e8f94f-20261007-context-4f6feb334f83-54e18bc1f938.json;verification/requirement-coverage-NREQ-f6e1df45974ccc5d32aafbc5f38dd535-20261007-context-b48c49f827aa-54e18bc1f938.json;verification/requirement-coverage-NREQ-f9c8f3d1723060ee3fd3fa87ba2a4d75-20261007-context-0bef4700f599-54e18bc1f938.json
M	verification/current-task-requirement-register.json	7bcd5bcc923cb2b8b5e9bed69d3184a3576f3ce8e78b438c06b6370bbc3a6e61	RECOVERED_EXACT_SOURCE_SCOPED_REVIEW_RETAINED_WITH_ORIGINAL_LIMITS	/workspace/scratch/recovered-20261006/evidence/02-pr-review/complete-pr-file-review-inventory.json#/files/67;/workspace/scratch/recovered-20261006/evidence/02-pr-review/working-pr-file-review-inventory.json#/files/68
A	verification/deferred-definition-compatibility-legacy-fixture-20261005.json	d7a1b076de3d301ee108660c1e7ea5dafdf4e630e202f2c498d32c30d3f72bb1	CURRENT_HASH_MATCHES_RETAINED_SCOPED_REVIEW_INPUT	verification/requirement-coverage-NREQ-012f85cfd2196b3413752b3deb14edf0-20261007-context-faf7fb1b8f5f-54e18bc1f938.json;verification/requirement-coverage-NREQ-092f78e488e6282f342b533fa7801e3e-20261007-context-11d306878126-54e18bc1f938.json;verification/requirement-coverage-NREQ-1543275bf85c6f452bce3c65a31dd691-20261007-context-bc25b407a6a7-54e18bc1f938.json;verification/requirement-coverage-NREQ-178819f4c44ad7250656e79d18a8cae3-20261007-context-c1c5855362aa-54e18bc1f938.json;verification/requirement-coverage-NREQ-1cb8c122e35c6f4e36f01c95ea0d02c9-20261007-context-4e1b5cc17d08-54e18bc1f938.json;verification/requirement-coverage-NREQ-1e002259d64a939cee2f2a41f4bf3515-20261007-context-19c88e9b3697-54e18bc1f938.json;verification/requirement-coverage-NREQ-2323c8d363fd8c29f965d8c0e67549ae-20261007-context-cb02bb332e42-54e18bc1f938.json;verification/requirement-coverage-NREQ-2969c103b4ac33435f1e5d6c258a7b7b-20261007-context-857befb4ca6d-54e18bc1f938.json;verification/requirement-coverage-NREQ-318da161cc5f30f33449238ba3870773-20261007-context-123b97ea9f3d-54e18bc1f938.json;verification/requirement-coverage-NREQ-4592c9487837c81077b166abf57bb4a7-20261007-context-86ef01f1c3cb-54e18bc1f938.json;verification/requirement-coverage-NREQ-55f458162d319bfbb710223b3528ef9f-20261007-context-5b104c0b9184-54e18bc1f938.json;verification/requirement-coverage-NREQ-595ff4d66406e3bd9529e12f036c882b-20261007-context-b22989818f22-54e18bc1f938.json;verification/requirement-coverage-NREQ-606a27b2b9b712e933dda6e0e7b0ce68-20261007-context-c717ae8f5d63-54e18bc1f938.json;verification/requirement-coverage-NREQ-6a5e773812226552e3448329be3966cd-20261007-context-14f5a52593d0-54e18bc1f938.json;verification/requirement-coverage-NREQ-75151f881444015977da6a6d7d86cb1c-20261007-context-5c2a016004df-54e18bc1f938.json;verification/requirement-coverage-NREQ-7643f1fb351e295ecb8565583cb9a37f-20261007-context-1fe2c84cf115-54e18bc1f938.json;verification/requirement-coverage-NREQ-797b5fe50f9d13ae34d17cc98c7c8f24-20261007-context-0a94e402d167-54e18bc1f938.json;verification/requirement-coverage-NREQ-9e0ad66ef878f9e97c909997e976cc13-20261007-context-c8e259a009f0-54e18bc1f938.json;verification/requirement-coverage-NREQ-a99b13aa6aa9c7ffa4b65010951f18ec-20261007-context-8e1c768bc690-54e18bc1f938.json;verification/requirement-coverage-NREQ-b04395198a63faa09666a1bfca300a1e-20261007-context-3d6d12bed622-54e18bc1f938.json;verification/requirement-coverage-NREQ-b366c2ac73e0e846627de23589a5a772-20261007-context-a26853843e41-54e18bc1f938.json;verification/requirement-coverage-NREQ-b67c348ca653ff5a19ba01272dfd4262-20261007-context-d619c471e8d3-54e18bc1f938.json;verification/requirement-coverage-NREQ-bc997511e2328af90b68d1898bcf6ed7-20261007-context-18574f44b5d8-54e18bc1f938.json;verification/requirement-coverage-NREQ-bde18b0504b7485cf77fad020a4a494b-20261007-context-90bbee2744c4-54e18bc1f938.json;verification/requirement-coverage-NREQ-c0a2fa84e2aafe674742a0bb98c40e02-20261007-context-949b3819c6b9-54e18bc1f938.json;verification/requirement-coverage-NREQ-d2fa27e805583d3a5c7d281ed7051950-20261007-context-8e1b30f0d0bb-54e18bc1f938.json;verification/requirement-coverage-NREQ-d6eeb36f75c6f6f6854a2e3aa9ac2070-20261007-context-e9e30bbb47a8-54e18bc1f938.json;verification/requirement-coverage-NREQ-e0b91994f249e0b795ab80a6e3f4a4a2-20261007-context-b609fa37652f-54e18bc1f938.json;verification/requirement-coverage-NREQ-ec756b9a468c4ea50f2d35c578a1a11a-20261007-context-5b0bc69cf0f7-54e18bc1f938.json;verification/requirement-coverage-NREQ-f6e1df45974ccc5d32aafbc5f38dd535-20261007-context-b48c49f827aa-54e18bc1f938.json
A	verification/deferred-definition-current-prerequisite-fixture-20261007.json	61966404f4bff8a74ad0f42ef8b8b6a04964f3e5630fddb8a0df33c09302ba2f	CURRENT_HASH_MATCHES_RETAINED_SCOPED_REVIEW_INPUT	verification/requirement-coverage-NREQ-0b73c99557630a5deeace7e89ea0e28f-20261007-context-70f6fc73db90-54e18bc1f938.json;verification/requirement-coverage-NREQ-0fe0693c63b640aac77aa7fa2ad3861d-20261007-context-e479a2d67661-54e18bc1f938.json;verification/requirement-coverage-NREQ-1f578d8524f1af57b280fd03422827f1-20261007-context-33c756e92bb7-54e18bc1f938.json;verification/requirement-coverage-NREQ-2524a1d9ecc583bbd420778cfb147983-20261007-context-04970fd5ee41-54e18bc1f938.json;verification/requirement-coverage-NREQ-57f8fa829a872f35948a81bd58477291-20261007-context-fd3ea3b718ef-54e18bc1f938.json;verification/requirement-coverage-NREQ-5dbdcf72dd32a519bb29fbf8250726d3-20261007-context-99eab70395b3-54e18bc1f938.json;verification/requirement-coverage-NREQ-7be2bf6dfeab825b0549d41a0151841e-20261007-context-4d745e4aa672-54e18bc1f938.json;verification/requirement-coverage-NREQ-85b110cf9d0bf8e7e2a6ca34dcdee412-20261007-context-80144a03a02d-54e18bc1f938.json;verification/requirement-coverage-NREQ-8bb8790d8dd6c5082d6e0351c032cda5-20261007-context-ebd61b02b8d5-54e18bc1f938.json;verification/requirement-coverage-NREQ-a3f1c0440fabe4b988fb5fca68a0487c-20261007-context-eac1ae13e05b-54e18bc1f938.json;verification/requirement-coverage-NREQ-a6fb1ab9c309f702b7cd3d8c7f38cf8f-20261007-context-683bf6ce202e-54e18bc1f938.json;verification/requirement-coverage-NREQ-ade9df74bf03ff347d7ae537fbfa738d-20261007-context-61a2341f94ae-54e18bc1f938.json;verification/requirement-coverage-NREQ-b3e8d9cffdde1f94d9d342ff0ed4f097-20261007-context-b36ec8d0d499-54e18bc1f938.json;verification/requirement-coverage-NREQ-b7b9ecdbceaad6aaefc9e55f7d5b3d48-20261007-context-08a2d1fe5fc7-54e18bc1f938.json;verification/requirement-coverage-NREQ-c1d94148ff5023aac7735baefed6c35d-20261007-context-c697349e63e8-54e18bc1f938.json;verification/requirement-coverage-NREQ-cf2cbee76666e1f836c4cca046988062-20261007-context-ee826876a6b9-54e18bc1f938.json;verification/requirement-coverage-NREQ-e2c966ff2db0502c8d0f2d40e87f4262-20261007-context-c6d95e2cb2e2-54e18bc1f938.json;verification/requirement-coverage-NREQ-ebadc5f449d2029613a3af4b31f78c6f-20261007-context-4fd7fab953a6-54e18bc1f938.json;verification/requirement-coverage-NREQ-f2d6f77dfa27e853d7eb5dab69be388d-20261007-context-e9122d35086e-54e18bc1f938.json
A	verification/fixture-prerequisite-delta-review-20261008.json	6a42b7c27a36bd28162e6f19a993ee92df8d818dc41d5f2b3279b9995c1b9226	CURRENT_HASH_MATCHES_RETAINED_SCOPED_REVIEW_INPUT	verification/requirement-coverage-NREQ-0c973b955d61ee36887734df0ade5e69-20261007-context-aa211674369a-54e18bc1f938.json;verification/requirement-coverage-NREQ-1576e27fba46e1d68631bb2ade2e37f4-20261007-context-f03bceab9e8e-54e18bc1f938.json;verification/requirement-coverage-NREQ-360281bfdd66bed29237ed7202962808-20261007-context-defd14234c9a-54e18bc1f938.json;verification/requirement-coverage-NREQ-41ab1c200b4ce5c9d1d96613a3e5b264-20261007-context-867dae61e345-54e18bc1f938.json;verification/requirement-coverage-NREQ-4b27c9f604f44c29404eacc12a59fd68-20261007-context-0ea535138580-54e18bc1f938.json;verification/requirement-coverage-NREQ-4bb86ccfacff0ea8bbbc59df67b0ca4f-20261007-context-6dcc93386d57-54e18bc1f938.json;verification/requirement-coverage-NREQ-59d5854af99ac5a566eb61e978519b21-20261007-context-e53573db3335-54e18bc1f938.json;verification/requirement-coverage-NREQ-601ec85ffefcffd713520f4067f7529c-20261007-context-be7aad854ceb-54e18bc1f938.json;verification/requirement-coverage-NREQ-71896faa31bc64e94d98bc976e1e6f1d-20261007-context-def6b5edfdba-54e18bc1f938.json;verification/requirement-coverage-NREQ-72aa03a305fb8893a65d384f41d86aeb-20261007-context-6fb2556fc745-54e18bc1f938.json;verification/requirement-coverage-NREQ-75b670fc6ea047b7452b4148f12a30ba-20261007-context-dfc64a21a246-54e18bc1f938.json;verification/requirement-coverage-NREQ-768d67996244254c83c0d11796f63912-20261007-context-291bd5dd0e04-54e18bc1f938.json;verification/requirement-coverage-NREQ-78fef21919bbd7bb3bafba6f62210631-20261007-context-8f3806190781-54e18bc1f938.json;verification/requirement-coverage-NREQ-7a68fe07ee725cf205dd2102cd997b7f-20261007-context-652ecb1fe1af-54e18bc1f938.json;verification/requirement-coverage-NREQ-848909d4b95219bdb481803a4b1b91c2-20261007-context-73f60d480258-54e18bc1f938.json;verification/requirement-coverage-NREQ-86651d173d1583e48cf6c03f9d486f4f-20261007-context-327d2cc2c990-54e18bc1f938.json;verification/requirement-coverage-NREQ-928a65a08b403be3edc8b160ef9cc53c-20261007-context-bc514f8d980c-54e18bc1f938.json;verification/requirement-coverage-NREQ-971af7158d193e9b1d780c13b6c8e0ec-20261007-context-3e84d85be560-54e18bc1f938.json;verification/requirement-coverage-NREQ-a0db6ddcb33d9af123b08d4d481c8ebd-20261007-context-6d4092da78f9-54e18bc1f938.json;verification/requirement-coverage-NREQ-a42ec803577aa8ccbe176ed8e20a8595-20261007-context-66547fe135c2-54e18bc1f938.json;verification/requirement-coverage-NREQ-baa1c33b2e2490264f91881b06ff9da8-20261007-context-029f6195f4ba-54e18bc1f938.json;verification/requirement-coverage-NREQ-c0080ab56f40757c88225dc35a1f98f0-20261007-context-79fe3bf8357b-54e18bc1f938.json;verification/requirement-coverage-NREQ-cf25cf824db06866df51c0e538fcbc03-20261007-context-fde639603c5f-54e18bc1f938.json;verification/requirement-coverage-NREQ-f1919b51ebfc8561d0140c02cbf08abd-20261007-context-5b509fd997c1-54e18bc1f938.json
A	verification/handoff-producer88-source-fixture-20261005.json	1826f2b646bb968fdbd9939fc1fc8b3aa2bbcf7a3b4a1ffa7a49f6b80bead0dd	RECOVERED_EXACT_SOURCE_SCOPED_REVIEW_RETAINED_WITH_ORIGINAL_LIMITS	/workspace/scratch/recovered-20261006/evidence/02-pr-review/complete-pr-file-review-inventory.json#/files/69;/workspace/scratch/recovered-20261006/evidence/02-pr-review/working-pr-file-review-inventory.json#/files/70
A	verification/handoff-producer89-source-fixture-20261005.json	5ddd92569ee7f98b1eff8dc4e1dec20ac3e4586bf19164eee89d539d1910f027	RECOVERED_EXACT_SOURCE_SCOPED_REVIEW_RETAINED_WITH_ORIGINAL_LIMITS	/workspace/scratch/recovered-20261006/evidence/02-pr-review/complete-pr-file-review-inventory.json#/files/70;/workspace/scratch/recovered-20261006/evidence/02-pr-review/working-pr-file-review-inventory.json#/files/71
A	verification/independent-source-reconciliation-20261005.json	b2b22f137623d5916a025d12575152a36b2b8b20daa8100db5c420e4d90f87a8	RECOVERED_EXACT_SOURCE_SCOPED_REVIEW_RETAINED_WITH_ORIGINAL_LIMITS	/workspace/scratch/recovered-20261006/evidence/02-pr-review/complete-pr-file-review-inventory.json#/files/71;/workspace/scratch/recovered-20261006/evidence/02-pr-review/working-pr-file-review-inventory.json#/files/72
A	verification/independent-source-review-20261005.json	7e08fd37e0885c3de089d1939ea25515a1bc933dc45aa7997e8062d68ac845bb	RECOVERED_EXACT_SOURCE_SCOPED_REVIEW_RETAINED_WITH_ORIGINAL_LIMITS	/workspace/scratch/recovered-20261006/evidence/02-pr-review/complete-pr-file-review-inventory.json#/files/72;/workspace/scratch/recovered-20261006/evidence/02-pr-review/working-pr-file-review-inventory.json#/files/73
A	verification/ingestion-order-independent-delta-review-20261010.json	737d314fffc7623aa35efa6876662c360b913edcddd447d084f6fb5ad9fe1e04	CURRENT_HASH_MATCHES_RETAINED_SCOPED_REVIEW_INPUT	verification/requirement-coverage-NREQ-4b26e20f450b23eb551b2da03e69c9c9-20261007-context-07d6150a1321-54e18bc1f938.json;verification/requirement-coverage-NREQ-a011968eff2ed2dc314d58ed27dfad88-20261007-context-87882d5bae07-54e18bc1f938.json;verification/requirement-coverage-NREQ-bedc4564e47ae7ebf86911eb8426b6f0-20261007-context-303caf90caff-54e18bc1f938.json;verification/requirement-coverage-NREQ-befdab6cc6a4121936987a35fc18e1c9-20261007-context-c8b0b09a87ad-54e18bc1f938.json
A	verification/normative-context-applicability-20261005.json	7cd05ff0028578a1ca1c2560533519a602ce6a974c240ee11dbbd272524cf656	CURRENT_HASH_MATCHES_RETAINED_SCOPED_REVIEW_INPUT	verification/requirement-coverage-NREQ-012f85cfd2196b3413752b3deb14edf0-20261007-context-faf7fb1b8f5f-54e18bc1f938.json;verification/requirement-coverage-NREQ-04e156310ae4ecdd6915448e3f30e047-20261007-context-9f8a35215a69-54e18bc1f938.json;verification/requirement-coverage-NREQ-0774fcb2b6e2510d755133d371474ec8-20261007-context-d48d5f2a8e1a-54e18bc1f938.json;verification/requirement-coverage-NREQ-092f78e488e6282f342b533fa7801e3e-20261007-context-11d306878126-54e18bc1f938.json;verification/requirement-coverage-NREQ-0b73c99557630a5deeace7e89ea0e28f-20261007-context-70f6fc73db90-54e18bc1f938.json;verification/requirement-coverage-NREQ-0f5cdc9e49a6fb5b69455d4b2338448c-20261007-context-fb52feb719db-54e18bc1f938.json;verification/requirement-coverage-NREQ-0fe0693c63b640aac77aa7fa2ad3861d-20261007-context-e479a2d67661-54e18bc1f938.json;verification/requirement-coverage-NREQ-1000a70e39109bdb76b85fa6855a4892-20261007-context-fab4e794a047-54e18bc1f938.json;verification/requirement-coverage-NREQ-1543275bf85c6f452bce3c65a31dd691-20261007-context-bc25b407a6a7-54e18bc1f938.json;verification/requirement-coverage-NREQ-178819f4c44ad7250656e79d18a8cae3-20261007-context-c1c5855362aa-54e18bc1f938.json;verification/requirement-coverage-NREQ-18edc302ca3fad90513b66c585e688e6-20261007-context-c29757d88109-54e18bc1f938.json;verification/requirement-coverage-NREQ-1b07d67693ef773b4800dc6e06626b5b-20261007-context-dcaf72405bbe-54e18bc1f938.json;verification/requirement-coverage-NREQ-1cb8c122e35c6f4e36f01c95ea0d02c9-20261007-context-4e1b5cc17d08-54e18bc1f938.json;verification/requirement-coverage-NREQ-1e002259d64a939cee2f2a41f4bf3515-20261007-context-19c88e9b3697-54e18bc1f938.json;verification/requirement-coverage-NREQ-1f578d8524f1af57b280fd03422827f1-20261007-context-33c756e92bb7-54e18bc1f938.json;verification/requirement-coverage-NREQ-2046e21dd63ad76f992233d5582c716d-20261007-context-8d03363ebd61-54e18bc1f938.json;verification/requirement-coverage-NREQ-2174af2894ceaa1acb9a032113db659d-20261007-context-8376db0a1333-54e18bc1f938.json;verification/requirement-coverage-NREQ-229f56cf458329f04d589d3aa92b95e5-20261007-context-23fcc35649f3-54e18bc1f938.json;verification/requirement-coverage-NREQ-22cf265b2b952dcb7187618a915c98bd-20261007-context-78f2e077c3d8-54e18bc1f938.json;verification/requirement-coverage-NREQ-2323c8d363fd8c29f965d8c0e67549ae-20261007-context-cb02bb332e42-54e18bc1f938.json;verification/requirement-coverage-NREQ-2524a1d9ecc583bbd420778cfb147983-20261007-context-04970fd5ee41-54e18bc1f938.json;verification/requirement-coverage-NREQ-252dcf08d6bbe6a5893bc9cd551ef6ec-20261007-context-568f2f91efca-54e18bc1f938.json;verification/requirement-coverage-NREQ-255fe5112069486751f53087b1ab699e-20261007-context-608c37b31d30-54e18bc1f938.json;verification/requirement-coverage-NREQ-266e79545a48e7c4310883faa04e9844-20261007-context-7b27fb019885-54e18bc1f938.json;verification/requirement-coverage-NREQ-26b8cfa830777dd2bfa4c8aac620403c-20261007-context-08c3774267c0-54e18bc1f938.json;verification/requirement-coverage-NREQ-27cf5e6a8e4cf40ff1873bd4d059b3cd-20261007-context-079978627600-54e18bc1f938.json;verification/requirement-coverage-NREQ-27f437fe3040767de849d06a48cdb3c3-20261007-context-f1acc99ffcf8-54e18bc1f938.json;verification/requirement-coverage-NREQ-292af594522de75d72b35851b9befed4-20261007-context-e580690eff15-54e18bc1f938.json;verification/requirement-coverage-NREQ-2969c103b4ac33435f1e5d6c258a7b7b-20261007-context-857befb4ca6d-54e18bc1f938.json;verification/requirement-coverage-NREQ-2b14774ffd65e947a3d3deae3ad09c92-20261007-context-aa8204f96091-54e18bc1f938.json;verification/requirement-coverage-NREQ-318da161cc5f30f33449238ba3870773-20261007-context-123b97ea9f3d-54e18bc1f938.json;verification/requirement-coverage-NREQ-360281bfdd66bed29237ed7202962808-20261007-context-defd14234c9a-54e18bc1f938.json;verification/requirement-coverage-NREQ-39eba2aba9049ed18beade0c11e0c107-20261007-context-3f29c46a8871-54e18bc1f938.json;verification/requirement-coverage-NREQ-3a3ba3d92dd569d454e781fcccf7ac61-20261007-context-66b766ea1a5d-54e18bc1f938.json;verification/requirement-coverage-NREQ-4363c0420b1bd921591c1f2446cfb8eb-20261007-context-de3533a949d5-54e18bc1f938.json;verification/requirement-coverage-NREQ-4592c9487837c81077b166abf57bb4a7-20261007-context-86ef01f1c3cb-54e18bc1f938.json;verification/requirement-coverage-NREQ-4b26e20f450b23eb551b2da03e69c9c9-20261007-context-07d6150a1321-54e18bc1f938.json;verification/requirement-coverage-NREQ-4b27c9f604f44c29404eacc12a59fd68-20261007-context-0ea535138580-54e18bc1f938.json;verification/requirement-coverage-NREQ-4bb54f6379863c0a17e6fbc58edcd042-20261007-context-c3df825e72e4-54e18bc1f938.json;verification/requirement-coverage-NREQ-4d7b09d088c999d3c6e91a968cbe1a02-20261007-context-03745896590f-54e18bc1f938.json;verification/requirement-coverage-NREQ-5003532a6cda7a68c13be508fbf4d723-20261007-context-dccb85cd4973-54e18bc1f938.json;verification/requirement-coverage-NREQ-536910c50d3998944884b519e0d89555-20261007-context-0ceefe702ac1-54e18bc1f938.json;verification/requirement-coverage-NREQ-55dce831e47c4a26e093cc6134572e8f-20261007-context-b731d3ee0180-54e18bc1f938.json;verification/requirement-coverage-NREQ-55f458162d319bfbb710223b3528ef9f-20261007-context-5b104c0b9184-54e18bc1f938.json;verification/requirement-coverage-NREQ-57f8fa829a872f35948a81bd58477291-20261007-context-fd3ea3b718ef-54e18bc1f938.json;verification/requirement-coverage-NREQ-5811c65fa83521ee7afeedd602cec806-20261007-context-60e25b364eb4-54e18bc1f938.json;verification/requirement-coverage-NREQ-595ff4d66406e3bd9529e12f036c882b-20261007-context-b22989818f22-54e18bc1f938.json;verification/requirement-coverage-NREQ-5d9431875519d7cfc3188157a10d6bfc-20261007-context-6cff1723f402-54e18bc1f938.json;verification/requirement-coverage-NREQ-5dbdcf72dd32a519bb29fbf8250726d3-20261007-context-99eab70395b3-54e18bc1f938.json;verification/requirement-coverage-NREQ-5f9aa84ccae751c1692f148708a9288c-20261007-context-1a6ddd562cda-54e18bc1f938.json;verification/requirement-coverage-NREQ-5fe6282f6c99d8d0f13fdf06bb5317fa-20261007-context-b3f25a0a1514-54e18bc1f938.json;verification/requirement-coverage-NREQ-601ec85ffefcffd713520f4067f7529c-20261007-context-be7aad854ceb-54e18bc1f938.json;verification/requirement-coverage-NREQ-606a27b2b9b712e933dda6e0e7b0ce68-20261007-context-c717ae8f5d63-54e18bc1f938.json;verification/requirement-coverage-NREQ-647d36595971915d7c485a338ddc4013-20261007-context-661182e4e06d-54e18bc1f938.json;verification/requirement-coverage-NREQ-6a5e773812226552e3448329be3966cd-20261007-context-14f5a52593d0-54e18bc1f938.json;verification/requirement-coverage-NREQ-6fe30b5cb969bf2fb9daaabc3422ac38-20261007-context-2594d1e812f8-54e18bc1f938.json;verification/requirement-coverage-NREQ-70114fe79e900fc756a0d6cc14ea8f90-20261007-context-0322b753560e-54e18bc1f938.json;verification/requirement-coverage-NREQ-71896faa31bc64e94d98bc976e1e6f1d-20261007-context-def6b5edfdba-54e18bc1f938.json;verification/requirement-coverage-NREQ-72aa03a305fb8893a65d384f41d86aeb-20261007-context-6fb2556fc745-54e18bc1f938.json;verification/requirement-coverage-NREQ-72ba9c97f91e20a56d469fe3d4acf669-20261007-context-ce1798099b2f-54e18bc1f938.json;verification/requirement-coverage-NREQ-75151f881444015977da6a6d7d86cb1c-20261007-context-5c2a016004df-54e18bc1f938.json;verification/requirement-coverage-NREQ-7542acad543ceb37f7fb325baac0d9d0-20261007-context-1dab787f784f-54e18bc1f938.json;verification/requirement-coverage-NREQ-7643f1fb351e295ecb8565583cb9a37f-20261007-context-1fe2c84cf115-54e18bc1f938.json;verification/requirement-coverage-NREQ-78fef21919bbd7bb3bafba6f62210631-20261007-context-8f3806190781-54e18bc1f938.json;verification/requirement-coverage-NREQ-797b5fe50f9d13ae34d17cc98c7c8f24-20261007-context-0a94e402d167-54e18bc1f938.json;verification/requirement-coverage-NREQ-7add6f24a57198b72b500e5a2acf1ca6-20261007-context-6cba32557505-54e18bc1f938.json;verification/requirement-coverage-NREQ-7be2bf6dfeab825b0549d41a0151841e-20261007-context-4d745e4aa672-54e18bc1f938.json;verification/requirement-coverage-NREQ-7d91a0dd124e5a78fc01449f23a3e8fa-20261007-context-dfcfcb839c96-54e18bc1f938.json;verification/requirement-coverage-NREQ-829ac5f73d2b01828644e51c0675d6b6-20261007-context-b712f2bc0f59-54e18bc1f938.json;verification/requirement-coverage-NREQ-848909d4b95219bdb481803a4b1b91c2-20261007-context-73f60d480258-54e18bc1f938.json;verification/requirement-coverage-NREQ-853a934199459ed6bf419687ca08ba34-20261007-context-00fada70b5c9-54e18bc1f938.json;verification/requirement-coverage-NREQ-85b110cf9d0bf8e7e2a6ca34dcdee412-20261007-context-80144a03a02d-54e18bc1f938.json;verification/requirement-coverage-NREQ-87e7a29563e2235e49d5eea31da7db0c-20261007-context-04879b11d740-54e18bc1f938.json;verification/requirement-coverage-NREQ-8bb8790d8dd6c5082d6e0351c032cda5-20261007-context-ebd61b02b8d5-54e18bc1f938.json;verification/requirement-coverage-NREQ-8c2bdedb1f707a1a97695f7b0745365c-20261007-context-96450c77219a-54e18bc1f938.json;verification/requirement-coverage-NREQ-9050383f9f0b382f0fd9b465a0a20f78-20261007-context-cfc13d3d88ae-54e18bc1f938.json;verification/requirement-coverage-NREQ-925405b741265dbbc292d4f3a74c2bd6-20261007-context-acc52814e6d6-54e18bc1f938.json;verification/requirement-coverage-NREQ-928a65a08b403be3edc8b160ef9cc53c-20261007-context-bc514f8d980c-54e18bc1f938.json;verification/requirement-coverage-NREQ-928c9bbcf0101e2a0e4a0e69edc59164-20261007-context-c00b5434d55a-54e18bc1f938.json;verification/requirement-coverage-NREQ-931f08afd15144dcac6c7768f2c393d0-20261007-context-4eaa8fcb825e-54e18bc1f938.json;verification/requirement-coverage-NREQ-949f1919a3c7d66486dd74bbd084b71a-20261007-context-51d18e6898a2-54e18bc1f938.json;verification/requirement-coverage-NREQ-9b21240c5c27ee356dec92b459a0fcb9-20261007-context-f0585937ea82-54e18bc1f938.json;verification/requirement-coverage-NREQ-9e0ad66ef878f9e97c909997e976cc13-20261007-context-c8e259a009f0-54e18bc1f938.json;verification/requirement-coverage-NREQ-9e413bfc92a85655c990712d56002499-20261007-context-ce45300844ea-54e18bc1f938.json;verification/requirement-coverage-NREQ-a011968eff2ed2dc314d58ed27dfad88-20261007-context-87882d5bae07-54e18bc1f938.json;verification/requirement-coverage-NREQ-a0db6ddcb33d9af123b08d4d481c8ebd-20261007-context-6d4092da78f9-54e18bc1f938.json;verification/requirement-coverage-NREQ-a12012292224d4b4a0a9b1088c8c49d0-20261007-context-3fe1f1abe0f4-54e18bc1f938.json;verification/requirement-coverage-NREQ-a1bafeb7c6f6f12bf0c7b0f6fcadaab9-20261007-context-4b6563194ed6-54e18bc1f938.json;verification/requirement-coverage-NREQ-a3f1c0440fabe4b988fb5fca68a0487c-20261007-context-eac1ae13e05b-54e18bc1f938.json;verification/requirement-coverage-NREQ-a42ec803577aa8ccbe176ed8e20a8595-20261007-context-66547fe135c2-54e18bc1f938.json;verification/requirement-coverage-NREQ-a5e73329c9ae93f23b01a42d43179133-20261007-context-71a07396be34-54e18bc1f938.json;verification/requirement-coverage-NREQ-a6fb1ab9c309f702b7cd3d8c7f38cf8f-20261007-context-683bf6ce202e-54e18bc1f938.json;verification/requirement-coverage-NREQ-a7139de247d6263164ddc139ec1fe2ce-20261007-context-1e402d1c19b7-54e18bc1f938.json;verification/requirement-coverage-NREQ-a8822e7da5b9525a6c3e097b71e59183-20261007-context-c52dc24f6227-54e18bc1f938.json;verification/requirement-coverage-NREQ-a99b13aa6aa9c7ffa4b65010951f18ec-20261007-context-8e1c768bc690-54e18bc1f938.json;verification/requirement-coverage-NREQ-a9ef7326ce64b6049b07bdddd8d9d024-20261007-context-f1fcf2f90e43-54e18bc1f938.json;verification/requirement-coverage-NREQ-aa165dd96291b05acd70bf948f215d04-20261007-context-bb47e51ecefe-54e18bc1f938.json;verification/requirement-coverage-NREQ-aafc7cd5dc54af415d36425000d76acb-20261007-context-a26debd029d2-54e18bc1f938.json;verification/requirement-coverage-NREQ-ab9ab7c7ba110dfd3e0a5f8f5c9908cb-20261007-context-d64ec081ccf9-54e18bc1f938.json;verification/requirement-coverage-NREQ-ade9df74bf03ff347d7ae537fbfa738d-20261007-context-61a2341f94ae-54e18bc1f938.json;verification/requirement-coverage-NREQ-b04395198a63faa09666a1bfca300a1e-20261007-context-3d6d12bed622-54e18bc1f938.json;verification/requirement-coverage-NREQ-b14772d932b286c302b05996186c8022-20261007-context-53abd11134eb-54e18bc1f938.json;verification/requirement-coverage-NREQ-b366c2ac73e0e846627de23589a5a772-20261007-context-a26853843e41-54e18bc1f938.json;verification/requirement-coverage-NREQ-b3e8d9cffdde1f94d9d342ff0ed4f097-20261007-context-b36ec8d0d499-54e18bc1f938.json;verification/requirement-coverage-NREQ-b67c348ca653ff5a19ba01272dfd4262-20261007-context-d619c471e8d3-54e18bc1f938.json;verification/requirement-coverage-NREQ-b7b9ecdbceaad6aaefc9e55f7d5b3d48-20261007-context-08a2d1fe5fc7-54e18bc1f938.json;verification/requirement-coverage-NREQ-baa1c33b2e2490264f91881b06ff9da8-20261007-context-029f6195f4ba-54e18bc1f938.json;verification/requirement-coverage-NREQ-bc997511e2328af90b68d1898bcf6ed7-20261007-context-18574f44b5d8-54e18bc1f938.json;verification/requirement-coverage-NREQ-bde18b0504b7485cf77fad020a4a494b-20261007-context-90bbee2744c4-54e18bc1f938.json;verification/requirement-coverage-NREQ-bedc4564e47ae7ebf86911eb8426b6f0-20261007-context-303caf90caff-54e18bc1f938.json;verification/requirement-coverage-NREQ-befdab6cc6a4121936987a35fc18e1c9-20261007-context-c8b0b09a87ad-54e18bc1f938.json;verification/requirement-coverage-NREQ-bfc0e4b5d516977d7fcad7b3f74e43c6-20261007-context-a86412ff6400-54e18bc1f938.json;verification/requirement-coverage-NREQ-c0080ab56f40757c88225dc35a1f98f0-20261007-context-79fe3bf8357b-54e18bc1f938.json;verification/requirement-coverage-NREQ-c0a2fa84e2aafe674742a0bb98c40e02-20261007-context-949b3819c6b9-54e18bc1f938.json;verification/requirement-coverage-NREQ-c1d94148ff5023aac7735baefed6c35d-20261007-context-c697349e63e8-54e18bc1f938.json;verification/requirement-coverage-NREQ-c6ad5908eba2e59771e74f2ceebc5077-20261007-context-e1522203239f-54e18bc1f938.json;verification/requirement-coverage-NREQ-c756b0b15119dd819444cd7212bdad56-20261007-context-fb0c67dfb2a4-54e18bc1f938.json;verification/requirement-coverage-NREQ-c94c878ef2cf8c6a35b0985da91c0c85-20261007-context-fe6c073ad55f-54e18bc1f938.json;verification/requirement-coverage-NREQ-cf2cbee76666e1f836c4cca046988062-20261007-context-ee826876a6b9-54e18bc1f938.json;verification/requirement-coverage-NREQ-d2fa27e805583d3a5c7d281ed7051950-20261007-context-8e1b30f0d0bb-54e18bc1f938.json;verification/requirement-coverage-NREQ-d3216139914fb4c3ec1d54819ee18890-20261007-context-4d85dbcad915-54e18bc1f938.json;verification/requirement-coverage-NREQ-d6eeb36f75c6f6f6854a2e3aa9ac2070-20261007-context-e9e30bbb47a8-54e18bc1f938.json;verification/requirement-coverage-NREQ-d6f8519fc2d36e59e4eba26af0442d14-20261007-context-2fbfbdc64e39-54e18bc1f938.json;verification/requirement-coverage-NREQ-db8a127d9ff92a6510ae92e3eb1fbb86-20261007-context-e4c13fc3e86d-54e18bc1f938.json;verification/requirement-coverage-NREQ-dba22c5f93e4359c4b7d4ebdd9799dbf-20261007-context-20dec9a14f41-54e18bc1f938.json;verification/requirement-coverage-NREQ-dd1241e76fbe641c1c88243ba947dc89-20261007-context-d1b7c31332df-54e18bc1f938.json;verification/requirement-coverage-NREQ-ddf7192c16e06f5276d4d324b2e1f6c3-20261007-context-471ddf5379c5-54e18bc1f938.json;verification/requirement-coverage-NREQ-e0b91994f249e0b795ab80a6e3f4a4a2-20261007-context-b609fa37652f-54e18bc1f938.json;verification/requirement-coverage-NREQ-e1a8ce05f1d7a97c385039fd3bd71143-20261007-context-6e9650794698-54e18bc1f938.json;verification/requirement-coverage-NREQ-e2c966ff2db0502c8d0f2d40e87f4262-20261007-context-c6d95e2cb2e2-54e18bc1f938.json;verification/requirement-coverage-NREQ-e5db8a7c723f5b54ada73ce37c7725a2-20261007-context-6d038e318a4a-54e18bc1f938.json;verification/requirement-coverage-NREQ-ea453611a3a1f48cdd2fbfbe946d7ac7-20261007-context-5fb3beeac070-54e18bc1f938.json;verification/requirement-coverage-NREQ-ebadc5f449d2029613a3af4b31f78c6f-20261007-context-4fd7fab953a6-54e18bc1f938.json;verification/requirement-coverage-NREQ-ec756b9a468c4ea50f2d35c578a1a11a-20261007-context-5b0bc69cf0f7-54e18bc1f938.json;verification/requirement-coverage-NREQ-ee95aae3e46bebd05ef8469aff39c9da-20261007-context-4ab906314fee-54e18bc1f938.json;verification/requirement-coverage-NREQ-efa519285f6f28591dc9ad7936c1caa6-20261007-context-67b0bcc51a0a-54e18bc1f938.json;verification/requirement-coverage-NREQ-f0d3896f2d4c46e85ce52981147764ef-20261007-context-01afc04c65c4-54e18bc1f938.json;verification/requirement-coverage-NREQ-f1919b51ebfc8561d0140c02cbf08abd-20261007-context-5b509fd997c1-54e18bc1f938.json;verification/requirement-coverage-NREQ-f295ec535d0d117429de1cced6886a6e-20261007-context-c064f5db48cd-54e18bc1f938.json;verification/requirement-coverage-NREQ-f2d6f77dfa27e853d7eb5dab69be388d-20261007-context-e9122d35086e-54e18bc1f938.json;verification/requirement-coverage-NREQ-f41a79c58369bd76c58ad7e831e953ce-20261007-context-a6f639cd6cfc-54e18bc1f938.json;verification/requirement-coverage-NREQ-f50ee5baca83ff85d962de77d313fda6-20261007-context-fd5c589d06d2-54e18bc1f938.json;verification/requirement-coverage-NREQ-f6858b1d41ca1327e88e31e7f0e8f94f-20261007-context-4f6feb334f83-54e18bc1f938.json;verification/requirement-coverage-NREQ-f6e1df45974ccc5d32aafbc5f38dd535-20261007-context-b48c49f827aa-54e18bc1f938.json;verification/requirement-coverage-NREQ-f9c8f3d1723060ee3fd3fa87ba2a4d75-20261007-context-0bef4700f599-54e18bc1f938.json
A	verification/operator-journey-stage5-test-delta-20261008.json	100722115633f28626f441e1384053874f38d7887fbaa5c563f77eb2e7a9db8b	CURRENT_HASH_MATCHES_RETAINED_SCOPED_REVIEW_INPUT	verification/requirement-coverage-NREQ-0c973b955d61ee36887734df0ade5e69-20261007-context-aa211674369a-54e18bc1f938.json;verification/requirement-coverage-NREQ-1576e27fba46e1d68631bb2ade2e37f4-20261007-context-f03bceab9e8e-54e18bc1f938.json;verification/requirement-coverage-NREQ-360281bfdd66bed29237ed7202962808-20261007-context-defd14234c9a-54e18bc1f938.json;verification/requirement-coverage-NREQ-41ab1c200b4ce5c9d1d96613a3e5b264-20261007-context-867dae61e345-54e18bc1f938.json;verification/requirement-coverage-NREQ-4b27c9f604f44c29404eacc12a59fd68-20261007-context-0ea535138580-54e18bc1f938.json;verification/requirement-coverage-NREQ-4bb86ccfacff0ea8bbbc59df67b0ca4f-20261007-context-6dcc93386d57-54e18bc1f938.json;verification/requirement-coverage-NREQ-59d5854af99ac5a566eb61e978519b21-20261007-context-e53573db3335-54e18bc1f938.json;verification/requirement-coverage-NREQ-601ec85ffefcffd713520f4067f7529c-20261007-context-be7aad854ceb-54e18bc1f938.json;verification/requirement-coverage-NREQ-71896faa31bc64e94d98bc976e1e6f1d-20261007-context-def6b5edfdba-54e18bc1f938.json;verification/requirement-coverage-NREQ-72aa03a305fb8893a65d384f41d86aeb-20261007-context-6fb2556fc745-54e18bc1f938.json;verification/requirement-coverage-NREQ-75b670fc6ea047b7452b4148f12a30ba-20261007-context-dfc64a21a246-54e18bc1f938.json;verification/requirement-coverage-NREQ-768d67996244254c83c0d11796f63912-20261007-context-291bd5dd0e04-54e18bc1f938.json;verification/requirement-coverage-NREQ-78fef21919bbd7bb3bafba6f62210631-20261007-context-8f3806190781-54e18bc1f938.json;verification/requirement-coverage-NREQ-7a68fe07ee725cf205dd2102cd997b7f-20261007-context-652ecb1fe1af-54e18bc1f938.json;verification/requirement-coverage-NREQ-848909d4b95219bdb481803a4b1b91c2-20261007-context-73f60d480258-54e18bc1f938.json;verification/requirement-coverage-NREQ-86651d173d1583e48cf6c03f9d486f4f-20261007-context-327d2cc2c990-54e18bc1f938.json;verification/requirement-coverage-NREQ-928a65a08b403be3edc8b160ef9cc53c-20261007-context-bc514f8d980c-54e18bc1f938.json;verification/requirement-coverage-NREQ-971af7158d193e9b1d780c13b6c8e0ec-20261007-context-3e84d85be560-54e18bc1f938.json;verification/requirement-coverage-NREQ-a0db6ddcb33d9af123b08d4d481c8ebd-20261007-context-6d4092da78f9-54e18bc1f938.json;verification/requirement-coverage-NREQ-a42ec803577aa8ccbe176ed8e20a8595-20261007-context-66547fe135c2-54e18bc1f938.json;verification/requirement-coverage-NREQ-baa1c33b2e2490264f91881b06ff9da8-20261007-context-029f6195f4ba-54e18bc1f938.json;verification/requirement-coverage-NREQ-c0080ab56f40757c88225dc35a1f98f0-20261007-context-79fe3bf8357b-54e18bc1f938.json;verification/requirement-coverage-NREQ-cf25cf824db06866df51c0e538fcbc03-20261007-context-fde639603c5f-54e18bc1f938.json;verification/requirement-coverage-NREQ-f1919b51ebfc8561d0140c02cbf08abd-20261007-context-5b509fd997c1-54e18bc1f938.json
A	verification/requirement-coverage-NREQ-012f85cfd2196b3413752b3deb14edf0-20261005.json	0b325498bc2ae1d2c1b5bd7432620bfa15e85ce23bd61e9fa9cc6630912df1ac	CURRENT_HASH_MATCHES_RETAINED_SCOPED_REVIEW_INPUT	verification/requirement-coverage-NREQ-012f85cfd2196b3413752b3deb14edf0-20261007-context-faf7fb1b8f5f-54e18bc1f938.json
A	verification/requirement-coverage-NREQ-012f85cfd2196b3413752b3deb14edf0-20261006-followup-da385b153abe.json	fc4ebd76da14413ef272fae83b534271726e1024fffc21d41c631639b01ce231	CURRENT_HASH_MATCHES_RETAINED_SCOPED_REVIEW_INPUT	verification/requirement-coverage-NREQ-012f85cfd2196b3413752b3deb14edf0-20261007-context-faf7fb1b8f5f-54e18bc1f938.json
A	verification/requirement-coverage-NREQ-012f85cfd2196b3413752b3deb14edf0-20261006.json	0e658250172561cb24041405c95b4d4f47e003f26f9323068f2e62441acd854d	CURRENT_HASH_MATCHES_RETAINED_SCOPED_REVIEW_INPUT	verification/requirement-coverage-NREQ-012f85cfd2196b3413752b3deb14edf0-20261007-context-faf7fb1b8f5f-54e18bc1f938.json
A	verification/requirement-coverage-NREQ-012f85cfd2196b3413752b3deb14edf0-20261007-context-faf7fb1b8f5f-54e18bc1f938.json	d53ac0f8e6f5609ea435c398458ba2a23656126f9f0b093b67560e5dcc79f425	CURRENT_ACTIVE_SCOPED_COVERAGE_REVIEW_RECORD	verification-assertion-bindings.json#NREQ-012f85cfd2196b3413752b3deb14edf0
A	verification/requirement-coverage-NREQ-012f85cfd2196b3413752b3deb14edf0-20261007-faf7fb1b8f5f.json	ae085704b322de39ed07563a04fae5ab2ac356c0badddc16b9c44cd6659128f6	CURRENT_HASH_REFERENCED_BY_RETAINED_DELTA_REVIEW	verification/current-source-delta-review-20261007.json
A	verification/requirement-coverage-NREQ-04e156310ae4ecdd6915448e3f30e047-20261005.json	fa1499071c2e40c7262869eed83cc0ddbf0935730e870d2a1165ec0c9e9ccd68	CURRENT_HASH_MATCHES_RETAINED_SCOPED_REVIEW_INPUT	verification/requirement-coverage-NREQ-04e156310ae4ecdd6915448e3f30e047-20261007-context-9f8a35215a69-54e18bc1f938.json
A	verification/requirement-coverage-NREQ-04e156310ae4ecdd6915448e3f30e047-20261006-followup-02e3456d2abe.json	370b79a66411847f94981fe5d41e45a4f8d12a860afd549a8c45e05ac7b79205	CURRENT_HASH_MATCHES_RETAINED_SCOPED_REVIEW_INPUT	verification/requirement-coverage-NREQ-04e156310ae4ecdd6915448e3f30e047-20261007-context-9f8a35215a69-54e18bc1f938.json
A	verification/requirement-coverage-NREQ-04e156310ae4ecdd6915448e3f30e047-20261006.json	c12dad8c4c3b557f121b3651712bb44e8ef9fe544bf731d188571e6068ada845	CURRENT_HASH_MATCHES_RETAINED_SCOPED_REVIEW_INPUT	verification/requirement-coverage-NREQ-04e156310ae4ecdd6915448e3f30e047-20261007-context-9f8a35215a69-54e18bc1f938.json
A	verification/requirement-coverage-NREQ-04e156310ae4ecdd6915448e3f30e047-20261007-9f8a35215a69.json	8cd175467ef7dbc870200cdc11eae236f77bef7a8df297ababc1628bd864712d	CURRENT_HASH_REFERENCED_BY_RETAINED_DELTA_REVIEW	verification/current-source-delta-review-20261007.json
A	verification/requirement-coverage-NREQ-04e156310ae4ecdd6915448e3f30e047-20261007-context-9f8a35215a69-54e18bc1f938.json	c117eeab412aba11c05f85748cca5efd584a7c02c83f7f752d57f64459b58155	CURRENT_ACTIVE_SCOPED_COVERAGE_REVIEW_RECORD	verification-assertion-bindings.json#NREQ-04e156310ae4ecdd6915448e3f30e047
A	verification/requirement-coverage-NREQ-0774fcb2b6e2510d755133d371474ec8-20261005.json	c67e2c75c9211c467b9d4b0626a4250777871b1e6661b143832db4a8a31a7cfa	CURRENT_HASH_MATCHES_RETAINED_SCOPED_REVIEW_INPUT	verification/requirement-coverage-NREQ-0774fcb2b6e2510d755133d371474ec8-20261007-context-d48d5f2a8e1a-54e18bc1f938.json
A	verification/requirement-coverage-NREQ-0774fcb2b6e2510d755133d371474ec8-20261006-followup-40fe6848e121.json	563dcfa2149a4cc85ae54acc4ee4f66b1eaa20c247c995898c4c8b74591cb9c8	CURRENT_HASH_MATCHES_RETAINED_SCOPED_REVIEW_INPUT	verification/requirement-coverage-NREQ-0774fcb2b6e2510d755133d371474ec8-20261007-context-d48d5f2a8e1a-54e18bc1f938.json
A	verification/requirement-coverage-NREQ-0774fcb2b6e2510d755133d371474ec8-20261006.json	767ef38707e6c507e9775aa30cd8ff817f40fffffa10ff2d4462753d62b89ef9	CURRENT_HASH_MATCHES_RETAINED_SCOPED_REVIEW_INPUT	verification/requirement-coverage-NREQ-0774fcb2b6e2510d755133d371474ec8-20261007-context-d48d5f2a8e1a-54e18bc1f938.json
A	verification/requirement-coverage-NREQ-0774fcb2b6e2510d755133d371474ec8-20261007-context-d48d5f2a8e1a-54e18bc1f938.json	dbcce2ad02013198b9ae063c7f26253e734e1425df85de8329a7225231ac2fb1	CURRENT_ACTIVE_SCOPED_COVERAGE_REVIEW_RECORD	verification-assertion-bindings.json#NREQ-0774fcb2b6e2510d755133d371474ec8
A	verification/requirement-coverage-NREQ-0774fcb2b6e2510d755133d371474ec8-20261007-d48d5f2a8e1a.json	1fbf192f1a18b1ae574cec4ead266110e96c959c592fda27ab6e650a4d2ea362	CURRENT_HASH_REFERENCED_BY_RETAINED_DELTA_REVIEW	verification/current-source-delta-review-20261007.json
A	verification/requirement-coverage-NREQ-092f78e488e6282f342b533fa7801e3e-20261005.json	ae9f2407f539cf27c6b8c052486bf89789a11f65a890a30bd08e3f82bcc9312f	CURRENT_HASH_MATCHES_RETAINED_SCOPED_REVIEW_INPUT	verification/requirement-coverage-NREQ-092f78e488e6282f342b533fa7801e3e-20261007-context-11d306878126-54e18bc1f938.json
A	verification/requirement-coverage-NREQ-092f78e488e6282f342b533fa7801e3e-20261006-followup-6b8b5a6e3779.json	677337e68bfa37055c873e53db292416a819e95d22c09011bb9b27de13806ca0	CURRENT_HASH_MATCHES_RETAINED_SCOPED_REVIEW_INPUT	verification/requirement-coverage-NREQ-092f78e488e6282f342b533fa7801e3e-20261007-context-11d306878126-54e18bc1f938.json
A	verification/requirement-coverage-NREQ-092f78e488e6282f342b533fa7801e3e-20261006.json	9efb46aace15acbe487920d9356f32da518ba656fa5719f5bc0d8eb6661cdcea	CURRENT_HASH_MATCHES_RETAINED_SCOPED_REVIEW_INPUT	verification/requirement-coverage-NREQ-092f78e488e6282f342b533fa7801e3e-20261007-context-11d306878126-54e18bc1f938.json
A	verification/requirement-coverage-NREQ-092f78e488e6282f342b533fa7801e3e-20261007-11d306878126.json	57686c95c275e800e9d45b7c2e6dabd9e7c3234940087a12981fb36aa6f46a44	CURRENT_HASH_REFERENCED_BY_RETAINED_DELTA_REVIEW	verification/current-source-delta-review-20261007.json
A	verification/requirement-coverage-NREQ-092f78e488e6282f342b533fa7801e3e-20261007-context-11d306878126-54e18bc1f938.json	c86aff3fddef1858a4d3b3f3e63177decb48cfaaa861363ec8ba9c028a1c296c	CURRENT_ACTIVE_SCOPED_COVERAGE_REVIEW_RECORD	verification-assertion-bindings.json#NREQ-092f78e488e6282f342b533fa7801e3e
A	verification/requirement-coverage-NREQ-0b73c99557630a5deeace7e89ea0e28f-20261005.json	8463626aa3009a6bce7f2e5fca628fb8871ad036ac97c38ac10d21ffa629ca0e	CURRENT_HASH_MATCHES_RETAINED_SCOPED_REVIEW_INPUT	verification/requirement-coverage-NREQ-0b73c99557630a5deeace7e89ea0e28f-20261007-context-70f6fc73db90-54e18bc1f938.json
A	verification/requirement-coverage-NREQ-0b73c99557630a5deeace7e89ea0e28f-20261006-followup-a624628afedd.json	793479713ccd0d062eab6f923f543594bc8c9ea8c82bd18093bb8292de676d6d	CURRENT_HASH_MATCHES_RETAINED_SCOPED_REVIEW_INPUT	verification/requirement-coverage-NREQ-0b73c99557630a5deeace7e89ea0e28f-20261007-context-70f6fc73db90-54e18bc1f938.json
A	verification/requirement-coverage-NREQ-0b73c99557630a5deeace7e89ea0e28f-20261006.json	d03f7ec3a8135928049fd2154193e96e430d09c569e6c60d9d48bd5479020149	CURRENT_HASH_MATCHES_RETAINED_SCOPED_REVIEW_INPUT	verification/requirement-coverage-NREQ-0b73c99557630a5deeace7e89ea0e28f-20261007-context-70f6fc73db90-54e18bc1f938.json
A	verification/requirement-coverage-NREQ-0b73c99557630a5deeace7e89ea0e28f-20261007-a64c00aefaec.json	7e2a5448faa4d5aa38a0d234df782d2cb22cb2d14063d73643548f9979c693eb	CURRENT_HASH_REFERENCED_BY_RETAINED_DELTA_REVIEW	verification/current-source-delta-review-20261007.json
A	verification/requirement-coverage-NREQ-0b73c99557630a5deeace7e89ea0e28f-20261007-context-70f6fc73db90-54e18bc1f938.json	c39d6acaf49b96aef0be0b1b8c9e6687377a828857b778c53ac3bad5d07cbc7f	CURRENT_ACTIVE_SCOPED_COVERAGE_REVIEW_RECORD	verification-assertion-bindings.json#NREQ-0b73c99557630a5deeace7e89ea0e28f
A	verification/requirement-coverage-NREQ-0c973b955d61ee36887734df0ade5e69-20261006-syntax-d0c65f5bc979.json	424fc5bcb1d79dcba0407979cfb632f08aa7720989c85ee345a91356150c5ab0	CURRENT_HASH_MATCHES_RETAINED_SCOPED_REVIEW_INPUT	verification/requirement-coverage-NREQ-0c973b955d61ee36887734df0ade5e69-20261007-context-aa211674369a-54e18bc1f938.json
A	verification/requirement-coverage-NREQ-0c973b955d61ee36887734df0ade5e69-20261007-context-aa211674369a-54e18bc1f938.json	03b924dd3c3ddfb166a038a25a28fedbc6fb2450317d5e23190e7fe0583359fe	CURRENT_ACTIVE_SCOPED_COVERAGE_REVIEW_RECORD	verification-assertion-bindings.json#NREQ-0c973b955d61ee36887734df0ade5e69
A	verification/requirement-coverage-NREQ-0c973b955d61ee36887734df0ade5e69-20261007-d3e1f54846aa.json	ef77d0f1da42f3ed8f75b423e0f123e94297b83e1153de384d878a0658dd73de	CURRENT_HASH_REFERENCED_BY_RETAINED_DELTA_REVIEW	verification/current-source-delta-review-20261007.json
A	verification/requirement-coverage-NREQ-0f5cdc9e49a6fb5b69455d4b2338448c-20261005.json	1b76101a23e92b6752f8f1a5d669956c9b73e60b9b74d43c66e3a232cda8bca6	CURRENT_HASH_MATCHES_RETAINED_SCOPED_REVIEW_INPUT	verification/requirement-coverage-NREQ-0f5cdc9e49a6fb5b69455d4b2338448c-20261007-context-fb52feb719db-54e18bc1f938.json
A	verification/requirement-coverage-NREQ-0f5cdc9e49a6fb5b69455d4b2338448c-20261006-followup-5fb814d5ac99.json	33c7b4af58f1f9bb2193040328e183cb135c7e86d52bdd0cac69487caf1d80ba	CURRENT_HASH_MATCHES_RETAINED_SCOPED_REVIEW_INPUT	verification/requirement-coverage-NREQ-0f5cdc9e49a6fb5b69455d4b2338448c-20261007-context-fb52feb719db-54e18bc1f938.json
A	verification/requirement-coverage-NREQ-0f5cdc9e49a6fb5b69455d4b2338448c-20261006.json	9df997b4739851c8c0552aafaaa1806aae8eb9401107e5ba2f66736ef2f9647f	CURRENT_HASH_MATCHES_RETAINED_SCOPED_REVIEW_INPUT	verification/requirement-coverage-NREQ-0f5cdc9e49a6fb5b69455d4b2338448c-20261007-context-fb52feb719db-54e18bc1f938.json
A	verification/requirement-coverage-NREQ-0f5cdc9e49a6fb5b69455d4b2338448c-20261007-context-fb52feb719db-54e18bc1f938.json	ad3b79471818112fd10fa6b09e8ab573dd7880643812ede6e036790b0b29c728	CURRENT_ACTIVE_SCOPED_COVERAGE_REVIEW_RECORD	verification-assertion-bindings.json#NREQ-0f5cdc9e49a6fb5b69455d4b2338448c
A	verification/requirement-coverage-NREQ-0f5cdc9e49a6fb5b69455d4b2338448c-20261007-fb52feb719db.json	a861c040aaa59ffcd04b2c2fbf9a033e7eaf918d02dc1325358ccf60a9b94226	CURRENT_HASH_REFERENCED_BY_RETAINED_DELTA_REVIEW	verification/current-source-delta-review-20261007.json
A	verification/requirement-coverage-NREQ-0fe0693c63b640aac77aa7fa2ad3861d-20261005.json	fdbfc381bc65d23ed6b4b829a711718bc5c889600347c15153b3d08f689bde35	CURRENT_HASH_MATCHES_RETAINED_SCOPED_REVIEW_INPUT	verification/requirement-coverage-NREQ-0fe0693c63b640aac77aa7fa2ad3861d-20261007-context-e479a2d67661-54e18bc1f938.json
A	verification/requirement-coverage-NREQ-0fe0693c63b640aac77aa7fa2ad3861d-20261006-followup-3cf4851e7526.json	b05eb5a360d9c5e7335cd1474315ef9ad1627c662a759f21030bb47c8f0e2c17	CURRENT_HASH_MATCHES_RETAINED_SCOPED_REVIEW_INPUT	verification/requirement-coverage-NREQ-0fe0693c63b640aac77aa7fa2ad3861d-20261007-context-e479a2d67661-54e18bc1f938.json
A	verification/requirement-coverage-NREQ-0fe0693c63b640aac77aa7fa2ad3861d-20261006.json	c86a57bcde3f839903f1d56cb2ffbd47edb07f33ad85144a0f939d9159c0d492	CURRENT_HASH_MATCHES_RETAINED_SCOPED_REVIEW_INPUT	verification/requirement-coverage-NREQ-0fe0693c63b640aac77aa7fa2ad3861d-20261007-context-e479a2d67661-54e18bc1f938.json
A	verification/requirement-coverage-NREQ-0fe0693c63b640aac77aa7fa2ad3861d-20261007-context-e479a2d67661-54e18bc1f938.json	57cd2a843707efccd51bfe44f2907503f5aabf03144b0e397692e15bda4bb42e	CURRENT_ACTIVE_SCOPED_COVERAGE_REVIEW_RECORD	verification-assertion-bindings.json#NREQ-0fe0693c63b640aac77aa7fa2ad3861d
A	verification/requirement-coverage-NREQ-0fe0693c63b640aac77aa7fa2ad3861d-20261007-d6896a78f175.json	0bd94688de53be75ed6d5e8d8bd085ce47284f046532961ad467080b9ddca805	CURRENT_HASH_REFERENCED_BY_RETAINED_DELTA_REVIEW	verification/current-source-delta-review-20261007.json
A	verification/requirement-coverage-NREQ-1000a70e39109bdb76b85fa6855a4892-20261005.json	ef4899cb791fe4c2bf478c091df251bba783fb5e68fd2d19aeec9eca11f18769	CURRENT_HASH_MATCHES_RETAINED_SCOPED_REVIEW_INPUT	verification/requirement-coverage-NREQ-1000a70e39109bdb76b85fa6855a4892-20261007-context-fab4e794a047-54e18bc1f938.json
A	verification/requirement-coverage-NREQ-1000a70e39109bdb76b85fa6855a4892-20261006-followup-237de29a154d.json	27538235b4a296e3ec06e004ceea2474eb2261aae69d855d549922dd149cdd07	CURRENT_HASH_MATCHES_RETAINED_SCOPED_REVIEW_INPUT	verification/requirement-coverage-NREQ-1000a70e39109bdb76b85fa6855a4892-20261007-context-fab4e794a047-54e18bc1f938.json
A	verification/requirement-coverage-NREQ-1000a70e39109bdb76b85fa6855a4892-20261006.json	163f585aa1abcd6d99aab716d81d2f59b121d7aabca68e6e6c43dc7516c647d0	CURRENT_HASH_MATCHES_RETAINED_SCOPED_REVIEW_INPUT	verification/requirement-coverage-NREQ-1000a70e39109bdb76b85fa6855a4892-20261007-context-fab4e794a047-54e18bc1f938.json
A	verification/requirement-coverage-NREQ-1000a70e39109bdb76b85fa6855a4892-20261007-context-fab4e794a047-54e18bc1f938.json	9297cbfdea717bc0325d2dbde0f0c622efb8c762514a5bde74b5678c8a178a6e	CURRENT_ACTIVE_SCOPED_COVERAGE_REVIEW_RECORD	verification-assertion-bindings.json#NREQ-1000a70e39109bdb76b85fa6855a4892
A	verification/requirement-coverage-NREQ-1000a70e39109bdb76b85fa6855a4892-20261007-fab4e794a047.json	9e50db81da90c95dbd923ddd5c9507cf8c3e59bec007531809be2b1c413924bf	CURRENT_HASH_REFERENCED_BY_RETAINED_DELTA_REVIEW	verification/current-source-delta-review-20261007.json
A	verification/requirement-coverage-NREQ-1543275bf85c6f452bce3c65a31dd691-20261005.json	44f0cfdff3492812b49b0205b927b12a825c675b0fb72e92f067e8f2ec0e35f5	CURRENT_HASH_MATCHES_RETAINED_SCOPED_REVIEW_INPUT	verification/requirement-coverage-NREQ-1543275bf85c6f452bce3c65a31dd691-20261007-context-bc25b407a6a7-54e18bc1f938.json
A	verification/requirement-coverage-NREQ-1543275bf85c6f452bce3c65a31dd691-20261006-followup-c55d0cfb2cf2.json	5a07a789942d49b675f95e34d99f8d6e1cbcd8bdf375a675283263f792b0600b	CURRENT_HASH_MATCHES_RETAINED_SCOPED_REVIEW_INPUT	verification/requirement-coverage-NREQ-1543275bf85c6f452bce3c65a31dd691-20261007-context-bc25b407a6a7-54e18bc1f938.json
A	verification/requirement-coverage-NREQ-1543275bf85c6f452bce3c65a31dd691-20261006.json	042c9464555bc9a913045833bad9f973394abefd0fb560f0fd56626b98a978ca	CURRENT_HASH_MATCHES_RETAINED_SCOPED_REVIEW_INPUT	verification/requirement-coverage-NREQ-1543275bf85c6f452bce3c65a31dd691-20261007-context-bc25b407a6a7-54e18bc1f938.json
A	verification/requirement-coverage-NREQ-1543275bf85c6f452bce3c65a31dd691-20261007-bc25b407a6a7.json	76b47738f92d3c7708731a335c397988b0672fe4fef94c84b9157f0a43d70fbc	CURRENT_HASH_REFERENCED_BY_RETAINED_DELTA_REVIEW	verification/current-source-delta-review-20261007.json
A	verification/requirement-coverage-NREQ-1543275bf85c6f452bce3c65a31dd691-20261007-context-bc25b407a6a7-54e18bc1f938.json	c768cfd836e354b7b79c930a874cd3becc4d36927f7296ee14ae518a614361bb	CURRENT_ACTIVE_SCOPED_COVERAGE_REVIEW_RECORD	verification-assertion-bindings.json#NREQ-1543275bf85c6f452bce3c65a31dd691
A	verification/requirement-coverage-NREQ-1576e27fba46e1d68631bb2ade2e37f4-20261006-syntax-26d52bad9b8f.json	665f65a33c3d87f55be7f0672ce52710ac5f54b8fc87b486bed93768c685bc37	CURRENT_HASH_MATCHES_RETAINED_SCOPED_REVIEW_INPUT	verification/requirement-coverage-NREQ-1576e27fba46e1d68631bb2ade2e37f4-20261007-context-f03bceab9e8e-54e18bc1f938.json
A	verification/requirement-coverage-NREQ-1576e27fba46e1d68631bb2ade2e37f4-20261007-context-f03bceab9e8e-54e18bc1f938.json	2621161cd253431ccfbd08f7d4efe7be02ca903c0f4a734fc9746916eb433dc3	CURRENT_ACTIVE_SCOPED_COVERAGE_REVIEW_RECORD	verification-assertion-bindings.json#NREQ-1576e27fba46e1d68631bb2ade2e37f4
A	verification/requirement-coverage-NREQ-1576e27fba46e1d68631bb2ade2e37f4-20261007-d57d86116816.json	df6b7f046b9bc13d522c9c1ec1895d1e2c0e8295101acc287c844527ef79f2d6	CURRENT_HASH_REFERENCED_BY_RETAINED_DELTA_REVIEW	verification/current-source-delta-review-20261007.json
A	verification/requirement-coverage-NREQ-178819f4c44ad7250656e79d18a8cae3-20261005.json	2e64eed4b2f3c3514742d7163ba6fef6759ef19192a900bc896167b9247195ea	CURRENT_HASH_MATCHES_RETAINED_SCOPED_REVIEW_INPUT	verification/requirement-coverage-NREQ-178819f4c44ad7250656e79d18a8cae3-20261007-context-c1c5855362aa-54e18bc1f938.json
A	verification/requirement-coverage-NREQ-178819f4c44ad7250656e79d18a8cae3-20261006-followup-2a148b6694cb.json	846e4c18ab0d772e7b18efce41a1b183c304183ca1529c36aca792f9c76ff47e	CURRENT_HASH_MATCHES_RETAINED_SCOPED_REVIEW_INPUT	verification/requirement-coverage-NREQ-178819f4c44ad7250656e79d18a8cae3-20261007-context-c1c5855362aa-54e18bc1f938.json
A	verification/requirement-coverage-NREQ-178819f4c44ad7250656e79d18a8cae3-20261006.json	2b33cb6c566a0f6ea86f7accfb1587d9bed918f41c39988662f3483a1ba36a73	CURRENT_HASH_MATCHES_RETAINED_SCOPED_REVIEW_INPUT	verification/requirement-coverage-NREQ-178819f4c44ad7250656e79d18a8cae3-20261007-context-c1c5855362aa-54e18bc1f938.json
A	verification/requirement-coverage-NREQ-178819f4c44ad7250656e79d18a8cae3-20261007-c1c5855362aa.json	d94790dc4354cea7d1b850b8c30b2551323687823445d145d068982dd353b36a	CURRENT_HASH_REFERENCED_BY_RETAINED_DELTA_REVIEW	verification/current-source-delta-review-20261007.json
A	verification/requirement-coverage-NREQ-178819f4c44ad7250656e79d18a8cae3-20261007-context-c1c5855362aa-54e18bc1f938.json	72d00eb3cb5e34d57228d02c1255e5d2d73a8bef35fe17480c3a100c0ccb0c6b	CURRENT_ACTIVE_SCOPED_COVERAGE_REVIEW_RECORD	verification-assertion-bindings.json#NREQ-178819f4c44ad7250656e79d18a8cae3
A	verification/requirement-coverage-NREQ-18edc302ca3fad90513b66c585e688e6-20261005.json	e99202db51bb3616a989ec839881ebb0655d93165dc81b9fcb66b94606883871	CURRENT_HASH_MATCHES_RETAINED_SCOPED_REVIEW_INPUT	verification/requirement-coverage-NREQ-18edc302ca3fad90513b66c585e688e6-20261007-context-c29757d88109-54e18bc1f938.json
A	verification/requirement-coverage-NREQ-18edc302ca3fad90513b66c585e688e6-20261006-followup-0a60999428af.json	ca0951972097f18abc093f304894e12edfdca5977564e9a770806e1facc00a08	CURRENT_HASH_MATCHES_RETAINED_SCOPED_REVIEW_INPUT	verification/requirement-coverage-NREQ-18edc302ca3fad90513b66c585e688e6-20261007-context-c29757d88109-54e18bc1f938.json
A	verification/requirement-coverage-NREQ-18edc302ca3fad90513b66c585e688e6-20261006.json	3c235d78078b84af522fb08af701feec056aa59a0e6615966040f9e7fc58dbf5	CURRENT_HASH_MATCHES_RETAINED_SCOPED_REVIEW_INPUT	verification/requirement-coverage-NREQ-18edc302ca3fad90513b66c585e688e6-20261007-context-c29757d88109-54e18bc1f938.json
A	verification/requirement-coverage-NREQ-18edc302ca3fad90513b66c585e688e6-20261007-c29757d88109.json	5390b5b4830383240f2efc32b37144ccfbf0f5df5973ff4a79be0c593f845ad6	CURRENT_HASH_REFERENCED_BY_RETAINED_DELTA_REVIEW	verification/current-source-delta-review-20261007.json
A	verification/requirement-coverage-NREQ-18edc302ca3fad90513b66c585e688e6-20261007-context-c29757d88109-54e18bc1f938.json	95271ee4a80c1563d8f6e050923ad00376fdc5fb0be803dfa7c41e504265e3cf	CURRENT_ACTIVE_SCOPED_COVERAGE_REVIEW_RECORD	verification-assertion-bindings.json#NREQ-18edc302ca3fad90513b66c585e688e6
A	verification/requirement-coverage-NREQ-1b07d67693ef773b4800dc6e06626b5b-20261005.json	cde8a5d33cabb20d8d59a72ece4d4df1b186cfae5efa09f6d3a996cc2e56294a	CURRENT_HASH_MATCHES_RETAINED_SCOPED_REVIEW_INPUT	verification/requirement-coverage-NREQ-1b07d67693ef773b4800dc6e06626b5b-20261007-context-dcaf72405bbe-54e18bc1f938.json
A	verification/requirement-coverage-NREQ-1b07d67693ef773b4800dc6e06626b5b-20261006-followup-9b9731e56600.json	74a6ac11bcb55c4f95d731cf3781a896cefaa59893ab20ea7093887af598c8fb	CURRENT_HASH_MATCHES_RETAINED_SCOPED_REVIEW_INPUT	verification/requirement-coverage-NREQ-1b07d67693ef773b4800dc6e06626b5b-20261007-context-dcaf72405bbe-54e18bc1f938.json
A	verification/requirement-coverage-NREQ-1b07d67693ef773b4800dc6e06626b5b-20261006.json	7c6fc3ff58e545adf8fa6a319d079f3a27c27bc2acd67339bbdcee242f7c6e66	CURRENT_HASH_MATCHES_RETAINED_SCOPED_REVIEW_INPUT	verification/requirement-coverage-NREQ-1b07d67693ef773b4800dc6e06626b5b-20261007-context-dcaf72405bbe-54e18bc1f938.json
A	verification/requirement-coverage-NREQ-1b07d67693ef773b4800dc6e06626b5b-20261007-context-dcaf72405bbe-54e18bc1f938.json	7c985d8b41a7e0cd37b4c55c358a3adefe18dc4c5350e97e8791ab089a902770	CURRENT_ACTIVE_SCOPED_COVERAGE_REVIEW_RECORD	verification-assertion-bindings.json#NREQ-1b07d67693ef773b4800dc6e06626b5b
A	verification/requirement-coverage-NREQ-1b07d67693ef773b4800dc6e06626b5b-20261007-dcaf72405bbe.json	c7acbc75ed6f34d435c319d0f57b8535ce51f8b074699f6dc3cf478e8fbc99d4	CURRENT_HASH_REFERENCED_BY_RETAINED_DELTA_REVIEW	verification/current-source-delta-review-20261007.json
A	verification/requirement-coverage-NREQ-1cb8c122e35c6f4e36f01c95ea0d02c9-20261005.json	6a96a8046cb8e395fb29f1e40f04fac7b139e71a295696483c230bba0cf8854d	CURRENT_HASH_MATCHES_RETAINED_SCOPED_REVIEW_INPUT	verification/requirement-coverage-NREQ-1cb8c122e35c6f4e36f01c95ea0d02c9-20261007-context-4e1b5cc17d08-54e18bc1f938.json
A	verification/requirement-coverage-NREQ-1cb8c122e35c6f4e36f01c95ea0d02c9-20261006-followup-096c3cac8f31.json	038a77e5af1aa955c742628cddde6cfb0216c31422f6d4285120429fac1f8ba9	CURRENT_HASH_MATCHES_RETAINED_SCOPED_REVIEW_INPUT	verification/requirement-coverage-NREQ-1cb8c122e35c6f4e36f01c95ea0d02c9-20261007-context-4e1b5cc17d08-54e18bc1f938.json
A	verification/requirement-coverage-NREQ-1cb8c122e35c6f4e36f01c95ea0d02c9-20261006.json	d6edf90d6c49030500df31ac195ad4b9dcdb2de043ab4ce1ed5e5ffe078a23af	CURRENT_HASH_MATCHES_RETAINED_SCOPED_REVIEW_INPUT	verification/requirement-coverage-NREQ-1cb8c122e35c6f4e36f01c95ea0d02c9-20261007-context-4e1b5cc17d08-54e18bc1f938.json
A	verification/requirement-coverage-NREQ-1cb8c122e35c6f4e36f01c95ea0d02c9-20261007-4e1b5cc17d08.json	ce64b051a75841f9e664df18c339e41ebc58f44f832a613541166b1576fdd3d2	CURRENT_HASH_REFERENCED_BY_RETAINED_DELTA_REVIEW	verification/current-source-delta-review-20261007.json
A	verification/requirement-coverage-NREQ-1cb8c122e35c6f4e36f01c95ea0d02c9-20261007-context-4e1b5cc17d08-54e18bc1f938.json	f295441f814356df91c4957ed70d338b3533eb819fad576ca307d895a826be32	CURRENT_ACTIVE_SCOPED_COVERAGE_REVIEW_RECORD	verification-assertion-bindings.json#NREQ-1cb8c122e35c6f4e36f01c95ea0d02c9
A	verification/requirement-coverage-NREQ-1e002259d64a939cee2f2a41f4bf3515-20261005.json	dd2be76cceeacde721d72a01a4f3ff2d69af73a41b8836057969f8dc86bf8883	CURRENT_HASH_MATCHES_RETAINED_SCOPED_REVIEW_INPUT	verification/requirement-coverage-NREQ-1e002259d64a939cee2f2a41f4bf3515-20261007-context-19c88e9b3697-54e18bc1f938.json
A	verification/requirement-coverage-NREQ-1e002259d64a939cee2f2a41f4bf3515-20261006-followup-a1029b0f744c.json	8a4fa760695a3e7881d1de455ae08f75834c2d872627b8ea19ba34a93006fc81	CURRENT_HASH_MATCHES_RETAINED_SCOPED_REVIEW_INPUT	verification/requirement-coverage-NREQ-1e002259d64a939cee2f2a41f4bf3515-20261007-context-19c88e9b3697-54e18bc1f938.json
A	verification/requirement-coverage-NREQ-1e002259d64a939cee2f2a41f4bf3515-20261006.json	76610af3f23729a6ea35e6dfde7414a9429ee12a441d8c965f07892b036085dd	CURRENT_HASH_MATCHES_RETAINED_SCOPED_REVIEW_INPUT	verification/requirement-coverage-NREQ-1e002259d64a939cee2f2a41f4bf3515-20261007-context-19c88e9b3697-54e18bc1f938.json
A	verification/requirement-coverage-NREQ-1e002259d64a939cee2f2a41f4bf3515-20261007-19c88e9b3697.json	5e4230c1965a2ff7071ca85f537ee09985346bd9e77a008e5b80a68d89121f12	CURRENT_HASH_REFERENCED_BY_RETAINED_DELTA_REVIEW	verification/current-source-delta-review-20261007.json
A	verification/requirement-coverage-NREQ-1e002259d64a939cee2f2a41f4bf3515-20261007-context-19c88e9b3697-54e18bc1f938.json	8a18febc89ede8db8285540537472588330beaeba6a9bb3832e204d5cb549960	CURRENT_ACTIVE_SCOPED_COVERAGE_REVIEW_RECORD	verification-assertion-bindings.json#NREQ-1e002259d64a939cee2f2a41f4bf3515
A	verification/requirement-coverage-NREQ-1f578d8524f1af57b280fd03422827f1-20261005.json	9a9d04f02dbbc50239c641c6d42001502d3a4489ddbad9babe0b93f0eacd2e77	CURRENT_HASH_MATCHES_RETAINED_SCOPED_REVIEW_INPUT	verification/requirement-coverage-NREQ-1f578d8524f1af57b280fd03422827f1-20261007-context-33c756e92bb7-54e18bc1f938.json
A	verification/requirement-coverage-NREQ-1f578d8524f1af57b280fd03422827f1-20261006-followup-a8aa1557a81a.json	fbf94f7638398c52c4021dae2765b40313442d960d667f9a98cd403f9aa5d907	CURRENT_HASH_MATCHES_RETAINED_SCOPED_REVIEW_INPUT	verification/requirement-coverage-NREQ-1f578d8524f1af57b280fd03422827f1-20261007-context-33c756e92bb7-54e18bc1f938.json
A	verification/requirement-coverage-NREQ-1f578d8524f1af57b280fd03422827f1-20261006.json	2100bec125bf44fa060b40a66521cf626056a782b5aa0d5fe2f49dee32532187	CURRENT_HASH_MATCHES_RETAINED_SCOPED_REVIEW_INPUT	verification/requirement-coverage-NREQ-1f578d8524f1af57b280fd03422827f1-20261007-context-33c756e92bb7-54e18bc1f938.json
A	verification/requirement-coverage-NREQ-1f578d8524f1af57b280fd03422827f1-20261007-333058391a36.json	49988f9d1d910916c0876d1183175afeef05b7d543170ae6cac1e55fde607b35	CURRENT_HASH_REFERENCED_BY_RETAINED_DELTA_REVIEW	verification/current-source-delta-review-20261007.json
A	verification/requirement-coverage-NREQ-1f578d8524f1af57b280fd03422827f1-20261007-context-33c756e92bb7-54e18bc1f938.json	0de24cc13cee163f35ab309fa111e779db866909ecd197bbae7d4314984bfc98	CURRENT_ACTIVE_SCOPED_COVERAGE_REVIEW_RECORD	verification-assertion-bindings.json#NREQ-1f578d8524f1af57b280fd03422827f1
A	verification/requirement-coverage-NREQ-2046e21dd63ad76f992233d5582c716d-20261005.json	32cdbf79c7d4d7a476e3e254f06d6841b46e6a134f7827b5bf3e7627af78908c	CURRENT_HASH_MATCHES_RETAINED_SCOPED_REVIEW_INPUT	verification/requirement-coverage-NREQ-2046e21dd63ad76f992233d5582c716d-20261007-context-8d03363ebd61-54e18bc1f938.json
A	verification/requirement-coverage-NREQ-2046e21dd63ad76f992233d5582c716d-20261006-followup-194628ae5eff.json	05c03436775ea29ccaf5c5fe2491c28c808ad8abb243188ab0c39726354f63e0	CURRENT_HASH_MATCHES_RETAINED_SCOPED_REVIEW_INPUT	verification/requirement-coverage-NREQ-2046e21dd63ad76f992233d5582c716d-20261007-context-8d03363ebd61-54e18bc1f938.json
A	verification/requirement-coverage-NREQ-2046e21dd63ad76f992233d5582c716d-20261006.json	b16c44ac79d2e0f9697468ff1fd1c89829ac0631c8e90d29c7b3fae3997eb3dc	CURRENT_HASH_MATCHES_RETAINED_SCOPED_REVIEW_INPUT	verification/requirement-coverage-NREQ-2046e21dd63ad76f992233d5582c716d-20261007-context-8d03363ebd61-54e18bc1f938.json
A	verification/requirement-coverage-NREQ-2046e21dd63ad76f992233d5582c716d-20261007-8d03363ebd61.json	6dba2381372f53ec2173fbdc4f85b08401050e556a82ba8bec03e58ad3e9249f	CURRENT_HASH_REFERENCED_BY_RETAINED_DELTA_REVIEW	verification/current-source-delta-review-20261007.json
A	verification/requirement-coverage-NREQ-2046e21dd63ad76f992233d5582c716d-20261007-context-8d03363ebd61-54e18bc1f938.json	49c2e86fc909571dd73d951e264a92b5c1bf925b45a23ee5036bd2213e2d9879	CURRENT_ACTIVE_SCOPED_COVERAGE_REVIEW_RECORD	verification-assertion-bindings.json#NREQ-2046e21dd63ad76f992233d5582c716d
A	verification/requirement-coverage-NREQ-2174af2894ceaa1acb9a032113db659d-20261005.json	ef75ad4c41b82f656ea67c5ac68980a03db969b1e83b0759c640fbcdf975e69d	CURRENT_HASH_MATCHES_RETAINED_SCOPED_REVIEW_INPUT	verification/requirement-coverage-NREQ-2174af2894ceaa1acb9a032113db659d-20261007-context-8376db0a1333-54e18bc1f938.json
A	verification/requirement-coverage-NREQ-2174af2894ceaa1acb9a032113db659d-20261006-followup-784562f8d1b0.json	4b5161e88aa95bfb64d250f205e3d965b5436e1bdb98b9b5bfcf51ae870e1f9a	CURRENT_HASH_MATCHES_RETAINED_SCOPED_REVIEW_INPUT	verification/requirement-coverage-NREQ-2174af2894ceaa1acb9a032113db659d-20261007-context-8376db0a1333-54e18bc1f938.json
A	verification/requirement-coverage-NREQ-2174af2894ceaa1acb9a032113db659d-20261006.json	e3826333e4cb9fba86dc0fa055984912d3b28e52bee203dda142ec5b6a4cc613	CURRENT_HASH_MATCHES_RETAINED_SCOPED_REVIEW_INPUT	verification/requirement-coverage-NREQ-2174af2894ceaa1acb9a032113db659d-20261007-context-8376db0a1333-54e18bc1f938.json
A	verification/requirement-coverage-NREQ-2174af2894ceaa1acb9a032113db659d-20261007-8376db0a1333.json	3f8cf1a5f6083fa26a5de3158207b1d825dc3a84777bbac30a3b022cd03df000	CURRENT_HASH_REFERENCED_BY_RETAINED_DELTA_REVIEW	verification/current-source-delta-review-20261007.json
A	verification/requirement-coverage-NREQ-2174af2894ceaa1acb9a032113db659d-20261007-context-8376db0a1333-54e18bc1f938.json	7bcfd20966a24e44c368c5cf0f3d4d4ad47201d1e6d2c4b330aedeb9c7d8e20f	CURRENT_ACTIVE_SCOPED_COVERAGE_REVIEW_RECORD	verification-assertion-bindings.json#NREQ-2174af2894ceaa1acb9a032113db659d
A	verification/requirement-coverage-NREQ-229f56cf458329f04d589d3aa92b95e5-20261005.json	1e5e41228a51c2ed498651242e42bc7766d7d43f5f1474dfea387a421390b69c	CURRENT_HASH_MATCHES_RETAINED_SCOPED_REVIEW_INPUT	verification/requirement-coverage-NREQ-229f56cf458329f04d589d3aa92b95e5-20261007-context-23fcc35649f3-54e18bc1f938.json
A	verification/requirement-coverage-NREQ-229f56cf458329f04d589d3aa92b95e5-20261006-followup-ea8ed4f99a0e.json	c62038f873f2497f7e6754fb9cf0895e54b00045271bd6f9b385efa344322b81	CURRENT_HASH_MATCHES_RETAINED_SCOPED_REVIEW_INPUT	verification/requirement-coverage-NREQ-229f56cf458329f04d589d3aa92b95e5-20261007-context-23fcc35649f3-54e18bc1f938.json
A	verification/requirement-coverage-NREQ-229f56cf458329f04d589d3aa92b95e5-20261006.json	66d74922da1e0f54bbe8318a91cc377cf7a7ebee8db80606916c295ef5403e69	CURRENT_HASH_MATCHES_RETAINED_SCOPED_REVIEW_INPUT	verification/requirement-coverage-NREQ-229f56cf458329f04d589d3aa92b95e5-20261007-context-23fcc35649f3-54e18bc1f938.json
A	verification/requirement-coverage-NREQ-229f56cf458329f04d589d3aa92b95e5-20261007-23fcc35649f3.json	d2aa213fcfa17a122b36369de98da5d9bad5febf70cc469d1637d2ebc6d84cc0	CURRENT_HASH_REFERENCED_BY_RETAINED_DELTA_REVIEW	verification/current-source-delta-review-20261007.json
A	verification/requirement-coverage-NREQ-229f56cf458329f04d589d3aa92b95e5-20261007-context-23fcc35649f3-54e18bc1f938.json	3a46133d80733bbd4b486bda9c8e045828cd0bb4a0b2fc7e0ec44f12190304e0	CURRENT_ACTIVE_SCOPED_COVERAGE_REVIEW_RECORD	verification-assertion-bindings.json#NREQ-229f56cf458329f04d589d3aa92b95e5
A	verification/requirement-coverage-NREQ-22cf265b2b952dcb7187618a915c98bd-20261005.json	5f044dd407e919709e25d97d00f93f00054fb298be0c71713bb817a8b2fb5c62	CURRENT_HASH_MATCHES_RETAINED_SCOPED_REVIEW_INPUT	verification/requirement-coverage-NREQ-22cf265b2b952dcb7187618a915c98bd-20261007-context-78f2e077c3d8-54e18bc1f938.json
A	verification/requirement-coverage-NREQ-22cf265b2b952dcb7187618a915c98bd-20261006-followup-801fe8931ddc.json	da43f6c405ea62c93b2aca1f5d3b036b836920386bcf72c596159f75585a9f8e	CURRENT_HASH_MATCHES_RETAINED_SCOPED_REVIEW_INPUT	verification/requirement-coverage-NREQ-22cf265b2b952dcb7187618a915c98bd-20261007-context-78f2e077c3d8-54e18bc1f938.json
A	verification/requirement-coverage-NREQ-22cf265b2b952dcb7187618a915c98bd-20261006.json	629897e17e84075b218d7906bc4dcab712e53b7541cdb729efa751086c08f762	CURRENT_HASH_MATCHES_RETAINED_SCOPED_REVIEW_INPUT	verification/requirement-coverage-NREQ-22cf265b2b952dcb7187618a915c98bd-20261007-context-78f2e077c3d8-54e18bc1f938.json
A	verification/requirement-coverage-NREQ-22cf265b2b952dcb7187618a915c98bd-20261007-78f2e077c3d8.json	5389648ef2b967d1af5d63c5738e669b0a78bfa37298123c552fdf2083f9e180	CURRENT_HASH_REFERENCED_BY_RETAINED_DELTA_REVIEW	verification/current-source-delta-review-20261007.json
A	verification/requirement-coverage-NREQ-22cf265b2b952dcb7187618a915c98bd-20261007-context-78f2e077c3d8-54e18bc1f938.json	681c0553a76229a9939e0e66fff385046b57267d8376587725b9ddb1f9ab07a4	CURRENT_ACTIVE_SCOPED_COVERAGE_REVIEW_RECORD	verification-assertion-bindings.json#NREQ-22cf265b2b952dcb7187618a915c98bd
A	verification/requirement-coverage-NREQ-2323c8d363fd8c29f965d8c0e67549ae-20261005.json	6532ec1a1f2628ae2cdc2626732361be9641ed23d8fbbfca37f78a09054142c9	CURRENT_HASH_MATCHES_RETAINED_SCOPED_REVIEW_INPUT	verification/requirement-coverage-NREQ-2323c8d363fd8c29f965d8c0e67549ae-20261007-context-cb02bb332e42-54e18bc1f938.json
A	verification/requirement-coverage-NREQ-2323c8d363fd8c29f965d8c0e67549ae-20261006-followup-299fbcad5b2f.json	953e22297c9becd56a604fd47dcce4dcad6e4e5004d68a531874552d66169a80	CURRENT_HASH_MATCHES_RETAINED_SCOPED_REVIEW_INPUT	verification/requirement-coverage-NREQ-2323c8d363fd8c29f965d8c0e67549ae-20261007-context-cb02bb332e42-54e18bc1f938.json
A	verification/requirement-coverage-NREQ-2323c8d363fd8c29f965d8c0e67549ae-20261006.json	a41888b002e61ff5c21447c6e0911e7203925d0554615c4d88b231cbfb545317	CURRENT_HASH_MATCHES_RETAINED_SCOPED_REVIEW_INPUT	verification/requirement-coverage-NREQ-2323c8d363fd8c29f965d8c0e67549ae-20261007-context-cb02bb332e42-54e18bc1f938.json
A	verification/requirement-coverage-NREQ-2323c8d363fd8c29f965d8c0e67549ae-20261007-cb02bb332e42.json	e14bac2feef3d399e63c409318da1a7aa80973a8372e177b46d54d32b5dd5667	CURRENT_HASH_REFERENCED_BY_RETAINED_DELTA_REVIEW	verification/current-source-delta-review-20261007.json
A	verification/requirement-coverage-NREQ-2323c8d363fd8c29f965d8c0e67549ae-20261007-context-cb02bb332e42-54e18bc1f938.json	55346665135fbbaa79562bffb74a4115b19c72e0d3538611ca567c3bcbd1865b	CURRENT_ACTIVE_SCOPED_COVERAGE_REVIEW_RECORD	verification-assertion-bindings.json#NREQ-2323c8d363fd8c29f965d8c0e67549ae
A	verification/requirement-coverage-NREQ-2524a1d9ecc583bbd420778cfb147983-20261005.json	980194d8e07925b1fadf06aaa82add05edff0e1d76ab6e94a394caa0119cfc3e	CURRENT_HASH_MATCHES_RETAINED_SCOPED_REVIEW_INPUT	verification/requirement-coverage-NREQ-2524a1d9ecc583bbd420778cfb147983-20261007-context-04970fd5ee41-54e18bc1f938.json
A	verification/requirement-coverage-NREQ-2524a1d9ecc583bbd420778cfb147983-20261006-followup-3cbc71d8ea79.json	fd62ce171a252610eac03ca9905d10faea1d15dae733e3e40e3c6551dd0b91d8	CURRENT_HASH_MATCHES_RETAINED_SCOPED_REVIEW_INPUT	verification/requirement-coverage-NREQ-2524a1d9ecc583bbd420778cfb147983-20261007-context-04970fd5ee41-54e18bc1f938.json
A	verification/requirement-coverage-NREQ-2524a1d9ecc583bbd420778cfb147983-20261006.json	d91d21cc8e69b9d4fb42743ee4308cdbcdd492fddb52d1680282a2a840d08469	CURRENT_HASH_MATCHES_RETAINED_SCOPED_REVIEW_INPUT	verification/requirement-coverage-NREQ-2524a1d9ecc583bbd420778cfb147983-20261007-context-04970fd5ee41-54e18bc1f938.json
A	verification/requirement-coverage-NREQ-2524a1d9ecc583bbd420778cfb147983-20261007-b0c3c6c9bad9.json	9c849bac8300da21e242d3870e07d40e0bb7d132604a0f5c33789ee1776b7bf2	CURRENT_HASH_REFERENCED_BY_RETAINED_DELTA_REVIEW	verification/current-source-delta-review-20261007.json
A	verification/requirement-coverage-NREQ-2524a1d9ecc583bbd420778cfb147983-20261007-context-04970fd5ee41-54e18bc1f938.json	e31702b1cb76931ac5bed260730500aeaea2092d4d6fe689a80a330e5d1b7d48	CURRENT_ACTIVE_SCOPED_COVERAGE_REVIEW_RECORD	verification-assertion-bindings.json#NREQ-2524a1d9ecc583bbd420778cfb147983
A	verification/requirement-coverage-NREQ-252dcf08d6bbe6a5893bc9cd551ef6ec-20261005.json	99171910662bfbb858959145a3944c4fe83a63e1f5073bb75a991c9403a2df14	CURRENT_HASH_MATCHES_RETAINED_SCOPED_REVIEW_INPUT	verification/requirement-coverage-NREQ-252dcf08d6bbe6a5893bc9cd551ef6ec-20261007-context-568f2f91efca-54e18bc1f938.json
A	verification/requirement-coverage-NREQ-252dcf08d6bbe6a5893bc9cd551ef6ec-20261006-followup-83a2046d1001.json	3916dc3c8c895713be7bec2f4714ad98c51df651eb5088d0afa52e12c6683726	CURRENT_HASH_MATCHES_RETAINED_SCOPED_REVIEW_INPUT	verification/requirement-coverage-NREQ-252dcf08d6bbe6a5893bc9cd551ef6ec-20261007-context-568f2f91efca-54e18bc1f938.json
A	verification/requirement-coverage-NREQ-252dcf08d6bbe6a5893bc9cd551ef6ec-20261006.json	956bea94fd1f176cb1022edd77af5c3dd7e5b0a616987aba93269b5d08f7c504	CURRENT_HASH_MATCHES_RETAINED_SCOPED_REVIEW_INPUT	verification/requirement-coverage-NREQ-252dcf08d6bbe6a5893bc9cd551ef6ec-20261007-context-568f2f91efca-54e18bc1f938.json
A	verification/requirement-coverage-NREQ-252dcf08d6bbe6a5893bc9cd551ef6ec-20261007-568f2f91efca.json	bc9fa307ec26504ee8a5ef7ea9a109b7ecef1a0cfa5f827dbeddee7ab06eb968	CURRENT_HASH_REFERENCED_BY_RETAINED_DELTA_REVIEW	verification/current-source-delta-review-20261007.json
A	verification/requirement-coverage-NREQ-252dcf08d6bbe6a5893bc9cd551ef6ec-20261007-context-568f2f91efca-54e18bc1f938.json	0df5ce6880b1a9d1c47786a476c6d5ed2cfe9ae948d487a5472467e8df83f25c	CURRENT_ACTIVE_SCOPED_COVERAGE_REVIEW_RECORD	verification-assertion-bindings.json#NREQ-252dcf08d6bbe6a5893bc9cd551ef6ec
A	verification/requirement-coverage-NREQ-255fe5112069486751f53087b1ab699e-20261005.json	8c6127fe09954a29de2ee5c8eaa62321cdd9a175fb401885d863efa4531976a8	CURRENT_HASH_MATCHES_RETAINED_SCOPED_REVIEW_INPUT	verification/requirement-coverage-NREQ-255fe5112069486751f53087b1ab699e-20261007-context-608c37b31d30-54e18bc1f938.json
A	verification/requirement-coverage-NREQ-255fe5112069486751f53087b1ab699e-20261006-followup-c907f3c0e413.json	1c974b23614c849fab253711b225510fae375263b4923c5cff90b53dbd9244fc	CURRENT_HASH_MATCHES_RETAINED_SCOPED_REVIEW_INPUT	verification/requirement-coverage-NREQ-255fe5112069486751f53087b1ab699e-20261007-context-608c37b31d30-54e18bc1f938.json
A	verification/requirement-coverage-NREQ-255fe5112069486751f53087b1ab699e-20261006.json	9250c27cc1385021844f9db1cab66d268ca319aaeb95245a2ad721575fa83f54	CURRENT_HASH_MATCHES_RETAINED_SCOPED_REVIEW_INPUT	verification/requirement-coverage-NREQ-255fe5112069486751f53087b1ab699e-20261007-context-608c37b31d30-54e18bc1f938.json
A	verification/requirement-coverage-NREQ-255fe5112069486751f53087b1ab699e-20261007-608c37b31d30.json	9af2ac3cdb5c00c61d891db4e4da2a34305e12eb850f6f77b6782871a04ae419	CURRENT_HASH_REFERENCED_BY_RETAINED_DELTA_REVIEW	verification/current-source-delta-review-20261007.json
A	verification/requirement-coverage-NREQ-255fe5112069486751f53087b1ab699e-20261007-context-608c37b31d30-54e18bc1f938.json	74f18f6e57cc5d77ab98b50fe677c2ec04da5ad1950d51123768eb60976279b4	CURRENT_ACTIVE_SCOPED_COVERAGE_REVIEW_RECORD	verification-assertion-bindings.json#NREQ-255fe5112069486751f53087b1ab699e
A	verification/requirement-coverage-NREQ-266e79545a48e7c4310883faa04e9844-20261005.json	89d918b945c1fc86ebfed6b4336d128c225c43488745b31fe377ec340dfaec74	CURRENT_HASH_MATCHES_RETAINED_SCOPED_REVIEW_INPUT	verification/requirement-coverage-NREQ-266e79545a48e7c4310883faa04e9844-20261007-context-7b27fb019885-54e18bc1f938.json
A	verification/requirement-coverage-NREQ-266e79545a48e7c4310883faa04e9844-20261006-followup-93b9a85717ea.json	0891087a528b48173c219a0fd8d5d12177473d9dcbb45a4204e4baddbfff2566	CURRENT_HASH_MATCHES_RETAINED_SCOPED_REVIEW_INPUT	verification/requirement-coverage-NREQ-266e79545a48e7c4310883faa04e9844-20261007-context-7b27fb019885-54e18bc1f938.json
A	verification/requirement-coverage-NREQ-266e79545a48e7c4310883faa04e9844-20261006.json	7f693b745863b6a6e330d0536752dfba359c000ae313a98e908cd259819411e7	CURRENT_HASH_MATCHES_RETAINED_SCOPED_REVIEW_INPUT	verification/requirement-coverage-NREQ-266e79545a48e7c4310883faa04e9844-20261007-context-7b27fb019885-54e18bc1f938.json
A	verification/requirement-coverage-NREQ-266e79545a48e7c4310883faa04e9844-20261007-7b27fb019885.json	d42a9bb926aa1be753fae0748f58ca91397212de0cc2b77791f77f21da7986af	CURRENT_HASH_REFERENCED_BY_RETAINED_DELTA_REVIEW	verification/current-source-delta-review-20261007.json
A	verification/requirement-coverage-NREQ-266e79545a48e7c4310883faa04e9844-20261007-context-7b27fb019885-54e18bc1f938.json	8b9f234d0db97383c52664fb00ae1b6a2bf4283294603ebe5720d329401cde1b	CURRENT_ACTIVE_SCOPED_COVERAGE_REVIEW_RECORD	verification-assertion-bindings.json#NREQ-266e79545a48e7c4310883faa04e9844
A	verification/requirement-coverage-NREQ-26b8cfa830777dd2bfa4c8aac620403c-20261005.json	10a8ad2c0563b507b7990d0b069a6ae60e443a7c17b4661a35aa00180394692e	CURRENT_HASH_MATCHES_RETAINED_SCOPED_REVIEW_INPUT	verification/requirement-coverage-NREQ-26b8cfa830777dd2bfa4c8aac620403c-20261007-context-08c3774267c0-54e18bc1f938.json
A	verification/requirement-coverage-NREQ-26b8cfa830777dd2bfa4c8aac620403c-20261006-followup-661637942dfd.json	d5dd305b19b0e7bdb87d6c9cf5c6f057e8cd19840e7026b9990cb66758502869	CURRENT_HASH_MATCHES_RETAINED_SCOPED_REVIEW_INPUT	verification/requirement-coverage-NREQ-26b8cfa830777dd2bfa4c8aac620403c-20261007-context-08c3774267c0-54e18bc1f938.json
A	verification/requirement-coverage-NREQ-26b8cfa830777dd2bfa4c8aac620403c-20261006.json	ee1060c750e26ff8f4d63342030ae4e38ea62aaf037dd1e85d9da1dc18c66331	CURRENT_HASH_MATCHES_RETAINED_SCOPED_REVIEW_INPUT	verification/requirement-coverage-NREQ-26b8cfa830777dd2bfa4c8aac620403c-20261007-context-08c3774267c0-54e18bc1f938.json
A	verification/requirement-coverage-NREQ-26b8cfa830777dd2bfa4c8aac620403c-20261007-08c3774267c0.json	c1c9720449f29e7bee59a3d0218a78b0e3b6fff1c9942d8b22a6405b3405c696	CURRENT_HASH_REFERENCED_BY_RETAINED_DELTA_REVIEW	verification/current-source-delta-review-20261007.json
A	verification/requirement-coverage-NREQ-26b8cfa830777dd2bfa4c8aac620403c-20261007-context-08c3774267c0-54e18bc1f938.json	0afed73315653f15b2f6a0cd109828a23514b4609e75715495ed9a68caa606c9	CURRENT_ACTIVE_SCOPED_COVERAGE_REVIEW_RECORD	verification-assertion-bindings.json#NREQ-26b8cfa830777dd2bfa4c8aac620403c
A	verification/requirement-coverage-NREQ-27cf5e6a8e4cf40ff1873bd4d059b3cd-20261005.json	aa8507441bd521d6ed120066377ae7bfd60a47af491959dda4b325acc4748c7b	CURRENT_HASH_MATCHES_RETAINED_SCOPED_REVIEW_INPUT	verification/requirement-coverage-NREQ-27cf5e6a8e4cf40ff1873bd4d059b3cd-20261007-context-079978627600-54e18bc1f938.json
A	verification/requirement-coverage-NREQ-27cf5e6a8e4cf40ff1873bd4d059b3cd-20261006-followup-1c4c4064d651.json	703ae2eb9a7478a36531f0f244b75a7a2b2306c6efec4afa9893fc073659b386	CURRENT_HASH_MATCHES_RETAINED_SCOPED_REVIEW_INPUT	verification/requirement-coverage-NREQ-27cf5e6a8e4cf40ff1873bd4d059b3cd-20261007-context-079978627600-54e18bc1f938.json
A	verification/requirement-coverage-NREQ-27cf5e6a8e4cf40ff1873bd4d059b3cd-20261006.json	4ad3058f0057741b2beab864cb3794f832411cbd4f41df518bc134510dcb0d5a	CURRENT_HASH_MATCHES_RETAINED_SCOPED_REVIEW_INPUT	verification/requirement-coverage-NREQ-27cf5e6a8e4cf40ff1873bd4d059b3cd-20261007-context-079978627600-54e18bc1f938.json
A	verification/requirement-coverage-NREQ-27cf5e6a8e4cf40ff1873bd4d059b3cd-20261007-079978627600.json	597450e195efee1d13fa14b4bd7b5152eabfa17b5d5ab1a9f48dbe8b80d18352	CURRENT_HASH_REFERENCED_BY_RETAINED_DELTA_REVIEW	verification/current-source-delta-review-20261007.json
A	verification/requirement-coverage-NREQ-27cf5e6a8e4cf40ff1873bd4d059b3cd-20261007-context-079978627600-54e18bc1f938.json	c0fdccc3786360565099db72f8c303825a3a50e97b8c0b0c83545295e6f65712	CURRENT_ACTIVE_SCOPED_COVERAGE_REVIEW_RECORD	verification-assertion-bindings.json#NREQ-27cf5e6a8e4cf40ff1873bd4d059b3cd
A	verification/requirement-coverage-NREQ-27f437fe3040767de849d06a48cdb3c3-20261005.json	36c037a82d080c2b525ee7428fd53d0b2c59676fd796e8acc8be59b5ac69eabc	CURRENT_HASH_MATCHES_RETAINED_SCOPED_REVIEW_INPUT	verification/requirement-coverage-NREQ-27f437fe3040767de849d06a48cdb3c3-20261007-context-f1acc99ffcf8-54e18bc1f938.json
A	verification/requirement-coverage-NREQ-27f437fe3040767de849d06a48cdb3c3-20261006-followup-3fbf647e6faa.json	6ba6d67fcfe191a2126d571cfa6a3e895eb2a0a1738641ad310e0937c7053446	CURRENT_HASH_MATCHES_RETAINED_SCOPED_REVIEW_INPUT	verification/requirement-coverage-NREQ-27f437fe3040767de849d06a48cdb3c3-20261007-context-f1acc99ffcf8-54e18bc1f938.json
A	verification/requirement-coverage-NREQ-27f437fe3040767de849d06a48cdb3c3-20261006.json	0218bb33b661298e05a836a693b3813e518aa63398c796d8e3513d52999feaa1	CURRENT_HASH_MATCHES_RETAINED_SCOPED_REVIEW_INPUT	verification/requirement-coverage-NREQ-27f437fe3040767de849d06a48cdb3c3-20261007-context-f1acc99ffcf8-54e18bc1f938.json
A	verification/requirement-coverage-NREQ-27f437fe3040767de849d06a48cdb3c3-20261007-context-f1acc99ffcf8-54e18bc1f938.json	2ecb4fd901b8f246401a6bd6ef7f4cb442903364ba3f39d6c29dc278d80d216a	CURRENT_ACTIVE_SCOPED_COVERAGE_REVIEW_RECORD	verification-assertion-bindings.json#NREQ-27f437fe3040767de849d06a48cdb3c3
A	verification/requirement-coverage-NREQ-27f437fe3040767de849d06a48cdb3c3-20261007-f1acc99ffcf8.json	51c02db844ebdbcf06a67b80c3422e8c973432b479bb841db0e2bbe518c1e992	CURRENT_HASH_REFERENCED_BY_RETAINED_DELTA_REVIEW	verification/current-source-delta-review-20261007.json
A	verification/requirement-coverage-NREQ-292af594522de75d72b35851b9befed4-20261005.json	6e0a9a7d3c6d2041c017882764d3058496a43c8c13d0a37e650743c732254614	CURRENT_HASH_MATCHES_RETAINED_SCOPED_REVIEW_INPUT	verification/requirement-coverage-NREQ-292af594522de75d72b35851b9befed4-20261007-context-e580690eff15-54e18bc1f938.json
A	verification/requirement-coverage-NREQ-292af594522de75d72b35851b9befed4-20261006-followup-dc4d31c2a824.json	713a09f82edcd3dff6bb5b1ce7b78aca30fdac2878a486446778266e69862848	CURRENT_HASH_MATCHES_RETAINED_SCOPED_REVIEW_INPUT	verification/requirement-coverage-NREQ-292af594522de75d72b35851b9befed4-20261007-context-e580690eff15-54e18bc1f938.json
A	verification/requirement-coverage-NREQ-292af594522de75d72b35851b9befed4-20261006.json	501cd50fa17b06df315bead2048a7186515b35e5df4b30ad88daa166d9041030	CURRENT_HASH_MATCHES_RETAINED_SCOPED_REVIEW_INPUT	verification/requirement-coverage-NREQ-292af594522de75d72b35851b9befed4-20261007-context-e580690eff15-54e18bc1f938.json
A	verification/requirement-coverage-NREQ-292af594522de75d72b35851b9befed4-20261007-context-e580690eff15-54e18bc1f938.json	a9c46798b2f9f61b639263df6d2a8511c6e6d4f3e0fc4208a1337ee85772ba00	CURRENT_ACTIVE_SCOPED_COVERAGE_REVIEW_RECORD	verification-assertion-bindings.json#NREQ-292af594522de75d72b35851b9befed4
A	verification/requirement-coverage-NREQ-292af594522de75d72b35851b9befed4-20261007-e580690eff15.json	f96bce03856b71c4c4509eead9169f84bb2b47a4c7feebada342bcbb84c077ec	CURRENT_HASH_REFERENCED_BY_RETAINED_DELTA_REVIEW	verification/current-source-delta-review-20261007.json
A	verification/requirement-coverage-NREQ-2969c103b4ac33435f1e5d6c258a7b7b-20261005.json	df27efc0e9a37b9e826a1585c1bf3de4d6ac39e963161b03813977b34ce58c3e	CURRENT_HASH_MATCHES_RETAINED_SCOPED_REVIEW_INPUT	verification/requirement-coverage-NREQ-2969c103b4ac33435f1e5d6c258a7b7b-20261007-context-857befb4ca6d-54e18bc1f938.json
A	verification/requirement-coverage-NREQ-2969c103b4ac33435f1e5d6c258a7b7b-20261006-followup-8ac80449d859.json	0fe751a4c4d46f5d153a2148faa6f1f4d500c0a213974661d3acd18377bbbc83	CURRENT_HASH_MATCHES_RETAINED_SCOPED_REVIEW_INPUT	verification/requirement-coverage-NREQ-2969c103b4ac33435f1e5d6c258a7b7b-20261007-context-857befb4ca6d-54e18bc1f938.json
A	verification/requirement-coverage-NREQ-2969c103b4ac33435f1e5d6c258a7b7b-20261006.json	4224a3c11f3c34526e005161f9e79a36c255d0fea6008981492c5b5105348443	CURRENT_HASH_MATCHES_RETAINED_SCOPED_REVIEW_INPUT	verification/requirement-coverage-NREQ-2969c103b4ac33435f1e5d6c258a7b7b-20261007-context-857befb4ca6d-54e18bc1f938.json
A	verification/requirement-coverage-NREQ-2969c103b4ac33435f1e5d6c258a7b7b-20261007-857befb4ca6d.json	bcf3ecb873f9af43cacd6fbb307fb80e914927eede632e6dd8a6d6b872b0af05	CURRENT_HASH_REFERENCED_BY_RETAINED_DELTA_REVIEW	verification/current-source-delta-review-20261007.json
A	verification/requirement-coverage-NREQ-2969c103b4ac33435f1e5d6c258a7b7b-20261007-context-857befb4ca6d-54e18bc1f938.json	1747e796f6a1c80bd6bb3501a26d8a9d1113aac0a0ba309769bbd02b69e26716	CURRENT_ACTIVE_SCOPED_COVERAGE_REVIEW_RECORD	verification-assertion-bindings.json#NREQ-2969c103b4ac33435f1e5d6c258a7b7b
A	verification/requirement-coverage-NREQ-2b14774ffd65e947a3d3deae3ad09c92-20261005.json	943dc6a388877c38a935723ad76cd67931f56be202acebade95be47645ce1e04	CURRENT_HASH_MATCHES_RETAINED_SCOPED_REVIEW_INPUT	verification/requirement-coverage-NREQ-2b14774ffd65e947a3d3deae3ad09c92-20261007-context-aa8204f96091-54e18bc1f938.json
A	verification/requirement-coverage-NREQ-2b14774ffd65e947a3d3deae3ad09c92-20261006-followup-a48ce7d34993.json	1aca08927af4cd9f0b4f1aaad6191250b7ad80472cab8725eeb648365801e1f0	CURRENT_HASH_MATCHES_RETAINED_SCOPED_REVIEW_INPUT	verification/requirement-coverage-NREQ-2b14774ffd65e947a3d3deae3ad09c92-20261007-context-aa8204f96091-54e18bc1f938.json
A	verification/requirement-coverage-NREQ-2b14774ffd65e947a3d3deae3ad09c92-20261006.json	9b664af4ee12107545e79d3f68bbd96511f2a6ff6c866f8424905d3930098f6b	CURRENT_HASH_MATCHES_RETAINED_SCOPED_REVIEW_INPUT	verification/requirement-coverage-NREQ-2b14774ffd65e947a3d3deae3ad09c92-20261007-context-aa8204f96091-54e18bc1f938.json
A	verification/requirement-coverage-NREQ-2b14774ffd65e947a3d3deae3ad09c92-20261007-aa8204f96091.json	0ed6ec3339e5a7191d3921a6914c105a11d0a5a3d265a830b05bc50228201254	CURRENT_HASH_REFERENCED_BY_RETAINED_DELTA_REVIEW	verification/current-source-delta-review-20261007.json
A	verification/requirement-coverage-NREQ-2b14774ffd65e947a3d3deae3ad09c92-20261007-context-aa8204f96091-54e18bc1f938.json	1301d938bd4a3f9d24b6e752c55beb8d4a4811057b93d6841fb254fbcae46e3e	CURRENT_ACTIVE_SCOPED_COVERAGE_REVIEW_RECORD	verification-assertion-bindings.json#NREQ-2b14774ffd65e947a3d3deae3ad09c92
A	verification/requirement-coverage-NREQ-318da161cc5f30f33449238ba3870773-20261005.json	b41f08e2128e086f74209eaba6cdab48864964d5c671f4e99a6a3755c4761fca	CURRENT_HASH_MATCHES_RETAINED_SCOPED_REVIEW_INPUT	verification/requirement-coverage-NREQ-318da161cc5f30f33449238ba3870773-20261007-context-123b97ea9f3d-54e18bc1f938.json
A	verification/requirement-coverage-NREQ-318da161cc5f30f33449238ba3870773-20261006-followup-d83f9a70b392.json	28ece71c56d5840785772a8eaeb623e297066804d1a3a40b6b9b7123369060da	CURRENT_HASH_MATCHES_RETAINED_SCOPED_REVIEW_INPUT	verification/requirement-coverage-NREQ-318da161cc5f30f33449238ba3870773-20261007-context-123b97ea9f3d-54e18bc1f938.json
A	verification/requirement-coverage-NREQ-318da161cc5f30f33449238ba3870773-20261006.json	fa694f2c062fe7fd47eb270489e453818ab2fef34b8ef42848bb4b5fac111646	CURRENT_HASH_MATCHES_RETAINED_SCOPED_REVIEW_INPUT	verification/requirement-coverage-NREQ-318da161cc5f30f33449238ba3870773-20261007-context-123b97ea9f3d-54e18bc1f938.json
A	verification/requirement-coverage-NREQ-318da161cc5f30f33449238ba3870773-20261007-123b97ea9f3d.json	052d30ec062aa08adf80117232a2ea828f12b3f9a364e4e3f1c787c3707542ad	CURRENT_HASH_REFERENCED_BY_RETAINED_DELTA_REVIEW	verification/current-source-delta-review-20261007.json
A	verification/requirement-coverage-NREQ-318da161cc5f30f33449238ba3870773-20261007-context-123b97ea9f3d-54e18bc1f938.json	60f2ce886ec377eecb223284806eb7b9807e31e96783e46f42d4c345e1876cf5	CURRENT_ACTIVE_SCOPED_COVERAGE_REVIEW_RECORD	verification-assertion-bindings.json#NREQ-318da161cc5f30f33449238ba3870773
A	verification/requirement-coverage-NREQ-360281bfdd66bed29237ed7202962808-20261005.json	e24230a340c3fca73b3ac0273cb915cced28a4d3357c102fd217fcc9408d2490	CURRENT_HASH_MATCHES_RETAINED_SCOPED_REVIEW_INPUT	verification/requirement-coverage-NREQ-360281bfdd66bed29237ed7202962808-20261007-context-defd14234c9a-54e18bc1f938.json
A	verification/requirement-coverage-NREQ-360281bfdd66bed29237ed7202962808-20261006-followup-1508a91f013e.json	4829e028b86eda01fdd2d4e4ee73365946019417e87a03a75e8951a69c102021	CURRENT_HASH_MATCHES_RETAINED_SCOPED_REVIEW_INPUT	verification/requirement-coverage-NREQ-360281bfdd66bed29237ed7202962808-20261007-context-defd14234c9a-54e18bc1f938.json
A	verification/requirement-coverage-NREQ-360281bfdd66bed29237ed7202962808-20261006.json	793773b6a6e38ba0aa1ebcb23bef3cae43e509ee36ce39ba7a4dae0b72a972da	CURRENT_HASH_MATCHES_RETAINED_SCOPED_REVIEW_INPUT	verification/requirement-coverage-NREQ-360281bfdd66bed29237ed7202962808-20261007-context-defd14234c9a-54e18bc1f938.json
A	verification/requirement-coverage-NREQ-360281bfdd66bed29237ed7202962808-20261007-73f8c82cd834.json	8692094aae2ad92563dccb0b95b42951b805e9026b1cf6cf58c26bd018ba5d9f	CURRENT_HASH_REFERENCED_BY_RETAINED_DELTA_REVIEW	verification/current-source-delta-review-20261007.json
A	verification/requirement-coverage-NREQ-360281bfdd66bed29237ed7202962808-20261007-context-defd14234c9a-54e18bc1f938.json	ab7fdc6ad97da0d9d9d3873d51f1c2b1b355aeebebc56eb939313b257a350ee2	CURRENT_ACTIVE_SCOPED_COVERAGE_REVIEW_RECORD	verification-assertion-bindings.json#NREQ-360281bfdd66bed29237ed7202962808
A	verification/requirement-coverage-NREQ-39eba2aba9049ed18beade0c11e0c107-20261005.json	3bcdcb76189ed0f6ce37aeb5ebbd2dc3bac7b1ffe914410f97ad599882a6063f	CURRENT_HASH_MATCHES_RETAINED_SCOPED_REVIEW_INPUT	verification/requirement-coverage-NREQ-39eba2aba9049ed18beade0c11e0c107-20261007-context-3f29c46a8871-54e18bc1f938.json
A	verification/requirement-coverage-NREQ-39eba2aba9049ed18beade0c11e0c107-20261006-followup-2ac55ffc6c85.json	6ee97b2b4ac6e8434e5264eb4c907ef040ae3daa6fb62d05b3ae54bd7fc45366	CURRENT_HASH_MATCHES_RETAINED_SCOPED_REVIEW_INPUT	verification/requirement-coverage-NREQ-39eba2aba9049ed18beade0c11e0c107-20261007-context-3f29c46a8871-54e18bc1f938.json
A	verification/requirement-coverage-NREQ-39eba2aba9049ed18beade0c11e0c107-20261006.json	f9faff0501eddc92b1304344bdc64626320de1406dcc629e389abc05dd5ae498	CURRENT_HASH_MATCHES_RETAINED_SCOPED_REVIEW_INPUT	verification/requirement-coverage-NREQ-39eba2aba9049ed18beade0c11e0c107-20261007-context-3f29c46a8871-54e18bc1f938.json
A	verification/requirement-coverage-NREQ-39eba2aba9049ed18beade0c11e0c107-20261007-3f29c46a8871.json	f3733d33aa0115b1c69d57cbc3d025c4efa82572271b57939881df2efdd32755	CURRENT_HASH_REFERENCED_BY_RETAINED_DELTA_REVIEW	verification/current-source-delta-review-20261007.json
A	verification/requirement-coverage-NREQ-39eba2aba9049ed18beade0c11e0c107-20261007-context-3f29c46a8871-54e18bc1f938.json	8f6f33faf703cddf8ae81d926e4f47a1c402cb6236cd06ddff93c70f62334bad	CURRENT_ACTIVE_SCOPED_COVERAGE_REVIEW_RECORD	verification-assertion-bindings.json#NREQ-39eba2aba9049ed18beade0c11e0c107
A	verification/requirement-coverage-NREQ-3a3ba3d92dd569d454e781fcccf7ac61-20261005.json	4d65488fff5510b9afc64d67bb0a013b9346b0fc902b9e5645c23b782ccd5512	CURRENT_HASH_MATCHES_RETAINED_SCOPED_REVIEW_INPUT	verification/requirement-coverage-NREQ-3a3ba3d92dd569d454e781fcccf7ac61-20261007-context-66b766ea1a5d-54e18bc1f938.json
A	verification/requirement-coverage-NREQ-3a3ba3d92dd569d454e781fcccf7ac61-20261006-followup-e4088e6033e5.json	bb7ddc44fd8c81c130e5000001d6eb4af4b7c5311668b3b307b909abb64bf7d0	CURRENT_HASH_MATCHES_RETAINED_SCOPED_REVIEW_INPUT	verification/requirement-coverage-NREQ-3a3ba3d92dd569d454e781fcccf7ac61-20261007-context-66b766ea1a5d-54e18bc1f938.json
A	verification/requirement-coverage-NREQ-3a3ba3d92dd569d454e781fcccf7ac61-20261006.json	c51a4569a9a195a825cd9f00e4677d159eaa8a84b9e5fe6febf34ce76d4e5407	CURRENT_HASH_MATCHES_RETAINED_SCOPED_REVIEW_INPUT	verification/requirement-coverage-NREQ-3a3ba3d92dd569d454e781fcccf7ac61-20261007-context-66b766ea1a5d-54e18bc1f938.json
A	verification/requirement-coverage-NREQ-3a3ba3d92dd569d454e781fcccf7ac61-20261007-66b766ea1a5d.json	16758adcda51e8570299e297efb1123c4af416e8c588e3a8f025a9e33bdb5df9	CURRENT_HASH_REFERENCED_BY_RETAINED_DELTA_REVIEW	verification/current-source-delta-review-20261007.json
A	verification/requirement-coverage-NREQ-3a3ba3d92dd569d454e781fcccf7ac61-20261007-context-66b766ea1a5d-54e18bc1f938.json	bfe5a356633b64637d04ae82b2cdc572d19fbfce08c3c2b6c4da4dbbdff2412c	CURRENT_ACTIVE_SCOPED_COVERAGE_REVIEW_RECORD	verification-assertion-bindings.json#NREQ-3a3ba3d92dd569d454e781fcccf7ac61
A	verification/requirement-coverage-NREQ-41ab1c200b4ce5c9d1d96613a3e5b264-20261006-syntax-fedff6aa7452.json	04376f3c6d5571c48fff380393369bf313ead40215de8182b63a286defc404b0	CURRENT_HASH_MATCHES_RETAINED_SCOPED_REVIEW_INPUT	verification/requirement-coverage-NREQ-41ab1c200b4ce5c9d1d96613a3e5b264-20261007-context-867dae61e345-54e18bc1f938.json
A	verification/requirement-coverage-NREQ-41ab1c200b4ce5c9d1d96613a3e5b264-20261007-551018f10e2a.json	840c663ba368b1590b2996d00206c4c35a185eab689a7053fd8c01631aa836dd	CURRENT_HASH_REFERENCED_BY_RETAINED_DELTA_REVIEW	verification/current-source-delta-review-20261007.json
A	verification/requirement-coverage-NREQ-41ab1c200b4ce5c9d1d96613a3e5b264-20261007-context-867dae61e345-54e18bc1f938.json	39d72057c63c866215c197402d810eb3d4ba902d8904c935166e9504d9c6c37a	CURRENT_ACTIVE_SCOPED_COVERAGE_REVIEW_RECORD	verification-assertion-bindings.json#NREQ-41ab1c200b4ce5c9d1d96613a3e5b264
A	verification/requirement-coverage-NREQ-4363c0420b1bd921591c1f2446cfb8eb-20261005.json	a18b8d5dfc21bdc1ebd415217ca62a515f10402fddbeeb81a48046c3ffe223d0	CURRENT_HASH_MATCHES_RETAINED_SCOPED_REVIEW_INPUT	verification/requirement-coverage-NREQ-4363c0420b1bd921591c1f2446cfb8eb-20261007-context-de3533a949d5-54e18bc1f938.json
A	verification/requirement-coverage-NREQ-4363c0420b1bd921591c1f2446cfb8eb-20261006-followup-4828fac31389.json	0e23165d5c4bb15becc62ac4757cc6d686f7aef02988c4c935c34d6f832b2317	CURRENT_HASH_MATCHES_RETAINED_SCOPED_REVIEW_INPUT	verification/requirement-coverage-NREQ-4363c0420b1bd921591c1f2446cfb8eb-20261007-context-de3533a949d5-54e18bc1f938.json
A	verification/requirement-coverage-NREQ-4363c0420b1bd921591c1f2446cfb8eb-20261006.json	1b43a8055c45ee6903d167527fec6f30e5931825483db5d0035dd73448988921	CURRENT_HASH_MATCHES_RETAINED_SCOPED_REVIEW_INPUT	verification/requirement-coverage-NREQ-4363c0420b1bd921591c1f2446cfb8eb-20261007-context-de3533a949d5-54e18bc1f938.json
A	verification/requirement-coverage-NREQ-4363c0420b1bd921591c1f2446cfb8eb-20261007-context-de3533a949d5-54e18bc1f938.json	7705f1fc2381d272154925eed460aa6289c4fab10557889bc4a657eeafd75af8	CURRENT_ACTIVE_SCOPED_COVERAGE_REVIEW_RECORD	verification-assertion-bindings.json#NREQ-4363c0420b1bd921591c1f2446cfb8eb
A	verification/requirement-coverage-NREQ-4363c0420b1bd921591c1f2446cfb8eb-20261007-de3533a949d5.json	bf4d795d94c1164c88fde81553dcb793030ef0a8afec0cddf4910053645d4f7c	CURRENT_HASH_REFERENCED_BY_RETAINED_DELTA_REVIEW	verification/current-source-delta-review-20261007.json
A	verification/requirement-coverage-NREQ-4592c9487837c81077b166abf57bb4a7-20261005.json	c22c631c9b20ac9596a1da6e3d42e43acba9b57cf3fa69526ad0870348f19ec9	CURRENT_HASH_MATCHES_RETAINED_SCOPED_REVIEW_INPUT	verification/requirement-coverage-NREQ-4592c9487837c81077b166abf57bb4a7-20261007-context-86ef01f1c3cb-54e18bc1f938.json
A	verification/requirement-coverage-NREQ-4592c9487837c81077b166abf57bb4a7-20261006-followup-8aca327dc682.json	3c7406bf88d69404301109ab97aae4579898f15d46064b613a511178bac41518	CURRENT_HASH_MATCHES_RETAINED_SCOPED_REVIEW_INPUT	verification/requirement-coverage-NREQ-4592c9487837c81077b166abf57bb4a7-20261007-context-86ef01f1c3cb-54e18bc1f938.json
A	verification/requirement-coverage-NREQ-4592c9487837c81077b166abf57bb4a7-20261006.json	ad1d6d39562e66c4dd7b4e28274370f4edd500620349aa951c265a006bd28920	CURRENT_HASH_MATCHES_RETAINED_SCOPED_REVIEW_INPUT	verification/requirement-coverage-NREQ-4592c9487837c81077b166abf57bb4a7-20261007-context-86ef01f1c3cb-54e18bc1f938.json
A	verification/requirement-coverage-NREQ-4592c9487837c81077b166abf57bb4a7-20261007-86ef01f1c3cb.json	b8ddb9b7e9b957896f7bb19ab8064bcb4de34b3e642c7c285f1950d151bfa435	CURRENT_HASH_REFERENCED_BY_RETAINED_DELTA_REVIEW	verification/current-source-delta-review-20261007.json
A	verification/requirement-coverage-NREQ-4592c9487837c81077b166abf57bb4a7-20261007-context-86ef01f1c3cb-54e18bc1f938.json	9ecae3cfa1a917c01fceb0bd4dd738d25c37957fcc64bbd9616a35b6aa81682b	CURRENT_ACTIVE_SCOPED_COVERAGE_REVIEW_RECORD	verification-assertion-bindings.json#NREQ-4592c9487837c81077b166abf57bb4a7
A	verification/requirement-coverage-NREQ-4b26e20f450b23eb551b2da03e69c9c9-20261006-followup-2e4a9673178d.json	b0396be0bc9c53a3ed695116dd3c80a2fb82be4292179df6715e7a31877d4123	CURRENT_HASH_MATCHES_RETAINED_SCOPED_REVIEW_INPUT	verification/requirement-coverage-NREQ-4b26e20f450b23eb551b2da03e69c9c9-20261007-context-07d6150a1321-54e18bc1f938.json
A	verification/requirement-coverage-NREQ-4b26e20f450b23eb551b2da03e69c9c9-20261006.json	53499f1a69f51da2240a236d527adce21096135fbfd9b6c2a4367850648f87ab	CURRENT_HASH_MATCHES_RETAINED_SCOPED_REVIEW_INPUT	verification/requirement-coverage-NREQ-4b26e20f450b23eb551b2da03e69c9c9-20261007-context-07d6150a1321-54e18bc1f938.json
A	verification/requirement-coverage-NREQ-4b26e20f450b23eb551b2da03e69c9c9-20261007-07d6150a1321.json	4a228f592f5681a8bbabdb6ab571974cbdb1b1dffd0ef3cbf271e85995da7583	CURRENT_HASH_REFERENCED_BY_RETAINED_DELTA_REVIEW	verification/current-source-delta-review-20261007.json
A	verification/requirement-coverage-NREQ-4b26e20f450b23eb551b2da03e69c9c9-20261007-context-07d6150a1321-54e18bc1f938.json	7ff756cb2f498487eef1951e03fd5f9b5f852ba4ed8115d9476202342e5786c8	CURRENT_ACTIVE_SCOPED_COVERAGE_REVIEW_RECORD	verification-assertion-bindings.json#NREQ-4b26e20f450b23eb551b2da03e69c9c9
A	verification/requirement-coverage-NREQ-4b27c9f604f44c29404eacc12a59fd68-20261005.json	8c63008e3accabe7c3b23f8f1a507c5e53637fef2f86ce090214d8d591bd2eb7	CURRENT_HASH_MATCHES_RETAINED_SCOPED_REVIEW_INPUT	verification/requirement-coverage-NREQ-4b27c9f604f44c29404eacc12a59fd68-20261007-context-0ea535138580-54e18bc1f938.json
A	verification/requirement-coverage-NREQ-4b27c9f604f44c29404eacc12a59fd68-20261006-followup-a53aa9cb7ed1.json	734a49b649fe57b482ffc0258f398166f08bcde5e8d7e173e220431baf6fb6ff	CURRENT_HASH_MATCHES_RETAINED_SCOPED_REVIEW_INPUT	verification/requirement-coverage-NREQ-4b27c9f604f44c29404eacc12a59fd68-20261007-context-0ea535138580-54e18bc1f938.json
A	verification/requirement-coverage-NREQ-4b27c9f604f44c29404eacc12a59fd68-20261006.json	ae81bd60275dddbd2d08865266049bfd457324fb09cab4a8bd0731e62fc65cb1	CURRENT_HASH_MATCHES_RETAINED_SCOPED_REVIEW_INPUT	verification/requirement-coverage-NREQ-4b27c9f604f44c29404eacc12a59fd68-20261007-context-0ea535138580-54e18bc1f938.json
A	verification/requirement-coverage-NREQ-4b27c9f604f44c29404eacc12a59fd68-20261007-a95712cc73f2.json	e5b2457f1305b695b12ae8aa23f0f7bc27f638f9e3c85bcc14d52111cb458176	CURRENT_HASH_REFERENCED_BY_RETAINED_DELTA_REVIEW	verification/current-source-delta-review-20261007.json
A	verification/requirement-coverage-NREQ-4b27c9f604f44c29404eacc12a59fd68-20261007-context-0ea535138580-54e18bc1f938.json	ec5632a9767b757a465378f374b529c827bb6743b8c95fc39d7879f89c7c7a58	CURRENT_ACTIVE_SCOPED_COVERAGE_REVIEW_RECORD	verification-assertion-bindings.json#NREQ-4b27c9f604f44c29404eacc12a59fd68
A	verification/requirement-coverage-NREQ-4bb54f6379863c0a17e6fbc58edcd042-20261005.json	f5283eb13678304daa42fa52ed565758ce756db4053c0cdc95b709058ef088ee	CURRENT_HASH_MATCHES_RETAINED_SCOPED_REVIEW_INPUT	verification/requirement-coverage-NREQ-4bb54f6379863c0a17e6fbc58edcd042-20261007-context-c3df825e72e4-54e18bc1f938.json
A	verification/requirement-coverage-NREQ-4bb54f6379863c0a17e6fbc58edcd042-20261006-followup-9dbd2cfffea8.json	1723f02ca1b9212f2898f1a6ad90952359a3825de8244cbc931810309656ea5c	CURRENT_HASH_MATCHES_RETAINED_SCOPED_REVIEW_INPUT	verification/requirement-coverage-NREQ-4bb54f6379863c0a17e6fbc58edcd042-20261007-context-c3df825e72e4-54e18bc1f938.json
A	verification/requirement-coverage-NREQ-4bb54f6379863c0a17e6fbc58edcd042-20261006.json	eca358215827148a6f456487b90fdaf19a6fc189905eed1af1cae963ec991a87	CURRENT_HASH_MATCHES_RETAINED_SCOPED_REVIEW_INPUT	verification/requirement-coverage-NREQ-4bb54f6379863c0a17e6fbc58edcd042-20261007-context-c3df825e72e4-54e18bc1f938.json
A	verification/requirement-coverage-NREQ-4bb54f6379863c0a17e6fbc58edcd042-20261007-c3df825e72e4.json	39e3a47f10b78c050522368b3c8c073d80e79e36e3081e24f2839038dc00f212	CURRENT_HASH_REFERENCED_BY_RETAINED_DELTA_REVIEW	verification/current-source-delta-review-20261007.json
A	verification/requirement-coverage-NREQ-4bb54f6379863c0a17e6fbc58edcd042-20261007-context-c3df825e72e4-54e18bc1f938.json	d6621e945f0120d8d5f2a08133bc8bbab0ed4f095ea552460fa6198459a26d0c	CURRENT_ACTIVE_SCOPED_COVERAGE_REVIEW_RECORD	verification-assertion-bindings.json#NREQ-4bb54f6379863c0a17e6fbc58edcd042
A	verification/requirement-coverage-NREQ-4bb86ccfacff0ea8bbbc59df67b0ca4f-20261006-syntax-47227ea1782b.json	8adb8f0e1b597cd924200c001f9d603b0c4b709ea96b25b88f17c13eb8ed038c	CURRENT_HASH_MATCHES_RETAINED_SCOPED_REVIEW_INPUT	verification/requirement-coverage-NREQ-4bb86ccfacff0ea8bbbc59df67b0ca4f-20261007-context-6dcc93386d57-54e18bc1f938.json
A	verification/requirement-coverage-NREQ-4bb86ccfacff0ea8bbbc59df67b0ca4f-20261007-context-6dcc93386d57-54e18bc1f938.json	52a06666a1c3e278acda968e7ba7d6874d7e365f97d48c8b8960b715c3953028	CURRENT_ACTIVE_SCOPED_COVERAGE_REVIEW_RECORD	verification-assertion-bindings.json#NREQ-4bb86ccfacff0ea8bbbc59df67b0ca4f
A	verification/requirement-coverage-NREQ-4bb86ccfacff0ea8bbbc59df67b0ca4f-20261007-e74055a277ac.json	2231a0b10e75196d8b26f358b6f4a89f81cf10dd3e5bbb6ab92791f51597c3b5	CURRENT_HASH_REFERENCED_BY_RETAINED_DELTA_REVIEW	verification/current-source-delta-review-20261007.json
A	verification/requirement-coverage-NREQ-4d7b09d088c999d3c6e91a968cbe1a02-20261005.json	4ace38b9543f972e24c0ea23585d540fde898fef6ab570350bbff1f0e17aa992	CURRENT_HASH_MATCHES_RETAINED_SCOPED_REVIEW_INPUT	verification/requirement-coverage-NREQ-4d7b09d088c999d3c6e91a968cbe1a02-20261007-context-03745896590f-54e18bc1f938.json
A	verification/requirement-coverage-NREQ-4d7b09d088c999d3c6e91a968cbe1a02-20261006-followup-12d3a59bbd31.json	daaa06188cac3a37ebf919c40495adb9daf56a1c4820bf942ebef2a443c180f7	CURRENT_HASH_MATCHES_RETAINED_SCOPED_REVIEW_INPUT	verification/requirement-coverage-NREQ-4d7b09d088c999d3c6e91a968cbe1a02-20261007-context-03745896590f-54e18bc1f938.json
A	verification/requirement-coverage-NREQ-4d7b09d088c999d3c6e91a968cbe1a02-20261006.json	813be13f0e6547d87ece48eb32e996dc0f57b06f6d5b3bef8cadb09b7e316f5e	CURRENT_HASH_MATCHES_RETAINED_SCOPED_REVIEW_INPUT	verification/requirement-coverage-NREQ-4d7b09d088c999d3c6e91a968cbe1a02-20261007-context-03745896590f-54e18bc1f938.json
A	verification/requirement-coverage-NREQ-4d7b09d088c999d3c6e91a968cbe1a02-20261007-03745896590f.json	1fae8bf2033c2cf21c9d89dc3ddf30b18a13d3941bbbe8df05716f0af3b699cb	CURRENT_HASH_REFERENCED_BY_RETAINED_DELTA_REVIEW	verification/current-source-delta-review-20261007.json
A	verification/requirement-coverage-NREQ-4d7b09d088c999d3c6e91a968cbe1a02-20261007-context-03745896590f-54e18bc1f938.json	6fe44ba42d370b556415cd2454f8e454c6ded61c7c76e2022fbbd51a2a5912b5	CURRENT_ACTIVE_SCOPED_COVERAGE_REVIEW_RECORD	verification-assertion-bindings.json#NREQ-4d7b09d088c999d3c6e91a968cbe1a02
A	verification/requirement-coverage-NREQ-5003532a6cda7a68c13be508fbf4d723-20261005.json	6dfaf7a1cd1b752373d26e0f406bcc4d6e10a13b106cf97d064d9f0d3f4f8d91	CURRENT_HASH_MATCHES_RETAINED_SCOPED_REVIEW_INPUT	verification/requirement-coverage-NREQ-5003532a6cda7a68c13be508fbf4d723-20261007-context-dccb85cd4973-54e18bc1f938.json
A	verification/requirement-coverage-NREQ-5003532a6cda7a68c13be508fbf4d723-20261006-followup-6592f15eaff3.json	a346484560cbadc42396371ba35c1e8b63e669b52caf693193afc70a2f52f568	CURRENT_HASH_MATCHES_RETAINED_SCOPED_REVIEW_INPUT	verification/requirement-coverage-NREQ-5003532a6cda7a68c13be508fbf4d723-20261007-context-dccb85cd4973-54e18bc1f938.json
A	verification/requirement-coverage-NREQ-5003532a6cda7a68c13be508fbf4d723-20261006.json	728d071e901508d49319ca1a64d57804e96f4022c33ede1299ce593cd092e434	CURRENT_HASH_MATCHES_RETAINED_SCOPED_REVIEW_INPUT	verification/requirement-coverage-NREQ-5003532a6cda7a68c13be508fbf4d723-20261007-context-dccb85cd4973-54e18bc1f938.json
A	verification/requirement-coverage-NREQ-5003532a6cda7a68c13be508fbf4d723-20261007-191e2d20f83f.json	88cef397d4acd2f81c3a4c1c3e8ab6516f429304fb9612ca8dde75e15aa695a5	CURRENT_HASH_REFERENCED_BY_RETAINED_DELTA_REVIEW	verification/current-source-delta-review-20261007.json
A	verification/requirement-coverage-NREQ-5003532a6cda7a68c13be508fbf4d723-20261007-context-dccb85cd4973-54e18bc1f938.json	0c0cbb74aead9ad36ee9446a967f7ffa4b39f32e968b034577979f1985b28c43	CURRENT_ACTIVE_SCOPED_COVERAGE_REVIEW_RECORD	verification-assertion-bindings.json#NREQ-5003532a6cda7a68c13be508fbf4d723
A	verification/requirement-coverage-NREQ-536910c50d3998944884b519e0d89555-20261005.json	80c365018169d81c066a93ae312928b5c0eca789c2dd856e9124beee35544b65	CURRENT_HASH_MATCHES_RETAINED_SCOPED_REVIEW_INPUT	verification/requirement-coverage-NREQ-536910c50d3998944884b519e0d89555-20261007-context-0ceefe702ac1-54e18bc1f938.json
A	verification/requirement-coverage-NREQ-536910c50d3998944884b519e0d89555-20261006-followup-3d70ff300546.json	b00975679e0c4b6bab2a62d091ca12a241d46ba3d2c21ae3047e6a57ca831443	CURRENT_HASH_MATCHES_RETAINED_SCOPED_REVIEW_INPUT	verification/requirement-coverage-NREQ-536910c50d3998944884b519e0d89555-20261007-context-0ceefe702ac1-54e18bc1f938.json
A	verification/requirement-coverage-NREQ-536910c50d3998944884b519e0d89555-20261006.json	c2f89e6f613f8629776888e09d1f9fadc5501ec2bb83450c6864e728ae04312b	CURRENT_HASH_MATCHES_RETAINED_SCOPED_REVIEW_INPUT	verification/requirement-coverage-NREQ-536910c50d3998944884b519e0d89555-20261007-context-0ceefe702ac1-54e18bc1f938.json
A	verification/requirement-coverage-NREQ-536910c50d3998944884b519e0d89555-20261007-0ceefe702ac1.json	bb1320825d4abecdb48d7d80191c5dc4bd579c1b3d1f3c5777c582fec2742ec1	CURRENT_HASH_REFERENCED_BY_RETAINED_DELTA_REVIEW	verification/current-source-delta-review-20261007.json
A	verification/requirement-coverage-NREQ-536910c50d3998944884b519e0d89555-20261007-context-0ceefe702ac1-54e18bc1f938.json	278ef9b41bc932442b7c257fad2f355817f2746f1ef5f953f5a456d3926685af	CURRENT_ACTIVE_SCOPED_COVERAGE_REVIEW_RECORD	verification-assertion-bindings.json#NREQ-536910c50d3998944884b519e0d89555
A	verification/requirement-coverage-NREQ-55dce831e47c4a26e093cc6134572e8f-20261005.json	724e3cd5942ac03ab187c1c093d38ea83eb5f2786ce7345c3388a6794d3d46fb	CURRENT_HASH_MATCHES_RETAINED_SCOPED_REVIEW_INPUT	verification/requirement-coverage-NREQ-55dce831e47c4a26e093cc6134572e8f-20261007-context-b731d3ee0180-54e18bc1f938.json
A	verification/requirement-coverage-NREQ-55dce831e47c4a26e093cc6134572e8f-20261006-followup-8740bdb93fd2.json	f611828e1b69847d0f782a23179b1057758afd9e6e7d9cd39095cea33d76a24b	CURRENT_HASH_MATCHES_RETAINED_SCOPED_REVIEW_INPUT	verification/requirement-coverage-NREQ-55dce831e47c4a26e093cc6134572e8f-20261007-context-b731d3ee0180-54e18bc1f938.json
A	verification/requirement-coverage-NREQ-55dce831e47c4a26e093cc6134572e8f-20261006.json	c12ed0252a63a454be5d2d2b5c9841fc30c64ffe0cf89d4c48592284ac64966e	CURRENT_HASH_MATCHES_RETAINED_SCOPED_REVIEW_INPUT	verification/requirement-coverage-NREQ-55dce831e47c4a26e093cc6134572e8f-20261007-context-b731d3ee0180-54e18bc1f938.json
A	verification/requirement-coverage-NREQ-55dce831e47c4a26e093cc6134572e8f-20261007-b731d3ee0180.json	b9939a0cf5ec5bda365087b9518857b8c61a02dea9526c67b9aecf6d50703782	CURRENT_HASH_REFERENCED_BY_RETAINED_DELTA_REVIEW	verification/current-source-delta-review-20261007.json
A	verification/requirement-coverage-NREQ-55dce831e47c4a26e093cc6134572e8f-20261007-context-b731d3ee0180-54e18bc1f938.json	2f909e388fe620ab4748d419d1a86580cd7b8fd5e407e2166c5bc05dd7cf601c	CURRENT_ACTIVE_SCOPED_COVERAGE_REVIEW_RECORD	verification-assertion-bindings.json#NREQ-55dce831e47c4a26e093cc6134572e8f
A	verification/requirement-coverage-NREQ-55f458162d319bfbb710223b3528ef9f-20261005.json	22a647965c2cae976e5cc4eaf1c32a185adf84b121306db71dc3c8bec70f0ab1	CURRENT_HASH_MATCHES_RETAINED_SCOPED_REVIEW_INPUT	verification/requirement-coverage-NREQ-55f458162d319bfbb710223b3528ef9f-20261007-context-5b104c0b9184-54e18bc1f938.json
A	verification/requirement-coverage-NREQ-55f458162d319bfbb710223b3528ef9f-20261006-followup-8576e9d3d1d2.json	18276efa11663e7a6dfac353d84938f426869fa297e734391d50c38ca8f7cc6c	CURRENT_HASH_MATCHES_RETAINED_SCOPED_REVIEW_INPUT	verification/requirement-coverage-NREQ-55f458162d319bfbb710223b3528ef9f-20261007-context-5b104c0b9184-54e18bc1f938.json
A	verification/requirement-coverage-NREQ-55f458162d319bfbb710223b3528ef9f-20261006.json	1d4e28123c99e3c326ecec9cd9b7cfa16453f407a759a36ec570ffa95963a558	CURRENT_HASH_MATCHES_RETAINED_SCOPED_REVIEW_INPUT	verification/requirement-coverage-NREQ-55f458162d319bfbb710223b3528ef9f-20261007-context-5b104c0b9184-54e18bc1f938.json
A	verification/requirement-coverage-NREQ-55f458162d319bfbb710223b3528ef9f-20261007-5b104c0b9184.json	580ae3108d49798be01e86787199b3f229ebca55a98bc674fb36fa0fae2ca77c	CURRENT_HASH_REFERENCED_BY_RETAINED_DELTA_REVIEW	verification/current-source-delta-review-20261007.json
A	verification/requirement-coverage-NREQ-55f458162d319bfbb710223b3528ef9f-20261007-context-5b104c0b9184-54e18bc1f938.json	5e8ff975cd3a8bee6b0bb2da0bad57d5f816c08ad572a750f61f72f86524c20d	CURRENT_ACTIVE_SCOPED_COVERAGE_REVIEW_RECORD	verification-assertion-bindings.json#NREQ-55f458162d319bfbb710223b3528ef9f
A	verification/requirement-coverage-NREQ-57f8fa829a872f35948a81bd58477291-20261005.json	14fbead7d5c65403ad32cbe1b702d29423cbf7184e1f0c2a75f33ee337ec65cc	CURRENT_HASH_MATCHES_RETAINED_SCOPED_REVIEW_INPUT	verification/requirement-coverage-NREQ-57f8fa829a872f35948a81bd58477291-20261007-context-fd3ea3b718ef-54e18bc1f938.json
A	verification/requirement-coverage-NREQ-57f8fa829a872f35948a81bd58477291-20261006-followup-4c4c4e071b27.json	60567326d9db910fd48931acc665e0507b3ca1714811f4015bdea67e33014116	CURRENT_HASH_MATCHES_RETAINED_SCOPED_REVIEW_INPUT	verification/requirement-coverage-NREQ-57f8fa829a872f35948a81bd58477291-20261007-context-fd3ea3b718ef-54e18bc1f938.json
A	verification/requirement-coverage-NREQ-57f8fa829a872f35948a81bd58477291-20261006.json	7777bb55c99b0a008e2a284832ec33bbac7cbb21bf03a5ce7f3bd7d6ca00dc9f	CURRENT_HASH_MATCHES_RETAINED_SCOPED_REVIEW_INPUT	verification/requirement-coverage-NREQ-57f8fa829a872f35948a81bd58477291-20261007-context-fd3ea3b718ef-54e18bc1f938.json
A	verification/requirement-coverage-NREQ-57f8fa829a872f35948a81bd58477291-20261007-4eec16fef5d9.json	5f4590f4f274ff4d440ce1f35fa9869c30fcad2f3d9c10240f7614b83e35d17f	CURRENT_HASH_REFERENCED_BY_RETAINED_DELTA_REVIEW	verification/current-source-delta-review-20261007.json
A	verification/requirement-coverage-NREQ-57f8fa829a872f35948a81bd58477291-20261007-context-fd3ea3b718ef-54e18bc1f938.json	6f1585b60229cf7e1bb2627851ac1cd786ad13136bf3ce918b32c3bf29d14234	CURRENT_ACTIVE_SCOPED_COVERAGE_REVIEW_RECORD	verification-assertion-bindings.json#NREQ-57f8fa829a872f35948a81bd58477291
A	verification/requirement-coverage-NREQ-5811c65fa83521ee7afeedd602cec806-20261005.json	da13dd891eee2a6152e90d010263131dbff0fea903629790a0fea5bace1dca42	CURRENT_HASH_MATCHES_RETAINED_SCOPED_REVIEW_INPUT	verification/requirement-coverage-NREQ-5811c65fa83521ee7afeedd602cec806-20261007-context-60e25b364eb4-54e18bc1f938.json
A	verification/requirement-coverage-NREQ-5811c65fa83521ee7afeedd602cec806-20261006-followup-fe65bb9312b0.json	08c0ce36ae81eb9bbd1d53a9c7658f692d184ae38a3782d8143462ebcdefdb70	CURRENT_HASH_MATCHES_RETAINED_SCOPED_REVIEW_INPUT	verification/requirement-coverage-NREQ-5811c65fa83521ee7afeedd602cec806-20261007-context-60e25b364eb4-54e18bc1f938.json
A	verification/requirement-coverage-NREQ-5811c65fa83521ee7afeedd602cec806-20261006.json	1cfd2a935bf7ca6c320f293d3fd476e6d5c4bf36282b8eaa0dbe7af43cec4e4b	CURRENT_HASH_MATCHES_RETAINED_SCOPED_REVIEW_INPUT	verification/requirement-coverage-NREQ-5811c65fa83521ee7afeedd602cec806-20261007-context-60e25b364eb4-54e18bc1f938.json
A	verification/requirement-coverage-NREQ-5811c65fa83521ee7afeedd602cec806-20261007-60e25b364eb4.json	eccd268c3a8323fb58ad94d5a6e8f8963a0a80bde6bad5d5539d03ed9a51535a	CURRENT_HASH_REFERENCED_BY_RETAINED_DELTA_REVIEW	verification/current-source-delta-review-20261007.json
A	verification/requirement-coverage-NREQ-5811c65fa83521ee7afeedd602cec806-20261007-context-60e25b364eb4-54e18bc1f938.json	c83512029dc12685f45c7024b26d7d10192d5574483d71db2e57dbe5c1813ce2	CURRENT_ACTIVE_SCOPED_COVERAGE_REVIEW_RECORD	verification-assertion-bindings.json#NREQ-5811c65fa83521ee7afeedd602cec806
A	verification/requirement-coverage-NREQ-595ff4d66406e3bd9529e12f036c882b-20261005.json	23fb0bd8db4e682a4b25f828d92e581ba62a249c592d9a05cc42956be34923fb	CURRENT_HASH_MATCHES_RETAINED_SCOPED_REVIEW_INPUT	verification/requirement-coverage-NREQ-595ff4d66406e3bd9529e12f036c882b-20261007-context-b22989818f22-54e18bc1f938.json
A	verification/requirement-coverage-NREQ-595ff4d66406e3bd9529e12f036c882b-20261006-followup-7b1eb2d3d3a8.json	7da07f861632cd7cdf69d7544467bf6575f8e66352bf4b6d686a9321eeea86c4	CURRENT_HASH_MATCHES_RETAINED_SCOPED_REVIEW_INPUT	verification/requirement-coverage-NREQ-595ff4d66406e3bd9529e12f036c882b-20261007-context-b22989818f22-54e18bc1f938.json
A	verification/requirement-coverage-NREQ-595ff4d66406e3bd9529e12f036c882b-20261006.json	49191a07a8079351515cfed4fab884be6376f18359f9c9f3556eb58cae8ef8ff	CURRENT_HASH_MATCHES_RETAINED_SCOPED_REVIEW_INPUT	verification/requirement-coverage-NREQ-595ff4d66406e3bd9529e12f036c882b-20261007-context-b22989818f22-54e18bc1f938.json
A	verification/requirement-coverage-NREQ-595ff4d66406e3bd9529e12f036c882b-20261007-b22989818f22.json	8ae09ad78e06bd966b79697798d23d36732403aab85be7f81f1847e753f25484	CURRENT_HASH_REFERENCED_BY_RETAINED_DELTA_REVIEW	verification/current-source-delta-review-20261007.json
A	verification/requirement-coverage-NREQ-595ff4d66406e3bd9529e12f036c882b-20261007-context-b22989818f22-54e18bc1f938.json	56f4fdee48afe24e89b32729e89eedba8651d220f257a5e5f95c9d29ae5c88b9	CURRENT_ACTIVE_SCOPED_COVERAGE_REVIEW_RECORD	verification-assertion-bindings.json#NREQ-595ff4d66406e3bd9529e12f036c882b
A	verification/requirement-coverage-NREQ-59d5854af99ac5a566eb61e978519b21-20261006-syntax-17a46cd3b694.json	06978f943a8852d7d8919ae4d9a9f12e7e26e0f85ddac9ea7c20786e6fd0623e	CURRENT_HASH_MATCHES_RETAINED_SCOPED_REVIEW_INPUT	verification/requirement-coverage-NREQ-59d5854af99ac5a566eb61e978519b21-20261007-context-e53573db3335-54e18bc1f938.json
A	verification/requirement-coverage-NREQ-59d5854af99ac5a566eb61e978519b21-20261007-bec120a81af2.json	43b7146fd81f93bc4d532112e4ec7afe70adef70a3bd423754b800a6fd702a3f	CURRENT_HASH_REFERENCED_BY_RETAINED_DELTA_REVIEW	verification/current-source-delta-review-20261007.json
A	verification/requirement-coverage-NREQ-59d5854af99ac5a566eb61e978519b21-20261007-context-e53573db3335-54e18bc1f938.json	c95479c7c1c2e7cf4afab796b346863714fe4344079cff18a780dba5b3a6f705	CURRENT_ACTIVE_SCOPED_COVERAGE_REVIEW_RECORD	verification-assertion-bindings.json#NREQ-59d5854af99ac5a566eb61e978519b21
A	verification/requirement-coverage-NREQ-5d9431875519d7cfc3188157a10d6bfc-20261005.json	1015c4ed99a5e220bddad201b22ad21ef655d926c71ba9497b6113dea2af429c	CURRENT_HASH_MATCHES_RETAINED_SCOPED_REVIEW_INPUT	verification/requirement-coverage-NREQ-5d9431875519d7cfc3188157a10d6bfc-20261007-context-6cff1723f402-54e18bc1f938.json
A	verification/requirement-coverage-NREQ-5d9431875519d7cfc3188157a10d6bfc-20261006-followup-efd4ac81f205.json	95b90a745131857911b77520e3d999ecc4ed6d90b8879882ec91ca0ca9cc60a1	CURRENT_HASH_MATCHES_RETAINED_SCOPED_REVIEW_INPUT	verification/requirement-coverage-NREQ-5d9431875519d7cfc3188157a10d6bfc-20261007-context-6cff1723f402-54e18bc1f938.json
A	verification/requirement-coverage-NREQ-5d9431875519d7cfc3188157a10d6bfc-20261006.json	e1f58a601fa579298f98331db5871696d4ba48bcdd3cabeba6b8b0b0b66c6352	CURRENT_HASH_MATCHES_RETAINED_SCOPED_REVIEW_INPUT	verification/requirement-coverage-NREQ-5d9431875519d7cfc3188157a10d6bfc-20261007-context-6cff1723f402-54e18bc1f938.json
A	verification/requirement-coverage-NREQ-5d9431875519d7cfc3188157a10d6bfc-20261007-6cff1723f402.json	3926b536f3d23de417f7c6f832ed251366bb584bf2ba327a87c544ac1a300a8b	CURRENT_HASH_REFERENCED_BY_RETAINED_DELTA_REVIEW	verification/current-source-delta-review-20261007.json
A	verification/requirement-coverage-NREQ-5d9431875519d7cfc3188157a10d6bfc-20261007-context-6cff1723f402-54e18bc1f938.json	b1f250a0baab0af6e884aac933a6db00cecb69395ce08ec32301897079f10125	CURRENT_ACTIVE_SCOPED_COVERAGE_REVIEW_RECORD	verification-assertion-bindings.json#NREQ-5d9431875519d7cfc3188157a10d6bfc
A	verification/requirement-coverage-NREQ-5dbdcf72dd32a519bb29fbf8250726d3-20261005.json	8706e1dc5f2d2000b55229a1a5c1ef606358eae4d3167c2a4262d53bdc4b1940	CURRENT_HASH_MATCHES_RETAINED_SCOPED_REVIEW_INPUT	verification/requirement-coverage-NREQ-5dbdcf72dd32a519bb29fbf8250726d3-20261007-context-99eab70395b3-54e18bc1f938.json
A	verification/requirement-coverage-NREQ-5dbdcf72dd32a519bb29fbf8250726d3-20261006-followup-8df63a835291.json	61f5ac1c9b4ef5ea6f0a5a429d1b3d52df91c782b04c16ed48f29a73c56a4a18	CURRENT_HASH_MATCHES_RETAINED_SCOPED_REVIEW_INPUT	verification/requirement-coverage-NREQ-5dbdcf72dd32a519bb29fbf8250726d3-20261007-context-99eab70395b3-54e18bc1f938.json
A	verification/requirement-coverage-NREQ-5dbdcf72dd32a519bb29fbf8250726d3-20261006.json	d7aa9969b4e0ac005783115d9c2be3b83b3dedf4579f48bf0be167eff8fde56b	CURRENT_HASH_MATCHES_RETAINED_SCOPED_REVIEW_INPUT	verification/requirement-coverage-NREQ-5dbdcf72dd32a519bb29fbf8250726d3-20261007-context-99eab70395b3-54e18bc1f938.json
A	verification/requirement-coverage-NREQ-5dbdcf72dd32a519bb29fbf8250726d3-20261007-178027c31442.json	ed7596835cbb982cfab88f5b765d3def88007ac769f6f9de464b13d8c18a23b6	CURRENT_HASH_REFERENCED_BY_RETAINED_DELTA_REVIEW	verification/current-source-delta-review-20261007.json
A	verification/requirement-coverage-NREQ-5dbdcf72dd32a519bb29fbf8250726d3-20261007-context-99eab70395b3-54e18bc1f938.json	6852b8997cba24aeb713c2484850b8ed724bb27771db5aaa453b36a617c164a6	CURRENT_ACTIVE_SCOPED_COVERAGE_REVIEW_RECORD	verification-assertion-bindings.json#NREQ-5dbdcf72dd32a519bb29fbf8250726d3
A	verification/requirement-coverage-NREQ-5f9aa84ccae751c1692f148708a9288c-20261005.json	f81b417df14e0ed2593193f8cab453cd8c2caa754d035929b1481d75e133977b	CURRENT_HASH_MATCHES_RETAINED_SCOPED_REVIEW_INPUT	verification/requirement-coverage-NREQ-5f9aa84ccae751c1692f148708a9288c-20261007-context-1a6ddd562cda-54e18bc1f938.json
A	verification/requirement-coverage-NREQ-5f9aa84ccae751c1692f148708a9288c-20261006-followup-77a89409cc16.json	ea3d3004a97f9313dd74772e92aa528d790668e2725688c03e792744c546af72	CURRENT_HASH_MATCHES_RETAINED_SCOPED_REVIEW_INPUT	verification/requirement-coverage-NREQ-5f9aa84ccae751c1692f148708a9288c-20261007-context-1a6ddd562cda-54e18bc1f938.json
A	verification/requirement-coverage-NREQ-5f9aa84ccae751c1692f148708a9288c-20261006.json	3c419892e83c43ac4582cffa0de2b6473f1cc5150ca6291e38839e6bd37b7ad9	CURRENT_HASH_MATCHES_RETAINED_SCOPED_REVIEW_INPUT	verification/requirement-coverage-NREQ-5f9aa84ccae751c1692f148708a9288c-20261007-context-1a6ddd562cda-54e18bc1f938.json
A	verification/requirement-coverage-NREQ-5f9aa84ccae751c1692f148708a9288c-20261007-1a6ddd562cda.json	1e12909b0a56c4091bdf1b5260269f5cfdb5fd0b93107b1fb16145eee79f1eca	CURRENT_HASH_REFERENCED_BY_RETAINED_DELTA_REVIEW	verification/current-source-delta-review-20261007.json
A	verification/requirement-coverage-NREQ-5f9aa84ccae751c1692f148708a9288c-20261007-context-1a6ddd562cda-54e18bc1f938.json	144dfe12d08e67e0ef40f83b7837fb0df57d6c320caa3a1d3dd8c626c3ee24e5	CURRENT_ACTIVE_SCOPED_COVERAGE_REVIEW_RECORD	verification-assertion-bindings.json#NREQ-5f9aa84ccae751c1692f148708a9288c
A	verification/requirement-coverage-NREQ-5fe6282f6c99d8d0f13fdf06bb5317fa-20261005.json	2678c02fb1513c6ce0977f36e377935c9c4a62e2841d5e903b2815a4eb2cfa60	CURRENT_HASH_MATCHES_RETAINED_SCOPED_REVIEW_INPUT	verification/requirement-coverage-NREQ-5fe6282f6c99d8d0f13fdf06bb5317fa-20261007-context-b3f25a0a1514-54e18bc1f938.json
A	verification/requirement-coverage-NREQ-5fe6282f6c99d8d0f13fdf06bb5317fa-20261006-followup-a61b44a24ea7.json	5554d87675032d42249650e952cc111435cccca12828ab3c27d1c2b7049b921d	CURRENT_HASH_MATCHES_RETAINED_SCOPED_REVIEW_INPUT	verification/requirement-coverage-NREQ-5fe6282f6c99d8d0f13fdf06bb5317fa-20261007-context-b3f25a0a1514-54e18bc1f938.json
A	verification/requirement-coverage-NREQ-5fe6282f6c99d8d0f13fdf06bb5317fa-20261006.json	5291bd81f419cd9ef552a97ac25a9bfc6f57ed3f122b1093b9e9ac4699666ffc	CURRENT_HASH_MATCHES_RETAINED_SCOPED_REVIEW_INPUT	verification/requirement-coverage-NREQ-5fe6282f6c99d8d0f13fdf06bb5317fa-20261007-context-b3f25a0a1514-54e18bc1f938.json
A	verification/requirement-coverage-NREQ-5fe6282f6c99d8d0f13fdf06bb5317fa-20261007-b3f25a0a1514.json	85acdc74ea85e63527ca77364c553f8139c1acdbf15b6b7e7804e5f5705fe27e	CURRENT_HASH_REFERENCED_BY_RETAINED_DELTA_REVIEW	verification/current-source-delta-review-20261007.json
A	verification/requirement-coverage-NREQ-5fe6282f6c99d8d0f13fdf06bb5317fa-20261007-context-b3f25a0a1514-54e18bc1f938.json	040cdd8bab132e43aa2310d1ea2062dbc029f1b89cb2abc36fa5109f2a2bd089	CURRENT_ACTIVE_SCOPED_COVERAGE_REVIEW_RECORD	verification-assertion-bindings.json#NREQ-5fe6282f6c99d8d0f13fdf06bb5317fa
A	verification/requirement-coverage-NREQ-601ec85ffefcffd713520f4067f7529c-20261005.json	ee776e48773502b267516f6f334fd0929c35537e51682469631cfe645506e5aa	CURRENT_HASH_MATCHES_RETAINED_SCOPED_REVIEW_INPUT	verification/requirement-coverage-NREQ-601ec85ffefcffd713520f4067f7529c-20261007-context-be7aad854ceb-54e18bc1f938.json
A	verification/requirement-coverage-NREQ-601ec85ffefcffd713520f4067f7529c-20261006-followup-3185714733b8.json	98a8f9021ba07ba9c12ad57a7f28bc24aa32a1a1be781d90fe8195f1195750c8	CURRENT_HASH_MATCHES_RETAINED_SCOPED_REVIEW_INPUT	verification/requirement-coverage-NREQ-601ec85ffefcffd713520f4067f7529c-20261007-context-be7aad854ceb-54e18bc1f938.json
A	verification/requirement-coverage-NREQ-601ec85ffefcffd713520f4067f7529c-20261006.json	989cf36d42b91ffe1f5289aa670f820da343041282e4249d5663f527dbddc94c	CURRENT_HASH_MATCHES_RETAINED_SCOPED_REVIEW_INPUT	verification/requirement-coverage-NREQ-601ec85ffefcffd713520f4067f7529c-20261007-context-be7aad854ceb-54e18bc1f938.json
A	verification/requirement-coverage-NREQ-601ec85ffefcffd713520f4067f7529c-20261007-c332f470cef1.json	52dc54f107589bc29431753d3b75fe37ee8261a53a99c4b360ccc9e1c2931698	CURRENT_HASH_REFERENCED_BY_RETAINED_DELTA_REVIEW	verification/current-source-delta-review-20261007.json
A	verification/requirement-coverage-NREQ-601ec85ffefcffd713520f4067f7529c-20261007-context-be7aad854ceb-54e18bc1f938.json	81b9ffd07f96a63574b73b496bfd2f5c5672ac341667b5949f4841fe01443510	CURRENT_ACTIVE_SCOPED_COVERAGE_REVIEW_RECORD	verification-assertion-bindings.json#NREQ-601ec85ffefcffd713520f4067f7529c
A	verification/requirement-coverage-NREQ-606a27b2b9b712e933dda6e0e7b0ce68-20261005.json	5f1ad757bf114341732eb0736f32e1bdc0e3d0211a861042dc39addc175035af	CURRENT_HASH_MATCHES_RETAINED_SCOPED_REVIEW_INPUT	verification/requirement-coverage-NREQ-606a27b2b9b712e933dda6e0e7b0ce68-20261007-context-c717ae8f5d63-54e18bc1f938.json
A	verification/requirement-coverage-NREQ-606a27b2b9b712e933dda6e0e7b0ce68-20261006-followup-a2d8ce7af746.json	7109084e9c5049264e7cf28e65381977aa167600f5e29e73c1281b1f07a31ae5	CURRENT_HASH_MATCHES_RETAINED_SCOPED_REVIEW_INPUT	verification/requirement-coverage-NREQ-606a27b2b9b712e933dda6e0e7b0ce68-20261007-context-c717ae8f5d63-54e18bc1f938.json
A	verification/requirement-coverage-NREQ-606a27b2b9b712e933dda6e0e7b0ce68-20261006.json	f4bc4e07b1a20b9314f31609901cfc032412100bd556f969a0844681b507714e	CURRENT_HASH_MATCHES_RETAINED_SCOPED_REVIEW_INPUT	verification/requirement-coverage-NREQ-606a27b2b9b712e933dda6e0e7b0ce68-20261007-context-c717ae8f5d63-54e18bc1f938.json
A	verification/requirement-coverage-NREQ-606a27b2b9b712e933dda6e0e7b0ce68-20261007-c717ae8f5d63.json	f11fa269c0f56ea906311f3f97484068f4f58a45717fd39f733819167bd7d889	CURRENT_HASH_REFERENCED_BY_RETAINED_DELTA_REVIEW	verification/current-source-delta-review-20261007.json
A	verification/requirement-coverage-NREQ-606a27b2b9b712e933dda6e0e7b0ce68-20261007-context-c717ae8f5d63-54e18bc1f938.json	d1b20e126bb765a3d1f0cb13dc64256cdad7e3bfac7ea554537ae0ce021beb25	CURRENT_ACTIVE_SCOPED_COVERAGE_REVIEW_RECORD	verification-assertion-bindings.json#NREQ-606a27b2b9b712e933dda6e0e7b0ce68
A	verification/requirement-coverage-NREQ-647d36595971915d7c485a338ddc4013-20261005.json	c611e2482a8221a5891be2309cc0fc98b6fc9fbf700b2a357164b65d9478899c	CURRENT_HASH_MATCHES_RETAINED_SCOPED_REVIEW_INPUT	verification/requirement-coverage-NREQ-647d36595971915d7c485a338ddc4013-20261007-context-661182e4e06d-54e18bc1f938.json
A	verification/requirement-coverage-NREQ-647d36595971915d7c485a338ddc4013-20261006-followup-2288432ea5e4.json	86b393d7f64511f25348a7655e5e99c51a421dd0cdf5e4a200eb086d2407da58	CURRENT_HASH_MATCHES_RETAINED_SCOPED_REVIEW_INPUT	verification/requirement-coverage-NREQ-647d36595971915d7c485a338ddc4013-20261007-context-661182e4e06d-54e18bc1f938.json
A	verification/requirement-coverage-NREQ-647d36595971915d7c485a338ddc4013-20261006.json	1dfd10a36643a241c174e5158d1722d28b562dfb17eecef46f8bd44036f43e53	CURRENT_HASH_MATCHES_RETAINED_SCOPED_REVIEW_INPUT	verification/requirement-coverage-NREQ-647d36595971915d7c485a338ddc4013-20261007-context-661182e4e06d-54e18bc1f938.json
A	verification/requirement-coverage-NREQ-647d36595971915d7c485a338ddc4013-20261007-661182e4e06d.json	1cca83353db0f2826667d7b2b977dd1e7394835a0cf9a95a049856a83af0ab3a	CURRENT_HASH_REFERENCED_BY_RETAINED_DELTA_REVIEW	verification/current-source-delta-review-20261007.json
A	verification/requirement-coverage-NREQ-647d36595971915d7c485a338ddc4013-20261007-context-661182e4e06d-54e18bc1f938.json	f75e387fef21f88a7c2afad5ba2a7691bc93b4708697ab62bb508a6b8366a2e2	CURRENT_ACTIVE_SCOPED_COVERAGE_REVIEW_RECORD	verification-assertion-bindings.json#NREQ-647d36595971915d7c485a338ddc4013
A	verification/requirement-coverage-NREQ-6a5e773812226552e3448329be3966cd-20261005.json	0a6056a53fdada98f47a2a623959886e5b29c74510d97a9d092f508f0b7a5256	CURRENT_HASH_MATCHES_RETAINED_SCOPED_REVIEW_INPUT	verification/requirement-coverage-NREQ-6a5e773812226552e3448329be3966cd-20261007-context-14f5a52593d0-54e18bc1f938.json
A	verification/requirement-coverage-NREQ-6a5e773812226552e3448329be3966cd-20261006-followup-633736e83a7c.json	4c32ba64f946d17636cc91ba1e8efd70b888c5723679706fa82624cfc9a86bcc	CURRENT_HASH_MATCHES_RETAINED_SCOPED_REVIEW_INPUT	verification/requirement-coverage-NREQ-6a5e773812226552e3448329be3966cd-20261007-context-14f5a52593d0-54e18bc1f938.json
A	verification/requirement-coverage-NREQ-6a5e773812226552e3448329be3966cd-20261006.json	2c89eaaaa076928ac900f8d2354411ad5ce10f053a2dd9048c92f365738ae277	CURRENT_HASH_MATCHES_RETAINED_SCOPED_REVIEW_INPUT	verification/requirement-coverage-NREQ-6a5e773812226552e3448329be3966cd-20261007-context-14f5a52593d0-54e18bc1f938.json
A	verification/requirement-coverage-NREQ-6a5e773812226552e3448329be3966cd-20261007-14f5a52593d0.json	1aaba3c90cfa4fc275f1cd75c87d9ffe36bebb3eace7451fbc7216a395c39077	CURRENT_HASH_REFERENCED_BY_RETAINED_DELTA_REVIEW	verification/current-source-delta-review-20261007.json
A	verification/requirement-coverage-NREQ-6a5e773812226552e3448329be3966cd-20261007-context-14f5a52593d0-54e18bc1f938.json	565e4466a173cc99c30e54fa1f28b0f3d9c6ab136fdcf2e8510872bc14439abf	CURRENT_ACTIVE_SCOPED_COVERAGE_REVIEW_RECORD	verification-assertion-bindings.json#NREQ-6a5e773812226552e3448329be3966cd
A	verification/requirement-coverage-NREQ-6fe30b5cb969bf2fb9daaabc3422ac38-20261005.json	cba60d569705dea54e8675773994582a30cb0bd302ad7f24098c73c6de090f21	CURRENT_HASH_MATCHES_RETAINED_SCOPED_REVIEW_INPUT	verification/requirement-coverage-NREQ-6fe30b5cb969bf2fb9daaabc3422ac38-20261007-context-2594d1e812f8-54e18bc1f938.json
A	verification/requirement-coverage-NREQ-6fe30b5cb969bf2fb9daaabc3422ac38-20261006-followup-d6d7c6168285.json	6f02b672dac21a1a084afb5432dabdcf41f2dd4f5b494d040b328df99ab22a20	CURRENT_HASH_MATCHES_RETAINED_SCOPED_REVIEW_INPUT	verification/requirement-coverage-NREQ-6fe30b5cb969bf2fb9daaabc3422ac38-20261007-context-2594d1e812f8-54e18bc1f938.json
A	verification/requirement-coverage-NREQ-6fe30b5cb969bf2fb9daaabc3422ac38-20261006.json	679dd7b43b711653a6d5b7ff1eaad5396b90601618cf539f19ca21b66d8913dd	CURRENT_HASH_MATCHES_RETAINED_SCOPED_REVIEW_INPUT	verification/requirement-coverage-NREQ-6fe30b5cb969bf2fb9daaabc3422ac38-20261007-context-2594d1e812f8-54e18bc1f938.json
A	verification/requirement-coverage-NREQ-6fe30b5cb969bf2fb9daaabc3422ac38-20261007-2594d1e812f8.json	bf90b4416f1b535cd032c82ae5b2e61488d05fdf1ed487d0a2298c5be00e2b8b	CURRENT_HASH_REFERENCED_BY_RETAINED_DELTA_REVIEW	verification/current-source-delta-review-20261007.json
A	verification/requirement-coverage-NREQ-6fe30b5cb969bf2fb9daaabc3422ac38-20261007-context-2594d1e812f8-54e18bc1f938.json	2332e197d3ed786a2eb9ef43efdbb18e904052009e59ed4113c5a1e20fdf287f	CURRENT_ACTIVE_SCOPED_COVERAGE_REVIEW_RECORD	verification-assertion-bindings.json#NREQ-6fe30b5cb969bf2fb9daaabc3422ac38
A	verification/requirement-coverage-NREQ-70114fe79e900fc756a0d6cc14ea8f90-20261005.json	6d8659be3966be40aee868a9968f6fb5ce97cd653c45e51044719927147bb1f3	CURRENT_HASH_MATCHES_RETAINED_SCOPED_REVIEW_INPUT	verification/requirement-coverage-NREQ-70114fe79e900fc756a0d6cc14ea8f90-20261007-context-0322b753560e-54e18bc1f938.json
A	verification/requirement-coverage-NREQ-70114fe79e900fc756a0d6cc14ea8f90-20261006-followup-e56ea6563989.json	59f526ab6c5a3471b209ae0af4b8764a09ba6c442dfea226eb2aa3e0cca337e9	CURRENT_HASH_MATCHES_RETAINED_SCOPED_REVIEW_INPUT	verification/requirement-coverage-NREQ-70114fe79e900fc756a0d6cc14ea8f90-20261007-context-0322b753560e-54e18bc1f938.json
A	verification/requirement-coverage-NREQ-70114fe79e900fc756a0d6cc14ea8f90-20261006.json	c7ef40484f6738c00dc799d75a4b7dc5c68985bbb662b6470af312d0bb145c19	CURRENT_HASH_MATCHES_RETAINED_SCOPED_REVIEW_INPUT	verification/requirement-coverage-NREQ-70114fe79e900fc756a0d6cc14ea8f90-20261007-context-0322b753560e-54e18bc1f938.json
A	verification/requirement-coverage-NREQ-70114fe79e900fc756a0d6cc14ea8f90-20261007-0322b753560e.json	61d4ae9e0be2b0373d887f9608968b9f762373f4b83586ef7f0175aab8972dce	CURRENT_HASH_REFERENCED_BY_RETAINED_DELTA_REVIEW	verification/current-source-delta-review-20261007.json
A	verification/requirement-coverage-NREQ-70114fe79e900fc756a0d6cc14ea8f90-20261007-context-0322b753560e-54e18bc1f938.json	09d66776c1461e149024545144d9ebdd5391f1cb348f457e184b0612a8342531	CURRENT_ACTIVE_SCOPED_COVERAGE_REVIEW_RECORD	verification-assertion-bindings.json#NREQ-70114fe79e900fc756a0d6cc14ea8f90
A	verification/requirement-coverage-NREQ-71896faa31bc64e94d98bc976e1e6f1d-20261005.json	d85ea6e2c72530498b05860ab567f319326b16e7a13beb64c2a8b4e7de952077	CURRENT_HASH_MATCHES_RETAINED_SCOPED_REVIEW_INPUT	verification/requirement-coverage-NREQ-71896faa31bc64e94d98bc976e1e6f1d-20261007-context-def6b5edfdba-54e18bc1f938.json
A	verification/requirement-coverage-NREQ-71896faa31bc64e94d98bc976e1e6f1d-20261006-followup-42141fe5dadf.json	b0d495b26b09acb6adce838f8e1ad1a710f9d6943c7cc02e34b01acd30d0ab5c	CURRENT_HASH_MATCHES_RETAINED_SCOPED_REVIEW_INPUT	verification/requirement-coverage-NREQ-71896faa31bc64e94d98bc976e1e6f1d-20261007-context-def6b5edfdba-54e18bc1f938.json
A	verification/requirement-coverage-NREQ-71896faa31bc64e94d98bc976e1e6f1d-20261006.json	c524ba61c99453d3c4f4f2aa0b1e209b71d325b952b6f59a238f7c5e34226720	CURRENT_HASH_MATCHES_RETAINED_SCOPED_REVIEW_INPUT	verification/requirement-coverage-NREQ-71896faa31bc64e94d98bc976e1e6f1d-20261007-context-def6b5edfdba-54e18bc1f938.json
A	verification/requirement-coverage-NREQ-71896faa31bc64e94d98bc976e1e6f1d-20261007-context-def6b5edfdba-54e18bc1f938.json	a2b0f7191be3a79321581c4538a0610beb3239c38bc885e4ed1899e6dd105c12	CURRENT_ACTIVE_SCOPED_COVERAGE_REVIEW_RECORD	verification-assertion-bindings.json#NREQ-71896faa31bc64e94d98bc976e1e6f1d
A	verification/requirement-coverage-NREQ-71896faa31bc64e94d98bc976e1e6f1d-20261007-d5323956e09f.json	dd9d3f3b9a32c147904da0df673232e321476c49f21a475f191d105a477be0e4	CURRENT_HASH_REFERENCED_BY_RETAINED_DELTA_REVIEW	verification/current-source-delta-review-20261007.json
A	verification/requirement-coverage-NREQ-72aa03a305fb8893a65d384f41d86aeb-20261005.json	9ee3f927941cce713a6a5eb4b8dfa3e2bdb07c65da012ea33d769c8c1028b664	CURRENT_HASH_MATCHES_RETAINED_SCOPED_REVIEW_INPUT	verification/requirement-coverage-NREQ-72aa03a305fb8893a65d384f41d86aeb-20261007-context-6fb2556fc745-54e18bc1f938.json
A	verification/requirement-coverage-NREQ-72aa03a305fb8893a65d384f41d86aeb-20261006-followup-4c8b0e401503.json	414874782468c0bc197fc0e2295f7eb0e9b029225761c084e36a80278f78a6ed	CURRENT_HASH_MATCHES_RETAINED_SCOPED_REVIEW_INPUT	verification/requirement-coverage-NREQ-72aa03a305fb8893a65d384f41d86aeb-20261007-context-6fb2556fc745-54e18bc1f938.json
A	verification/requirement-coverage-NREQ-72aa03a305fb8893a65d384f41d86aeb-20261006.json	c8d9bd478f06d17145f2ae0ed8295c5b9f1769dee524e381432eb443796ff991	CURRENT_HASH_MATCHES_RETAINED_SCOPED_REVIEW_INPUT	verification/requirement-coverage-NREQ-72aa03a305fb8893a65d384f41d86aeb-20261007-context-6fb2556fc745-54e18bc1f938.json
A	verification/requirement-coverage-NREQ-72aa03a305fb8893a65d384f41d86aeb-20261007-context-6fb2556fc745-54e18bc1f938.json	396c044542c12d244a3f174bfba1ecb74a4c108efd360d947c2754fcc76ee7de	CURRENT_ACTIVE_SCOPED_COVERAGE_REVIEW_RECORD	verification-assertion-bindings.json#NREQ-72aa03a305fb8893a65d384f41d86aeb
A	verification/requirement-coverage-NREQ-72aa03a305fb8893a65d384f41d86aeb-20261007-fef9393f9841.json	100db00fe5e2ce35ab255481b461b3302b77b17801613d239e5524fde2aee0e8	CURRENT_HASH_REFERENCED_BY_RETAINED_DELTA_REVIEW	verification/current-source-delta-review-20261007.json
A	verification/requirement-coverage-NREQ-72ba9c97f91e20a56d469fe3d4acf669-20261005.json	90de8ae00ea7e27c5ea64aaf4b1471e5998173e4065af71886769adc916acc04	CURRENT_HASH_MATCHES_RETAINED_SCOPED_REVIEW_INPUT	verification/requirement-coverage-NREQ-72ba9c97f91e20a56d469fe3d4acf669-20261007-context-ce1798099b2f-54e18bc1f938.json
A	verification/requirement-coverage-NREQ-72ba9c97f91e20a56d469fe3d4acf669-20261006-followup-89b948ec8bd9.json	0267781a1d534a977f7be2e4684f207e54a8af2919b90e03ae34b0d37dad7fc8	CURRENT_HASH_MATCHES_RETAINED_SCOPED_REVIEW_INPUT	verification/requirement-coverage-NREQ-72ba9c97f91e20a56d469fe3d4acf669-20261007-context-ce1798099b2f-54e18bc1f938.json
A	verification/requirement-coverage-NREQ-72ba9c97f91e20a56d469fe3d4acf669-20261006.json	73794f9f0dfd9a9baab884a6dc1d369cd17135ea01d3779513c756828d928ffb	CURRENT_HASH_MATCHES_RETAINED_SCOPED_REVIEW_INPUT	verification/requirement-coverage-NREQ-72ba9c97f91e20a56d469fe3d4acf669-20261007-context-ce1798099b2f-54e18bc1f938.json
A	verification/requirement-coverage-NREQ-72ba9c97f91e20a56d469fe3d4acf669-20261007-027740e2add6.json	8dae854adfa0eb81feff1e56f1b72d667e834c56f8d1d54d983584e7f9ad3cc6	CURRENT_HASH_REFERENCED_BY_RETAINED_DELTA_REVIEW	verification/current-source-delta-review-20261007.json
A	verification/requirement-coverage-NREQ-72ba9c97f91e20a56d469fe3d4acf669-20261007-context-ce1798099b2f-54e18bc1f938.json	48f2e2b32b02f3223ba71634e764905e9d03ee0a776d9573191e411f8f96b826	CURRENT_ACTIVE_SCOPED_COVERAGE_REVIEW_RECORD	verification-assertion-bindings.json#NREQ-72ba9c97f91e20a56d469fe3d4acf669
A	verification/requirement-coverage-NREQ-75151f881444015977da6a6d7d86cb1c-20261005.json	eb01df3bfc9894028eb965c9da58aad63b2fc46a57d671f3d18487335374eeb1	CURRENT_HASH_MATCHES_RETAINED_SCOPED_REVIEW_INPUT	verification/requirement-coverage-NREQ-75151f881444015977da6a6d7d86cb1c-20261007-context-5c2a016004df-54e18bc1f938.json
A	verification/requirement-coverage-NREQ-75151f881444015977da6a6d7d86cb1c-20261006-followup-425ac7de0203.json	4ea63baea9e2ab44ef3a186086ccde4d257a6ef7165b438a8e9f96b547bb8f80	CURRENT_HASH_MATCHES_RETAINED_SCOPED_REVIEW_INPUT	verification/requirement-coverage-NREQ-75151f881444015977da6a6d7d86cb1c-20261007-context-5c2a016004df-54e18bc1f938.json
A	verification/requirement-coverage-NREQ-75151f881444015977da6a6d7d86cb1c-20261006.json	7f330375a8aa34c5b6b321fb86c49c56523537e662bee3574ce9935a8166b575	CURRENT_HASH_MATCHES_RETAINED_SCOPED_REVIEW_INPUT	verification/requirement-coverage-NREQ-75151f881444015977da6a6d7d86cb1c-20261007-context-5c2a016004df-54e18bc1f938.json
A	verification/requirement-coverage-NREQ-75151f881444015977da6a6d7d86cb1c-20261007-5c2a016004df.json	5affcf687a624b57e7d71428550332bb52be9854d2458d97022a772ce36cdd58	CURRENT_HASH_REFERENCED_BY_RETAINED_DELTA_REVIEW	verification/current-source-delta-review-20261007.json
A	verification/requirement-coverage-NREQ-75151f881444015977da6a6d7d86cb1c-20261007-context-5c2a016004df-54e18bc1f938.json	47fd0b66a92b48e097646dfcbf7d6a3b2b5f1d99f3d1ae51ca52fea79f4de361	CURRENT_ACTIVE_SCOPED_COVERAGE_REVIEW_RECORD	verification-assertion-bindings.json#NREQ-75151f881444015977da6a6d7d86cb1c
A	verification/requirement-coverage-NREQ-7542acad543ceb37f7fb325baac0d9d0-20261005.json	80034b701389572b138eed01d629bdcf7c7eae9d5fa5a84cc41e7d46f3be2d3d	CURRENT_HASH_MATCHES_RETAINED_SCOPED_REVIEW_INPUT	verification/requirement-coverage-NREQ-7542acad543ceb37f7fb325baac0d9d0-20261007-context-1dab787f784f-54e18bc1f938.json
A	verification/requirement-coverage-NREQ-7542acad543ceb37f7fb325baac0d9d0-20261006-followup-5dd630255ee2.json	eb96635ea322b76958faf00b429e030d3c7de6641ee5c116da410f840510adaf	CURRENT_HASH_MATCHES_RETAINED_SCOPED_REVIEW_INPUT	verification/requirement-coverage-NREQ-7542acad543ceb37f7fb325baac0d9d0-20261007-context-1dab787f784f-54e18bc1f938.json
A	verification/requirement-coverage-NREQ-7542acad543ceb37f7fb325baac0d9d0-20261006.json	995fd68e1d3ebab87fb1afb0e6a65c195e38557ba5442ac7c3c34d7b603315b0	CURRENT_HASH_MATCHES_RETAINED_SCOPED_REVIEW_INPUT	verification/requirement-coverage-NREQ-7542acad543ceb37f7fb325baac0d9d0-20261007-context-1dab787f784f-54e18bc1f938.json
A	verification/requirement-coverage-NREQ-7542acad543ceb37f7fb325baac0d9d0-20261007-1dab787f784f.json	9df2c3cf043ebc0a3e27f1475df16a1bc3d061f6f4d039bd454998e48b3e1f16	CURRENT_HASH_REFERENCED_BY_RETAINED_DELTA_REVIEW	verification/current-source-delta-review-20261007.json
A	verification/requirement-coverage-NREQ-7542acad543ceb37f7fb325baac0d9d0-20261007-context-1dab787f784f-54e18bc1f938.json	ad5e19ddc2e1473aa8cd394aa37a2757e51aa348fef547948d01c54416070a2e	CURRENT_ACTIVE_SCOPED_COVERAGE_REVIEW_RECORD	verification-assertion-bindings.json#NREQ-7542acad543ceb37f7fb325baac0d9d0
A	verification/requirement-coverage-NREQ-75b670fc6ea047b7452b4148f12a30ba-20261006-syntax-779bc3b1943f.json	06dbb6781df63aea414a0d40a6cf1904d08fc910094a13c0387aff3c9f5ca687	CURRENT_HASH_MATCHES_RETAINED_SCOPED_REVIEW_INPUT	verification/requirement-coverage-NREQ-75b670fc6ea047b7452b4148f12a30ba-20261007-context-dfc64a21a246-54e18bc1f938.json
A	verification/requirement-coverage-NREQ-75b670fc6ea047b7452b4148f12a30ba-20261007-c98d1cd39228.json	4dc2922e98f0761b0c765d22feb1f944d605adaa28cd750de749fdec3ae83cfc	CURRENT_HASH_REFERENCED_BY_RETAINED_DELTA_REVIEW	verification/current-source-delta-review-20261007.json
A	verification/requirement-coverage-NREQ-75b670fc6ea047b7452b4148f12a30ba-20261007-context-dfc64a21a246-54e18bc1f938.json	73cc97e45149a9b49fe6eca5777232192d640939ed0859608d5e5f35b663ed85	CURRENT_ACTIVE_SCOPED_COVERAGE_REVIEW_RECORD	verification-assertion-bindings.json#NREQ-75b670fc6ea047b7452b4148f12a30ba
A	verification/requirement-coverage-NREQ-7643f1fb351e295ecb8565583cb9a37f-20261005.json	de902996d08a94ea3de7c940327f44b75b5ef897bf21d4cd118fa7953dee5af8	CURRENT_HASH_MATCHES_RETAINED_SCOPED_REVIEW_INPUT	verification/requirement-coverage-NREQ-7643f1fb351e295ecb8565583cb9a37f-20261007-context-1fe2c84cf115-54e18bc1f938.json
A	verification/requirement-coverage-NREQ-7643f1fb351e295ecb8565583cb9a37f-20261006-followup-279bfa793744.json	a3419e4ac4f2216febe0df8f10360c3b91dfad5fbdf0e2e6b3bb20b651f1bdf2	CURRENT_HASH_MATCHES_RETAINED_SCOPED_REVIEW_INPUT	verification/requirement-coverage-NREQ-7643f1fb351e295ecb8565583cb9a37f-20261007-context-1fe2c84cf115-54e18bc1f938.json
A	verification/requirement-coverage-NREQ-7643f1fb351e295ecb8565583cb9a37f-20261006.json	5844be77cc48c05643bc79bae8ad971f92686af784598eb59ea48adfad1b5462	CURRENT_HASH_MATCHES_RETAINED_SCOPED_REVIEW_INPUT	verification/requirement-coverage-NREQ-7643f1fb351e295ecb8565583cb9a37f-20261007-context-1fe2c84cf115-54e18bc1f938.json
A	verification/requirement-coverage-NREQ-7643f1fb351e295ecb8565583cb9a37f-20261007-1fe2c84cf115.json	1a4cdbeb8c99c24fa8f4b25965169408a6c82551c04e17755a2e8cec1ba47f88	CURRENT_HASH_REFERENCED_BY_RETAINED_DELTA_REVIEW	verification/current-source-delta-review-20261007.json
A	verification/requirement-coverage-NREQ-7643f1fb351e295ecb8565583cb9a37f-20261007-context-1fe2c84cf115-54e18bc1f938.json	555b869cd8cd76d61e7f157379f19a28bd73c6de7028a3149ad8a1d111383c98	CURRENT_ACTIVE_SCOPED_COVERAGE_REVIEW_RECORD	verification-assertion-bindings.json#NREQ-7643f1fb351e295ecb8565583cb9a37f
A	verification/requirement-coverage-NREQ-768d67996244254c83c0d11796f63912-20261006-syntax-66f1d2945952.json	3e1ca776abcbf37b42a013c82efe66a4be072d3b32a79f29fe2056fa0c80886c	CURRENT_HASH_MATCHES_RETAINED_SCOPED_REVIEW_INPUT	verification/requirement-coverage-NREQ-768d67996244254c83c0d11796f63912-20261007-context-291bd5dd0e04-54e18bc1f938.json
A	verification/requirement-coverage-NREQ-768d67996244254c83c0d11796f63912-20261007-context-291bd5dd0e04-54e18bc1f938.json	05cc60ab1a3289c8cc84c5624d520477b5c0823948f5c3f15b66c6983a8889fa	CURRENT_ACTIVE_SCOPED_COVERAGE_REVIEW_RECORD	verification-assertion-bindings.json#NREQ-768d67996244254c83c0d11796f63912
A	verification/requirement-coverage-NREQ-768d67996244254c83c0d11796f63912-20261007-f27867d3f39f.json	6d7161bf90636c7f6cf7108670a47a439064a9ef60267bd4d989063496f9a284	CURRENT_HASH_REFERENCED_BY_RETAINED_DELTA_REVIEW	verification/current-source-delta-review-20261007.json
A	verification/requirement-coverage-NREQ-78fef21919bbd7bb3bafba6f62210631-20261005.json	00d7f51e57ba259c18e3bed43f49945c091f29e9c05eb313e6951f8d89ee3986	CURRENT_HASH_MATCHES_RETAINED_SCOPED_REVIEW_INPUT	verification/requirement-coverage-NREQ-78fef21919bbd7bb3bafba6f62210631-20261007-context-8f3806190781-54e18bc1f938.json
A	verification/requirement-coverage-NREQ-78fef21919bbd7bb3bafba6f62210631-20261006-followup-a653a395245f.json	e2b781bc20729de1d4c4921bb1c2b6cbf3b0f7d4a0122983a1b5b6b4b547c617	CURRENT_HASH_MATCHES_RETAINED_SCOPED_REVIEW_INPUT	verification/requirement-coverage-NREQ-78fef21919bbd7bb3bafba6f62210631-20261007-context-8f3806190781-54e18bc1f938.json
A	verification/requirement-coverage-NREQ-78fef21919bbd7bb3bafba6f62210631-20261006.json	2c54283bb1d9204ecf74b2e86ecdfc8e30708bcbd7e23202d4d378282a65187d	CURRENT_HASH_MATCHES_RETAINED_SCOPED_REVIEW_INPUT	verification/requirement-coverage-NREQ-78fef21919bbd7bb3bafba6f62210631-20261007-context-8f3806190781-54e18bc1f938.json
A	verification/requirement-coverage-NREQ-78fef21919bbd7bb3bafba6f62210631-20261007-context-8f3806190781-54e18bc1f938.json	82d2eaf2f0872f81a802bfa3c4582be71d66f2c865db7f682e12b528ddfb3c6a	CURRENT_ACTIVE_SCOPED_COVERAGE_REVIEW_RECORD	verification-assertion-bindings.json#NREQ-78fef21919bbd7bb3bafba6f62210631
A	verification/requirement-coverage-NREQ-78fef21919bbd7bb3bafba6f62210631-20261007-dd89dac29dc4.json	e55743fad3b6ac58aed37db981f78ed95f753f0dfa90cd70edaa9d7616e50f1a	CURRENT_HASH_REFERENCED_BY_RETAINED_DELTA_REVIEW	verification/current-source-delta-review-20261007.json
A	verification/requirement-coverage-NREQ-797b5fe50f9d13ae34d17cc98c7c8f24-20261005.json	3ab33b253a84b49aeaf535d42d26e63bb3223b4cd83bc816e25ff4335b1b24dd	CURRENT_HASH_MATCHES_RETAINED_SCOPED_REVIEW_INPUT	verification/requirement-coverage-NREQ-797b5fe50f9d13ae34d17cc98c7c8f24-20261007-context-0a94e402d167-54e18bc1f938.json
A	verification/requirement-coverage-NREQ-797b5fe50f9d13ae34d17cc98c7c8f24-20261006-followup-4a9f1091db05.json	fc9633a7674a21c2a1743cb0467871c2deea7cf92a2b07d7705b525a1643098e	CURRENT_HASH_MATCHES_RETAINED_SCOPED_REVIEW_INPUT	verification/requirement-coverage-NREQ-797b5fe50f9d13ae34d17cc98c7c8f24-20261007-context-0a94e402d167-54e18bc1f938.json
A	verification/requirement-coverage-NREQ-797b5fe50f9d13ae34d17cc98c7c8f24-20261006.json	d669cc9ce4b206e45b2f19da858ae18991e767b03174ae0da9f363004f88030b	CURRENT_HASH_MATCHES_RETAINED_SCOPED_REVIEW_INPUT	verification/requirement-coverage-NREQ-797b5fe50f9d13ae34d17cc98c7c8f24-20261007-context-0a94e402d167-54e18bc1f938.json
A	verification/requirement-coverage-NREQ-797b5fe50f9d13ae34d17cc98c7c8f24-20261007-0a94e402d167.json	cbdd8b537667ee9cac2696ee00b170fa00d1dad7d7bc0bdad80a37d23e59af18	CURRENT_HASH_REFERENCED_BY_RETAINED_DELTA_REVIEW	verification/current-source-delta-review-20261007.json
A	verification/requirement-coverage-NREQ-797b5fe50f9d13ae34d17cc98c7c8f24-20261007-context-0a94e402d167-54e18bc1f938.json	a49aaf621a309b2e6a600deb34b55e0260113b66098c92153df3277b98838e10	CURRENT_ACTIVE_SCOPED_COVERAGE_REVIEW_RECORD	verification-assertion-bindings.json#NREQ-797b5fe50f9d13ae34d17cc98c7c8f24
A	verification/requirement-coverage-NREQ-7a68fe07ee725cf205dd2102cd997b7f-20261006-syntax-604fe56395d2.json	22f6d3191ac680eed7af030d2132605a826af1170e0eeed70a6f2930f3172960	CURRENT_HASH_MATCHES_RETAINED_SCOPED_REVIEW_INPUT	verification/requirement-coverage-NREQ-7a68fe07ee725cf205dd2102cd997b7f-20261007-context-652ecb1fe1af-54e18bc1f938.json
A	verification/requirement-coverage-NREQ-7a68fe07ee725cf205dd2102cd997b7f-20261007-2ddde02a4678.json	338d93797dcc4df793e381e04bf1fca22ef2a4bdbcb37ac19f0f970f79e0fb0d	CURRENT_HASH_REFERENCED_BY_RETAINED_DELTA_REVIEW	verification/current-source-delta-review-20261007.json
A	verification/requirement-coverage-NREQ-7a68fe07ee725cf205dd2102cd997b7f-20261007-context-652ecb1fe1af-54e18bc1f938.json	5de416164b47c023131cd772e5070f7b58f5c9c6e0a3efd3a345ab2c2a4f56f3	CURRENT_ACTIVE_SCOPED_COVERAGE_REVIEW_RECORD	verification-assertion-bindings.json#NREQ-7a68fe07ee725cf205dd2102cd997b7f
A	verification/requirement-coverage-NREQ-7add6f24a57198b72b500e5a2acf1ca6-20261005.json	043fecc05d4c79f72132c4ea514a9fa4beacb14f1371867d834fdb8982099027	CURRENT_HASH_MATCHES_RETAINED_SCOPED_REVIEW_INPUT	verification/requirement-coverage-NREQ-7add6f24a57198b72b500e5a2acf1ca6-20261007-context-6cba32557505-54e18bc1f938.json
A	verification/requirement-coverage-NREQ-7add6f24a57198b72b500e5a2acf1ca6-20261006-followup-fa3b972257c8.json	1bbfd8028cb7c74cee3f3fa508f5ef88e3050be280efa09a75ca041220cee496	CURRENT_HASH_MATCHES_RETAINED_SCOPED_REVIEW_INPUT	verification/requirement-coverage-NREQ-7add6f24a57198b72b500e5a2acf1ca6-20261007-context-6cba32557505-54e18bc1f938.json
A	verification/requirement-coverage-NREQ-7add6f24a57198b72b500e5a2acf1ca6-20261006.json	497a7aa6e35b329ce304a068e5b10bae1079281bd5e5b44e1eef63aba6e98596	CURRENT_HASH_MATCHES_RETAINED_SCOPED_REVIEW_INPUT	verification/requirement-coverage-NREQ-7add6f24a57198b72b500e5a2acf1ca6-20261007-context-6cba32557505-54e18bc1f938.json
A	verification/requirement-coverage-NREQ-7add6f24a57198b72b500e5a2acf1ca6-20261007-6cba32557505.json	b071b228f903bf430509da659416233cdedcc92c403a243c2db570c1ad740b6b	CURRENT_HASH_REFERENCED_BY_RETAINED_DELTA_REVIEW	verification/current-source-delta-review-20261007.json
A	verification/requirement-coverage-NREQ-7add6f24a57198b72b500e5a2acf1ca6-20261007-context-6cba32557505-54e18bc1f938.json	0aa78b674b51a3c5cdb049775295d30f2e40bd609d41934f1777073c65526cc9	CURRENT_ACTIVE_SCOPED_COVERAGE_REVIEW_RECORD	verification-assertion-bindings.json#NREQ-7add6f24a57198b72b500e5a2acf1ca6
A	verification/requirement-coverage-NREQ-7be2bf6dfeab825b0549d41a0151841e-20261005.json	c3ca98940bde6c8bd05bfd21fdcd3c74249948632725d38361550366bcfae4ce	CURRENT_HASH_MATCHES_RETAINED_SCOPED_REVIEW_INPUT	verification/requirement-coverage-NREQ-7be2bf6dfeab825b0549d41a0151841e-20261007-context-4d745e4aa672-54e18bc1f938.json
A	verification/requirement-coverage-NREQ-7be2bf6dfeab825b0549d41a0151841e-20261006-followup-b0424e1ce262.json	622b7b406593dff2be2acbe0dc176351d11033e8018ee88a00b70cb13ffdac75	CURRENT_HASH_MATCHES_RETAINED_SCOPED_REVIEW_INPUT	verification/requirement-coverage-NREQ-7be2bf6dfeab825b0549d41a0151841e-20261007-context-4d745e4aa672-54e18bc1f938.json
A	verification/requirement-coverage-NREQ-7be2bf6dfeab825b0549d41a0151841e-20261006.json	1155b2a9458914cf0a2e47cb75f771d5acca72d179561476ee5fef5510edba82	CURRENT_HASH_MATCHES_RETAINED_SCOPED_REVIEW_INPUT	verification/requirement-coverage-NREQ-7be2bf6dfeab825b0549d41a0151841e-20261007-context-4d745e4aa672-54e18bc1f938.json
A	verification/requirement-coverage-NREQ-7be2bf6dfeab825b0549d41a0151841e-20261007-c57fcd1ed718.json	186d3fac1844c3a5a435ed3f4408c925519efc32d5bcc205ef11b107c22b05b5	CURRENT_HASH_REFERENCED_BY_RETAINED_DELTA_REVIEW	verification/current-source-delta-review-20261007.json
A	verification/requirement-coverage-NREQ-7be2bf6dfeab825b0549d41a0151841e-20261007-context-4d745e4aa672-54e18bc1f938.json	84d0c3f61fa46cd8d488acdbdc2ccb2c9c311f1faad387bfdcbcc418b896e687	CURRENT_ACTIVE_SCOPED_COVERAGE_REVIEW_RECORD	verification-assertion-bindings.json#NREQ-7be2bf6dfeab825b0549d41a0151841e
A	verification/requirement-coverage-NREQ-7d91a0dd124e5a78fc01449f23a3e8fa-20261005.json	deb54b3371311043ec1e6d8bf3c034cc45e03abdc1fc10e2e215a60fca291719	CURRENT_HASH_MATCHES_RETAINED_SCOPED_REVIEW_INPUT	verification/requirement-coverage-NREQ-7d91a0dd124e5a78fc01449f23a3e8fa-20261007-context-dfcfcb839c96-54e18bc1f938.json
A	verification/requirement-coverage-NREQ-7d91a0dd124e5a78fc01449f23a3e8fa-20261006-followup-d6cb774f471f.json	2da708e11ea21c7b45df85dac0e66cc2d966f1beb9f25d58a8a6ec036ae4c546	CURRENT_HASH_MATCHES_RETAINED_SCOPED_REVIEW_INPUT	verification/requirement-coverage-NREQ-7d91a0dd124e5a78fc01449f23a3e8fa-20261007-context-dfcfcb839c96-54e18bc1f938.json
A	verification/requirement-coverage-NREQ-7d91a0dd124e5a78fc01449f23a3e8fa-20261006.json	0db8e09e8a59e8152d5bc1df0e6ca70b00553835c3dfc15f05aeed9cf2a3479f	CURRENT_HASH_MATCHES_RETAINED_SCOPED_REVIEW_INPUT	verification/requirement-coverage-NREQ-7d91a0dd124e5a78fc01449f23a3e8fa-20261007-context-dfcfcb839c96-54e18bc1f938.json
A	verification/requirement-coverage-NREQ-7d91a0dd124e5a78fc01449f23a3e8fa-20261007-context-dfcfcb839c96-54e18bc1f938.json	569ed86a634e628debce05b4968e8e5986cbd41c706b029af9043f937302b1e1	CURRENT_ACTIVE_SCOPED_COVERAGE_REVIEW_RECORD	verification-assertion-bindings.json#NREQ-7d91a0dd124e5a78fc01449f23a3e8fa
A	verification/requirement-coverage-NREQ-7d91a0dd124e5a78fc01449f23a3e8fa-20261007-dfcfcb839c96.json	95d98a6cbb389a527efda08989933d5f02e6aca529c55867864676e38cae0ecd	CURRENT_HASH_REFERENCED_BY_RETAINED_DELTA_REVIEW	verification/current-source-delta-review-20261007.json
A	verification/requirement-coverage-NREQ-829ac5f73d2b01828644e51c0675d6b6-20261005.json	9a6096077f05fb8c199af484233560c8f08f768412d145c2b15203b5259d69eb	CURRENT_HASH_MATCHES_RETAINED_SCOPED_REVIEW_INPUT	verification/requirement-coverage-NREQ-829ac5f73d2b01828644e51c0675d6b6-20261007-context-b712f2bc0f59-54e18bc1f938.json
A	verification/requirement-coverage-NREQ-829ac5f73d2b01828644e51c0675d6b6-20261006-followup-1b85f2bfd977.json	a2e5453516bb465b4668a2d1204caab71852bacfea779c4ebb2078755563cdb4	CURRENT_HASH_MATCHES_RETAINED_SCOPED_REVIEW_INPUT	verification/requirement-coverage-NREQ-829ac5f73d2b01828644e51c0675d6b6-20261007-context-b712f2bc0f59-54e18bc1f938.json
A	verification/requirement-coverage-NREQ-829ac5f73d2b01828644e51c0675d6b6-20261006.json	4c11c00775d2aee7215a0b53f56abb923b5476d1fd289f641965e9390fa34a43	CURRENT_HASH_MATCHES_RETAINED_SCOPED_REVIEW_INPUT	verification/requirement-coverage-NREQ-829ac5f73d2b01828644e51c0675d6b6-20261007-context-b712f2bc0f59-54e18bc1f938.json
A	verification/requirement-coverage-NREQ-829ac5f73d2b01828644e51c0675d6b6-20261007-b712f2bc0f59.json	584738979aba93a4aacd392ae68876267bd292e59bf741d48df7734ae64445ed	CURRENT_HASH_REFERENCED_BY_RETAINED_DELTA_REVIEW	verification/current-source-delta-review-20261007.json
A	verification/requirement-coverage-NREQ-829ac5f73d2b01828644e51c0675d6b6-20261007-context-b712f2bc0f59-54e18bc1f938.json	2060eb3da7c370f7d7bf91180c84b73ccf07d9ed91910ad116c15d1d956552c7	CURRENT_ACTIVE_SCOPED_COVERAGE_REVIEW_RECORD	verification-assertion-bindings.json#NREQ-829ac5f73d2b01828644e51c0675d6b6
A	verification/requirement-coverage-NREQ-848909d4b95219bdb481803a4b1b91c2-20261005.json	e88937c47a6ffa63cd5fab3eb93ca26e5675634242805f015f8f775d3c3ff833	CURRENT_HASH_MATCHES_RETAINED_SCOPED_REVIEW_INPUT	verification/requirement-coverage-NREQ-848909d4b95219bdb481803a4b1b91c2-20261007-context-73f60d480258-54e18bc1f938.json
A	verification/requirement-coverage-NREQ-848909d4b95219bdb481803a4b1b91c2-20261006-followup-afe10eef614c.json	71d620c244b51aef5c22333bb10f3ef1c443854b97615883bdf7ebc119849c02	CURRENT_HASH_MATCHES_RETAINED_SCOPED_REVIEW_INPUT	verification/requirement-coverage-NREQ-848909d4b95219bdb481803a4b1b91c2-20261007-context-73f60d480258-54e18bc1f938.json
A	verification/requirement-coverage-NREQ-848909d4b95219bdb481803a4b1b91c2-20261006.json	8f42df54597e627bb8bad32790a7752a6b1c17333211e997fe7f6c81b1dd8ca5	CURRENT_HASH_MATCHES_RETAINED_SCOPED_REVIEW_INPUT	verification/requirement-coverage-NREQ-848909d4b95219bdb481803a4b1b91c2-20261007-context-73f60d480258-54e18bc1f938.json
A	verification/requirement-coverage-NREQ-848909d4b95219bdb481803a4b1b91c2-20261007-context-73f60d480258-54e18bc1f938.json	31120b94432e65cd8f85f36e72b4ae2848b519def9e52591ed1fc6f1a276b270	CURRENT_ACTIVE_SCOPED_COVERAGE_REVIEW_RECORD	verification-assertion-bindings.json#NREQ-848909d4b95219bdb481803a4b1b91c2
A	verification/requirement-coverage-NREQ-848909d4b95219bdb481803a4b1b91c2-20261007-f750620335b7.json	5b214caeef74f2ad24ba3bab5604bd07221158ab6fc92e198cb6883a8e64bfe6	CURRENT_HASH_REFERENCED_BY_RETAINED_DELTA_REVIEW	verification/current-source-delta-review-20261007.json
A	verification/requirement-coverage-NREQ-853a934199459ed6bf419687ca08ba34-20261005.json	8447ac82553c5f9059f6cdcd8cb1cf52bcea204f3ece943a0ad751ee89a40280	CURRENT_HASH_MATCHES_RETAINED_SCOPED_REVIEW_INPUT	verification/requirement-coverage-NREQ-853a934199459ed6bf419687ca08ba34-20261007-context-00fada70b5c9-54e18bc1f938.json
A	verification/requirement-coverage-NREQ-853a934199459ed6bf419687ca08ba34-20261006-followup-b4e9913dba6c.json	3a74bc57807e8efb982ccec9b29ef4bcc0f848c5a0da3f4d7feb229d73638918	CURRENT_HASH_MATCHES_RETAINED_SCOPED_REVIEW_INPUT	verification/requirement-coverage-NREQ-853a934199459ed6bf419687ca08ba34-20261007-context-00fada70b5c9-54e18bc1f938.json
A	verification/requirement-coverage-NREQ-853a934199459ed6bf419687ca08ba34-20261006.json	540637ff14cf765c1cc71869882363b98f22b4cc74b3607d110755b4e517ee1c	CURRENT_HASH_MATCHES_RETAINED_SCOPED_REVIEW_INPUT	verification/requirement-coverage-NREQ-853a934199459ed6bf419687ca08ba34-20261007-context-00fada70b5c9-54e18bc1f938.json
A	verification/requirement-coverage-NREQ-853a934199459ed6bf419687ca08ba34-20261007-00fada70b5c9.json	536b44bafdb485312ba6b3355ade8603574d6cc512262ec5d3f89fb39dd37d3e	CURRENT_HASH_REFERENCED_BY_RETAINED_DELTA_REVIEW	verification/current-source-delta-review-20261007.json
A	verification/requirement-coverage-NREQ-853a934199459ed6bf419687ca08ba34-20261007-context-00fada70b5c9-54e18bc1f938.json	406b1dc3d80bea8403c8b3479c59cd2bc497dde1d46712376b3be821dc8ff928	CURRENT_ACTIVE_SCOPED_COVERAGE_REVIEW_RECORD	verification-assertion-bindings.json#NREQ-853a934199459ed6bf419687ca08ba34
A	verification/requirement-coverage-NREQ-85b110cf9d0bf8e7e2a6ca34dcdee412-20261005.json	53a69683d913a313d0f2388d2a7b73fe7aaf0e9d2644c3b43af85af4c0a7f072	CURRENT_HASH_MATCHES_RETAINED_SCOPED_REVIEW_INPUT	verification/requirement-coverage-NREQ-85b110cf9d0bf8e7e2a6ca34dcdee412-20261007-context-80144a03a02d-54e18bc1f938.json
A	verification/requirement-coverage-NREQ-85b110cf9d0bf8e7e2a6ca34dcdee412-20261006-followup-a5bc86b189b1.json	e37b7d4674ef0690d0c0273219c4e87201c2718f21c78e96889ade65ca701613	CURRENT_HASH_MATCHES_RETAINED_SCOPED_REVIEW_INPUT	verification/requirement-coverage-NREQ-85b110cf9d0bf8e7e2a6ca34dcdee412-20261007-context-80144a03a02d-54e18bc1f938.json
A	verification/requirement-coverage-NREQ-85b110cf9d0bf8e7e2a6ca34dcdee412-20261006.json	c0656678419e525ca1f7a60b40e5c0e49e1ad1a98469b034a87b4980f1c2991e	CURRENT_HASH_MATCHES_RETAINED_SCOPED_REVIEW_INPUT	verification/requirement-coverage-NREQ-85b110cf9d0bf8e7e2a6ca34dcdee412-20261007-context-80144a03a02d-54e18bc1f938.json
A	verification/requirement-coverage-NREQ-85b110cf9d0bf8e7e2a6ca34dcdee412-20261007-bb369762d8db.json	2f3771ed6245eb1be15bac719803ebe35f6721a4f415fc7429830596b7e29a90	CURRENT_HASH_REFERENCED_BY_RETAINED_DELTA_REVIEW	verification/current-source-delta-review-20261007.json
A	verification/requirement-coverage-NREQ-85b110cf9d0bf8e7e2a6ca34dcdee412-20261007-context-80144a03a02d-54e18bc1f938.json	327a98fb0e008ae303a76897683acd7819ff9865a18dc4f0117df7889d5f2ed9	CURRENT_ACTIVE_SCOPED_COVERAGE_REVIEW_RECORD	verification-assertion-bindings.json#NREQ-85b110cf9d0bf8e7e2a6ca34dcdee412
A	verification/requirement-coverage-NREQ-86651d173d1583e48cf6c03f9d486f4f-20261006-syntax-7047993e8847.json	1638d6f37878d8b707272b30000d0b1e3cee956fb6e1f7d068451f350d5973ea	CURRENT_HASH_MATCHES_RETAINED_SCOPED_REVIEW_INPUT	verification/requirement-coverage-NREQ-86651d173d1583e48cf6c03f9d486f4f-20261007-context-327d2cc2c990-54e18bc1f938.json
A	verification/requirement-coverage-NREQ-86651d173d1583e48cf6c03f9d486f4f-20261007-03f461c72985.json	221c5d9c8ccf0db156f3c940d8b9d42a43c2d9b9e7306287796bdf58475f91a0	CURRENT_HASH_REFERENCED_BY_RETAINED_DELTA_REVIEW	verification/current-source-delta-review-20261007.json
A	verification/requirement-coverage-NREQ-86651d173d1583e48cf6c03f9d486f4f-20261007-context-327d2cc2c990-54e18bc1f938.json	728ad35ed00a97edf2c6935a9aeb8c858b751bc19966e93f25ca7cec2e87305c	CURRENT_ACTIVE_SCOPED_COVERAGE_REVIEW_RECORD	verification-assertion-bindings.json#NREQ-86651d173d1583e48cf6c03f9d486f4f
A	verification/requirement-coverage-NREQ-87e7a29563e2235e49d5eea31da7db0c-20261005.json	68180b9383019492c4e5660de20e998182e21b45afab95661cf21422ab32dd8a	CURRENT_HASH_MATCHES_RETAINED_SCOPED_REVIEW_INPUT	verification/requirement-coverage-NREQ-87e7a29563e2235e49d5eea31da7db0c-20261007-context-04879b11d740-54e18bc1f938.json
A	verification/requirement-coverage-NREQ-87e7a29563e2235e49d5eea31da7db0c-20261006-followup-834a60e05404.json	1cf653c41038f46997baf38d172ef171baa23a1f7ce8795147b3a3a9e92f0034	CURRENT_HASH_MATCHES_RETAINED_SCOPED_REVIEW_INPUT	verification/requirement-coverage-NREQ-87e7a29563e2235e49d5eea31da7db0c-20261007-context-04879b11d740-54e18bc1f938.json
A	verification/requirement-coverage-NREQ-87e7a29563e2235e49d5eea31da7db0c-20261006.json	23848571579194a5541b10bc587257ef62671581a7d6f80d65f0f2c874915fd1	CURRENT_HASH_MATCHES_RETAINED_SCOPED_REVIEW_INPUT	verification/requirement-coverage-NREQ-87e7a29563e2235e49d5eea31da7db0c-20261007-context-04879b11d740-54e18bc1f938.json
A	verification/requirement-coverage-NREQ-87e7a29563e2235e49d5eea31da7db0c-20261007-b046478e32c3.json	df4e8f2acc2e2313e97ca88a5eeedac7aa482b54a4effb6f62d88b9ce928d837	CURRENT_HASH_REFERENCED_BY_RETAINED_DELTA_REVIEW	verification/current-source-delta-review-20261007.json
A	verification/requirement-coverage-NREQ-87e7a29563e2235e49d5eea31da7db0c-20261007-context-04879b11d740-54e18bc1f938.json	4614a8d36943d5eb301e2f01fb9027ac73322a2cafd2ee443547c98d77a73d51	CURRENT_ACTIVE_SCOPED_COVERAGE_REVIEW_RECORD	verification-assertion-bindings.json#NREQ-87e7a29563e2235e49d5eea31da7db0c
A	verification/requirement-coverage-NREQ-8bb8790d8dd6c5082d6e0351c032cda5-20261005.json	651a86f1842a50b63e65c944b21a8f79bc6de6612b1c25d6ae7f221188c79684	CURRENT_HASH_MATCHES_RETAINED_SCOPED_REVIEW_INPUT	verification/requirement-coverage-NREQ-8bb8790d8dd6c5082d6e0351c032cda5-20261007-context-ebd61b02b8d5-54e18bc1f938.json
A	verification/requirement-coverage-NREQ-8bb8790d8dd6c5082d6e0351c032cda5-20261006-followup-34dc81e9f2f5.json	f8d0bf5a080239f5095608b71458d022bc513ea8f268b3e793a17bfcf51e88ad	CURRENT_HASH_MATCHES_RETAINED_SCOPED_REVIEW_INPUT	verification/requirement-coverage-NREQ-8bb8790d8dd6c5082d6e0351c032cda5-20261007-context-ebd61b02b8d5-54e18bc1f938.json
A	verification/requirement-coverage-NREQ-8bb8790d8dd6c5082d6e0351c032cda5-20261006.json	2cdc1b62fae236441f9c41e814ae97c29cd89cff2c5c5321d3cb369d4ba8d2b9	CURRENT_HASH_MATCHES_RETAINED_SCOPED_REVIEW_INPUT	verification/requirement-coverage-NREQ-8bb8790d8dd6c5082d6e0351c032cda5-20261007-context-ebd61b02b8d5-54e18bc1f938.json
A	verification/requirement-coverage-NREQ-8bb8790d8dd6c5082d6e0351c032cda5-20261007-context-ebd61b02b8d5-54e18bc1f938.json	8218e87b9f71750ce8d99e01a72e86c2f73fe5ff048f12c38684522be953d289	CURRENT_ACTIVE_SCOPED_COVERAGE_REVIEW_RECORD	verification-assertion-bindings.json#NREQ-8bb8790d8dd6c5082d6e0351c032cda5
A	verification/requirement-coverage-NREQ-8bb8790d8dd6c5082d6e0351c032cda5-20261007-e700bb4018c4.json	14918cb74cc8d2ff668814a59074cd94fb0625ccd8263debd61fa7cc9c3a627c	CURRENT_HASH_REFERENCED_BY_RETAINED_DELTA_REVIEW	verification/current-source-delta-review-20261007.json
A	verification/requirement-coverage-NREQ-8c2bdedb1f707a1a97695f7b0745365c-20261005.json	80f09bb7471c0fab9479fcf28fb18a22d9dd561f5d0ae3ea6061b2eb7321eb67	CURRENT_HASH_MATCHES_RETAINED_SCOPED_REVIEW_INPUT	verification/requirement-coverage-NREQ-8c2bdedb1f707a1a97695f7b0745365c-20261007-context-96450c77219a-54e18bc1f938.json
A	verification/requirement-coverage-NREQ-8c2bdedb1f707a1a97695f7b0745365c-20261006-followup-ac065a6753d0.json	434a26f9c4d2b13414a08c809ec50febaf1b8c48de1c4ded911874b533667adb	CURRENT_HASH_MATCHES_RETAINED_SCOPED_REVIEW_INPUT	verification/requirement-coverage-NREQ-8c2bdedb1f707a1a97695f7b0745365c-20261007-context-96450c77219a-54e18bc1f938.json
A	verification/requirement-coverage-NREQ-8c2bdedb1f707a1a97695f7b0745365c-20261006.json	c5daf19a56b3973b88c797f785fdcc10edc58869df7e48f52a6f9968906b3d8c	CURRENT_HASH_MATCHES_RETAINED_SCOPED_REVIEW_INPUT	verification/requirement-coverage-NREQ-8c2bdedb1f707a1a97695f7b0745365c-20261007-context-96450c77219a-54e18bc1f938.json
A	verification/requirement-coverage-NREQ-8c2bdedb1f707a1a97695f7b0745365c-20261007-96450c77219a.json	f9cebeaf4fdc9c6195ff94391d6a2bf4f203be69ba32200848e639196d9d2ad8	CURRENT_HASH_REFERENCED_BY_RETAINED_DELTA_REVIEW	verification/current-source-delta-review-20261007.json
A	verification/requirement-coverage-NREQ-8c2bdedb1f707a1a97695f7b0745365c-20261007-context-96450c77219a-54e18bc1f938.json	3e9ac8df3f8c7648e3eb38a2d210c9ef9eba9d0dcffc1649a970d89cda797aa4	CURRENT_ACTIVE_SCOPED_COVERAGE_REVIEW_RECORD	verification-assertion-bindings.json#NREQ-8c2bdedb1f707a1a97695f7b0745365c
A	verification/requirement-coverage-NREQ-9050383f9f0b382f0fd9b465a0a20f78-20261005.json	1c44d21dbca3151d1a9a12c0f2615b55b9a6649a4223d23542b0b3f5345ccff9	CURRENT_HASH_MATCHES_RETAINED_SCOPED_REVIEW_INPUT	verification/requirement-coverage-NREQ-9050383f9f0b382f0fd9b465a0a20f78-20261007-context-cfc13d3d88ae-54e18bc1f938.json
A	verification/requirement-coverage-NREQ-9050383f9f0b382f0fd9b465a0a20f78-20261006-followup-01a5183581ad.json	cda3545e1004f30216140bcb72a742e81c04fd1a6d2e06670da15de045086963	CURRENT_HASH_MATCHES_RETAINED_SCOPED_REVIEW_INPUT	verification/requirement-coverage-NREQ-9050383f9f0b382f0fd9b465a0a20f78-20261007-context-cfc13d3d88ae-54e18bc1f938.json
A	verification/requirement-coverage-NREQ-9050383f9f0b382f0fd9b465a0a20f78-20261006.json	28cc62f0c01306301b7ff4c7cf58c7a8ca06de77cba660548a5faf52abcf71c8	CURRENT_HASH_MATCHES_RETAINED_SCOPED_REVIEW_INPUT	verification/requirement-coverage-NREQ-9050383f9f0b382f0fd9b465a0a20f78-20261007-context-cfc13d3d88ae-54e18bc1f938.json
A	verification/requirement-coverage-NREQ-9050383f9f0b382f0fd9b465a0a20f78-20261007-cfc13d3d88ae.json	bf3700b16f91a9bfc9ff06abf2b17a33e7c88a4f1c6f5fb9300c2ac9ab55fa1b	CURRENT_HASH_REFERENCED_BY_RETAINED_DELTA_REVIEW	verification/current-source-delta-review-20261007.json
A	verification/requirement-coverage-NREQ-9050383f9f0b382f0fd9b465a0a20f78-20261007-context-cfc13d3d88ae-54e18bc1f938.json	ff9f1612a86b5aa5b2a44b18ee21040cfbf3c34f17f6ae6471d4df56d1beb624	CURRENT_ACTIVE_SCOPED_COVERAGE_REVIEW_RECORD	verification-assertion-bindings.json#NREQ-9050383f9f0b382f0fd9b465a0a20f78
A	verification/requirement-coverage-NREQ-925405b741265dbbc292d4f3a74c2bd6-20261005.json	ddd296ab5e6200de30fba1016febd31d070bbaf690e45787e2ec6eaaa7ac32d9	CURRENT_HASH_MATCHES_RETAINED_SCOPED_REVIEW_INPUT	verification/requirement-coverage-NREQ-925405b741265dbbc292d4f3a74c2bd6-20261007-context-acc52814e6d6-54e18bc1f938.json
A	verification/requirement-coverage-NREQ-925405b741265dbbc292d4f3a74c2bd6-20261006-followup-95dcb16a864a.json	34f3a01c6da4f5bcb6b7710c30b35a9f7863e50e01ca85293743380352f90f82	CURRENT_HASH_MATCHES_RETAINED_SCOPED_REVIEW_INPUT	verification/requirement-coverage-NREQ-925405b741265dbbc292d4f3a74c2bd6-20261007-context-acc52814e6d6-54e18bc1f938.json
A	verification/requirement-coverage-NREQ-925405b741265dbbc292d4f3a74c2bd6-20261006.json	e86fc86d85e369564677f83bc275e32ff0bc00709c1f8b02922dd6f090521839	CURRENT_HASH_MATCHES_RETAINED_SCOPED_REVIEW_INPUT	verification/requirement-coverage-NREQ-925405b741265dbbc292d4f3a74c2bd6-20261007-context-acc52814e6d6-54e18bc1f938.json
A	verification/requirement-coverage-NREQ-925405b741265dbbc292d4f3a74c2bd6-20261007-acc52814e6d6.json	b4c093b784a4ad54377ba383a8df0a47b5711a4b82eecbd4d008543969194692	CURRENT_HASH_REFERENCED_BY_RETAINED_DELTA_REVIEW	verification/current-source-delta-review-20261007.json
A	verification/requirement-coverage-NREQ-925405b741265dbbc292d4f3a74c2bd6-20261007-context-acc52814e6d6-54e18bc1f938.json	1429d94b9ac5fae9509c8d191f38a46b7613bc01384b4bbf633435bdb93f5f5f	CURRENT_ACTIVE_SCOPED_COVERAGE_REVIEW_RECORD	verification-assertion-bindings.json#NREQ-925405b741265dbbc292d4f3a74c2bd6
A	verification/requirement-coverage-NREQ-928a65a08b403be3edc8b160ef9cc53c-20261005.json	33f5ca84b5eab1468a52a9237e1a74200270be84680a147495c71e965954150e	CURRENT_HASH_MATCHES_RETAINED_SCOPED_REVIEW_INPUT	verification/requirement-coverage-NREQ-928a65a08b403be3edc8b160ef9cc53c-20261007-context-bc514f8d980c-54e18bc1f938.json
A	verification/requirement-coverage-NREQ-928a65a08b403be3edc8b160ef9cc53c-20261006-followup-abeb91174073.json	2e2c04180f654c6e1a30623893c0008eedf1d01e2ff4a2dab819b4c00e11006c	CURRENT_HASH_MATCHES_RETAINED_SCOPED_REVIEW_INPUT	verification/requirement-coverage-NREQ-928a65a08b403be3edc8b160ef9cc53c-20261007-context-bc514f8d980c-54e18bc1f938.json
A	verification/requirement-coverage-NREQ-928a65a08b403be3edc8b160ef9cc53c-20261006.json	92f2a65ad4f54e86c59d70549a75cec33f600141a2f3b693d5dfb7d7e4696552	CURRENT_HASH_MATCHES_RETAINED_SCOPED_REVIEW_INPUT	verification/requirement-coverage-NREQ-928a65a08b403be3edc8b160ef9cc53c-20261007-context-bc514f8d980c-54e18bc1f938.json
A	verification/requirement-coverage-NREQ-928a65a08b403be3edc8b160ef9cc53c-20261007-context-bc514f8d980c-54e18bc1f938.json	512a663e1e055285214df8b9c9d3af92a899406953bdf861c08e9b7015b07632	CURRENT_ACTIVE_SCOPED_COVERAGE_REVIEW_RECORD	verification-assertion-bindings.json#NREQ-928a65a08b403be3edc8b160ef9cc53c
A	verification/requirement-coverage-NREQ-928a65a08b403be3edc8b160ef9cc53c-20261007-d17b7627dac4.json	a9a10d1f0e8054f549b225d8feecc19e7ed5b96fe9a71c919e2c8923e2a4acb3	CURRENT_HASH_REFERENCED_BY_RETAINED_DELTA_REVIEW	verification/current-source-delta-review-20261007.json
A	verification/requirement-coverage-NREQ-928c9bbcf0101e2a0e4a0e69edc59164-20261005.json	1f7acc9175bb3b47e64f7d6b5d1d12cfb993e81bf1d651732ecd630c84da8737	CURRENT_HASH_MATCHES_RETAINED_SCOPED_REVIEW_INPUT	verification/requirement-coverage-NREQ-928c9bbcf0101e2a0e4a0e69edc59164-20261007-context-c00b5434d55a-54e18bc1f938.json
A	verification/requirement-coverage-NREQ-928c9bbcf0101e2a0e4a0e69edc59164-20261006-followup-b00537b5838d.json	c5d322fd197fc5636f9ec3932ba650cdd0ee073245d3696a43b45a1267a10e4c	CURRENT_HASH_MATCHES_RETAINED_SCOPED_REVIEW_INPUT	verification/requirement-coverage-NREQ-928c9bbcf0101e2a0e4a0e69edc59164-20261007-context-c00b5434d55a-54e18bc1f938.json
A	verification/requirement-coverage-NREQ-928c9bbcf0101e2a0e4a0e69edc59164-20261006.json	c856933bff95bdb214c98e654abaf8b2ef9e121bb3dbc10cbf8ac80911a6cd7f	CURRENT_HASH_MATCHES_RETAINED_SCOPED_REVIEW_INPUT	verification/requirement-coverage-NREQ-928c9bbcf0101e2a0e4a0e69edc59164-20261007-context-c00b5434d55a-54e18bc1f938.json
A	verification/requirement-coverage-NREQ-928c9bbcf0101e2a0e4a0e69edc59164-20261007-c00b5434d55a.json	5efcd6b85d82577886825c6ca12c94c686af90477ebc97edca5021e930cfac23	CURRENT_HASH_REFERENCED_BY_RETAINED_DELTA_REVIEW	verification/current-source-delta-review-20261007.json
A	verification/requirement-coverage-NREQ-928c9bbcf0101e2a0e4a0e69edc59164-20261007-context-c00b5434d55a-54e18bc1f938.json	4935a4e68ded7aec3ecd5bc28d0f3622b9e7fcb2fcf19779825eabb63a10fd26	CURRENT_ACTIVE_SCOPED_COVERAGE_REVIEW_RECORD	verification-assertion-bindings.json#NREQ-928c9bbcf0101e2a0e4a0e69edc59164
A	verification/requirement-coverage-NREQ-931f08afd15144dcac6c7768f2c393d0-20261005.json	2c3d080b65878492e636c2fc86aeb86e6af8afc0e9bac9d8c3cdc1410874e711	CURRENT_HASH_MATCHES_RETAINED_SCOPED_REVIEW_INPUT	verification/requirement-coverage-NREQ-931f08afd15144dcac6c7768f2c393d0-20261007-context-4eaa8fcb825e-54e18bc1f938.json
A	verification/requirement-coverage-NREQ-931f08afd15144dcac6c7768f2c393d0-20261006-followup-da43501d182a.json	3bd14c6470c5ec3251c22e2e9a2fdc4a9702c11f5ace5ab86deef3c5ff5d16d5	CURRENT_HASH_MATCHES_RETAINED_SCOPED_REVIEW_INPUT	verification/requirement-coverage-NREQ-931f08afd15144dcac6c7768f2c393d0-20261007-context-4eaa8fcb825e-54e18bc1f938.json
A	verification/requirement-coverage-NREQ-931f08afd15144dcac6c7768f2c393d0-20261006.json	9ffc7dbddb2c33bee72824b0ea34be57737554881043a1827d38d4059a526ec9	CURRENT_HASH_MATCHES_RETAINED_SCOPED_REVIEW_INPUT	verification/requirement-coverage-NREQ-931f08afd15144dcac6c7768f2c393d0-20261007-context-4eaa8fcb825e-54e18bc1f938.json
A	verification/requirement-coverage-NREQ-931f08afd15144dcac6c7768f2c393d0-20261007-4eaa8fcb825e.json	e4274c6e4819eab1237a8de4f9592b4649fa1a1046aa113d8bea4c81cf1e5ff7	CURRENT_HASH_REFERENCED_BY_RETAINED_DELTA_REVIEW	verification/current-source-delta-review-20261007.json
A	verification/requirement-coverage-NREQ-931f08afd15144dcac6c7768f2c393d0-20261007-context-4eaa8fcb825e-54e18bc1f938.json	32c44722ce53225390370ad30d3b554cae60b26bbbc1f3f303d1c5db9b0e994a	CURRENT_ACTIVE_SCOPED_COVERAGE_REVIEW_RECORD	verification-assertion-bindings.json#NREQ-931f08afd15144dcac6c7768f2c393d0
A	verification/requirement-coverage-NREQ-949f1919a3c7d66486dd74bbd084b71a-20261005.json	5f6e20756af4e461d12d3b0d31b1a03b52b3dd947c2cb0b8289515e25ffc84ca	CURRENT_HASH_MATCHES_RETAINED_SCOPED_REVIEW_INPUT	verification/requirement-coverage-NREQ-949f1919a3c7d66486dd74bbd084b71a-20261007-context-51d18e6898a2-54e18bc1f938.json
A	verification/requirement-coverage-NREQ-949f1919a3c7d66486dd74bbd084b71a-20261006-followup-56758cfcf5f4.json	153d7d858b5bc39a59b0f7fd356452e943bc29e4290ddc872a8103a55a679a4e	CURRENT_HASH_MATCHES_RETAINED_SCOPED_REVIEW_INPUT	verification/requirement-coverage-NREQ-949f1919a3c7d66486dd74bbd084b71a-20261007-context-51d18e6898a2-54e18bc1f938.json
A	verification/requirement-coverage-NREQ-949f1919a3c7d66486dd74bbd084b71a-20261006.json	452e381f5749fb09fce9db1ff707bf9fde9f05eee08a6538fd8c910158c8ba2a	CURRENT_HASH_MATCHES_RETAINED_SCOPED_REVIEW_INPUT	verification/requirement-coverage-NREQ-949f1919a3c7d66486dd74bbd084b71a-20261007-context-51d18e6898a2-54e18bc1f938.json
A	verification/requirement-coverage-NREQ-949f1919a3c7d66486dd74bbd084b71a-20261007-850b4de61355.json	d53b9fec7f8a21e5551521171a403f50fac76fdabf7d67834205e2b390c78a88	CURRENT_HASH_REFERENCED_BY_RETAINED_DELTA_REVIEW	verification/current-source-delta-review-20261007.json
A	verification/requirement-coverage-NREQ-949f1919a3c7d66486dd74bbd084b71a-20261007-context-51d18e6898a2-54e18bc1f938.json	5f4f35036fd7c05206646cbc7d7d498cc665a498b8c010212d45b711d3afc4b7	CURRENT_ACTIVE_SCOPED_COVERAGE_REVIEW_RECORD	verification-assertion-bindings.json#NREQ-949f1919a3c7d66486dd74bbd084b71a
A	verification/requirement-coverage-NREQ-971af7158d193e9b1d780c13b6c8e0ec-20261006-syntax-696b464da717.json	67f810deeda81d4d71376baae54a7b110234a758cd7821307c1b1bd3398f01b8	CURRENT_HASH_MATCHES_RETAINED_SCOPED_REVIEW_INPUT	verification/requirement-coverage-NREQ-971af7158d193e9b1d780c13b6c8e0ec-20261007-context-3e84d85be560-54e18bc1f938.json
A	verification/requirement-coverage-NREQ-971af7158d193e9b1d780c13b6c8e0ec-20261007-context-3e84d85be560-54e18bc1f938.json	558abc089a9bee958e1082aefe1036c6d5d9fa7217278dbc91500979c9ddbf63	CURRENT_ACTIVE_SCOPED_COVERAGE_REVIEW_RECORD	verification-assertion-bindings.json#NREQ-971af7158d193e9b1d780c13b6c8e0ec
A	verification/requirement-coverage-NREQ-971af7158d193e9b1d780c13b6c8e0ec-20261007-e0eb650aa5b5.json	5c138792b13c4e442de946df0e92e7825e60a082ed9a27c520032b358aac3464	CURRENT_HASH_REFERENCED_BY_RETAINED_DELTA_REVIEW	verification/current-source-delta-review-20261007.json
A	verification/requirement-coverage-NREQ-9b21240c5c27ee356dec92b459a0fcb9-20261005.json	1fc4b149053ae997522c3065f3bbec387595319b245e782001751cf28fab1e30	CURRENT_HASH_MATCHES_RETAINED_SCOPED_REVIEW_INPUT	verification/requirement-coverage-NREQ-9b21240c5c27ee356dec92b459a0fcb9-20261007-context-f0585937ea82-54e18bc1f938.json
A	verification/requirement-coverage-NREQ-9b21240c5c27ee356dec92b459a0fcb9-20261006-followup-289517a5d523.json	169001cda64d8cd2fd1df292901c26333b8c9a11ec59e4cce144ab61274b9ca6	CURRENT_HASH_MATCHES_RETAINED_SCOPED_REVIEW_INPUT	verification/requirement-coverage-NREQ-9b21240c5c27ee356dec92b459a0fcb9-20261007-context-f0585937ea82-54e18bc1f938.json
A	verification/requirement-coverage-NREQ-9b21240c5c27ee356dec92b459a0fcb9-20261006.json	79f2de256fe708de2fa9e8fcafedf427f7f5441208cbbb6c7e45ed13507ec213	CURRENT_HASH_MATCHES_RETAINED_SCOPED_REVIEW_INPUT	verification/requirement-coverage-NREQ-9b21240c5c27ee356dec92b459a0fcb9-20261007-context-f0585937ea82-54e18bc1f938.json
A	verification/requirement-coverage-NREQ-9b21240c5c27ee356dec92b459a0fcb9-20261007-context-f0585937ea82-54e18bc1f938.json	ebe62929d7a06b2d6607fc29acd049a553c68875de9529c9cffb27adaea9b4a5	CURRENT_ACTIVE_SCOPED_COVERAGE_REVIEW_RECORD	verification-assertion-bindings.json#NREQ-9b21240c5c27ee356dec92b459a0fcb9
A	verification/requirement-coverage-NREQ-9b21240c5c27ee356dec92b459a0fcb9-20261007-f0585937ea82.json	c3562f9a34fffcbff776377033147644da22b7077bc939601c335c490273b114	CURRENT_HASH_REFERENCED_BY_RETAINED_DELTA_REVIEW	verification/current-source-delta-review-20261007.json
A	verification/requirement-coverage-NREQ-9e0ad66ef878f9e97c909997e976cc13-20261005.json	ae736981458bbb9bc90d57cd0091a682f06713aa014008d9b256454b64671f7a	CURRENT_HASH_MATCHES_RETAINED_SCOPED_REVIEW_INPUT	verification/requirement-coverage-NREQ-9e0ad66ef878f9e97c909997e976cc13-20261007-context-c8e259a009f0-54e18bc1f938.json
A	verification/requirement-coverage-NREQ-9e0ad66ef878f9e97c909997e976cc13-20261006-followup-93555b513db0.json	11dc4443c5bf2b0110c75bb5379b610fb56632a4acff38b681fd49b4369f5b87	CURRENT_HASH_MATCHES_RETAINED_SCOPED_REVIEW_INPUT	verification/requirement-coverage-NREQ-9e0ad66ef878f9e97c909997e976cc13-20261007-context-c8e259a009f0-54e18bc1f938.json
A	verification/requirement-coverage-NREQ-9e0ad66ef878f9e97c909997e976cc13-20261006.json	68d3d88c0157b8f5d3ffbd7c6f15cf7272aae66031126203a7af12c6f8b1f26c	CURRENT_HASH_MATCHES_RETAINED_SCOPED_REVIEW_INPUT	verification/requirement-coverage-NREQ-9e0ad66ef878f9e97c909997e976cc13-20261007-context-c8e259a009f0-54e18bc1f938.json
A	verification/requirement-coverage-NREQ-9e0ad66ef878f9e97c909997e976cc13-20261007-c8e259a009f0.json	7405148aa9b725052cbd97a891ec3ac50c1c809892914adf44ee7cef14d965c8	CURRENT_HASH_REFERENCED_BY_RETAINED_DELTA_REVIEW	verification/current-source-delta-review-20261007.json
A	verification/requirement-coverage-NREQ-9e0ad66ef878f9e97c909997e976cc13-20261007-context-c8e259a009f0-54e18bc1f938.json	dadce3ff55f112a3c02f32a90de1167a6e328664a41f2ed75b693e8f4428712e	CURRENT_ACTIVE_SCOPED_COVERAGE_REVIEW_RECORD	verification-assertion-bindings.json#NREQ-9e0ad66ef878f9e97c909997e976cc13
A	verification/requirement-coverage-NREQ-9e413bfc92a85655c990712d56002499-20261005.json	66f639d437511f0e834045529ad4aaa0349c2f2ec68b73ea52d84c299166b514	CURRENT_HASH_MATCHES_RETAINED_SCOPED_REVIEW_INPUT	verification/requirement-coverage-NREQ-9e413bfc92a85655c990712d56002499-20261007-context-ce45300844ea-54e18bc1f938.json
A	verification/requirement-coverage-NREQ-9e413bfc92a85655c990712d56002499-20261006-followup-4b04dd9a6e9b.json	4a692cd52d64e2078f94b5b5d0e8df40bd26921051720517822e0ff98eb0e8b0	CURRENT_HASH_MATCHES_RETAINED_SCOPED_REVIEW_INPUT	verification/requirement-coverage-NREQ-9e413bfc92a85655c990712d56002499-20261007-context-ce45300844ea-54e18bc1f938.json
A	verification/requirement-coverage-NREQ-9e413bfc92a85655c990712d56002499-20261006.json	4f2ceb1a381a31fc89dc51cf3e3ce4093fbcbc00c900a2d27a410867fb85358b	CURRENT_HASH_MATCHES_RETAINED_SCOPED_REVIEW_INPUT	verification/requirement-coverage-NREQ-9e413bfc92a85655c990712d56002499-20261007-context-ce45300844ea-54e18bc1f938.json
A	verification/requirement-coverage-NREQ-9e413bfc92a85655c990712d56002499-20261007-ce45300844ea.json	0d1dcbad978382903c3c1b5c215b1ce5ceabe3c9b42bd0f7749433615e8fd464	CURRENT_HASH_REFERENCED_BY_RETAINED_DELTA_REVIEW	verification/current-source-delta-review-20261007.json
A	verification/requirement-coverage-NREQ-9e413bfc92a85655c990712d56002499-20261007-context-ce45300844ea-54e18bc1f938.json	83e84db5157cd663f0cda5fb3db9fcbafad5b4c02facc03ab07ef7c981e33ee9	CURRENT_ACTIVE_SCOPED_COVERAGE_REVIEW_RECORD	verification-assertion-bindings.json#NREQ-9e413bfc92a85655c990712d56002499
A	verification/requirement-coverage-NREQ-a011968eff2ed2dc314d58ed27dfad88-20261006-followup-2a9e59b2c60f.json	bbc116d6e2dda24d2fa411a36661d736c71c1f59b32affa405e767e317aaaa39	CURRENT_HASH_MATCHES_RETAINED_SCOPED_REVIEW_INPUT	verification/requirement-coverage-NREQ-a011968eff2ed2dc314d58ed27dfad88-20261007-context-87882d5bae07-54e18bc1f938.json
A	verification/requirement-coverage-NREQ-a011968eff2ed2dc314d58ed27dfad88-20261006.json	e4a17316d8db2be99674ef1545fadc2a94248200060cc5fad2026a0850a89161	CURRENT_HASH_MATCHES_RETAINED_SCOPED_REVIEW_INPUT	verification/requirement-coverage-NREQ-a011968eff2ed2dc314d58ed27dfad88-20261007-context-87882d5bae07-54e18bc1f938.json
A	verification/requirement-coverage-NREQ-a011968eff2ed2dc314d58ed27dfad88-20261007-87882d5bae07.json	6d4f00588f2789470ba071b1abc84db8faef2b501c3b698ad21f48007353aa57	CURRENT_HASH_REFERENCED_BY_RETAINED_DELTA_REVIEW	verification/current-source-delta-review-20261007.json
A	verification/requirement-coverage-NREQ-a011968eff2ed2dc314d58ed27dfad88-20261007-context-87882d5bae07-54e18bc1f938.json	a4ab6d8c2c2aab3a4f8bdc4142b9bd2f7b78d4a02af9461c865b5813904d81f0	CURRENT_ACTIVE_SCOPED_COVERAGE_REVIEW_RECORD	verification-assertion-bindings.json#NREQ-a011968eff2ed2dc314d58ed27dfad88
A	verification/requirement-coverage-NREQ-a0db6ddcb33d9af123b08d4d481c8ebd-20261005.json	e0be1e6cab10082718e0e698a3fb93afe5f558072e32ee9c31d3f5f1968efdc5	CURRENT_HASH_MATCHES_RETAINED_SCOPED_REVIEW_INPUT	verification/requirement-coverage-NREQ-a0db6ddcb33d9af123b08d4d481c8ebd-20261007-context-6d4092da78f9-54e18bc1f938.json
A	verification/requirement-coverage-NREQ-a0db6ddcb33d9af123b08d4d481c8ebd-20261006-followup-4ead98a35025.json	d8414f64bd663227248b8385dbf75e0d3b29c1457247b7fd11e32fdb315634dc	CURRENT_HASH_MATCHES_RETAINED_SCOPED_REVIEW_INPUT	verification/requirement-coverage-NREQ-a0db6ddcb33d9af123b08d4d481c8ebd-20261007-context-6d4092da78f9-54e18bc1f938.json
A	verification/requirement-coverage-NREQ-a0db6ddcb33d9af123b08d4d481c8ebd-20261006.json	42484aaf5314f6dc19b97a883e6f0ff96a63941ec4d7b4a9c52e465d46fd2921	CURRENT_HASH_MATCHES_RETAINED_SCOPED_REVIEW_INPUT	verification/requirement-coverage-NREQ-a0db6ddcb33d9af123b08d4d481c8ebd-20261007-context-6d4092da78f9-54e18bc1f938.json
A	verification/requirement-coverage-NREQ-a0db6ddcb33d9af123b08d4d481c8ebd-20261007-b3c7a4a1a0bc.json	3bef50bde72053e3690af27efcc771db0d4234fac7bf9efa3275d6161c7c0f70	CURRENT_HASH_REFERENCED_BY_RETAINED_DELTA_REVIEW	verification/current-source-delta-review-20261007.json
A	verification/requirement-coverage-NREQ-a0db6ddcb33d9af123b08d4d481c8ebd-20261007-context-6d4092da78f9-54e18bc1f938.json	d0c7a5175068699c4ccee48bcb9b68f6d9042f2d8282f9363a06fc31bd195f42	CURRENT_ACTIVE_SCOPED_COVERAGE_REVIEW_RECORD	verification-assertion-bindings.json#NREQ-a0db6ddcb33d9af123b08d4d481c8ebd
A	verification/requirement-coverage-NREQ-a12012292224d4b4a0a9b1088c8c49d0-20261005.json	8cf29022bc78dcfb1bb3aed599d294454be9dc4498439dbf8822d2c1838cd5da	CURRENT_HASH_MATCHES_RETAINED_SCOPED_REVIEW_INPUT	verification/requirement-coverage-NREQ-a12012292224d4b4a0a9b1088c8c49d0-20261007-context-3fe1f1abe0f4-54e18bc1f938.json
A	verification/requirement-coverage-NREQ-a12012292224d4b4a0a9b1088c8c49d0-20261006-followup-daf125b97128.json	3af4594a879540b24bce01113fa6670b6b08dcb7947bd97ff4d34497420b4557	CURRENT_HASH_MATCHES_RETAINED_SCOPED_REVIEW_INPUT	verification/requirement-coverage-NREQ-a12012292224d4b4a0a9b1088c8c49d0-20261007-context-3fe1f1abe0f4-54e18bc1f938.json
A	verification/requirement-coverage-NREQ-a12012292224d4b4a0a9b1088c8c49d0-20261006.json	b86d22a9344fc49e640eaf037c45d6973c07e22a9c52dadcbc719ab092971bf2	CURRENT_HASH_MATCHES_RETAINED_SCOPED_REVIEW_INPUT	verification/requirement-coverage-NREQ-a12012292224d4b4a0a9b1088c8c49d0-20261007-context-3fe1f1abe0f4-54e18bc1f938.json
A	verification/requirement-coverage-NREQ-a12012292224d4b4a0a9b1088c8c49d0-20261007-3fe1f1abe0f4.json	6863e22ca38505061545c097f7a21d08756abe892d2d62d224f906cf0472bfd6	CURRENT_HASH_REFERENCED_BY_RETAINED_DELTA_REVIEW	verification/current-source-delta-review-20261007.json
A	verification/requirement-coverage-NREQ-a12012292224d4b4a0a9b1088c8c49d0-20261007-context-3fe1f1abe0f4-54e18bc1f938.json	ef5b139456c35c3ab58e77fab31312d05e0f68962198479dc52a0cec1f437a4c	CURRENT_ACTIVE_SCOPED_COVERAGE_REVIEW_RECORD	verification-assertion-bindings.json#NREQ-a12012292224d4b4a0a9b1088c8c49d0
A	verification/requirement-coverage-NREQ-a1bafeb7c6f6f12bf0c7b0f6fcadaab9-20261005.json	edf1565f3d1c31fd730649421a6a41e91fd87c3ea7ed9b9b9d60ec1fd2338ef4	CURRENT_HASH_MATCHES_RETAINED_SCOPED_REVIEW_INPUT	verification/requirement-coverage-NREQ-a1bafeb7c6f6f12bf0c7b0f6fcadaab9-20261007-context-4b6563194ed6-54e18bc1f938.json
A	verification/requirement-coverage-NREQ-a1bafeb7c6f6f12bf0c7b0f6fcadaab9-20261006-followup-82c7e1e7fbd6.json	c4a7862818d7e7020beca3ab5223c0fd2a5180885d0085b8ee49f46dd211e8cc	CURRENT_HASH_MATCHES_RETAINED_SCOPED_REVIEW_INPUT	verification/requirement-coverage-NREQ-a1bafeb7c6f6f12bf0c7b0f6fcadaab9-20261007-context-4b6563194ed6-54e18bc1f938.json
A	verification/requirement-coverage-NREQ-a1bafeb7c6f6f12bf0c7b0f6fcadaab9-20261006.json	d87d5e6b71581837c68830bccb007e31fc120b6836573af7e3a23d00696bca4f	CURRENT_HASH_MATCHES_RETAINED_SCOPED_REVIEW_INPUT	verification/requirement-coverage-NREQ-a1bafeb7c6f6f12bf0c7b0f6fcadaab9-20261007-context-4b6563194ed6-54e18bc1f938.json
A	verification/requirement-coverage-NREQ-a1bafeb7c6f6f12bf0c7b0f6fcadaab9-20261007-4b6563194ed6.json	b7e6b9d21b8dc52ee7a10eb09cf5c3b11cdf9cb7bd722b000f337b87c85a52ac	CURRENT_HASH_REFERENCED_BY_RETAINED_DELTA_REVIEW	verification/current-source-delta-review-20261007.json
A	verification/requirement-coverage-NREQ-a1bafeb7c6f6f12bf0c7b0f6fcadaab9-20261007-context-4b6563194ed6-54e18bc1f938.json	e9ed80a1fbebfaa273bec3b7d26d6f4f596782f4887b21eff5fd5d0fbb444d71	CURRENT_ACTIVE_SCOPED_COVERAGE_REVIEW_RECORD	verification-assertion-bindings.json#NREQ-a1bafeb7c6f6f12bf0c7b0f6fcadaab9
A	verification/requirement-coverage-NREQ-a3f1c0440fabe4b988fb5fca68a0487c-20261005.json	863d309ecbeabb8f19849384926802fa418d39b232e2ba64fd47a09f5a4b5512	CURRENT_HASH_MATCHES_RETAINED_SCOPED_REVIEW_INPUT	verification/requirement-coverage-NREQ-a3f1c0440fabe4b988fb5fca68a0487c-20261007-context-eac1ae13e05b-54e18bc1f938.json
A	verification/requirement-coverage-NREQ-a3f1c0440fabe4b988fb5fca68a0487c-20261006-followup-4fca88bcf9d9.json	effec5864edf3dc6629a78d8a4e3039711eb76c108dbb4073d3da4d37ae11626	CURRENT_HASH_MATCHES_RETAINED_SCOPED_REVIEW_INPUT	verification/requirement-coverage-NREQ-a3f1c0440fabe4b988fb5fca68a0487c-20261007-context-eac1ae13e05b-54e18bc1f938.json
A	verification/requirement-coverage-NREQ-a3f1c0440fabe4b988fb5fca68a0487c-20261006.json	4e2a3fd7301303306a836ca6154907b9bd1eaa64d2d0489d560da1cc89a2e1ea	CURRENT_HASH_MATCHES_RETAINED_SCOPED_REVIEW_INPUT	verification/requirement-coverage-NREQ-a3f1c0440fabe4b988fb5fca68a0487c-20261007-context-eac1ae13e05b-54e18bc1f938.json
A	verification/requirement-coverage-NREQ-a3f1c0440fabe4b988fb5fca68a0487c-20261007-context-eac1ae13e05b-54e18bc1f938.json	0d1e3495e9270def6269d16512da56f2750db352880e7d82a053e2007188185b	CURRENT_ACTIVE_SCOPED_COVERAGE_REVIEW_RECORD	verification-assertion-bindings.json#NREQ-a3f1c0440fabe4b988fb5fca68a0487c
A	verification/requirement-coverage-NREQ-a3f1c0440fabe4b988fb5fca68a0487c-20261007-f0b3c3a30e5c.json	391e84b2fb16e663eaa2f8442f691929ebc69dda6423fb6510565877c3a39910	CURRENT_HASH_REFERENCED_BY_RETAINED_DELTA_REVIEW	verification/current-source-delta-review-20261007.json
A	verification/requirement-coverage-NREQ-a42ec803577aa8ccbe176ed8e20a8595-20261005.json	fbafd9a252c3009a2a3953e91baea798ad733004a894223dab0fe4f7f986ae10	CURRENT_HASH_MATCHES_RETAINED_SCOPED_REVIEW_INPUT	verification/requirement-coverage-NREQ-a42ec803577aa8ccbe176ed8e20a8595-20261007-context-66547fe135c2-54e18bc1f938.json
A	verification/requirement-coverage-NREQ-a42ec803577aa8ccbe176ed8e20a8595-20261006-followup-5ea29c7d8a79.json	938dc9af43678d68b662255f010bc94e17bc7a3d3a136473e76e086c45ce797c	CURRENT_HASH_MATCHES_RETAINED_SCOPED_REVIEW_INPUT	verification/requirement-coverage-NREQ-a42ec803577aa8ccbe176ed8e20a8595-20261007-context-66547fe135c2-54e18bc1f938.json
A	verification/requirement-coverage-NREQ-a42ec803577aa8ccbe176ed8e20a8595-20261006.json	ed7fd7c7cfe6f4f288b24b6f3f8ba8b2c7c8884998fe16906223bc70927ec8de	CURRENT_HASH_MATCHES_RETAINED_SCOPED_REVIEW_INPUT	verification/requirement-coverage-NREQ-a42ec803577aa8ccbe176ed8e20a8595-20261007-context-66547fe135c2-54e18bc1f938.json
A	verification/requirement-coverage-NREQ-a42ec803577aa8ccbe176ed8e20a8595-20261007-086553a7b0ad.json	4cdf193aeb5784af5444e5af7032103a0f11b05cd8ac124dead826da80d56efe	CURRENT_HASH_REFERENCED_BY_RETAINED_DELTA_REVIEW	verification/current-source-delta-review-20261007.json
A	verification/requirement-coverage-NREQ-a42ec803577aa8ccbe176ed8e20a8595-20261007-context-66547fe135c2-54e18bc1f938.json	5780661424a6ab94b836fb90714b0e22e311b6ce9f76551d45b89e4f9f97aba1	CURRENT_ACTIVE_SCOPED_COVERAGE_REVIEW_RECORD	verification-assertion-bindings.json#NREQ-a42ec803577aa8ccbe176ed8e20a8595
A	verification/requirement-coverage-NREQ-a5e73329c9ae93f23b01a42d43179133-20261005.json	ba10469f3b97cbbfbc4e06a3d5c9b142663d9a1cc0cf92cda2df88efa39a8b1e	CURRENT_HASH_MATCHES_RETAINED_SCOPED_REVIEW_INPUT	verification/requirement-coverage-NREQ-a5e73329c9ae93f23b01a42d43179133-20261007-context-71a07396be34-54e18bc1f938.json
A	verification/requirement-coverage-NREQ-a5e73329c9ae93f23b01a42d43179133-20261006-followup-64fb093b2613.json	9b89dee5a824b243fe0f506ce788f787eb44afa13e4d40de25555514258995a8	CURRENT_HASH_MATCHES_RETAINED_SCOPED_REVIEW_INPUT	verification/requirement-coverage-NREQ-a5e73329c9ae93f23b01a42d43179133-20261007-context-71a07396be34-54e18bc1f938.json
A	verification/requirement-coverage-NREQ-a5e73329c9ae93f23b01a42d43179133-20261006.json	e6f7a8bd58175afee3d06a3d5402a73293ac3c7b88237575ae40346019ae2659	CURRENT_HASH_MATCHES_RETAINED_SCOPED_REVIEW_INPUT	verification/requirement-coverage-NREQ-a5e73329c9ae93f23b01a42d43179133-20261007-context-71a07396be34-54e18bc1f938.json
A	verification/requirement-coverage-NREQ-a5e73329c9ae93f23b01a42d43179133-20261007-71a07396be34.json	5b85587f2617f407097d28bbab8d5a295faeef8d7818395ee4be1647ae40bfbb	CURRENT_HASH_REFERENCED_BY_RETAINED_DELTA_REVIEW	verification/current-source-delta-review-20261007.json
A	verification/requirement-coverage-NREQ-a5e73329c9ae93f23b01a42d43179133-20261007-context-71a07396be34-54e18bc1f938.json	642ff9d619c1d3b17125aa7f41149a210a7543fc23243977ab1496dfeef14431	CURRENT_ACTIVE_SCOPED_COVERAGE_REVIEW_RECORD	verification-assertion-bindings.json#NREQ-a5e73329c9ae93f23b01a42d43179133
A	verification/requirement-coverage-NREQ-a6fb1ab9c309f702b7cd3d8c7f38cf8f-20261005.json	d9c2e23543b06a4446850af5d910ba50d7f04f13bda97cc59f6622e5c5c6037c	CURRENT_HASH_MATCHES_RETAINED_SCOPED_REVIEW_INPUT	verification/requirement-coverage-NREQ-a6fb1ab9c309f702b7cd3d8c7f38cf8f-20261007-context-683bf6ce202e-54e18bc1f938.json
A	verification/requirement-coverage-NREQ-a6fb1ab9c309f702b7cd3d8c7f38cf8f-20261006-followup-efe81049d715.json	615d8f46c3ea93085b1857d413907b839c45b3b5425b3c8ff93197c73824112e	CURRENT_HASH_MATCHES_RETAINED_SCOPED_REVIEW_INPUT	verification/requirement-coverage-NREQ-a6fb1ab9c309f702b7cd3d8c7f38cf8f-20261007-context-683bf6ce202e-54e18bc1f938.json
A	verification/requirement-coverage-NREQ-a6fb1ab9c309f702b7cd3d8c7f38cf8f-20261006.json	b50b4c3330d8ee6c5e3c8783a46d45d38609463dd137ab633ea29a4ab766f156	CURRENT_HASH_MATCHES_RETAINED_SCOPED_REVIEW_INPUT	verification/requirement-coverage-NREQ-a6fb1ab9c309f702b7cd3d8c7f38cf8f-20261007-context-683bf6ce202e-54e18bc1f938.json
A	verification/requirement-coverage-NREQ-a6fb1ab9c309f702b7cd3d8c7f38cf8f-20261007-9149554f8d99.json	7294e6756a10a730ff4affc8b7431e6abecdba792dc034852ba57b9c823bc988	CURRENT_HASH_REFERENCED_BY_RETAINED_DELTA_REVIEW	verification/current-source-delta-review-20261007.json
A	verification/requirement-coverage-NREQ-a6fb1ab9c309f702b7cd3d8c7f38cf8f-20261007-context-683bf6ce202e-54e18bc1f938.json	439d0d9a273cc5ef4cd0bc30f436062da302ccc337778d9effdc5317543e1562	CURRENT_ACTIVE_SCOPED_COVERAGE_REVIEW_RECORD	verification-assertion-bindings.json#NREQ-a6fb1ab9c309f702b7cd3d8c7f38cf8f
A	verification/requirement-coverage-NREQ-a7139de247d6263164ddc139ec1fe2ce-20261005.json	a12a60f62ab501ec499b95ffc4258eccea6de0994896ce34020b536ebd3a839e	CURRENT_HASH_MATCHES_RETAINED_SCOPED_REVIEW_INPUT	verification/requirement-coverage-NREQ-a7139de247d6263164ddc139ec1fe2ce-20261007-context-1e402d1c19b7-54e18bc1f938.json
A	verification/requirement-coverage-NREQ-a7139de247d6263164ddc139ec1fe2ce-20261006-followup-7d4547851935.json	f09906e6410680da85c30f31f602b98597fac0d5e2a73c734823c61f366b94cf	CURRENT_HASH_MATCHES_RETAINED_SCOPED_REVIEW_INPUT	verification/requirement-coverage-NREQ-a7139de247d6263164ddc139ec1fe2ce-20261007-context-1e402d1c19b7-54e18bc1f938.json
A	verification/requirement-coverage-NREQ-a7139de247d6263164ddc139ec1fe2ce-20261006.json	620622acc039efcf38c15af5f95ecfeace8a6e9d097880e26f2f3e852f9a9422	CURRENT_HASH_MATCHES_RETAINED_SCOPED_REVIEW_INPUT	verification/requirement-coverage-NREQ-a7139de247d6263164ddc139ec1fe2ce-20261007-context-1e402d1c19b7-54e18bc1f938.json
A	verification/requirement-coverage-NREQ-a7139de247d6263164ddc139ec1fe2ce-20261007-65ff328a856c.json	3f38f4daf25c5ca9366fc622f799ee0325edf3973c1d17d14973c1059dfb9828	CURRENT_HASH_REFERENCED_BY_RETAINED_DELTA_REVIEW	verification/current-source-delta-review-20261007.json
A	verification/requirement-coverage-NREQ-a7139de247d6263164ddc139ec1fe2ce-20261007-context-1e402d1c19b7-54e18bc1f938.json	60b464cc4dc0db498196d3b405bcbd33c97c022d550e96576490f89fe4b33613	CURRENT_ACTIVE_SCOPED_COVERAGE_REVIEW_RECORD	verification-assertion-bindings.json#NREQ-a7139de247d6263164ddc139ec1fe2ce
A	verification/requirement-coverage-NREQ-a8822e7da5b9525a6c3e097b71e59183-20261005.json	9b1181799eb1df5b9728e38bf079e105c5644b9b743522a08bf605c3b55fb919	CURRENT_HASH_MATCHES_RETAINED_SCOPED_REVIEW_INPUT	verification/requirement-coverage-NREQ-a8822e7da5b9525a6c3e097b71e59183-20261007-context-c52dc24f6227-54e18bc1f938.json
A	verification/requirement-coverage-NREQ-a8822e7da5b9525a6c3e097b71e59183-20261006-followup-9a1bb804222a.json	a3e616ec5839015d94caf1c305905ff611888d75c30f37d5acb5903fa2d4f9a0	CURRENT_HASH_MATCHES_RETAINED_SCOPED_REVIEW_INPUT	verification/requirement-coverage-NREQ-a8822e7da5b9525a6c3e097b71e59183-20261007-context-c52dc24f6227-54e18bc1f938.json
A	verification/requirement-coverage-NREQ-a8822e7da5b9525a6c3e097b71e59183-20261006.json	675852eca23d1206f4c2d7cf2008236184b745b64e917b22f109365cd2244863	CURRENT_HASH_MATCHES_RETAINED_SCOPED_REVIEW_INPUT	verification/requirement-coverage-NREQ-a8822e7da5b9525a6c3e097b71e59183-20261007-context-c52dc24f6227-54e18bc1f938.json
A	verification/requirement-coverage-NREQ-a8822e7da5b9525a6c3e097b71e59183-20261007-c52dc24f6227.json	6bcebd6637f62856ca27c18dcd5d85497f1aa649f58a7b246b8db3762984895e	CURRENT_HASH_REFERENCED_BY_RETAINED_DELTA_REVIEW	verification/current-source-delta-review-20261007.json
A	verification/requirement-coverage-NREQ-a8822e7da5b9525a6c3e097b71e59183-20261007-context-c52dc24f6227-54e18bc1f938.json	49bfb5add31f37b2e40a9afa8fb39c003c8416fa2e204976a5c0acda6d0fbc36	CURRENT_ACTIVE_SCOPED_COVERAGE_REVIEW_RECORD	verification-assertion-bindings.json#NREQ-a8822e7da5b9525a6c3e097b71e59183
A	verification/requirement-coverage-NREQ-a99b13aa6aa9c7ffa4b65010951f18ec-20261005.json	77cccf1c0c7eeb08c5e8cc5fa6f46d275b44692b9f3c753def5b938d413b7d9a	CURRENT_HASH_MATCHES_RETAINED_SCOPED_REVIEW_INPUT	verification/requirement-coverage-NREQ-a99b13aa6aa9c7ffa4b65010951f18ec-20261007-context-8e1c768bc690-54e18bc1f938.json
A	verification/requirement-coverage-NREQ-a99b13aa6aa9c7ffa4b65010951f18ec-20261006-followup-8a3bb0b1f15f.json	aaf392f7dafba16c21afef22e883e5c7066b20568e81df9dd273c57d96f88f60	CURRENT_HASH_MATCHES_RETAINED_SCOPED_REVIEW_INPUT	verification/requirement-coverage-NREQ-a99b13aa6aa9c7ffa4b65010951f18ec-20261007-context-8e1c768bc690-54e18bc1f938.json
A	verification/requirement-coverage-NREQ-a99b13aa6aa9c7ffa4b65010951f18ec-20261006.json	37a234ff30cc8c7e161c45048fb494c8ed0f96124ffa029470a415aac213fd4c	CURRENT_HASH_MATCHES_RETAINED_SCOPED_REVIEW_INPUT	verification/requirement-coverage-NREQ-a99b13aa6aa9c7ffa4b65010951f18ec-20261007-context-8e1c768bc690-54e18bc1f938.json
A	verification/requirement-coverage-NREQ-a99b13aa6aa9c7ffa4b65010951f18ec-20261007-8e1c768bc690.json	3a259b071fed491bb84b847c2abcf227d62ad704845e2d7e8d1ce75d2ae5f49d	CURRENT_HASH_REFERENCED_BY_RETAINED_DELTA_REVIEW	verification/current-source-delta-review-20261007.json
A	verification/requirement-coverage-NREQ-a99b13aa6aa9c7ffa4b65010951f18ec-20261007-context-8e1c768bc690-54e18bc1f938.json	41a6597c58469e3e954bc5b52ee0d6f40f4bf0f838d1dcea9f58dfea0d79f9cf	CURRENT_ACTIVE_SCOPED_COVERAGE_REVIEW_RECORD	verification-assertion-bindings.json#NREQ-a99b13aa6aa9c7ffa4b65010951f18ec
A	verification/requirement-coverage-NREQ-a9ef7326ce64b6049b07bdddd8d9d024-20261005.json	02773521a3122213c9c1ae6e6f2ccf0921d6c3862eba0d725b4aeb96feaffcc7	CURRENT_HASH_MATCHES_RETAINED_SCOPED_REVIEW_INPUT	verification/requirement-coverage-NREQ-a9ef7326ce64b6049b07bdddd8d9d024-20261007-context-f1fcf2f90e43-54e18bc1f938.json
A	verification/requirement-coverage-NREQ-a9ef7326ce64b6049b07bdddd8d9d024-20261006-followup-ea04e9f10d4f.json	6ff9048aafda5e0030fff095eff70ca25cf6011ff061a1b91acce278f8a99db5	CURRENT_HASH_MATCHES_RETAINED_SCOPED_REVIEW_INPUT	verification/requirement-coverage-NREQ-a9ef7326ce64b6049b07bdddd8d9d024-20261007-context-f1fcf2f90e43-54e18bc1f938.json
A	verification/requirement-coverage-NREQ-a9ef7326ce64b6049b07bdddd8d9d024-20261006.json	1c1584f1282fdd556134139e763b0cd8e7bc5b5e01c4f8367e0f1d1abb4fb0d5	CURRENT_HASH_MATCHES_RETAINED_SCOPED_REVIEW_INPUT	verification/requirement-coverage-NREQ-a9ef7326ce64b6049b07bdddd8d9d024-20261007-context-f1fcf2f90e43-54e18bc1f938.json
A	verification/requirement-coverage-NREQ-a9ef7326ce64b6049b07bdddd8d9d024-20261007-context-f1fcf2f90e43-54e18bc1f938.json	6848281984846ddf2a72be2a12194d0c41dc943f68b319c88054c1888c9a3db5	CURRENT_ACTIVE_SCOPED_COVERAGE_REVIEW_RECORD	verification-assertion-bindings.json#NREQ-a9ef7326ce64b6049b07bdddd8d9d024
A	verification/requirement-coverage-NREQ-a9ef7326ce64b6049b07bdddd8d9d024-20261007-f1fcf2f90e43.json	6a9dcc269dcaf1691768883b3bf4d344f703ccb6307fd115db6e4026a4a35004	CURRENT_HASH_REFERENCED_BY_RETAINED_DELTA_REVIEW	verification/current-source-delta-review-20261007.json
A	verification/requirement-coverage-NREQ-aa165dd96291b05acd70bf948f215d04-20261005.json	2274f9d5d530ed471b4322def24d5e522e9e1491cc096ff0db6c5fea849b8eea	CURRENT_HASH_MATCHES_RETAINED_SCOPED_REVIEW_INPUT	verification/requirement-coverage-NREQ-aa165dd96291b05acd70bf948f215d04-20261007-context-bb47e51ecefe-54e18bc1f938.json
A	verification/requirement-coverage-NREQ-aa165dd96291b05acd70bf948f215d04-20261006-followup-983b8ee5e37d.json	707d7221d41a74bec39e3316bd2638e7791eba1e388ca714deb489932f10a950	CURRENT_HASH_MATCHES_RETAINED_SCOPED_REVIEW_INPUT	verification/requirement-coverage-NREQ-aa165dd96291b05acd70bf948f215d04-20261007-context-bb47e51ecefe-54e18bc1f938.json
A	verification/requirement-coverage-NREQ-aa165dd96291b05acd70bf948f215d04-20261006.json	288c110fc4a70d5bea07d82a930321fce16dacc73d5c353c84c5fc5dbd739711	CURRENT_HASH_MATCHES_RETAINED_SCOPED_REVIEW_INPUT	verification/requirement-coverage-NREQ-aa165dd96291b05acd70bf948f215d04-20261007-context-bb47e51ecefe-54e18bc1f938.json
A	verification/requirement-coverage-NREQ-aa165dd96291b05acd70bf948f215d04-20261007-bb47e51ecefe.json	6b460263656fa5e04ed949237e859fc14f186c1d92568d81cab27a90569b287f	CURRENT_HASH_REFERENCED_BY_RETAINED_DELTA_REVIEW	verification/current-source-delta-review-20261007.json
A	verification/requirement-coverage-NREQ-aa165dd96291b05acd70bf948f215d04-20261007-context-bb47e51ecefe-54e18bc1f938.json	802865f4566860c02aa3b904ad74b489b97bf3ba5324a7eb3969f3759c856324	CURRENT_ACTIVE_SCOPED_COVERAGE_REVIEW_RECORD	verification-assertion-bindings.json#NREQ-aa165dd96291b05acd70bf948f215d04
A	verification/requirement-coverage-NREQ-aafc7cd5dc54af415d36425000d76acb-20261005.json	760fcf6a6af5255c8f39c389979bb72c1ac50a40033a419d38c0e9d3bc6e78a1	CURRENT_HASH_MATCHES_RETAINED_SCOPED_REVIEW_INPUT	verification/requirement-coverage-NREQ-aafc7cd5dc54af415d36425000d76acb-20261007-context-a26debd029d2-54e18bc1f938.json
A	verification/requirement-coverage-NREQ-aafc7cd5dc54af415d36425000d76acb-20261006-followup-19d7e3e1195c.json	4d8e681dc549bedc7c56ecb2b3fc5a389adf647a1dc6102d5691a23d221e4abe	CURRENT_HASH_MATCHES_RETAINED_SCOPED_REVIEW_INPUT	verification/requirement-coverage-NREQ-aafc7cd5dc54af415d36425000d76acb-20261007-context-a26debd029d2-54e18bc1f938.json
A	verification/requirement-coverage-NREQ-aafc7cd5dc54af415d36425000d76acb-20261006.json	1405c6b8a795e76ea123f07d8e816e06bc2918661e05bcdd0293e4c3b55d94a4	CURRENT_HASH_MATCHES_RETAINED_SCOPED_REVIEW_INPUT	verification/requirement-coverage-NREQ-aafc7cd5dc54af415d36425000d76acb-20261007-context-a26debd029d2-54e18bc1f938.json
A	verification/requirement-coverage-NREQ-aafc7cd5dc54af415d36425000d76acb-20261007-a26debd029d2.json	414d81fdc3938f1940b128be8ddd0c6781e83c3e8dd36d9d90c49729abfe2d2c	CURRENT_HASH_REFERENCED_BY_RETAINED_DELTA_REVIEW	verification/current-source-delta-review-20261007.json
A	verification/requirement-coverage-NREQ-aafc7cd5dc54af415d36425000d76acb-20261007-context-a26debd029d2-54e18bc1f938.json	80a896d02323443703990f88697e05097dc37583b01069a2b3ce59fbe2ccced1	CURRENT_ACTIVE_SCOPED_COVERAGE_REVIEW_RECORD	verification-assertion-bindings.json#NREQ-aafc7cd5dc54af415d36425000d76acb
A	verification/requirement-coverage-NREQ-ab9ab7c7ba110dfd3e0a5f8f5c9908cb-20261005.json	f8c18e4339278370751ff0db5723c31878451b281466460055c1e156bd6e3146	CURRENT_HASH_MATCHES_RETAINED_SCOPED_REVIEW_INPUT	verification/requirement-coverage-NREQ-ab9ab7c7ba110dfd3e0a5f8f5c9908cb-20261007-context-d64ec081ccf9-54e18bc1f938.json
A	verification/requirement-coverage-NREQ-ab9ab7c7ba110dfd3e0a5f8f5c9908cb-20261006-followup-dc129a23ee5e.json	fa928a480664c5702902d1e7c553e46f331f5f3e2c0fe422d2405d4629e510d0	CURRENT_HASH_MATCHES_RETAINED_SCOPED_REVIEW_INPUT	verification/requirement-coverage-NREQ-ab9ab7c7ba110dfd3e0a5f8f5c9908cb-20261007-context-d64ec081ccf9-54e18bc1f938.json
A	verification/requirement-coverage-NREQ-ab9ab7c7ba110dfd3e0a5f8f5c9908cb-20261006.json	aaea900f0b24a8375b34c7bcea1f73384204f8bf1ede65ecf06ec38d70201646	CURRENT_HASH_MATCHES_RETAINED_SCOPED_REVIEW_INPUT	verification/requirement-coverage-NREQ-ab9ab7c7ba110dfd3e0a5f8f5c9908cb-20261007-context-d64ec081ccf9-54e18bc1f938.json
A	verification/requirement-coverage-NREQ-ab9ab7c7ba110dfd3e0a5f8f5c9908cb-20261007-context-d64ec081ccf9-54e18bc1f938.json	b2fdbfb2d9fa5aebfd41d3efa0cd0c7b006c5aff5b2789a0416f1a409e677042	CURRENT_ACTIVE_SCOPED_COVERAGE_REVIEW_RECORD	verification-assertion-bindings.json#NREQ-ab9ab7c7ba110dfd3e0a5f8f5c9908cb
A	verification/requirement-coverage-NREQ-ab9ab7c7ba110dfd3e0a5f8f5c9908cb-20261007-d64ec081ccf9.json	51d36afea64012f6c955bb5d52cfd1d894a095717c5122f6b1e48eb9dc8d56eb	CURRENT_HASH_REFERENCED_BY_RETAINED_DELTA_REVIEW	verification/current-source-delta-review-20261007.json
A	verification/requirement-coverage-NREQ-ade9df74bf03ff347d7ae537fbfa738d-20261005.json	c138552a431df64673006bd8ccbbfd84889f7e55df70f2684d3a6242a185e845	CURRENT_HASH_MATCHES_RETAINED_SCOPED_REVIEW_INPUT	verification/requirement-coverage-NREQ-ade9df74bf03ff347d7ae537fbfa738d-20261007-context-61a2341f94ae-54e18bc1f938.json
A	verification/requirement-coverage-NREQ-ade9df74bf03ff347d7ae537fbfa738d-20261006-followup-c9a6e339b268.json	6d6b42fa11195fbff88d1895811d9be486d0dac75be45c9c37fa1026b013777f	CURRENT_HASH_MATCHES_RETAINED_SCOPED_REVIEW_INPUT	verification/requirement-coverage-NREQ-ade9df74bf03ff347d7ae537fbfa738d-20261007-context-61a2341f94ae-54e18bc1f938.json
A	verification/requirement-coverage-NREQ-ade9df74bf03ff347d7ae537fbfa738d-20261006.json	95a313ab89a74646202e3fa8c823064f5d4822e0d94ad0460d83246d928d8286	CURRENT_HASH_MATCHES_RETAINED_SCOPED_REVIEW_INPUT	verification/requirement-coverage-NREQ-ade9df74bf03ff347d7ae537fbfa738d-20261007-context-61a2341f94ae-54e18bc1f938.json
A	verification/requirement-coverage-NREQ-ade9df74bf03ff347d7ae537fbfa738d-20261007-804dcdf17892.json	daa87b35d371ef8a036b1acb018c2ffada0a23501f2544cb3942800f3c766a94	CURRENT_HASH_REFERENCED_BY_RETAINED_DELTA_REVIEW	verification/current-source-delta-review-20261007.json
A	verification/requirement-coverage-NREQ-ade9df74bf03ff347d7ae537fbfa738d-20261007-context-61a2341f94ae-54e18bc1f938.json	cee33d84d4cea06bd7b7669cc3a5db03914054d7e901ab62d5a3639a61808b81	CURRENT_ACTIVE_SCOPED_COVERAGE_REVIEW_RECORD	verification-assertion-bindings.json#NREQ-ade9df74bf03ff347d7ae537fbfa738d
A	verification/requirement-coverage-NREQ-b04395198a63faa09666a1bfca300a1e-20261005.json	c3a549bc1cc0a3310aff32ac8e554d27b1237556f385098ac3737ebc19648080	CURRENT_HASH_MATCHES_RETAINED_SCOPED_REVIEW_INPUT	verification/requirement-coverage-NREQ-b04395198a63faa09666a1bfca300a1e-20261007-context-3d6d12bed622-54e18bc1f938.json
A	verification/requirement-coverage-NREQ-b04395198a63faa09666a1bfca300a1e-20261006-followup-95daaf7230c2.json	e3bc9802ef9364e5cc1e658b8ff217a477345c5c6222ae3f03fa6e561faff431	CURRENT_HASH_MATCHES_RETAINED_SCOPED_REVIEW_INPUT	verification/requirement-coverage-NREQ-b04395198a63faa09666a1bfca300a1e-20261007-context-3d6d12bed622-54e18bc1f938.json
A	verification/requirement-coverage-NREQ-b04395198a63faa09666a1bfca300a1e-20261006.json	54326007139a1ba3bdeab61852bf7dc4249c362cd748327eecb7f72e0bbd0b05	CURRENT_HASH_MATCHES_RETAINED_SCOPED_REVIEW_INPUT	verification/requirement-coverage-NREQ-b04395198a63faa09666a1bfca300a1e-20261007-context-3d6d12bed622-54e18bc1f938.json
A	verification/requirement-coverage-NREQ-b04395198a63faa09666a1bfca300a1e-20261007-3d6d12bed622.json	720517cd19aa0b7d6b318addc6d6590fd1d62c292d487b90837f34b91c867e2e	CURRENT_HASH_REFERENCED_BY_RETAINED_DELTA_REVIEW	verification/current-source-delta-review-20261007.json
A	verification/requirement-coverage-NREQ-b04395198a63faa09666a1bfca300a1e-20261007-context-3d6d12bed622-54e18bc1f938.json	588d473fb1ab5bbbf7e64b512f55aa6914bc999b1051fea4f3b85b5bf968cf7e	CURRENT_ACTIVE_SCOPED_COVERAGE_REVIEW_RECORD	verification-assertion-bindings.json#NREQ-b04395198a63faa09666a1bfca300a1e
A	verification/requirement-coverage-NREQ-b14772d932b286c302b05996186c8022-20261005.json	46e5d7c4a373be08d01e65988b22a6435132c6200ddfd3ab76f88be508209c95	CURRENT_HASH_MATCHES_RETAINED_SCOPED_REVIEW_INPUT	verification/requirement-coverage-NREQ-b14772d932b286c302b05996186c8022-20261007-context-53abd11134eb-54e18bc1f938.json
A	verification/requirement-coverage-NREQ-b14772d932b286c302b05996186c8022-20261006-followup-d9f1232a56a8.json	545f19035e3610cc3f318542b2413fe1417e45c5979811883624a80118fe4ed4	CURRENT_HASH_MATCHES_RETAINED_SCOPED_REVIEW_INPUT	verification/requirement-coverage-NREQ-b14772d932b286c302b05996186c8022-20261007-context-53abd11134eb-54e18bc1f938.json
A	verification/requirement-coverage-NREQ-b14772d932b286c302b05996186c8022-20261006.json	db9d9ae2879ac0eeb1799c55451e2fe042d5f46332d218f6786c71eaa446a9a2	CURRENT_HASH_MATCHES_RETAINED_SCOPED_REVIEW_INPUT	verification/requirement-coverage-NREQ-b14772d932b286c302b05996186c8022-20261007-context-53abd11134eb-54e18bc1f938.json
A	verification/requirement-coverage-NREQ-b14772d932b286c302b05996186c8022-20261007-53abd11134eb.json	00a505b83277249ee42f8c7b09eb94c69b7476343a2f50a7d63acb1a6a7b8d2c	CURRENT_HASH_REFERENCED_BY_RETAINED_DELTA_REVIEW	verification/current-source-delta-review-20261007.json
A	verification/requirement-coverage-NREQ-b14772d932b286c302b05996186c8022-20261007-context-53abd11134eb-54e18bc1f938.json	f61fca91b9ab7807a9d375749730f7b935e512339382c1f4739988a0200ddbfe	CURRENT_ACTIVE_SCOPED_COVERAGE_REVIEW_RECORD	verification-assertion-bindings.json#NREQ-b14772d932b286c302b05996186c8022
A	verification/requirement-coverage-NREQ-b366c2ac73e0e846627de23589a5a772-20261005.json	14540e1076a650867f82059eb28ce39747cc5ca48591c4f58b853b8ac140159e	CURRENT_HASH_MATCHES_RETAINED_SCOPED_REVIEW_INPUT	verification/requirement-coverage-NREQ-b366c2ac73e0e846627de23589a5a772-20261007-context-a26853843e41-54e18bc1f938.json
A	verification/requirement-coverage-NREQ-b366c2ac73e0e846627de23589a5a772-20261006-followup-fc08a3accbcd.json	eedf9f7c0ebf6556008895c6f4c4717cd064500070f2f98129295dfbb6322350	CURRENT_HASH_MATCHES_RETAINED_SCOPED_REVIEW_INPUT	verification/requirement-coverage-NREQ-b366c2ac73e0e846627de23589a5a772-20261007-context-a26853843e41-54e18bc1f938.json
A	verification/requirement-coverage-NREQ-b366c2ac73e0e846627de23589a5a772-20261006.json	817584bc66d445538651d001fe7e7d4927dd4f7865f2dcd2601ba37fd05f9cd4	CURRENT_HASH_MATCHES_RETAINED_SCOPED_REVIEW_INPUT	verification/requirement-coverage-NREQ-b366c2ac73e0e846627de23589a5a772-20261007-context-a26853843e41-54e18bc1f938.json
A	verification/requirement-coverage-NREQ-b366c2ac73e0e846627de23589a5a772-20261007-a26853843e41.json	9fca9940d15578c3a0b62dc11612653f60a0f653b7e89159fb3da12dbe185989	CURRENT_HASH_REFERENCED_BY_RETAINED_DELTA_REVIEW	verification/current-source-delta-review-20261007.json
A	verification/requirement-coverage-NREQ-b366c2ac73e0e846627de23589a5a772-20261007-context-a26853843e41-54e18bc1f938.json	6fd1ad4f45515641da238e0d56595fc66b1fb2b98dfb6be81b8a906726716a87	CURRENT_ACTIVE_SCOPED_COVERAGE_REVIEW_RECORD	verification-assertion-bindings.json#NREQ-b366c2ac73e0e846627de23589a5a772
A	verification/requirement-coverage-NREQ-b3e8d9cffdde1f94d9d342ff0ed4f097-20261005.json	31cb7edd0cd360e28438fc320073ba6898982cdfa7ac830b8fd081e6233e2a21	CURRENT_HASH_MATCHES_RETAINED_SCOPED_REVIEW_INPUT	verification/requirement-coverage-NREQ-b3e8d9cffdde1f94d9d342ff0ed4f097-20261007-context-b36ec8d0d499-54e18bc1f938.json
A	verification/requirement-coverage-NREQ-b3e8d9cffdde1f94d9d342ff0ed4f097-20261006-followup-5cb9606a575b.json	ca4e938bee9f9c53d5fba73227f6759fd8d8d03868fa65f30a3f153ef1019d98	CURRENT_HASH_MATCHES_RETAINED_SCOPED_REVIEW_INPUT	verification/requirement-coverage-NREQ-b3e8d9cffdde1f94d9d342ff0ed4f097-20261007-context-b36ec8d0d499-54e18bc1f938.json
A	verification/requirement-coverage-NREQ-b3e8d9cffdde1f94d9d342ff0ed4f097-20261006.json	0a6bcb6a7583d6f5a9ff11e6efde54aab427d763890daca7839b077133337091	CURRENT_HASH_MATCHES_RETAINED_SCOPED_REVIEW_INPUT	verification/requirement-coverage-NREQ-b3e8d9cffdde1f94d9d342ff0ed4f097-20261007-context-b36ec8d0d499-54e18bc1f938.json
A	verification/requirement-coverage-NREQ-b3e8d9cffdde1f94d9d342ff0ed4f097-20261007-2245f2d912e1.json	2c37dd932c58ee330b9eb213736d0bbb9485af8a4c2456195d8185b3e1a23950	CURRENT_HASH_REFERENCED_BY_RETAINED_DELTA_REVIEW	verification/current-source-delta-review-20261007.json
A	verification/requirement-coverage-NREQ-b3e8d9cffdde1f94d9d342ff0ed4f097-20261007-context-b36ec8d0d499-54e18bc1f938.json	c81c1494694c9b78e4f6069d216654658bb658483155940ea63732849d045b89	CURRENT_ACTIVE_SCOPED_COVERAGE_REVIEW_RECORD	verification-assertion-bindings.json#NREQ-b3e8d9cffdde1f94d9d342ff0ed4f097
A	verification/requirement-coverage-NREQ-b67c348ca653ff5a19ba01272dfd4262-20261005.json	76f2bf43279c7e82c5c64df461dba38789c81ee5ec65550b848461c42f445ca8	CURRENT_HASH_MATCHES_RETAINED_SCOPED_REVIEW_INPUT	verification/requirement-coverage-NREQ-b67c348ca653ff5a19ba01272dfd4262-20261007-context-d619c471e8d3-54e18bc1f938.json
A	verification/requirement-coverage-NREQ-b67c348ca653ff5a19ba01272dfd4262-20261006-followup-3392af969866.json	4ec225ed48e8a0555b6044c1a498e6de64547066c5b690862f426511daafc73f	CURRENT_HASH_MATCHES_RETAINED_SCOPED_REVIEW_INPUT	verification/requirement-coverage-NREQ-b67c348ca653ff5a19ba01272dfd4262-20261007-context-d619c471e8d3-54e18bc1f938.json
A	verification/requirement-coverage-NREQ-b67c348ca653ff5a19ba01272dfd4262-20261006.json	87b2a44ef43e03f4dbbc28b08aa2aa8f3af2a253f7427054abd71af29fc5e76c	CURRENT_HASH_MATCHES_RETAINED_SCOPED_REVIEW_INPUT	verification/requirement-coverage-NREQ-b67c348ca653ff5a19ba01272dfd4262-20261007-context-d619c471e8d3-54e18bc1f938.json
A	verification/requirement-coverage-NREQ-b67c348ca653ff5a19ba01272dfd4262-20261007-context-d619c471e8d3-54e18bc1f938.json	91c2ea8fcf4855ef6e6356ded01fb8188665cc66267ae45b2a9d58dbf931623f	CURRENT_ACTIVE_SCOPED_COVERAGE_REVIEW_RECORD	verification-assertion-bindings.json#NREQ-b67c348ca653ff5a19ba01272dfd4262
A	verification/requirement-coverage-NREQ-b67c348ca653ff5a19ba01272dfd4262-20261007-d619c471e8d3.json	6002a7b57c2b0c0beabc2d2294163cbe68faa10dfb8785bc02698c1585c94176	CURRENT_HASH_REFERENCED_BY_RETAINED_DELTA_REVIEW	verification/current-source-delta-review-20261007.json
A	verification/requirement-coverage-NREQ-b7b9ecdbceaad6aaefc9e55f7d5b3d48-20261005.json	124defb0bab28f7eb5b3f084087ae96b586db5bb430b249b52b784581ff42456	CURRENT_HASH_MATCHES_RETAINED_SCOPED_REVIEW_INPUT	verification/requirement-coverage-NREQ-b7b9ecdbceaad6aaefc9e55f7d5b3d48-20261007-context-08a2d1fe5fc7-54e18bc1f938.json
A	verification/requirement-coverage-NREQ-b7b9ecdbceaad6aaefc9e55f7d5b3d48-20261006-followup-6c3e7ac43e40.json	4be5abb46eacd5a229e6d3a6661420025ad884854be36631d048d91be5239e61	CURRENT_HASH_MATCHES_RETAINED_SCOPED_REVIEW_INPUT	verification/requirement-coverage-NREQ-b7b9ecdbceaad6aaefc9e55f7d5b3d48-20261007-context-08a2d1fe5fc7-54e18bc1f938.json
A	verification/requirement-coverage-NREQ-b7b9ecdbceaad6aaefc9e55f7d5b3d48-20261006.json	8d927291bfc7e4872d948a8e6ab6c34be12c4ddfbf203ba3b010270c524a6f7c	CURRENT_HASH_MATCHES_RETAINED_SCOPED_REVIEW_INPUT	verification/requirement-coverage-NREQ-b7b9ecdbceaad6aaefc9e55f7d5b3d48-20261007-context-08a2d1fe5fc7-54e18bc1f938.json
A	verification/requirement-coverage-NREQ-b7b9ecdbceaad6aaefc9e55f7d5b3d48-20261007-6bde77f8e10d.json	e9138e27342becc5d110b8b553e9c5d6877dde2c81ae47085d3afbb707fbc4dc	CURRENT_HASH_REFERENCED_BY_RETAINED_DELTA_REVIEW	verification/current-source-delta-review-20261007.json
A	verification/requirement-coverage-NREQ-b7b9ecdbceaad6aaefc9e55f7d5b3d48-20261007-context-08a2d1fe5fc7-54e18bc1f938.json	dc94fda10decdaa336e9c52e103fe137c1386961944d7ea96be6ae9b9c1b9389	CURRENT_ACTIVE_SCOPED_COVERAGE_REVIEW_RECORD	verification-assertion-bindings.json#NREQ-b7b9ecdbceaad6aaefc9e55f7d5b3d48
A	verification/requirement-coverage-NREQ-baa1c33b2e2490264f91881b06ff9da8-20261005.json	e0c2802b81489818c39e4a4dde59c22275a73c83c93a603e8c0cd9530f42bbd7	CURRENT_HASH_MATCHES_RETAINED_SCOPED_REVIEW_INPUT	verification/requirement-coverage-NREQ-baa1c33b2e2490264f91881b06ff9da8-20261007-context-029f6195f4ba-54e18bc1f938.json
A	verification/requirement-coverage-NREQ-baa1c33b2e2490264f91881b06ff9da8-20261006-followup-7ad8743b4de4.json	63e636d09d78468fe7b3ddca7a1f2c9d205183c0d3d4734a7c586edf77043a7d	CURRENT_HASH_MATCHES_RETAINED_SCOPED_REVIEW_INPUT	verification/requirement-coverage-NREQ-baa1c33b2e2490264f91881b06ff9da8-20261007-context-029f6195f4ba-54e18bc1f938.json
A	verification/requirement-coverage-NREQ-baa1c33b2e2490264f91881b06ff9da8-20261006.json	d6df294244e53e8572fd193a39bc4f85277c8193d1a955979a71ac6670005559	CURRENT_HASH_MATCHES_RETAINED_SCOPED_REVIEW_INPUT	verification/requirement-coverage-NREQ-baa1c33b2e2490264f91881b06ff9da8-20261007-context-029f6195f4ba-54e18bc1f938.json
A	verification/requirement-coverage-NREQ-baa1c33b2e2490264f91881b06ff9da8-20261007-023baa60eb5e.json	caf740e104958ad4d49282a58db196abbc03e8a1b78fe3dac50ae91addab7875	CURRENT_HASH_REFERENCED_BY_RETAINED_DELTA_REVIEW	verification/current-source-delta-review-20261007.json
A	verification/requirement-coverage-NREQ-baa1c33b2e2490264f91881b06ff9da8-20261007-context-029f6195f4ba-54e18bc1f938.json	00639b92f5cd37852a5149491d423bfff1690ccf3e08b25e5c54a452e5cff7b2	CURRENT_ACTIVE_SCOPED_COVERAGE_REVIEW_RECORD	verification-assertion-bindings.json#NREQ-baa1c33b2e2490264f91881b06ff9da8
A	verification/requirement-coverage-NREQ-bc997511e2328af90b68d1898bcf6ed7-20261005.json	82e69576d67cfba709676995a8bcd5c91bb738565e10f6673723556675ec29a5	CURRENT_HASH_MATCHES_RETAINED_SCOPED_REVIEW_INPUT	verification/requirement-coverage-NREQ-bc997511e2328af90b68d1898bcf6ed7-20261007-context-18574f44b5d8-54e18bc1f938.json
A	verification/requirement-coverage-NREQ-bc997511e2328af90b68d1898bcf6ed7-20261006-followup-0316ee90229c.json	7ae45480c366602c73cbd86803744bf1b1bc12fa5cb553b1b81c28e31ecf9789	CURRENT_HASH_MATCHES_RETAINED_SCOPED_REVIEW_INPUT	verification/requirement-coverage-NREQ-bc997511e2328af90b68d1898bcf6ed7-20261007-context-18574f44b5d8-54e18bc1f938.json
A	verification/requirement-coverage-NREQ-bc997511e2328af90b68d1898bcf6ed7-20261006.json	520d432e37c4ad505ba6ea7719d2c35af931f899a5d514b41a8b754a77cca155	CURRENT_HASH_MATCHES_RETAINED_SCOPED_REVIEW_INPUT	verification/requirement-coverage-NREQ-bc997511e2328af90b68d1898bcf6ed7-20261007-context-18574f44b5d8-54e18bc1f938.json
A	verification/requirement-coverage-NREQ-bc997511e2328af90b68d1898bcf6ed7-20261007-18574f44b5d8.json	6636d5711944572bfd50cbe0f8792b12c5ba54365c3a467a554c6c956e40f9d2	CURRENT_HASH_REFERENCED_BY_RETAINED_DELTA_REVIEW	verification/current-source-delta-review-20261007.json
A	verification/requirement-coverage-NREQ-bc997511e2328af90b68d1898bcf6ed7-20261007-context-18574f44b5d8-54e18bc1f938.json	9a04128a0c2ad71bf51fe58b34624e5c13c05f7b631d08c609fa30f66a9fca05	CURRENT_ACTIVE_SCOPED_COVERAGE_REVIEW_RECORD	verification-assertion-bindings.json#NREQ-bc997511e2328af90b68d1898bcf6ed7
A	verification/requirement-coverage-NREQ-bde18b0504b7485cf77fad020a4a494b-20261005.json	c7a5088e424b9a79bcdd17783fc75f56fd8f802fcd349d6b4e7cbded507a455a	CURRENT_HASH_MATCHES_RETAINED_SCOPED_REVIEW_INPUT	verification/requirement-coverage-NREQ-bde18b0504b7485cf77fad020a4a494b-20261007-context-90bbee2744c4-54e18bc1f938.json
A	verification/requirement-coverage-NREQ-bde18b0504b7485cf77fad020a4a494b-20261006-followup-1e122c6d5f65.json	a2fb9946532c6ee46ecbc59e3ff1f1dc46678bcca7934a2b4d06afb8d95d1eba	CURRENT_HASH_MATCHES_RETAINED_SCOPED_REVIEW_INPUT	verification/requirement-coverage-NREQ-bde18b0504b7485cf77fad020a4a494b-20261007-context-90bbee2744c4-54e18bc1f938.json
A	verification/requirement-coverage-NREQ-bde18b0504b7485cf77fad020a4a494b-20261006.json	4dd39c3b479ffceb1801822db273e2b682f44fc689103ec2ceb43863180ef845	CURRENT_HASH_MATCHES_RETAINED_SCOPED_REVIEW_INPUT	verification/requirement-coverage-NREQ-bde18b0504b7485cf77fad020a4a494b-20261007-context-90bbee2744c4-54e18bc1f938.json
A	verification/requirement-coverage-NREQ-bde18b0504b7485cf77fad020a4a494b-20261007-90bbee2744c4.json	d6b4f6b0faa8d39758dbaa45c1dbff602e3c1b01c28a189295a738f189314d01	CURRENT_HASH_REFERENCED_BY_RETAINED_DELTA_REVIEW	verification/current-source-delta-review-20261007.json
A	verification/requirement-coverage-NREQ-bde18b0504b7485cf77fad020a4a494b-20261007-context-90bbee2744c4-54e18bc1f938.json	79b727f3f24bee0a5feffacc2cf7f5d1d0860080e718f0234df6b7120e3fc4ea	CURRENT_ACTIVE_SCOPED_COVERAGE_REVIEW_RECORD	verification-assertion-bindings.json#NREQ-bde18b0504b7485cf77fad020a4a494b
A	verification/requirement-coverage-NREQ-bedc4564e47ae7ebf86911eb8426b6f0-20261006-followup-a095a81faf74.json	6e51fe1bed90b282ba2889bebad4cae4d7c4b74e68297468b14cad6aaadecbe7	CURRENT_HASH_MATCHES_RETAINED_SCOPED_REVIEW_INPUT	verification/requirement-coverage-NREQ-bedc4564e47ae7ebf86911eb8426b6f0-20261007-context-303caf90caff-54e18bc1f938.json
A	verification/requirement-coverage-NREQ-bedc4564e47ae7ebf86911eb8426b6f0-20261006.json	78c3d9f1290eea6e8ba3c401ba76007f0000f06891b4f01d2f695cf9ff7e1bde	CURRENT_HASH_MATCHES_RETAINED_SCOPED_REVIEW_INPUT	verification/requirement-coverage-NREQ-bedc4564e47ae7ebf86911eb8426b6f0-20261007-context-303caf90caff-54e18bc1f938.json
A	verification/requirement-coverage-NREQ-bedc4564e47ae7ebf86911eb8426b6f0-20261007-303caf90caff.json	868908354009788784fc5b4e6f7b93370d49aab6d8b165e41c01817f66f2ce38	CURRENT_HASH_REFERENCED_BY_RETAINED_DELTA_REVIEW	verification/current-source-delta-review-20261007.json
A	verification/requirement-coverage-NREQ-bedc4564e47ae7ebf86911eb8426b6f0-20261007-context-303caf90caff-54e18bc1f938.json	36db5d171f8a30aa5a4136a119d8d194e4668bc70e932e7b0de3d7437cb1cca8	CURRENT_ACTIVE_SCOPED_COVERAGE_REVIEW_RECORD	verification-assertion-bindings.json#NREQ-bedc4564e47ae7ebf86911eb8426b6f0
A	verification/requirement-coverage-NREQ-befdab6cc6a4121936987a35fc18e1c9-20261006-followup-41a8a451064a.json	991d23e66258a162d7e05353bc5a0d027dcd27f52736b8f202152a30906a28a1	CURRENT_HASH_MATCHES_RETAINED_SCOPED_REVIEW_INPUT	verification/requirement-coverage-NREQ-befdab6cc6a4121936987a35fc18e1c9-20261007-context-c8b0b09a87ad-54e18bc1f938.json
A	verification/requirement-coverage-NREQ-befdab6cc6a4121936987a35fc18e1c9-20261006.json	e9871770ab4186573503b36d36ffc0fc49f147dc5191543c5d4155324da43f6d	CURRENT_HASH_MATCHES_RETAINED_SCOPED_REVIEW_INPUT	verification/requirement-coverage-NREQ-befdab6cc6a4121936987a35fc18e1c9-20261007-context-c8b0b09a87ad-54e18bc1f938.json
A	verification/requirement-coverage-NREQ-befdab6cc6a4121936987a35fc18e1c9-20261007-c8b0b09a87ad.json	f4e84d65368d9d7c9a4c5a064ed81e990841d28dc4a4c2759c2e2b6ab742b291	CURRENT_HASH_REFERENCED_BY_RETAINED_DELTA_REVIEW	verification/current-source-delta-review-20261007.json
A	verification/requirement-coverage-NREQ-befdab6cc6a4121936987a35fc18e1c9-20261007-context-c8b0b09a87ad-54e18bc1f938.json	ac1f8ea0ea0fcedc01d691fe9fbfe5244b99a9282476f958896cc8d1b48e9e02	CURRENT_ACTIVE_SCOPED_COVERAGE_REVIEW_RECORD	verification-assertion-bindings.json#NREQ-befdab6cc6a4121936987a35fc18e1c9
A	verification/requirement-coverage-NREQ-bfc0e4b5d516977d7fcad7b3f74e43c6-20261005.json	3ccebd9c22efef595cc33cadd8d1ee2a6abe608becd71d75a04c619a78e3386f	CURRENT_HASH_MATCHES_RETAINED_SCOPED_REVIEW_INPUT	verification/requirement-coverage-NREQ-bfc0e4b5d516977d7fcad7b3f74e43c6-20261007-context-a86412ff6400-54e18bc1f938.json
A	verification/requirement-coverage-NREQ-bfc0e4b5d516977d7fcad7b3f74e43c6-20261006-followup-ed356fc1c0a8.json	4116d7c4a9fc6e94d2e751d60e7407bf1744a67856d87783d5e7b777807c4006	CURRENT_HASH_MATCHES_RETAINED_SCOPED_REVIEW_INPUT	verification/requirement-coverage-NREQ-bfc0e4b5d516977d7fcad7b3f74e43c6-20261007-context-a86412ff6400-54e18bc1f938.json
A	verification/requirement-coverage-NREQ-bfc0e4b5d516977d7fcad7b3f74e43c6-20261006.json	2812cb3174ebb6429a05ae1154b9bce526ccc51c1ed405c105e0fab973a92af6	CURRENT_HASH_MATCHES_RETAINED_SCOPED_REVIEW_INPUT	verification/requirement-coverage-NREQ-bfc0e4b5d516977d7fcad7b3f74e43c6-20261007-context-a86412ff6400-54e18bc1f938.json
A	verification/requirement-coverage-NREQ-bfc0e4b5d516977d7fcad7b3f74e43c6-20261007-a86412ff6400.json	d467f3f624815b62e3fb7965f002578cbb93a5be9a3305e7138b4e87f1d5f504	CURRENT_HASH_REFERENCED_BY_RETAINED_DELTA_REVIEW	verification/current-source-delta-review-20261007.json
A	verification/requirement-coverage-NREQ-bfc0e4b5d516977d7fcad7b3f74e43c6-20261007-context-a86412ff6400-54e18bc1f938.json	eef0611fbadec1be02bb7dbb63a77804179d63fad4cb863aacc35a35c2566019	CURRENT_ACTIVE_SCOPED_COVERAGE_REVIEW_RECORD	verification-assertion-bindings.json#NREQ-bfc0e4b5d516977d7fcad7b3f74e43c6
A	verification/requirement-coverage-NREQ-c0080ab56f40757c88225dc35a1f98f0-20261005.json	8bb8241acebcc41a9c80870fabc579e3a1de8bca78a265a829d8c1f0fc674d5c	CURRENT_HASH_MATCHES_RETAINED_SCOPED_REVIEW_INPUT	verification/requirement-coverage-NREQ-c0080ab56f40757c88225dc35a1f98f0-20261007-context-79fe3bf8357b-54e18bc1f938.json
A	verification/requirement-coverage-NREQ-c0080ab56f40757c88225dc35a1f98f0-20261006-followup-1823852bde21.json	2906d4f14e113f91ac3f95b4633f0b39f4ad6a71a428ada2cae4172070bc15f7	CURRENT_HASH_MATCHES_RETAINED_SCOPED_REVIEW_INPUT	verification/requirement-coverage-NREQ-c0080ab56f40757c88225dc35a1f98f0-20261007-context-79fe3bf8357b-54e18bc1f938.json
A	verification/requirement-coverage-NREQ-c0080ab56f40757c88225dc35a1f98f0-20261006.json	3f8ffb53490dab32929f8ff646421f0b2b6828e2611a9c58518ae2227103dede	CURRENT_HASH_MATCHES_RETAINED_SCOPED_REVIEW_INPUT	verification/requirement-coverage-NREQ-c0080ab56f40757c88225dc35a1f98f0-20261007-context-79fe3bf8357b-54e18bc1f938.json
A	verification/requirement-coverage-NREQ-c0080ab56f40757c88225dc35a1f98f0-20261007-a287a83ae9f9.json	2744aac54b09790100876ebc63f7ca426b8fcd5d4b35cb2189e6535f8cf01153	CURRENT_HASH_REFERENCED_BY_RETAINED_DELTA_REVIEW	verification/current-source-delta-review-20261007.json
A	verification/requirement-coverage-NREQ-c0080ab56f40757c88225dc35a1f98f0-20261007-context-79fe3bf8357b-54e18bc1f938.json	f77d3b0274bcb6fda2824a999e5ce913758b5200c6122e30564458bfe336fb7b	CURRENT_ACTIVE_SCOPED_COVERAGE_REVIEW_RECORD	verification-assertion-bindings.json#NREQ-c0080ab56f40757c88225dc35a1f98f0
A	verification/requirement-coverage-NREQ-c0a2fa84e2aafe674742a0bb98c40e02-20261005.json	6ef09b1ed2cf5ed6b8001fd24ca8d11e2889154485243c3ff9b368b9342ea82d	CURRENT_HASH_MATCHES_RETAINED_SCOPED_REVIEW_INPUT	verification/requirement-coverage-NREQ-c0a2fa84e2aafe674742a0bb98c40e02-20261007-context-949b3819c6b9-54e18bc1f938.json
A	verification/requirement-coverage-NREQ-c0a2fa84e2aafe674742a0bb98c40e02-20261006-followup-d9cbd2ad7b74.json	bd30ca8b3c6ffb3149be4131f52875efdf24888a35d6360187549f6d98ebaf83	CURRENT_HASH_MATCHES_RETAINED_SCOPED_REVIEW_INPUT	verification/requirement-coverage-NREQ-c0a2fa84e2aafe674742a0bb98c40e02-20261007-context-949b3819c6b9-54e18bc1f938.json
A	verification/requirement-coverage-NREQ-c0a2fa84e2aafe674742a0bb98c40e02-20261006.json	5d526d798b473817c08ed07e797244bb234f4a6dcca289a2cdc5573c1bc71d0f	CURRENT_HASH_MATCHES_RETAINED_SCOPED_REVIEW_INPUT	verification/requirement-coverage-NREQ-c0a2fa84e2aafe674742a0bb98c40e02-20261007-context-949b3819c6b9-54e18bc1f938.json
A	verification/requirement-coverage-NREQ-c0a2fa84e2aafe674742a0bb98c40e02-20261007-949b3819c6b9.json	71e7c0dfb3906f99afe283bea373182527ca2ed34fa055a56db76847ea03b77e	CURRENT_HASH_REFERENCED_BY_RETAINED_DELTA_REVIEW	verification/current-source-delta-review-20261007.json
A	verification/requirement-coverage-NREQ-c0a2fa84e2aafe674742a0bb98c40e02-20261007-context-949b3819c6b9-54e18bc1f938.json	f04290197bb33c0cb8444a8833eddda62daf44d7738ad434b039b0654fbb9752	CURRENT_ACTIVE_SCOPED_COVERAGE_REVIEW_RECORD	verification-assertion-bindings.json#NREQ-c0a2fa84e2aafe674742a0bb98c40e02
A	verification/requirement-coverage-NREQ-c1d94148ff5023aac7735baefed6c35d-20261005.json	cd9bad961bd9bef906f620284d715f399eb2e9f398a878f52558b941473fffe1	CURRENT_HASH_MATCHES_RETAINED_SCOPED_REVIEW_INPUT	verification/requirement-coverage-NREQ-c1d94148ff5023aac7735baefed6c35d-20261007-context-c697349e63e8-54e18bc1f938.json
A	verification/requirement-coverage-NREQ-c1d94148ff5023aac7735baefed6c35d-20261006-followup-f2f004d5f2fb.json	f41b8dcbbebd3fb19875381487d257585c3c1fcccdfdac0052ea04af8ebf4081	CURRENT_HASH_MATCHES_RETAINED_SCOPED_REVIEW_INPUT	verification/requirement-coverage-NREQ-c1d94148ff5023aac7735baefed6c35d-20261007-context-c697349e63e8-54e18bc1f938.json
A	verification/requirement-coverage-NREQ-c1d94148ff5023aac7735baefed6c35d-20261006.json	1a92cacaf7419227c2d5ac2f2f7ead1753c65d08d707751f4d02ffaf6dcd9d6c	CURRENT_HASH_MATCHES_RETAINED_SCOPED_REVIEW_INPUT	verification/requirement-coverage-NREQ-c1d94148ff5023aac7735baefed6c35d-20261007-context-c697349e63e8-54e18bc1f938.json
A	verification/requirement-coverage-NREQ-c1d94148ff5023aac7735baefed6c35d-20261007-bc256faf316a.json	f21d0cea1930500260b9d53fc65a5a7b2c0818f0c4b42d9b06c3d92e51dcfc7a	CURRENT_HASH_REFERENCED_BY_RETAINED_DELTA_REVIEW	verification/current-source-delta-review-20261007.json
A	verification/requirement-coverage-NREQ-c1d94148ff5023aac7735baefed6c35d-20261007-context-c697349e63e8-54e18bc1f938.json	dd386ae73178d71bd3544089e8290d9b963fe18bd9132f0b68f77ba273077a2c	CURRENT_ACTIVE_SCOPED_COVERAGE_REVIEW_RECORD	verification-assertion-bindings.json#NREQ-c1d94148ff5023aac7735baefed6c35d
A	verification/requirement-coverage-NREQ-c6ad5908eba2e59771e74f2ceebc5077-20261005.json	f9a0aa40edc8387a7c39786229969dbef1fe5a36a8a909ff9127d967dff1bbfe	CURRENT_HASH_MATCHES_RETAINED_SCOPED_REVIEW_INPUT	verification/requirement-coverage-NREQ-c6ad5908eba2e59771e74f2ceebc5077-20261007-context-e1522203239f-54e18bc1f938.json
A	verification/requirement-coverage-NREQ-c6ad5908eba2e59771e74f2ceebc5077-20261006-followup-829ae90306a6.json	d85ea02037dc532d78cf678762a753529c9ddf551c8cde88223568c1c2252509	CURRENT_HASH_MATCHES_RETAINED_SCOPED_REVIEW_INPUT	verification/requirement-coverage-NREQ-c6ad5908eba2e59771e74f2ceebc5077-20261007-context-e1522203239f-54e18bc1f938.json
A	verification/requirement-coverage-NREQ-c6ad5908eba2e59771e74f2ceebc5077-20261006.json	39b50318aabc088cb29163467a9d25be20beae054a79db15bcfc9d40eb656188	CURRENT_HASH_MATCHES_RETAINED_SCOPED_REVIEW_INPUT	verification/requirement-coverage-NREQ-c6ad5908eba2e59771e74f2ceebc5077-20261007-context-e1522203239f-54e18bc1f938.json
A	verification/requirement-coverage-NREQ-c6ad5908eba2e59771e74f2ceebc5077-20261007-context-e1522203239f-54e18bc1f938.json	65301f5278e736f54430cc3fe69e5c1974547b8f0dda10c2143ecfc470e4f135	CURRENT_ACTIVE_SCOPED_COVERAGE_REVIEW_RECORD	verification-assertion-bindings.json#NREQ-c6ad5908eba2e59771e74f2ceebc5077
A	verification/requirement-coverage-NREQ-c6ad5908eba2e59771e74f2ceebc5077-20261007-e1522203239f.json	468d4bedd156516b3e641de63589b531628e279392cb2b0adb5902b4fcc668ff	CURRENT_HASH_REFERENCED_BY_RETAINED_DELTA_REVIEW	verification/current-source-delta-review-20261007.json
A	verification/requirement-coverage-NREQ-c756b0b15119dd819444cd7212bdad56-20261005.json	2022cbf17e50777b289e9e7dbc1fc2810ee54e99591fa96551f734bc97009255	CURRENT_HASH_MATCHES_RETAINED_SCOPED_REVIEW_INPUT	verification/requirement-coverage-NREQ-c756b0b15119dd819444cd7212bdad56-20261007-context-fb0c67dfb2a4-54e18bc1f938.json
A	verification/requirement-coverage-NREQ-c756b0b15119dd819444cd7212bdad56-20261006-followup-7456da2e55f4.json	abd105a76cf8deff5197b2671c521dfa96d9baf99c3429ef41564b3f87f84073	CURRENT_HASH_MATCHES_RETAINED_SCOPED_REVIEW_INPUT	verification/requirement-coverage-NREQ-c756b0b15119dd819444cd7212bdad56-20261007-context-fb0c67dfb2a4-54e18bc1f938.json
A	verification/requirement-coverage-NREQ-c756b0b15119dd819444cd7212bdad56-20261006.json	a6d0eb911a90e29d9cea72124c92d59ab6c4ce34e9fe146c9641a2be5b462b1c	CURRENT_HASH_MATCHES_RETAINED_SCOPED_REVIEW_INPUT	verification/requirement-coverage-NREQ-c756b0b15119dd819444cd7212bdad56-20261007-context-fb0c67dfb2a4-54e18bc1f938.json
A	verification/requirement-coverage-NREQ-c756b0b15119dd819444cd7212bdad56-20261007-context-fb0c67dfb2a4-54e18bc1f938.json	76914b4a35a2d1b7f707d59014ba8264e2de057657b6fedc44b08f88f3d90854	CURRENT_ACTIVE_SCOPED_COVERAGE_REVIEW_RECORD	verification-assertion-bindings.json#NREQ-c756b0b15119dd819444cd7212bdad56
A	verification/requirement-coverage-NREQ-c756b0b15119dd819444cd7212bdad56-20261007-fb0c67dfb2a4.json	b9c3e9cc4fd5ddce3ae1d285c6a35502deb92474892d3de16ca95d113f39bfc0	CURRENT_HASH_REFERENCED_BY_RETAINED_DELTA_REVIEW	verification/current-source-delta-review-20261007.json
A	verification/requirement-coverage-NREQ-c94c878ef2cf8c6a35b0985da91c0c85-20261006-followup-b1fe67c0903e.json	567dc2dbf936a04cc275e213efe3328cdb7949f57df45f0cb8174731037339d9	CURRENT_HASH_MATCHES_RETAINED_SCOPED_REVIEW_INPUT	verification/requirement-coverage-NREQ-c94c878ef2cf8c6a35b0985da91c0c85-20261007-context-fe6c073ad55f-54e18bc1f938.json
A	verification/requirement-coverage-NREQ-c94c878ef2cf8c6a35b0985da91c0c85-20261006.json	bf9dbb1993a2b8ca9c7699e5407e612b15cdd183ae35d00d0ee9b283d2b0c189	CURRENT_HASH_MATCHES_RETAINED_SCOPED_REVIEW_INPUT	verification/requirement-coverage-NREQ-c94c878ef2cf8c6a35b0985da91c0c85-20261007-context-fe6c073ad55f-54e18bc1f938.json
A	verification/requirement-coverage-NREQ-c94c878ef2cf8c6a35b0985da91c0c85-20261007-93ccf52a7420.json	ab636f69e934e282fa128b907a77bddfce7df4967ddaf076f2e2049c29bb7cdf	CURRENT_HASH_REFERENCED_BY_RETAINED_DELTA_REVIEW	verification/current-source-delta-review-20261007.json
A	verification/requirement-coverage-NREQ-c94c878ef2cf8c6a35b0985da91c0c85-20261007-context-fe6c073ad55f-54e18bc1f938.json	d46dcac6982e8ed9bb9ba5f52a80ceac7a46fe92ef945817aaead678e7c20857	CURRENT_ACTIVE_SCOPED_COVERAGE_REVIEW_RECORD	verification-assertion-bindings.json#NREQ-c94c878ef2cf8c6a35b0985da91c0c85
A	verification/requirement-coverage-NREQ-cf25cf824db06866df51c0e538fcbc03-20261006-syntax-b08c1e2db648.json	8084324bea3b46498c1ee51e69c6ce3e36676b285ec916c5988c904ce877b399	CURRENT_HASH_MATCHES_RETAINED_SCOPED_REVIEW_INPUT	verification/requirement-coverage-NREQ-cf25cf824db06866df51c0e538fcbc03-20261007-context-fde639603c5f-54e18bc1f938.json
A	verification/requirement-coverage-NREQ-cf25cf824db06866df51c0e538fcbc03-20261007-a9ea93e2ae18.json	ed36c79b4ea5598bafbced703ab24ee5ee79753ba90bbd28908e3346bdc65693	CURRENT_HASH_REFERENCED_BY_RETAINED_DELTA_REVIEW	verification/current-source-delta-review-20261007.json
A	verification/requirement-coverage-NREQ-cf25cf824db06866df51c0e538fcbc03-20261007-context-fde639603c5f-54e18bc1f938.json	f397fe01aa3abd7ebc946a787350f32541b3d50b465482c07827bd3429dce5c6	CURRENT_ACTIVE_SCOPED_COVERAGE_REVIEW_RECORD	verification-assertion-bindings.json#NREQ-cf25cf824db06866df51c0e538fcbc03
A	verification/requirement-coverage-NREQ-cf2cbee76666e1f836c4cca046988062-20261005.json	b14aad9d88ae2ae7ce9707c36ed7efd07a535cce2d4436d038d1b4093e3ef59f	CURRENT_HASH_MATCHES_RETAINED_SCOPED_REVIEW_INPUT	verification/requirement-coverage-NREQ-cf2cbee76666e1f836c4cca046988062-20261007-context-ee826876a6b9-54e18bc1f938.json
A	verification/requirement-coverage-NREQ-cf2cbee76666e1f836c4cca046988062-20261006-followup-f00421255dd8.json	8c6cdb57b06a11df6340c2a8aa46bd2bebe96a3ec2facb625e2f2b7605732719	CURRENT_HASH_MATCHES_RETAINED_SCOPED_REVIEW_INPUT	verification/requirement-coverage-NREQ-cf2cbee76666e1f836c4cca046988062-20261007-context-ee826876a6b9-54e18bc1f938.json
A	verification/requirement-coverage-NREQ-cf2cbee76666e1f836c4cca046988062-20261006.json	049ae7cb5243905c3a2d23dabf59aba02c9ed900facc1660e732df0cba49f732	CURRENT_HASH_MATCHES_RETAINED_SCOPED_REVIEW_INPUT	verification/requirement-coverage-NREQ-cf2cbee76666e1f836c4cca046988062-20261007-context-ee826876a6b9-54e18bc1f938.json
A	verification/requirement-coverage-NREQ-cf2cbee76666e1f836c4cca046988062-20261007-0ad6e9d4c8b1.json	5691ad545d06b3ee99c1eb29f444b7828c99244b369457926584d2f6b77a3c1e	CURRENT_HASH_REFERENCED_BY_RETAINED_DELTA_REVIEW	verification/current-source-delta-review-20261007.json
A	verification/requirement-coverage-NREQ-cf2cbee76666e1f836c4cca046988062-20261007-context-ee826876a6b9-54e18bc1f938.json	df8154e627111b6ab703bd5b0dbc28a9d676b58433f853dc1318165808cd1a38	CURRENT_ACTIVE_SCOPED_COVERAGE_REVIEW_RECORD	verification-assertion-bindings.json#NREQ-cf2cbee76666e1f836c4cca046988062
A	verification/requirement-coverage-NREQ-d2fa27e805583d3a5c7d281ed7051950-20261005.json	4a33f70c58a027cd7636ee9b020676fab820a2c6abd081df30df95d5e0a143b1	CURRENT_HASH_MATCHES_RETAINED_SCOPED_REVIEW_INPUT	verification/requirement-coverage-NREQ-d2fa27e805583d3a5c7d281ed7051950-20261007-context-8e1b30f0d0bb-54e18bc1f938.json
A	verification/requirement-coverage-NREQ-d2fa27e805583d3a5c7d281ed7051950-20261006-followup-b3aac6d3b3e5.json	117aaa442b3663c77f7ad9839edd019b987de665825be3f8cb3eee9b59c26ea4	CURRENT_HASH_MATCHES_RETAINED_SCOPED_REVIEW_INPUT	verification/requirement-coverage-NREQ-d2fa27e805583d3a5c7d281ed7051950-20261007-context-8e1b30f0d0bb-54e18bc1f938.json
A	verification/requirement-coverage-NREQ-d2fa27e805583d3a5c7d281ed7051950-20261006.json	03980df41c662a5d242b27e3e8f86078db1bba48cd9bcd638abe8cc1a010eee5	CURRENT_HASH_MATCHES_RETAINED_SCOPED_REVIEW_INPUT	verification/requirement-coverage-NREQ-d2fa27e805583d3a5c7d281ed7051950-20261007-context-8e1b30f0d0bb-54e18bc1f938.json
A	verification/requirement-coverage-NREQ-d2fa27e805583d3a5c7d281ed7051950-20261007-8e1b30f0d0bb.json	5eaf987aa9feee4548692fde0dbeff80930c00d5c1268508e4da5eb406c1bc4e	CURRENT_HASH_REFERENCED_BY_RETAINED_DELTA_REVIEW	verification/current-source-delta-review-20261007.json
A	verification/requirement-coverage-NREQ-d2fa27e805583d3a5c7d281ed7051950-20261007-context-8e1b30f0d0bb-54e18bc1f938.json	071aaf555e462cde021240be132f0b87fd3ac4863f2d991040a3ccd4be18916a	CURRENT_ACTIVE_SCOPED_COVERAGE_REVIEW_RECORD	verification-assertion-bindings.json#NREQ-d2fa27e805583d3a5c7d281ed7051950
A	verification/requirement-coverage-NREQ-d3216139914fb4c3ec1d54819ee18890-20261005.json	e9d12568f6f8903a1b66f475c026d1003c6c59f1768b940ba24847227df2dad5	CURRENT_HASH_MATCHES_RETAINED_SCOPED_REVIEW_INPUT	verification/requirement-coverage-NREQ-d3216139914fb4c3ec1d54819ee18890-20261007-context-4d85dbcad915-54e18bc1f938.json
A	verification/requirement-coverage-NREQ-d3216139914fb4c3ec1d54819ee18890-20261006-followup-633b432f0758.json	e895d08e3572bac90cf77e67af12654e21df5ae00f4cdc42aae9dc889a2136d4	CURRENT_HASH_MATCHES_RETAINED_SCOPED_REVIEW_INPUT	verification/requirement-coverage-NREQ-d3216139914fb4c3ec1d54819ee18890-20261007-context-4d85dbcad915-54e18bc1f938.json
A	verification/requirement-coverage-NREQ-d3216139914fb4c3ec1d54819ee18890-20261006.json	1712653af60e3a57a8b5e5b0e93cd33ed49d7a0bd1e22d44654d21e5b0910cb2	CURRENT_HASH_MATCHES_RETAINED_SCOPED_REVIEW_INPUT	verification/requirement-coverage-NREQ-d3216139914fb4c3ec1d54819ee18890-20261007-context-4d85dbcad915-54e18bc1f938.json
A	verification/requirement-coverage-NREQ-d3216139914fb4c3ec1d54819ee18890-20261007-context-4d85dbcad915-54e18bc1f938.json	49d351a58449dc9b4271fc3543ab6a741dfcc372a113f3f304d11990da03df25	CURRENT_ACTIVE_SCOPED_COVERAGE_REVIEW_RECORD	verification-assertion-bindings.json#NREQ-d3216139914fb4c3ec1d54819ee18890
A	verification/requirement-coverage-NREQ-d3216139914fb4c3ec1d54819ee18890-20261007-e159112d367c.json	cf7bf82286ef515995dc68c5b03d6105203f07cea02bb6d867b160c7ac539760	CURRENT_HASH_REFERENCED_BY_RETAINED_DELTA_REVIEW	verification/current-source-delta-review-20261007.json
A	verification/requirement-coverage-NREQ-d6eeb36f75c6f6f6854a2e3aa9ac2070-20261005.json	98fc235e4a1cf01e0b58c3e937617b17ec705900fc369e67d93cfcabf07796b1	CURRENT_HASH_MATCHES_RETAINED_SCOPED_REVIEW_INPUT	verification/requirement-coverage-NREQ-d6eeb36f75c6f6f6854a2e3aa9ac2070-20261007-context-e9e30bbb47a8-54e18bc1f938.json
A	verification/requirement-coverage-NREQ-d6eeb36f75c6f6f6854a2e3aa9ac2070-20261006-followup-1f2549af4f14.json	1f42b36d5adb582e92335916b4cd33f12570f13be5e3073cc4163180b18c0fda	CURRENT_HASH_MATCHES_RETAINED_SCOPED_REVIEW_INPUT	verification/requirement-coverage-NREQ-d6eeb36f75c6f6f6854a2e3aa9ac2070-20261007-context-e9e30bbb47a8-54e18bc1f938.json
A	verification/requirement-coverage-NREQ-d6eeb36f75c6f6f6854a2e3aa9ac2070-20261006.json	d77e8a51df43b4b5689ba04f1eb3a0ca96305e666d4acf02ef622c2e3c6e4a38	CURRENT_HASH_MATCHES_RETAINED_SCOPED_REVIEW_INPUT	verification/requirement-coverage-NREQ-d6eeb36f75c6f6f6854a2e3aa9ac2070-20261007-context-e9e30bbb47a8-54e18bc1f938.json
A	verification/requirement-coverage-NREQ-d6eeb36f75c6f6f6854a2e3aa9ac2070-20261007-context-e9e30bbb47a8-54e18bc1f938.json	629814284990cebe8456f78060d28e82152afddc065bbf864cdbf9070dcadbca	CURRENT_ACTIVE_SCOPED_COVERAGE_REVIEW_RECORD	verification-assertion-bindings.json#NREQ-d6eeb36f75c6f6f6854a2e3aa9ac2070
A	verification/requirement-coverage-NREQ-d6eeb36f75c6f6f6854a2e3aa9ac2070-20261007-e9e30bbb47a8.json	d669e94dbd1e43cbb27b7e532b914544cda7b1a4446318b4e16471a3247c18ca	CURRENT_HASH_REFERENCED_BY_RETAINED_DELTA_REVIEW	verification/current-source-delta-review-20261007.json
A	verification/requirement-coverage-NREQ-d6f8519fc2d36e59e4eba26af0442d14-20261005.json	70df272d43434d323ae569827c89dfa6d6cd88aff12e479b7da03d39e22cf45f	CURRENT_HASH_MATCHES_RETAINED_SCOPED_REVIEW_INPUT	verification/requirement-coverage-NREQ-d6f8519fc2d36e59e4eba26af0442d14-20261007-context-2fbfbdc64e39-54e18bc1f938.json
A	verification/requirement-coverage-NREQ-d6f8519fc2d36e59e4eba26af0442d14-20261006-followup-d8c55412f4e4.json	31a356d45ddc9d4c8fd1e27b8ad86b74dc3413a06d6a5fc1dbea7242420e1331	CURRENT_HASH_MATCHES_RETAINED_SCOPED_REVIEW_INPUT	verification/requirement-coverage-NREQ-d6f8519fc2d36e59e4eba26af0442d14-20261007-context-2fbfbdc64e39-54e18bc1f938.json
A	verification/requirement-coverage-NREQ-d6f8519fc2d36e59e4eba26af0442d14-20261006.json	c7d63180d2970a2b079dad0aba8705a53a18cc042b08985673f9a7f6ce110dfd	CURRENT_HASH_MATCHES_RETAINED_SCOPED_REVIEW_INPUT	verification/requirement-coverage-NREQ-d6f8519fc2d36e59e4eba26af0442d14-20261007-context-2fbfbdc64e39-54e18bc1f938.json
A	verification/requirement-coverage-NREQ-d6f8519fc2d36e59e4eba26af0442d14-20261007-2fbfbdc64e39.json	4bd5bf47d83204212ab056adbc93d38362082fa06348f04243c400ad6e82d10c	CURRENT_HASH_REFERENCED_BY_RETAINED_DELTA_REVIEW	verification/current-source-delta-review-20261007.json
A	verification/requirement-coverage-NREQ-d6f8519fc2d36e59e4eba26af0442d14-20261007-context-2fbfbdc64e39-54e18bc1f938.json	4a43455831b9192effc0e207b781fbdb60cbcfbb307e9acc486b29ca801117da	CURRENT_ACTIVE_SCOPED_COVERAGE_REVIEW_RECORD	verification-assertion-bindings.json#NREQ-d6f8519fc2d36e59e4eba26af0442d14
A	verification/requirement-coverage-NREQ-db8a127d9ff92a6510ae92e3eb1fbb86-20261005.json	e797bf8bf31e40a48c557fce08ebdc20550a8527bcbab5172b6433a6835a6712	CURRENT_HASH_MATCHES_RETAINED_SCOPED_REVIEW_INPUT	verification/requirement-coverage-NREQ-db8a127d9ff92a6510ae92e3eb1fbb86-20261007-context-e4c13fc3e86d-54e18bc1f938.json
A	verification/requirement-coverage-NREQ-db8a127d9ff92a6510ae92e3eb1fbb86-20261006-followup-89344759574a.json	5593e48619bd17f6a0c9bd0ba1d0dcaf4acde1e266af38310231cdc931b3c0cc	CURRENT_HASH_MATCHES_RETAINED_SCOPED_REVIEW_INPUT	verification/requirement-coverage-NREQ-db8a127d9ff92a6510ae92e3eb1fbb86-20261007-context-e4c13fc3e86d-54e18bc1f938.json
A	verification/requirement-coverage-NREQ-db8a127d9ff92a6510ae92e3eb1fbb86-20261006.json	62c8179d3af0951e87bd49ba22d5fe2d40e336fc5f0e3b46f1654116e913291e	CURRENT_HASH_MATCHES_RETAINED_SCOPED_REVIEW_INPUT	verification/requirement-coverage-NREQ-db8a127d9ff92a6510ae92e3eb1fbb86-20261007-context-e4c13fc3e86d-54e18bc1f938.json
A	verification/requirement-coverage-NREQ-db8a127d9ff92a6510ae92e3eb1fbb86-20261007-context-e4c13fc3e86d-54e18bc1f938.json	2d2d18b03dc76e2df2fda5745b04dbb91e5e8741a3e861a544b88f3e38bb2cf6	CURRENT_ACTIVE_SCOPED_COVERAGE_REVIEW_RECORD	verification-assertion-bindings.json#NREQ-db8a127d9ff92a6510ae92e3eb1fbb86
A	verification/requirement-coverage-NREQ-db8a127d9ff92a6510ae92e3eb1fbb86-20261007-e4c13fc3e86d.json	989276124f0e1eacbd47440603ec8aab00eb2a737e33f06ac297eeba1e587cae	CURRENT_HASH_REFERENCED_BY_RETAINED_DELTA_REVIEW	verification/current-source-delta-review-20261007.json
A	verification/requirement-coverage-NREQ-dba22c5f93e4359c4b7d4ebdd9799dbf-20261005.json	ebe1fff387234103bae7651ee9833d149cbc07b3a5e39dc0a35b30d060c53a86	CURRENT_HASH_MATCHES_RETAINED_SCOPED_REVIEW_INPUT	verification/requirement-coverage-NREQ-dba22c5f93e4359c4b7d4ebdd9799dbf-20261007-context-20dec9a14f41-54e18bc1f938.json
A	verification/requirement-coverage-NREQ-dba22c5f93e4359c4b7d4ebdd9799dbf-20261006-followup-1d5b52212a4c.json	28360f7e6581df145fe288073e639dc6680468396d6c4d4de248fedb1902a976	CURRENT_HASH_MATCHES_RETAINED_SCOPED_REVIEW_INPUT	verification/requirement-coverage-NREQ-dba22c5f93e4359c4b7d4ebdd9799dbf-20261007-context-20dec9a14f41-54e18bc1f938.json
A	verification/requirement-coverage-NREQ-dba22c5f93e4359c4b7d4ebdd9799dbf-20261006.json	9f45f8a6984d6744031b529926cadc09c4eff0eee74af88d0c8e6837d6891a26	CURRENT_HASH_MATCHES_RETAINED_SCOPED_REVIEW_INPUT	verification/requirement-coverage-NREQ-dba22c5f93e4359c4b7d4ebdd9799dbf-20261007-context-20dec9a14f41-54e18bc1f938.json
A	verification/requirement-coverage-NREQ-dba22c5f93e4359c4b7d4ebdd9799dbf-20261007-20dec9a14f41.json	ddf4d7cd1d195ce0822fa34e060f08a325ccdf893a8d45346bd11d70f7529dc7	CURRENT_HASH_REFERENCED_BY_RETAINED_DELTA_REVIEW	verification/current-source-delta-review-20261007.json
A	verification/requirement-coverage-NREQ-dba22c5f93e4359c4b7d4ebdd9799dbf-20261007-context-20dec9a14f41-54e18bc1f938.json	63b792a5f50a232d36498f5f21e730777566486905debb14abe51d7a913d50e7	CURRENT_ACTIVE_SCOPED_COVERAGE_REVIEW_RECORD	verification-assertion-bindings.json#NREQ-dba22c5f93e4359c4b7d4ebdd9799dbf
A	verification/requirement-coverage-NREQ-dd1241e76fbe641c1c88243ba947dc89-20261005.json	a1ae68e9b857aeb948f6a62f7749d312d57aa3b87b3c9f50c56693e75600d712	CURRENT_HASH_MATCHES_RETAINED_SCOPED_REVIEW_INPUT	verification/requirement-coverage-NREQ-dd1241e76fbe641c1c88243ba947dc89-20261007-context-d1b7c31332df-54e18bc1f938.json
A	verification/requirement-coverage-NREQ-dd1241e76fbe641c1c88243ba947dc89-20261006-followup-fdabd9a47acb.json	21b40bc7934fcdd2854f0e9fb188ebd49e995185a191bdccc7178d8a4e4b8d81	CURRENT_HASH_MATCHES_RETAINED_SCOPED_REVIEW_INPUT	verification/requirement-coverage-NREQ-dd1241e76fbe641c1c88243ba947dc89-20261007-context-d1b7c31332df-54e18bc1f938.json
A	verification/requirement-coverage-NREQ-dd1241e76fbe641c1c88243ba947dc89-20261006.json	7e27f795d56ade7fae685168a0ae575b513439b395740e869e8139360b15d5bf	CURRENT_HASH_MATCHES_RETAINED_SCOPED_REVIEW_INPUT	verification/requirement-coverage-NREQ-dd1241e76fbe641c1c88243ba947dc89-20261007-context-d1b7c31332df-54e18bc1f938.json
A	verification/requirement-coverage-NREQ-dd1241e76fbe641c1c88243ba947dc89-20261007-context-d1b7c31332df-54e18bc1f938.json	1ea1a34b1bed6e6d5a3a52f5bc2ce01d4b7e187cf3d3fa8ed812a11553ca152f	CURRENT_ACTIVE_SCOPED_COVERAGE_REVIEW_RECORD	verification-assertion-bindings.json#NREQ-dd1241e76fbe641c1c88243ba947dc89
A	verification/requirement-coverage-NREQ-dd1241e76fbe641c1c88243ba947dc89-20261007-d1b7c31332df.json	bad48d660180dbb04681295de9df4e9910be1016b78cab2fbac2f76be25d927f	CURRENT_HASH_REFERENCED_BY_RETAINED_DELTA_REVIEW	verification/current-source-delta-review-20261007.json
A	verification/requirement-coverage-NREQ-ddf7192c16e06f5276d4d324b2e1f6c3-20261005.json	4d4fc69bd279baf9785a6e95bd306205dc921c0194fb567fe4d2f7c52a0f45bd	CURRENT_HASH_MATCHES_RETAINED_SCOPED_REVIEW_INPUT	verification/requirement-coverage-NREQ-ddf7192c16e06f5276d4d324b2e1f6c3-20261007-context-471ddf5379c5-54e18bc1f938.json
A	verification/requirement-coverage-NREQ-ddf7192c16e06f5276d4d324b2e1f6c3-20261006-followup-7263e564ea9b.json	218b5c9f3c55a672125efd849053e54bfdacaf2ad6adf659abd1db19a244f488	CURRENT_HASH_MATCHES_RETAINED_SCOPED_REVIEW_INPUT	verification/requirement-coverage-NREQ-ddf7192c16e06f5276d4d324b2e1f6c3-20261007-context-471ddf5379c5-54e18bc1f938.json
A	verification/requirement-coverage-NREQ-ddf7192c16e06f5276d4d324b2e1f6c3-20261006.json	2f3e46fa3865df2f0408bb42577e10723aa7f26a88e40a6ae551496c30878184	CURRENT_HASH_MATCHES_RETAINED_SCOPED_REVIEW_INPUT	verification/requirement-coverage-NREQ-ddf7192c16e06f5276d4d324b2e1f6c3-20261007-context-471ddf5379c5-54e18bc1f938.json
A	verification/requirement-coverage-NREQ-ddf7192c16e06f5276d4d324b2e1f6c3-20261007-471ddf5379c5.json	ff045b7125b0514871029b59b989561379a0278ce1514a35f02e45398a0bb723	CURRENT_HASH_REFERENCED_BY_RETAINED_DELTA_REVIEW	verification/current-source-delta-review-20261007.json
A	verification/requirement-coverage-NREQ-ddf7192c16e06f5276d4d324b2e1f6c3-20261007-context-471ddf5379c5-54e18bc1f938.json	563422ab3638457b79cb0d782f940fe85a2a50521d963aafc0ea291e2e911436	CURRENT_ACTIVE_SCOPED_COVERAGE_REVIEW_RECORD	verification-assertion-bindings.json#NREQ-ddf7192c16e06f5276d4d324b2e1f6c3
A	verification/requirement-coverage-NREQ-e0b91994f249e0b795ab80a6e3f4a4a2-20261005.json	1450665ca9002f79029fffcf90404e815c2f9d382a177e0503f1301407913eff	CURRENT_HASH_MATCHES_RETAINED_SCOPED_REVIEW_INPUT	verification/requirement-coverage-NREQ-e0b91994f249e0b795ab80a6e3f4a4a2-20261007-context-b609fa37652f-54e18bc1f938.json
A	verification/requirement-coverage-NREQ-e0b91994f249e0b795ab80a6e3f4a4a2-20261006-followup-f8ed37f738e9.json	a1ab418f37a5221aef96019faa4e7eff11120db50c25082d640f827ce6088a07	CURRENT_HASH_MATCHES_RETAINED_SCOPED_REVIEW_INPUT	verification/requirement-coverage-NREQ-e0b91994f249e0b795ab80a6e3f4a4a2-20261007-context-b609fa37652f-54e18bc1f938.json
A	verification/requirement-coverage-NREQ-e0b91994f249e0b795ab80a6e3f4a4a2-20261006.json	e9c67f51707deb6792bb23f3d5bf172ed112a0f14507bc4ae19bbbec3dd3cba9	CURRENT_HASH_MATCHES_RETAINED_SCOPED_REVIEW_INPUT	verification/requirement-coverage-NREQ-e0b91994f249e0b795ab80a6e3f4a4a2-20261007-context-b609fa37652f-54e18bc1f938.json
A	verification/requirement-coverage-NREQ-e0b91994f249e0b795ab80a6e3f4a4a2-20261007-b609fa37652f.json	6336ae6d22d3666406e4f0f399b40e029a37b2c55e315ad2d705fed271585138	CURRENT_HASH_REFERENCED_BY_RETAINED_DELTA_REVIEW	verification/current-source-delta-review-20261007.json
A	verification/requirement-coverage-NREQ-e0b91994f249e0b795ab80a6e3f4a4a2-20261007-context-b609fa37652f-54e18bc1f938.json	94c75b62387e01e68b412aa0be7e2fda17145539d559d6fac77075f6c282d480	CURRENT_ACTIVE_SCOPED_COVERAGE_REVIEW_RECORD	verification-assertion-bindings.json#NREQ-e0b91994f249e0b795ab80a6e3f4a4a2
A	verification/requirement-coverage-NREQ-e1a8ce05f1d7a97c385039fd3bd71143-20261005.json	1663f919e2bf1b438e586fe53446a2372e7c2a280722061269a809ef790942ea	CURRENT_HASH_MATCHES_RETAINED_SCOPED_REVIEW_INPUT	verification/requirement-coverage-NREQ-e1a8ce05f1d7a97c385039fd3bd71143-20261007-context-6e9650794698-54e18bc1f938.json
A	verification/requirement-coverage-NREQ-e1a8ce05f1d7a97c385039fd3bd71143-20261006-followup-af66493a8c34.json	18b1c0108df6643c88ca0370bb71fd880c33622a33a21b1e0427ed00b3899fd8	CURRENT_HASH_MATCHES_RETAINED_SCOPED_REVIEW_INPUT	verification/requirement-coverage-NREQ-e1a8ce05f1d7a97c385039fd3bd71143-20261007-context-6e9650794698-54e18bc1f938.json
A	verification/requirement-coverage-NREQ-e1a8ce05f1d7a97c385039fd3bd71143-20261006.json	1e63b0268b31b24bcdefceb06e105c366467aba797b34b1baad5bc1a9538a4e9	CURRENT_HASH_MATCHES_RETAINED_SCOPED_REVIEW_INPUT	verification/requirement-coverage-NREQ-e1a8ce05f1d7a97c385039fd3bd71143-20261007-context-6e9650794698-54e18bc1f938.json
A	verification/requirement-coverage-NREQ-e1a8ce05f1d7a97c385039fd3bd71143-20261007-6e9650794698.json	757df498267c4391b03d3a02eb5459338763b1e8b08746b36be83bed595509f2	CURRENT_HASH_REFERENCED_BY_RETAINED_DELTA_REVIEW	verification/current-source-delta-review-20261007.json
A	verification/requirement-coverage-NREQ-e1a8ce05f1d7a97c385039fd3bd71143-20261007-context-6e9650794698-54e18bc1f938.json	81a448aac80c4d11a3a944544bbd274cb081dff9ba6ca4ddd3bb75f4f7f6d209	CURRENT_ACTIVE_SCOPED_COVERAGE_REVIEW_RECORD	verification-assertion-bindings.json#NREQ-e1a8ce05f1d7a97c385039fd3bd71143
A	verification/requirement-coverage-NREQ-e2c966ff2db0502c8d0f2d40e87f4262-20261005.json	e6fb328e29cb065d8e980ec84243cfa008ac244be1791ff6fd87b01a7051bd54	CURRENT_HASH_MATCHES_RETAINED_SCOPED_REVIEW_INPUT	verification/requirement-coverage-NREQ-e2c966ff2db0502c8d0f2d40e87f4262-20261007-context-c6d95e2cb2e2-54e18bc1f938.json
A	verification/requirement-coverage-NREQ-e2c966ff2db0502c8d0f2d40e87f4262-20261006-followup-3880e0826bb1.json	c888f02007763653655d4acea109b538312f016019b92b36d7798c70a04daa28	CURRENT_HASH_MATCHES_RETAINED_SCOPED_REVIEW_INPUT	verification/requirement-coverage-NREQ-e2c966ff2db0502c8d0f2d40e87f4262-20261007-context-c6d95e2cb2e2-54e18bc1f938.json
A	verification/requirement-coverage-NREQ-e2c966ff2db0502c8d0f2d40e87f4262-20261006.json	e2284725dd276815d793e8872d4808395de576fe3df9f26fe1c9a4d3369eaf23	CURRENT_HASH_MATCHES_RETAINED_SCOPED_REVIEW_INPUT	verification/requirement-coverage-NREQ-e2c966ff2db0502c8d0f2d40e87f4262-20261007-context-c6d95e2cb2e2-54e18bc1f938.json
A	verification/requirement-coverage-NREQ-e2c966ff2db0502c8d0f2d40e87f4262-20261007-0a4dc657dba6.json	7ca65538db15d1e32c37bb0c8ede32b18b01d780bf88bdeb2909b1a0631030a4	CURRENT_HASH_REFERENCED_BY_RETAINED_DELTA_REVIEW	verification/current-source-delta-review-20261007.json
A	verification/requirement-coverage-NREQ-e2c966ff2db0502c8d0f2d40e87f4262-20261007-context-c6d95e2cb2e2-54e18bc1f938.json	c3befd6172d950b277bb7f8750f576dadb0b954b3044e7ecc224ceb2fbad2e06	CURRENT_ACTIVE_SCOPED_COVERAGE_REVIEW_RECORD	verification-assertion-bindings.json#NREQ-e2c966ff2db0502c8d0f2d40e87f4262
A	verification/requirement-coverage-NREQ-e5db8a7c723f5b54ada73ce37c7725a2-20261005.json	af1810d7deaef9d80d447d71af3c8a96f363aadaf94b6108a94bce04b97c8f04	CURRENT_HASH_MATCHES_RETAINED_SCOPED_REVIEW_INPUT	verification/requirement-coverage-NREQ-e5db8a7c723f5b54ada73ce37c7725a2-20261007-context-6d038e318a4a-54e18bc1f938.json
A	verification/requirement-coverage-NREQ-e5db8a7c723f5b54ada73ce37c7725a2-20261006-followup-53064e75189e.json	b7702a06ba6eed03186eacf686cb8c1bf8836bc3f4b768fa49b2c2d89c760bf4	CURRENT_HASH_MATCHES_RETAINED_SCOPED_REVIEW_INPUT	verification/requirement-coverage-NREQ-e5db8a7c723f5b54ada73ce37c7725a2-20261007-context-6d038e318a4a-54e18bc1f938.json
A	verification/requirement-coverage-NREQ-e5db8a7c723f5b54ada73ce37c7725a2-20261006.json	906f6ca3b54472495b0a842a20ab1338ff950b970b2bd37814ed07d119101cd6	CURRENT_HASH_MATCHES_RETAINED_SCOPED_REVIEW_INPUT	verification/requirement-coverage-NREQ-e5db8a7c723f5b54ada73ce37c7725a2-20261007-context-6d038e318a4a-54e18bc1f938.json
A	verification/requirement-coverage-NREQ-e5db8a7c723f5b54ada73ce37c7725a2-20261007-6d038e318a4a.json	c201ad525ec4d8d0fa062a234fbf37b492459bc2a018a6df7b5a06227c2d8936	CURRENT_HASH_REFERENCED_BY_RETAINED_DELTA_REVIEW	verification/current-source-delta-review-20261007.json
A	verification/requirement-coverage-NREQ-e5db8a7c723f5b54ada73ce37c7725a2-20261007-context-6d038e318a4a-54e18bc1f938.json	118fd9294c04337b5fc29fc6c1776224d86a610eb29b05772da6a99fe11fd17b	CURRENT_ACTIVE_SCOPED_COVERAGE_REVIEW_RECORD	verification-assertion-bindings.json#NREQ-e5db8a7c723f5b54ada73ce37c7725a2
A	verification/requirement-coverage-NREQ-ea453611a3a1f48cdd2fbfbe946d7ac7-20261006-followup-42b0470a2dcc.json	e446b9838962882498a057a7e9c476b90d4637facb60af0c63e81180bd9204b9	CURRENT_HASH_MATCHES_RETAINED_SCOPED_REVIEW_INPUT	verification/requirement-coverage-NREQ-ea453611a3a1f48cdd2fbfbe946d7ac7-20261007-context-5fb3beeac070-54e18bc1f938.json
A	verification/requirement-coverage-NREQ-ea453611a3a1f48cdd2fbfbe946d7ac7-20261006.json	6015f908837c8c9f9657700da4c9daae04e1cb4e100020c819b4c8f89601cd3d	CURRENT_HASH_MATCHES_RETAINED_SCOPED_REVIEW_INPUT	verification/requirement-coverage-NREQ-ea453611a3a1f48cdd2fbfbe946d7ac7-20261007-context-5fb3beeac070-54e18bc1f938.json
A	verification/requirement-coverage-NREQ-ea453611a3a1f48cdd2fbfbe946d7ac7-20261007-4bab29605585.json	7d77bd21c6bc0853240e7af6c0d7461ad3f5103bab87786de33026114219a340	CURRENT_HASH_REFERENCED_BY_RETAINED_DELTA_REVIEW	verification/current-source-delta-review-20261007.json
A	verification/requirement-coverage-NREQ-ea453611a3a1f48cdd2fbfbe946d7ac7-20261007-context-5fb3beeac070-54e18bc1f938.json	831d7ee45c75eab27437927b85d84e92608cc019bd414ce7037cf072a343b0ef	CURRENT_ACTIVE_SCOPED_COVERAGE_REVIEW_RECORD	verification-assertion-bindings.json#NREQ-ea453611a3a1f48cdd2fbfbe946d7ac7
A	verification/requirement-coverage-NREQ-ebadc5f449d2029613a3af4b31f78c6f-20261005.json	b463d021b6a538491f64ae2a0e812bfe2ddb2392cc8adb44f3f1aacb16448f58	CURRENT_HASH_MATCHES_RETAINED_SCOPED_REVIEW_INPUT	verification/requirement-coverage-NREQ-ebadc5f449d2029613a3af4b31f78c6f-20261007-context-4fd7fab953a6-54e18bc1f938.json
A	verification/requirement-coverage-NREQ-ebadc5f449d2029613a3af4b31f78c6f-20261006-followup-dafd72e85d1b.json	c49392e88246ca4f5b347944d092791cde95eaf0787550f77310a0512a74a41b	CURRENT_HASH_MATCHES_RETAINED_SCOPED_REVIEW_INPUT	verification/requirement-coverage-NREQ-ebadc5f449d2029613a3af4b31f78c6f-20261007-context-4fd7fab953a6-54e18bc1f938.json
A	verification/requirement-coverage-NREQ-ebadc5f449d2029613a3af4b31f78c6f-20261006.json	9358dde3be5df3e60334138d2fb84fcb58825c7cf5bd9ba07d04c15e291e4af1	CURRENT_HASH_MATCHES_RETAINED_SCOPED_REVIEW_INPUT	verification/requirement-coverage-NREQ-ebadc5f449d2029613a3af4b31f78c6f-20261007-context-4fd7fab953a6-54e18bc1f938.json
A	verification/requirement-coverage-NREQ-ebadc5f449d2029613a3af4b31f78c6f-20261007-18171b0ab481.json	a4a451dbb4fc875d8c1a1d104c87eef11da9d4f544fcd42119ba56f378589fa7	CURRENT_HASH_REFERENCED_BY_RETAINED_DELTA_REVIEW	verification/current-source-delta-review-20261007.json
A	verification/requirement-coverage-NREQ-ebadc5f449d2029613a3af4b31f78c6f-20261007-context-4fd7fab953a6-54e18bc1f938.json	05e2f4989e3e4b32cace6ede9fecbc18345fe8cdc8b2a5d1ac167ee79e9ef3b9	CURRENT_ACTIVE_SCOPED_COVERAGE_REVIEW_RECORD	verification-assertion-bindings.json#NREQ-ebadc5f449d2029613a3af4b31f78c6f
A	verification/requirement-coverage-NREQ-ec756b9a468c4ea50f2d35c578a1a11a-20261005.json	7018f833bb8428bcbee961527fddc1b220173ea385bde4a4edd2b33703807583	CURRENT_HASH_MATCHES_RETAINED_SCOPED_REVIEW_INPUT	verification/requirement-coverage-NREQ-ec756b9a468c4ea50f2d35c578a1a11a-20261007-context-5b0bc69cf0f7-54e18bc1f938.json
A	verification/requirement-coverage-NREQ-ec756b9a468c4ea50f2d35c578a1a11a-20261006-followup-6b4550ef4468.json	8c8e8b5ebf6291784ea61069995319e94fa32a7ea2531a6d4b64f1234b224b7d	CURRENT_HASH_MATCHES_RETAINED_SCOPED_REVIEW_INPUT	verification/requirement-coverage-NREQ-ec756b9a468c4ea50f2d35c578a1a11a-20261007-context-5b0bc69cf0f7-54e18bc1f938.json
A	verification/requirement-coverage-NREQ-ec756b9a468c4ea50f2d35c578a1a11a-20261006.json	73efc27afac2d2413ed982e3740c986ba9fbbd695e1f8e5594852c09a170adcb	CURRENT_HASH_MATCHES_RETAINED_SCOPED_REVIEW_INPUT	verification/requirement-coverage-NREQ-ec756b9a468c4ea50f2d35c578a1a11a-20261007-context-5b0bc69cf0f7-54e18bc1f938.json
A	verification/requirement-coverage-NREQ-ec756b9a468c4ea50f2d35c578a1a11a-20261007-5b0bc69cf0f7.json	540de56d12442bca77c200ae7db73751d133fa0b1ffa25695ca81f36f41a8a05	CURRENT_HASH_REFERENCED_BY_RETAINED_DELTA_REVIEW	verification/current-source-delta-review-20261007.json
A	verification/requirement-coverage-NREQ-ec756b9a468c4ea50f2d35c578a1a11a-20261007-context-5b0bc69cf0f7-54e18bc1f938.json	34b9a14e77eb25fe68bc2923cb16a873b306b1b254c8758bf4a6ddf76886f5ab	CURRENT_ACTIVE_SCOPED_COVERAGE_REVIEW_RECORD	verification-assertion-bindings.json#NREQ-ec756b9a468c4ea50f2d35c578a1a11a
A	verification/requirement-coverage-NREQ-ee95aae3e46bebd05ef8469aff39c9da-20261005.json	ae66c84ae770b8dc9c4612525c626e78afcbe88a383c173f18e6a8de6748079e	CURRENT_HASH_MATCHES_RETAINED_SCOPED_REVIEW_INPUT	verification/requirement-coverage-NREQ-ee95aae3e46bebd05ef8469aff39c9da-20261007-context-4ab906314fee-54e18bc1f938.json
A	verification/requirement-coverage-NREQ-ee95aae3e46bebd05ef8469aff39c9da-20261006-followup-3e7a3e06cd9f.json	220aefac214f1512a5a97317525b58e709be5db8f4b0bf196e108da8dfee94da	CURRENT_HASH_MATCHES_RETAINED_SCOPED_REVIEW_INPUT	verification/requirement-coverage-NREQ-ee95aae3e46bebd05ef8469aff39c9da-20261007-context-4ab906314fee-54e18bc1f938.json
A	verification/requirement-coverage-NREQ-ee95aae3e46bebd05ef8469aff39c9da-20261006.json	cb190126c5f8ec997129d18a65e9fd4a97a481b1a6999cc70864e23ac574f372	CURRENT_HASH_MATCHES_RETAINED_SCOPED_REVIEW_INPUT	verification/requirement-coverage-NREQ-ee95aae3e46bebd05ef8469aff39c9da-20261007-context-4ab906314fee-54e18bc1f938.json
A	verification/requirement-coverage-NREQ-ee95aae3e46bebd05ef8469aff39c9da-20261007-4ab906314fee.json	8528a82ebdb7ec89bdd910aae9529dbcd3404f7e6e0042d5913baeb44fbbddff	CURRENT_HASH_REFERENCED_BY_RETAINED_DELTA_REVIEW	verification/current-source-delta-review-20261007.json
A	verification/requirement-coverage-NREQ-ee95aae3e46bebd05ef8469aff39c9da-20261007-context-4ab906314fee-54e18bc1f938.json	0bf6ade2511f72f208cf04b6af4f280b9ab2f95df1454c0eaa7159f4956b4514	CURRENT_ACTIVE_SCOPED_COVERAGE_REVIEW_RECORD	verification-assertion-bindings.json#NREQ-ee95aae3e46bebd05ef8469aff39c9da
A	verification/requirement-coverage-NREQ-efa519285f6f28591dc9ad7936c1caa6-20261005.json	1b73f59428384d6c96be575a7581d253f45a0d1ca682cbbc912ae58e5ea8062d	CURRENT_HASH_MATCHES_RETAINED_SCOPED_REVIEW_INPUT	verification/requirement-coverage-NREQ-efa519285f6f28591dc9ad7936c1caa6-20261007-context-67b0bcc51a0a-54e18bc1f938.json
A	verification/requirement-coverage-NREQ-efa519285f6f28591dc9ad7936c1caa6-20261006-followup-34270d170c41.json	b8b4cc9df183fc0439a03a4031f40d58f5f5e858c8849d046335bee242d2cc2a	CURRENT_HASH_MATCHES_RETAINED_SCOPED_REVIEW_INPUT	verification/requirement-coverage-NREQ-efa519285f6f28591dc9ad7936c1caa6-20261007-context-67b0bcc51a0a-54e18bc1f938.json
A	verification/requirement-coverage-NREQ-efa519285f6f28591dc9ad7936c1caa6-20261006.json	76de53ab882a4cb4826745b2c69683cde5dcdaf3feb6c1673a554e195c56588c	CURRENT_HASH_MATCHES_RETAINED_SCOPED_REVIEW_INPUT	verification/requirement-coverage-NREQ-efa519285f6f28591dc9ad7936c1caa6-20261007-context-67b0bcc51a0a-54e18bc1f938.json
A	verification/requirement-coverage-NREQ-efa519285f6f28591dc9ad7936c1caa6-20261007-67b0bcc51a0a.json	a8e9f02296556555e4f4b38d9f53330a99d1d2cc473ba8b4f9532f2badd7f75e	CURRENT_HASH_REFERENCED_BY_RETAINED_DELTA_REVIEW	verification/current-source-delta-review-20261007.json
A	verification/requirement-coverage-NREQ-efa519285f6f28591dc9ad7936c1caa6-20261007-context-67b0bcc51a0a-54e18bc1f938.json	fa69ea67c47b69633c2488a184fd11ea435f47a018a72c530b68da57cf053b94	CURRENT_ACTIVE_SCOPED_COVERAGE_REVIEW_RECORD	verification-assertion-bindings.json#NREQ-efa519285f6f28591dc9ad7936c1caa6
A	verification/requirement-coverage-NREQ-f0d3896f2d4c46e85ce52981147764ef-20261005.json	227c0281fa8064427f0e7a5dbdab6bc1aa62bc16f3ab031413fd47d2a82ec33a	CURRENT_HASH_MATCHES_RETAINED_SCOPED_REVIEW_INPUT	verification/requirement-coverage-NREQ-f0d3896f2d4c46e85ce52981147764ef-20261007-context-01afc04c65c4-54e18bc1f938.json
A	verification/requirement-coverage-NREQ-f0d3896f2d4c46e85ce52981147764ef-20261006-followup-f405fe983ae6.json	5cb85c9505169e98492ced848b8722913c0e7befe11e79d32d9bf5884f855396	CURRENT_HASH_MATCHES_RETAINED_SCOPED_REVIEW_INPUT	verification/requirement-coverage-NREQ-f0d3896f2d4c46e85ce52981147764ef-20261007-context-01afc04c65c4-54e18bc1f938.json
A	verification/requirement-coverage-NREQ-f0d3896f2d4c46e85ce52981147764ef-20261006.json	50fc70a0c1437e1008551e4df00fe37dd438cc83da61b88f0edd251f0c3d257c	CURRENT_HASH_MATCHES_RETAINED_SCOPED_REVIEW_INPUT	verification/requirement-coverage-NREQ-f0d3896f2d4c46e85ce52981147764ef-20261007-context-01afc04c65c4-54e18bc1f938.json
A	verification/requirement-coverage-NREQ-f0d3896f2d4c46e85ce52981147764ef-20261007-01afc04c65c4.json	c7ff1b30ff034ad7b8519f7a2d0b22c414bc250c411d383f932e2b69bd480bf7	CURRENT_HASH_REFERENCED_BY_RETAINED_DELTA_REVIEW	verification/current-source-delta-review-20261007.json
A	verification/requirement-coverage-NREQ-f0d3896f2d4c46e85ce52981147764ef-20261007-context-01afc04c65c4-54e18bc1f938.json	472244457d4a83b102a62d56f14bb256d538ff408d36bfdb9d60d4a341cc29e4	CURRENT_ACTIVE_SCOPED_COVERAGE_REVIEW_RECORD	verification-assertion-bindings.json#NREQ-f0d3896f2d4c46e85ce52981147764ef
A	verification/requirement-coverage-NREQ-f1919b51ebfc8561d0140c02cbf08abd-20261005.json	d222fa2fd7c4285c511f9996d7f480b12766409fefe756b386cb7762abc9f455	CURRENT_HASH_MATCHES_RETAINED_SCOPED_REVIEW_INPUT	verification/requirement-coverage-NREQ-f1919b51ebfc8561d0140c02cbf08abd-20261007-context-5b509fd997c1-54e18bc1f938.json
A	verification/requirement-coverage-NREQ-f1919b51ebfc8561d0140c02cbf08abd-20261006-followup-414222a6ddd9.json	aa70fa814f1e3708778663a843a92a917986f483ac02d9740e879f8e45234866	CURRENT_HASH_MATCHES_RETAINED_SCOPED_REVIEW_INPUT	verification/requirement-coverage-NREQ-f1919b51ebfc8561d0140c02cbf08abd-20261007-context-5b509fd997c1-54e18bc1f938.json
A	verification/requirement-coverage-NREQ-f1919b51ebfc8561d0140c02cbf08abd-20261006.json	fe7612ea3156dc45955e44c40b0d3caf7b50976641f9819e5b328bd73d65c911	CURRENT_HASH_MATCHES_RETAINED_SCOPED_REVIEW_INPUT	verification/requirement-coverage-NREQ-f1919b51ebfc8561d0140c02cbf08abd-20261007-context-5b509fd997c1-54e18bc1f938.json
A	verification/requirement-coverage-NREQ-f1919b51ebfc8561d0140c02cbf08abd-20261007-084940a86716.json	6f6ba392f0be94ad1c4b3323e31f4f10f0b87441146c7ac4be536f4cbaa5cab9	CURRENT_HASH_REFERENCED_BY_RETAINED_DELTA_REVIEW	verification/current-source-delta-review-20261007.json
A	verification/requirement-coverage-NREQ-f1919b51ebfc8561d0140c02cbf08abd-20261007-context-5b509fd997c1-54e18bc1f938.json	59f1171a8a2f28544e9b5f33b2a9b6bcdc4abcf4ad3bd409efa0d3712a001c30	CURRENT_ACTIVE_SCOPED_COVERAGE_REVIEW_RECORD	verification-assertion-bindings.json#NREQ-f1919b51ebfc8561d0140c02cbf08abd
A	verification/requirement-coverage-NREQ-f295ec535d0d117429de1cced6886a6e-20261005.json	da3f2cbf6808a8b8b0e419d12eabc972e3942a893211626dca8382aa9faefead	CURRENT_HASH_MATCHES_RETAINED_SCOPED_REVIEW_INPUT	verification/requirement-coverage-NREQ-f295ec535d0d117429de1cced6886a6e-20261007-context-c064f5db48cd-54e18bc1f938.json
A	verification/requirement-coverage-NREQ-f295ec535d0d117429de1cced6886a6e-20261006-followup-f39b9cdad261.json	fe27232d6705b0d0a83ccda5ce03be2f4613217b8d9d3dd3af2755cfcc6060db	CURRENT_HASH_MATCHES_RETAINED_SCOPED_REVIEW_INPUT	verification/requirement-coverage-NREQ-f295ec535d0d117429de1cced6886a6e-20261007-context-c064f5db48cd-54e18bc1f938.json
A	verification/requirement-coverage-NREQ-f295ec535d0d117429de1cced6886a6e-20261006.json	9d227381b55a81ac010a3d2ee6510ce48a3cae20cb5c954389f15dabcc885886	CURRENT_HASH_MATCHES_RETAINED_SCOPED_REVIEW_INPUT	verification/requirement-coverage-NREQ-f295ec535d0d117429de1cced6886a6e-20261007-context-c064f5db48cd-54e18bc1f938.json
A	verification/requirement-coverage-NREQ-f295ec535d0d117429de1cced6886a6e-20261007-c064f5db48cd.json	676fb17112ed2d33de3becde355c7837102e9d322660b53ae135cd6d3fb7502e	CURRENT_HASH_REFERENCED_BY_RETAINED_DELTA_REVIEW	verification/current-source-delta-review-20261007.json
A	verification/requirement-coverage-NREQ-f295ec535d0d117429de1cced6886a6e-20261007-context-c064f5db48cd-54e18bc1f938.json	4b19b5f2ac97b3b3754ca637d884d0ce2c4e130ad95acd1281e80573a21dad76	CURRENT_ACTIVE_SCOPED_COVERAGE_REVIEW_RECORD	verification-assertion-bindings.json#NREQ-f295ec535d0d117429de1cced6886a6e
A	verification/requirement-coverage-NREQ-f2d6f77dfa27e853d7eb5dab69be388d-20261005.json	7e8408ebd3d06af07ec0294ea3e0fe981c195290f479048f72e2171c88d2db32	CURRENT_HASH_MATCHES_RETAINED_SCOPED_REVIEW_INPUT	verification/requirement-coverage-NREQ-f2d6f77dfa27e853d7eb5dab69be388d-20261007-context-e9122d35086e-54e18bc1f938.json
A	verification/requirement-coverage-NREQ-f2d6f77dfa27e853d7eb5dab69be388d-20261006-followup-be0343ea9086.json	9e762d96437fb794399c8e1e798f72dbbd0db3191951f4840dc545a4c569a561	CURRENT_HASH_MATCHES_RETAINED_SCOPED_REVIEW_INPUT	verification/requirement-coverage-NREQ-f2d6f77dfa27e853d7eb5dab69be388d-20261007-context-e9122d35086e-54e18bc1f938.json
A	verification/requirement-coverage-NREQ-f2d6f77dfa27e853d7eb5dab69be388d-20261006.json	cf5eb1cada143aef612f567ba48296e91727edfd492c3cfc369c14d67f45088a	CURRENT_HASH_MATCHES_RETAINED_SCOPED_REVIEW_INPUT	verification/requirement-coverage-NREQ-f2d6f77dfa27e853d7eb5dab69be388d-20261007-context-e9122d35086e-54e18bc1f938.json
A	verification/requirement-coverage-NREQ-f2d6f77dfa27e853d7eb5dab69be388d-20261007-4c065192f275.json	af878f9dc0c2f36ae01f89025711eb93f041be232f25e42b1d2656454d5f6bef	CURRENT_HASH_REFERENCED_BY_RETAINED_DELTA_REVIEW	verification/current-source-delta-review-20261007.json
A	verification/requirement-coverage-NREQ-f2d6f77dfa27e853d7eb5dab69be388d-20261007-context-e9122d35086e-54e18bc1f938.json	91c21b0bad7205ca506ac89f85bc0595e23cb80a63a276e68b3f8d5908f1d3e8	CURRENT_ACTIVE_SCOPED_COVERAGE_REVIEW_RECORD	verification-assertion-bindings.json#NREQ-f2d6f77dfa27e853d7eb5dab69be388d
A	verification/requirement-coverage-NREQ-f41a79c58369bd76c58ad7e831e953ce-20261005.json	2943fb8b9673435da603ec87e3b9229ce23f98d0be8c397f81960fff5ab1f735	CURRENT_HASH_MATCHES_RETAINED_SCOPED_REVIEW_INPUT	verification/requirement-coverage-NREQ-f41a79c58369bd76c58ad7e831e953ce-20261007-context-a6f639cd6cfc-54e18bc1f938.json
A	verification/requirement-coverage-NREQ-f41a79c58369bd76c58ad7e831e953ce-20261006-followup-1c927671ba38.json	08e8a16df4be514e11b6be1a339092c9f50814e36e87157835d0f23380694c57	CURRENT_HASH_MATCHES_RETAINED_SCOPED_REVIEW_INPUT	verification/requirement-coverage-NREQ-f41a79c58369bd76c58ad7e831e953ce-20261007-context-a6f639cd6cfc-54e18bc1f938.json
A	verification/requirement-coverage-NREQ-f41a79c58369bd76c58ad7e831e953ce-20261006.json	4d87f8e42f9b680689e8715ca65d0cd8ab23ee0f12cb607e831878635f91fe6c	CURRENT_HASH_MATCHES_RETAINED_SCOPED_REVIEW_INPUT	verification/requirement-coverage-NREQ-f41a79c58369bd76c58ad7e831e953ce-20261007-context-a6f639cd6cfc-54e18bc1f938.json
A	verification/requirement-coverage-NREQ-f41a79c58369bd76c58ad7e831e953ce-20261007-a6f639cd6cfc.json	323866fa0fccc13583f9a0fa65ecf0d165f3122d536b6b0bd590759472314d62	CURRENT_HASH_REFERENCED_BY_RETAINED_DELTA_REVIEW	verification/current-source-delta-review-20261007.json
A	verification/requirement-coverage-NREQ-f41a79c58369bd76c58ad7e831e953ce-20261007-context-a6f639cd6cfc-54e18bc1f938.json	e8a2a7214b038b75b0d9b9d3ab416513890719ec18b4cefc149340e2716591c9	CURRENT_ACTIVE_SCOPED_COVERAGE_REVIEW_RECORD	verification-assertion-bindings.json#NREQ-f41a79c58369bd76c58ad7e831e953ce
A	verification/requirement-coverage-NREQ-f50ee5baca83ff85d962de77d313fda6-20261005.json	c5849c5f6bab5f5910f45d7be81f69be21c515cc1d2537e06d5062dd1fa355c1	CURRENT_HASH_MATCHES_RETAINED_SCOPED_REVIEW_INPUT	verification/requirement-coverage-NREQ-f50ee5baca83ff85d962de77d313fda6-20261007-context-fd5c589d06d2-54e18bc1f938.json
A	verification/requirement-coverage-NREQ-f50ee5baca83ff85d962de77d313fda6-20261006-followup-4542293de4b8.json	61f6bbd22444d192cb6606fe4a4716455ab69769b71d9cd15a3155b546b1d94e	CURRENT_HASH_MATCHES_RETAINED_SCOPED_REVIEW_INPUT	verification/requirement-coverage-NREQ-f50ee5baca83ff85d962de77d313fda6-20261007-context-fd5c589d06d2-54e18bc1f938.json
A	verification/requirement-coverage-NREQ-f50ee5baca83ff85d962de77d313fda6-20261006.json	16ae0fe99b98267fb2aa6cd1365f9fe501b57088c789d832c17ab288513bf7b2	CURRENT_HASH_MATCHES_RETAINED_SCOPED_REVIEW_INPUT	verification/requirement-coverage-NREQ-f50ee5baca83ff85d962de77d313fda6-20261007-context-fd5c589d06d2-54e18bc1f938.json
A	verification/requirement-coverage-NREQ-f50ee5baca83ff85d962de77d313fda6-20261007-context-fd5c589d06d2-54e18bc1f938.json	dbbcf9ac0a459aee6bd342903c9baca6f6a7d28bd590440c02f6f4a7f7a984f6	CURRENT_ACTIVE_SCOPED_COVERAGE_REVIEW_RECORD	verification-assertion-bindings.json#NREQ-f50ee5baca83ff85d962de77d313fda6
A	verification/requirement-coverage-NREQ-f50ee5baca83ff85d962de77d313fda6-20261007-fd5c589d06d2.json	e6a6c863aa15c98542e1c6057e0e8234e5033cc890eae6b4a52a1c54503039cc	CURRENT_HASH_REFERENCED_BY_RETAINED_DELTA_REVIEW	verification/current-source-delta-review-20261007.json
A	verification/requirement-coverage-NREQ-f6858b1d41ca1327e88e31e7f0e8f94f-20261005.json	67a949495fdc170fac85797518cb530419a387dcbc1d603b72d9790ba366b5e1	CURRENT_HASH_MATCHES_RETAINED_SCOPED_REVIEW_INPUT	verification/requirement-coverage-NREQ-f6858b1d41ca1327e88e31e7f0e8f94f-20261007-context-4f6feb334f83-54e18bc1f938.json
A	verification/requirement-coverage-NREQ-f6858b1d41ca1327e88e31e7f0e8f94f-20261006-followup-0f028e257439.json	94476d739e098889a69e3dd46a6b6f5694fa6992f7a278f6ba4e159dbc0ba809	CURRENT_HASH_MATCHES_RETAINED_SCOPED_REVIEW_INPUT	verification/requirement-coverage-NREQ-f6858b1d41ca1327e88e31e7f0e8f94f-20261007-context-4f6feb334f83-54e18bc1f938.json
A	verification/requirement-coverage-NREQ-f6858b1d41ca1327e88e31e7f0e8f94f-20261006.json	61b7ad65437feb7d5f4fb33eb6b91c5e6f592990203941a6911306e515416f63	CURRENT_HASH_MATCHES_RETAINED_SCOPED_REVIEW_INPUT	verification/requirement-coverage-NREQ-f6858b1d41ca1327e88e31e7f0e8f94f-20261007-context-4f6feb334f83-54e18bc1f938.json
A	verification/requirement-coverage-NREQ-f6858b1d41ca1327e88e31e7f0e8f94f-20261007-4f6feb334f83.json	7bf7d24614bd6d698a32d52d779a884150d5eac051e7542aee094878660485ee	CURRENT_HASH_REFERENCED_BY_RETAINED_DELTA_REVIEW	verification/current-source-delta-review-20261007.json
A	verification/requirement-coverage-NREQ-f6858b1d41ca1327e88e31e7f0e8f94f-20261007-context-4f6feb334f83-54e18bc1f938.json	4f2de24e4b98ce0dce50e068a737b0e117dc9aa283e67d4ffba77b2a7a78f385	CURRENT_ACTIVE_SCOPED_COVERAGE_REVIEW_RECORD	verification-assertion-bindings.json#NREQ-f6858b1d41ca1327e88e31e7f0e8f94f
A	verification/requirement-coverage-NREQ-f6e1df45974ccc5d32aafbc5f38dd535-20261005.json	dc25ec4683c3d13af16b147766cc78d2f97b32b53dd5d842f4c0198f7e2d1bca	CURRENT_HASH_MATCHES_RETAINED_SCOPED_REVIEW_INPUT	verification/requirement-coverage-NREQ-f6e1df45974ccc5d32aafbc5f38dd535-20261007-context-b48c49f827aa-54e18bc1f938.json
A	verification/requirement-coverage-NREQ-f6e1df45974ccc5d32aafbc5f38dd535-20261006-followup-66f32b298ecd.json	022f0fbe0b036fa66d7413c8254aaa0b48075de116172e91cca4940795ab2ff7	CURRENT_HASH_MATCHES_RETAINED_SCOPED_REVIEW_INPUT	verification/requirement-coverage-NREQ-f6e1df45974ccc5d32aafbc5f38dd535-20261007-context-b48c49f827aa-54e18bc1f938.json
A	verification/requirement-coverage-NREQ-f6e1df45974ccc5d32aafbc5f38dd535-20261006.json	e50c3671d3bf1b85639e9ae7ffd0736457f54ac5a93df14a6fa3c17346aabf5b	CURRENT_HASH_MATCHES_RETAINED_SCOPED_REVIEW_INPUT	verification/requirement-coverage-NREQ-f6e1df45974ccc5d32aafbc5f38dd535-20261007-context-b48c49f827aa-54e18bc1f938.json
A	verification/requirement-coverage-NREQ-f6e1df45974ccc5d32aafbc5f38dd535-20261007-b48c49f827aa.json	fd7590616e2f6135bc2ad8da8c6a5517aee7e8e974ddf0d221376bffd0eb0143	CURRENT_HASH_REFERENCED_BY_RETAINED_DELTA_REVIEW	verification/current-source-delta-review-20261007.json
A	verification/requirement-coverage-NREQ-f6e1df45974ccc5d32aafbc5f38dd535-20261007-context-b48c49f827aa-54e18bc1f938.json	21e5557145e387b97d480f686f0b64308f2a3127f3df517976d17f474564f8f3	CURRENT_ACTIVE_SCOPED_COVERAGE_REVIEW_RECORD	verification-assertion-bindings.json#NREQ-f6e1df45974ccc5d32aafbc5f38dd535
A	verification/requirement-coverage-NREQ-f9c8f3d1723060ee3fd3fa87ba2a4d75-20261005.json	9fa15c472b2022fe70a1be0022d37c53368cb4e50fd3e77c2d8e900fa9871869	CURRENT_HASH_MATCHES_RETAINED_SCOPED_REVIEW_INPUT	verification/requirement-coverage-NREQ-f9c8f3d1723060ee3fd3fa87ba2a4d75-20261007-context-0bef4700f599-54e18bc1f938.json
A	verification/requirement-coverage-NREQ-f9c8f3d1723060ee3fd3fa87ba2a4d75-20261006-followup-37918b6d97b0.json	6ff2f502b428e039c3457bf152c2a0ed1bb5998e203d821ee5933579c5ed126f	CURRENT_HASH_MATCHES_RETAINED_SCOPED_REVIEW_INPUT	verification/requirement-coverage-NREQ-f9c8f3d1723060ee3fd3fa87ba2a4d75-20261007-context-0bef4700f599-54e18bc1f938.json
A	verification/requirement-coverage-NREQ-f9c8f3d1723060ee3fd3fa87ba2a4d75-20261006.json	dac1d1df8736f7d1882e69fdea79eef8032836d4842ee8cba6c532794b19a481	CURRENT_HASH_MATCHES_RETAINED_SCOPED_REVIEW_INPUT	verification/requirement-coverage-NREQ-f9c8f3d1723060ee3fd3fa87ba2a4d75-20261007-context-0bef4700f599-54e18bc1f938.json
A	verification/requirement-coverage-NREQ-f9c8f3d1723060ee3fd3fa87ba2a4d75-20261007-0bef4700f599.json	7c91d4fbba09a962c440798e917617093faabf4eab84a9b366acb383c1ef6a8a	CURRENT_HASH_REFERENCED_BY_RETAINED_DELTA_REVIEW	verification/current-source-delta-review-20261007.json
A	verification/requirement-coverage-NREQ-f9c8f3d1723060ee3fd3fa87ba2a4d75-20261007-context-0bef4700f599-54e18bc1f938.json	6373937062f7c9753bf5df86b161a623fe839e0c17ef4a1808f813eea5468221	CURRENT_ACTIVE_SCOPED_COVERAGE_REVIEW_RECORD	verification-assertion-bindings.json#NREQ-f9c8f3d1723060ee3fd3fa87ba2a4d75
A	verification/runtime-storage-independent-delta-review-20261010.json	1aeddf08767ed1d3a70ff7d4f31d69a74cde85099cce89d8d7a0d0e97404542a	CURRENT_HASH_MATCHES_RETAINED_SCOPED_REVIEW_INPUT	verification/requirement-coverage-NREQ-012f85cfd2196b3413752b3deb14edf0-20261007-context-faf7fb1b8f5f-54e18bc1f938.json;verification/requirement-coverage-NREQ-04e156310ae4ecdd6915448e3f30e047-20261007-context-9f8a35215a69-54e18bc1f938.json;verification/requirement-coverage-NREQ-0774fcb2b6e2510d755133d371474ec8-20261007-context-d48d5f2a8e1a-54e18bc1f938.json;verification/requirement-coverage-NREQ-092f78e488e6282f342b533fa7801e3e-20261007-context-11d306878126-54e18bc1f938.json;verification/requirement-coverage-NREQ-0b73c99557630a5deeace7e89ea0e28f-20261007-context-70f6fc73db90-54e18bc1f938.json;verification/requirement-coverage-NREQ-0c973b955d61ee36887734df0ade5e69-20261007-context-aa211674369a-54e18bc1f938.json;verification/requirement-coverage-NREQ-0f5cdc9e49a6fb5b69455d4b2338448c-20261007-context-fb52feb719db-54e18bc1f938.json;verification/requirement-coverage-NREQ-0fe0693c63b640aac77aa7fa2ad3861d-20261007-context-e479a2d67661-54e18bc1f938.json;verification/requirement-coverage-NREQ-1000a70e39109bdb76b85fa6855a4892-20261007-context-fab4e794a047-54e18bc1f938.json;verification/requirement-coverage-NREQ-1543275bf85c6f452bce3c65a31dd691-20261007-context-bc25b407a6a7-54e18bc1f938.json;verification/requirement-coverage-NREQ-1576e27fba46e1d68631bb2ade2e37f4-20261007-context-f03bceab9e8e-54e18bc1f938.json;verification/requirement-coverage-NREQ-178819f4c44ad7250656e79d18a8cae3-20261007-context-c1c5855362aa-54e18bc1f938.json;verification/requirement-coverage-NREQ-18edc302ca3fad90513b66c585e688e6-20261007-context-c29757d88109-54e18bc1f938.json;verification/requirement-coverage-NREQ-1b07d67693ef773b4800dc6e06626b5b-20261007-context-dcaf72405bbe-54e18bc1f938.json;verification/requirement-coverage-NREQ-1cb8c122e35c6f4e36f01c95ea0d02c9-20261007-context-4e1b5cc17d08-54e18bc1f938.json;verification/requirement-coverage-NREQ-1e002259d64a939cee2f2a41f4bf3515-20261007-context-19c88e9b3697-54e18bc1f938.json;verification/requirement-coverage-NREQ-1f578d8524f1af57b280fd03422827f1-20261007-context-33c756e92bb7-54e18bc1f938.json;verification/requirement-coverage-NREQ-2046e21dd63ad76f992233d5582c716d-20261007-context-8d03363ebd61-54e18bc1f938.json;verification/requirement-coverage-NREQ-2174af2894ceaa1acb9a032113db659d-20261007-context-8376db0a1333-54e18bc1f938.json;verification/requirement-coverage-NREQ-229f56cf458329f04d589d3aa92b95e5-20261007-context-23fcc35649f3-54e18bc1f938.json;verification/requirement-coverage-NREQ-22cf265b2b952dcb7187618a915c98bd-20261007-context-78f2e077c3d8-54e18bc1f938.json;verification/requirement-coverage-NREQ-2323c8d363fd8c29f965d8c0e67549ae-20261007-context-cb02bb332e42-54e18bc1f938.json;verification/requirement-coverage-NREQ-2524a1d9ecc583bbd420778cfb147983-20261007-context-04970fd5ee41-54e18bc1f938.json;verification/requirement-coverage-NREQ-252dcf08d6bbe6a5893bc9cd551ef6ec-20261007-context-568f2f91efca-54e18bc1f938.json;verification/requirement-coverage-NREQ-255fe5112069486751f53087b1ab699e-20261007-context-608c37b31d30-54e18bc1f938.json;verification/requirement-coverage-NREQ-266e79545a48e7c4310883faa04e9844-20261007-context-7b27fb019885-54e18bc1f938.json;verification/requirement-coverage-NREQ-26b8cfa830777dd2bfa4c8aac620403c-20261007-context-08c3774267c0-54e18bc1f938.json;verification/requirement-coverage-NREQ-27cf5e6a8e4cf40ff1873bd4d059b3cd-20261007-context-079978627600-54e18bc1f938.json;verification/requirement-coverage-NREQ-27f437fe3040767de849d06a48cdb3c3-20261007-context-f1acc99ffcf8-54e18bc1f938.json;verification/requirement-coverage-NREQ-292af594522de75d72b35851b9befed4-20261007-context-e580690eff15-54e18bc1f938.json;verification/requirement-coverage-NREQ-2969c103b4ac33435f1e5d6c258a7b7b-20261007-context-857befb4ca6d-54e18bc1f938.json;verification/requirement-coverage-NREQ-2b14774ffd65e947a3d3deae3ad09c92-20261007-context-aa8204f96091-54e18bc1f938.json;verification/requirement-coverage-NREQ-318da161cc5f30f33449238ba3870773-20261007-context-123b97ea9f3d-54e18bc1f938.json;verification/requirement-coverage-NREQ-360281bfdd66bed29237ed7202962808-20261007-context-defd14234c9a-54e18bc1f938.json;verification/requirement-coverage-NREQ-39eba2aba9049ed18beade0c11e0c107-20261007-context-3f29c46a8871-54e18bc1f938.json;verification/requirement-coverage-NREQ-3a3ba3d92dd569d454e781fcccf7ac61-20261007-context-66b766ea1a5d-54e18bc1f938.json;verification/requirement-coverage-NREQ-41ab1c200b4ce5c9d1d96613a3e5b264-20261007-context-867dae61e345-54e18bc1f938.json;verification/requirement-coverage-NREQ-4363c0420b1bd921591c1f2446cfb8eb-20261007-context-de3533a949d5-54e18bc1f938.json;verification/requirement-coverage-NREQ-4592c9487837c81077b166abf57bb4a7-20261007-context-86ef01f1c3cb-54e18bc1f938.json;verification/requirement-coverage-NREQ-4b26e20f450b23eb551b2da03e69c9c9-20261007-context-07d6150a1321-54e18bc1f938.json;verification/requirement-coverage-NREQ-4b27c9f604f44c29404eacc12a59fd68-20261007-context-0ea535138580-54e18bc1f938.json;verification/requirement-coverage-NREQ-4bb54f6379863c0a17e6fbc58edcd042-20261007-context-c3df825e72e4-54e18bc1f938.json;verification/requirement-coverage-NREQ-4bb86ccfacff0ea8bbbc59df67b0ca4f-20261007-context-6dcc93386d57-54e18bc1f938.json;verification/requirement-coverage-NREQ-4d7b09d088c999d3c6e91a968cbe1a02-20261007-context-03745896590f-54e18bc1f938.json;verification/requirement-coverage-NREQ-5003532a6cda7a68c13be508fbf4d723-20261007-context-dccb85cd4973-54e18bc1f938.json;verification/requirement-coverage-NREQ-536910c50d3998944884b519e0d89555-20261007-context-0ceefe702ac1-54e18bc1f938.json;verification/requirement-coverage-NREQ-55dce831e47c4a26e093cc6134572e8f-20261007-context-b731d3ee0180-54e18bc1f938.json;verification/requirement-coverage-NREQ-55f458162d319bfbb710223b3528ef9f-20261007-context-5b104c0b9184-54e18bc1f938.json;verification/requirement-coverage-NREQ-57f8fa829a872f35948a81bd58477291-20261007-context-fd3ea3b718ef-54e18bc1f938.json;verification/requirement-coverage-NREQ-5811c65fa83521ee7afeedd602cec806-20261007-context-60e25b364eb4-54e18bc1f938.json;verification/requirement-coverage-NREQ-595ff4d66406e3bd9529e12f036c882b-20261007-context-b22989818f22-54e18bc1f938.json;verification/requirement-coverage-NREQ-59d5854af99ac5a566eb61e978519b21-20261007-context-e53573db3335-54e18bc1f938.json;verification/requirement-coverage-NREQ-5d9431875519d7cfc3188157a10d6bfc-20261007-context-6cff1723f402-54e18bc1f938.json;verification/requirement-coverage-NREQ-5dbdcf72dd32a519bb29fbf8250726d3-20261007-context-99eab70395b3-54e18bc1f938.json;verification/requirement-coverage-NREQ-5f9aa84ccae751c1692f148708a9288c-20261007-context-1a6ddd562cda-54e18bc1f938.json;verification/requirement-coverage-NREQ-5fe6282f6c99d8d0f13fdf06bb5317fa-20261007-context-b3f25a0a1514-54e18bc1f938.json;verification/requirement-coverage-NREQ-601ec85ffefcffd713520f4067f7529c-20261007-context-be7aad854ceb-54e18bc1f938.json;verification/requirement-coverage-NREQ-606a27b2b9b712e933dda6e0e7b0ce68-20261007-context-c717ae8f5d63-54e18bc1f938.json;verification/requirement-coverage-NREQ-647d36595971915d7c485a338ddc4013-20261007-context-661182e4e06d-54e18bc1f938.json;verification/requirement-coverage-NREQ-6a5e773812226552e3448329be3966cd-20261007-context-14f5a52593d0-54e18bc1f938.json;verification/requirement-coverage-NREQ-6fe30b5cb969bf2fb9daaabc3422ac38-20261007-context-2594d1e812f8-54e18bc1f938.json;verification/requirement-coverage-NREQ-70114fe79e900fc756a0d6cc14ea8f90-20261007-context-0322b753560e-54e18bc1f938.json;verification/requirement-coverage-NREQ-71896faa31bc64e94d98bc976e1e6f1d-20261007-context-def6b5edfdba-54e18bc1f938.json;verification/requirement-coverage-NREQ-72aa03a305fb8893a65d384f41d86aeb-20261007-context-6fb2556fc745-54e18bc1f938.json;verification/requirement-coverage-NREQ-72ba9c97f91e20a56d469fe3d4acf669-20261007-context-ce1798099b2f-54e18bc1f938.json;verification/requirement-coverage-NREQ-75151f881444015977da6a6d7d86cb1c-20261007-context-5c2a016004df-54e18bc1f938.json;verification/requirement-coverage-NREQ-7542acad543ceb37f7fb325baac0d9d0-20261007-context-1dab787f784f-54e18bc1f938.json;verification/requirement-coverage-NREQ-75b670fc6ea047b7452b4148f12a30ba-20261007-context-dfc64a21a246-54e18bc1f938.json;verification/requirement-coverage-NREQ-7643f1fb351e295ecb8565583cb9a37f-20261007-context-1fe2c84cf115-54e18bc1f938.json;verification/requirement-coverage-NREQ-768d67996244254c83c0d11796f63912-20261007-context-291bd5dd0e04-54e18bc1f938.json;verification/requirement-coverage-NREQ-78fef21919bbd7bb3bafba6f62210631-20261007-context-8f3806190781-54e18bc1f938.json;verification/requirement-coverage-NREQ-797b5fe50f9d13ae34d17cc98c7c8f24-20261007-context-0a94e402d167-54e18bc1f938.json;verification/requirement-coverage-NREQ-7a68fe07ee725cf205dd2102cd997b7f-20261007-context-652ecb1fe1af-54e18bc1f938.json;verification/requirement-coverage-NREQ-7add6f24a57198b72b500e5a2acf1ca6-20261007-context-6cba32557505-54e18bc1f938.json;verification/requirement-coverage-NREQ-7be2bf6dfeab825b0549d41a0151841e-20261007-context-4d745e4aa672-54e18bc1f938.json;verification/requirement-coverage-NREQ-7d91a0dd124e5a78fc01449f23a3e8fa-20261007-context-dfcfcb839c96-54e18bc1f938.json;verification/requirement-coverage-NREQ-829ac5f73d2b01828644e51c0675d6b6-20261007-context-b712f2bc0f59-54e18bc1f938.json;verification/requirement-coverage-NREQ-848909d4b95219bdb481803a4b1b91c2-20261007-context-73f60d480258-54e18bc1f938.json;verification/requirement-coverage-NREQ-853a934199459ed6bf419687ca08ba34-20261007-context-00fada70b5c9-54e18bc1f938.json;verification/requirement-coverage-NREQ-85b110cf9d0bf8e7e2a6ca34dcdee412-20261007-context-80144a03a02d-54e18bc1f938.json;verification/requirement-coverage-NREQ-86651d173d1583e48cf6c03f9d486f4f-20261007-context-327d2cc2c990-54e18bc1f938.json;verification/requirement-coverage-NREQ-87e7a29563e2235e49d5eea31da7db0c-20261007-context-04879b11d740-54e18bc1f938.json;verification/requirement-coverage-NREQ-8bb8790d8dd6c5082d6e0351c032cda5-20261007-context-ebd61b02b8d5-54e18bc1f938.json;verification/requirement-coverage-NREQ-8c2bdedb1f707a1a97695f7b0745365c-20261007-context-96450c77219a-54e18bc1f938.json;verification/requirement-coverage-NREQ-9050383f9f0b382f0fd9b465a0a20f78-20261007-context-cfc13d3d88ae-54e18bc1f938.json;verification/requirement-coverage-NREQ-925405b741265dbbc292d4f3a74c2bd6-20261007-context-acc52814e6d6-54e18bc1f938.json;verification/requirement-coverage-NREQ-928a65a08b403be3edc8b160ef9cc53c-20261007-context-bc514f8d980c-54e18bc1f938.json;verification/requirement-coverage-NREQ-928c9bbcf0101e2a0e4a0e69edc59164-20261007-context-c00b5434d55a-54e18bc1f938.json;verification/requirement-coverage-NREQ-931f08afd15144dcac6c7768f2c393d0-20261007-context-4eaa8fcb825e-54e18bc1f938.json;verification/requirement-coverage-NREQ-949f1919a3c7d66486dd74bbd084b71a-20261007-context-51d18e6898a2-54e18bc1f938.json;verification/requirement-coverage-NREQ-971af7158d193e9b1d780c13b6c8e0ec-20261007-context-3e84d85be560-54e18bc1f938.json;verification/requirement-coverage-NREQ-9b21240c5c27ee356dec92b459a0fcb9-20261007-context-f0585937ea82-54e18bc1f938.json;verification/requirement-coverage-NREQ-9e0ad66ef878f9e97c909997e976cc13-20261007-context-c8e259a009f0-54e18bc1f938.json;verification/requirement-coverage-NREQ-9e413bfc92a85655c990712d56002499-20261007-context-ce45300844ea-54e18bc1f938.json;verification/requirement-coverage-NREQ-a011968eff2ed2dc314d58ed27dfad88-20261007-context-87882d5bae07-54e18bc1f938.json;verification/requirement-coverage-NREQ-a0db6ddcb33d9af123b08d4d481c8ebd-20261007-context-6d4092da78f9-54e18bc1f938.json;verification/requirement-coverage-NREQ-a12012292224d4b4a0a9b1088c8c49d0-20261007-context-3fe1f1abe0f4-54e18bc1f938.json;verification/requirement-coverage-NREQ-a1bafeb7c6f6f12bf0c7b0f6fcadaab9-20261007-context-4b6563194ed6-54e18bc1f938.json;verification/requirement-coverage-NREQ-a3f1c0440fabe4b988fb5fca68a0487c-20261007-context-eac1ae13e05b-54e18bc1f938.json;verification/requirement-coverage-NREQ-a42ec803577aa8ccbe176ed8e20a8595-20261007-context-66547fe135c2-54e18bc1f938.json;verification/requirement-coverage-NREQ-a5e73329c9ae93f23b01a42d43179133-20261007-context-71a07396be34-54e18bc1f938.json;verification/requirement-coverage-NREQ-a6fb1ab9c309f702b7cd3d8c7f38cf8f-20261007-context-683bf6ce202e-54e18bc1f938.json;verification/requirement-coverage-NREQ-a7139de247d6263164ddc139ec1fe2ce-20261007-context-1e402d1c19b7-54e18bc1f938.json;verification/requirement-coverage-NREQ-a8822e7da5b9525a6c3e097b71e59183-20261007-context-c52dc24f6227-54e18bc1f938.json;verification/requirement-coverage-NREQ-a99b13aa6aa9c7ffa4b65010951f18ec-20261007-context-8e1c768bc690-54e18bc1f938.json;verification/requirement-coverage-NREQ-a9ef7326ce64b6049b07bdddd8d9d024-20261007-context-f1fcf2f90e43-54e18bc1f938.json;verification/requirement-coverage-NREQ-aa165dd96291b05acd70bf948f215d04-20261007-context-bb47e51ecefe-54e18bc1f938.json;verification/requirement-coverage-NREQ-aafc7cd5dc54af415d36425000d76acb-20261007-context-a26debd029d2-54e18bc1f938.json;verification/requirement-coverage-NREQ-ab9ab7c7ba110dfd3e0a5f8f5c9908cb-20261007-context-d64ec081ccf9-54e18bc1f938.json;verification/requirement-coverage-NREQ-ade9df74bf03ff347d7ae537fbfa738d-20261007-context-61a2341f94ae-54e18bc1f938.json;verification/requirement-coverage-NREQ-b04395198a63faa09666a1bfca300a1e-20261007-context-3d6d12bed622-54e18bc1f938.json;verification/requirement-coverage-NREQ-b14772d932b286c302b05996186c8022-20261007-context-53abd11134eb-54e18bc1f938.json;verification/requirement-coverage-NREQ-b366c2ac73e0e846627de23589a5a772-20261007-context-a26853843e41-54e18bc1f938.json;verification/requirement-coverage-NREQ-b3e8d9cffdde1f94d9d342ff0ed4f097-20261007-context-b36ec8d0d499-54e18bc1f938.json;verification/requirement-coverage-NREQ-b67c348ca653ff5a19ba01272dfd4262-20261007-context-d619c471e8d3-54e18bc1f938.json;verification/requirement-coverage-NREQ-b7b9ecdbceaad6aaefc9e55f7d5b3d48-20261007-context-08a2d1fe5fc7-54e18bc1f938.json;verification/requirement-coverage-NREQ-baa1c33b2e2490264f91881b06ff9da8-20261007-context-029f6195f4ba-54e18bc1f938.json;verification/requirement-coverage-NREQ-bc997511e2328af90b68d1898bcf6ed7-20261007-context-18574f44b5d8-54e18bc1f938.json;verification/requirement-coverage-NREQ-bde18b0504b7485cf77fad020a4a494b-20261007-context-90bbee2744c4-54e18bc1f938.json;verification/requirement-coverage-NREQ-bedc4564e47ae7ebf86911eb8426b6f0-20261007-context-303caf90caff-54e18bc1f938.json;verification/requirement-coverage-NREQ-befdab6cc6a4121936987a35fc18e1c9-20261007-context-c8b0b09a87ad-54e18bc1f938.json;verification/requirement-coverage-NREQ-bfc0e4b5d516977d7fcad7b3f74e43c6-20261007-context-a86412ff6400-54e18bc1f938.json;verification/requirement-coverage-NREQ-c0080ab56f40757c88225dc35a1f98f0-20261007-context-79fe3bf8357b-54e18bc1f938.json;verification/requirement-coverage-NREQ-c0a2fa84e2aafe674742a0bb98c40e02-20261007-context-949b3819c6b9-54e18bc1f938.json;verification/requirement-coverage-NREQ-c1d94148ff5023aac7735baefed6c35d-20261007-context-c697349e63e8-54e18bc1f938.json;verification/requirement-coverage-NREQ-c6ad5908eba2e59771e74f2ceebc5077-20261007-context-e1522203239f-54e18bc1f938.json;verification/requirement-coverage-NREQ-c756b0b15119dd819444cd7212bdad56-20261007-context-fb0c67dfb2a4-54e18bc1f938.json;verification/requirement-coverage-NREQ-c94c878ef2cf8c6a35b0985da91c0c85-20261007-context-fe6c073ad55f-54e18bc1f938.json;verification/requirement-coverage-NREQ-cf25cf824db06866df51c0e538fcbc03-20261007-context-fde639603c5f-54e18bc1f938.json;verification/requirement-coverage-NREQ-cf2cbee76666e1f836c4cca046988062-20261007-context-ee826876a6b9-54e18bc1f938.json;verification/requirement-coverage-NREQ-d2fa27e805583d3a5c7d281ed7051950-20261007-context-8e1b30f0d0bb-54e18bc1f938.json;verification/requirement-coverage-NREQ-d3216139914fb4c3ec1d54819ee18890-20261007-context-4d85dbcad915-54e18bc1f938.json;verification/requirement-coverage-NREQ-d6eeb36f75c6f6f6854a2e3aa9ac2070-20261007-context-e9e30bbb47a8-54e18bc1f938.json;verification/requirement-coverage-NREQ-d6f8519fc2d36e59e4eba26af0442d14-20261007-context-2fbfbdc64e39-54e18bc1f938.json;verification/requirement-coverage-NREQ-db8a127d9ff92a6510ae92e3eb1fbb86-20261007-context-e4c13fc3e86d-54e18bc1f938.json;verification/requirement-coverage-NREQ-dba22c5f93e4359c4b7d4ebdd9799dbf-20261007-context-20dec9a14f41-54e18bc1f938.json;verification/requirement-coverage-NREQ-dd1241e76fbe641c1c88243ba947dc89-20261007-context-d1b7c31332df-54e18bc1f938.json;verification/requirement-coverage-NREQ-ddf7192c16e06f5276d4d324b2e1f6c3-20261007-context-471ddf5379c5-54e18bc1f938.json;verification/requirement-coverage-NREQ-e0b91994f249e0b795ab80a6e3f4a4a2-20261007-context-b609fa37652f-54e18bc1f938.json;verification/requirement-coverage-NREQ-e1a8ce05f1d7a97c385039fd3bd71143-20261007-context-6e9650794698-54e18bc1f938.json;verification/requirement-coverage-NREQ-e2c966ff2db0502c8d0f2d40e87f4262-20261007-context-c6d95e2cb2e2-54e18bc1f938.json;verification/requirement-coverage-NREQ-e5db8a7c723f5b54ada73ce37c7725a2-20261007-context-6d038e318a4a-54e18bc1f938.json;verification/requirement-coverage-NREQ-ea453611a3a1f48cdd2fbfbe946d7ac7-20261007-context-5fb3beeac070-54e18bc1f938.json;verification/requirement-coverage-NREQ-ebadc5f449d2029613a3af4b31f78c6f-20261007-context-4fd7fab953a6-54e18bc1f938.json;verification/requirement-coverage-NREQ-ec756b9a468c4ea50f2d35c578a1a11a-20261007-context-5b0bc69cf0f7-54e18bc1f938.json;verification/requirement-coverage-NREQ-ee95aae3e46bebd05ef8469aff39c9da-20261007-context-4ab906314fee-54e18bc1f938.json;verification/requirement-coverage-NREQ-efa519285f6f28591dc9ad7936c1caa6-20261007-context-67b0bcc51a0a-54e18bc1f938.json;verification/requirement-coverage-NREQ-f0d3896f2d4c46e85ce52981147764ef-20261007-context-01afc04c65c4-54e18bc1f938.json;verification/requirement-coverage-NREQ-f1919b51ebfc8561d0140c02cbf08abd-20261007-context-5b509fd997c1-54e18bc1f938.json;verification/requirement-coverage-NREQ-f295ec535d0d117429de1cced6886a6e-20261007-context-c064f5db48cd-54e18bc1f938.json;verification/requirement-coverage-NREQ-f2d6f77dfa27e853d7eb5dab69be388d-20261007-context-e9122d35086e-54e18bc1f938.json;verification/requirement-coverage-NREQ-f41a79c58369bd76c58ad7e831e953ce-20261007-context-a6f639cd6cfc-54e18bc1f938.json;verification/requirement-coverage-NREQ-f50ee5baca83ff85d962de77d313fda6-20261007-context-fd5c589d06d2-54e18bc1f938.json;verification/requirement-coverage-NREQ-f6858b1d41ca1327e88e31e7f0e8f94f-20261007-context-4f6feb334f83-54e18bc1f938.json;verification/requirement-coverage-NREQ-f6e1df45974ccc5d32aafbc5f38dd535-20261007-context-b48c49f827aa-54e18bc1f938.json;verification/requirement-coverage-NREQ-f9c8f3d1723060ee3fd3fa87ba2a4d75-20261007-context-0bef4700f599-54e18bc1f938.json
A	verification/stage01-retained-capture-legacy-fixture-20261005.json	8352b036eca02dfd86bb441df4ea3fe0ea54b9ad6bcaaee9a000219ddfae09c5	CURRENT_HASH_MATCHES_RETAINED_SCOPED_REVIEW_INPUT	verification/requirement-coverage-NREQ-0c973b955d61ee36887734df0ade5e69-20261007-context-aa211674369a-54e18bc1f938.json;verification/requirement-coverage-NREQ-1576e27fba46e1d68631bb2ade2e37f4-20261007-context-f03bceab9e8e-54e18bc1f938.json;verification/requirement-coverage-NREQ-360281bfdd66bed29237ed7202962808-20261007-context-defd14234c9a-54e18bc1f938.json;verification/requirement-coverage-NREQ-41ab1c200b4ce5c9d1d96613a3e5b264-20261007-context-867dae61e345-54e18bc1f938.json;verification/requirement-coverage-NREQ-4b27c9f604f44c29404eacc12a59fd68-20261007-context-0ea535138580-54e18bc1f938.json;verification/requirement-coverage-NREQ-4bb86ccfacff0ea8bbbc59df67b0ca4f-20261007-context-6dcc93386d57-54e18bc1f938.json;verification/requirement-coverage-NREQ-59d5854af99ac5a566eb61e978519b21-20261007-context-e53573db3335-54e18bc1f938.json;verification/requirement-coverage-NREQ-601ec85ffefcffd713520f4067f7529c-20261007-context-be7aad854ceb-54e18bc1f938.json;verification/requirement-coverage-NREQ-71896faa31bc64e94d98bc976e1e6f1d-20261007-context-def6b5edfdba-54e18bc1f938.json;verification/requirement-coverage-NREQ-72aa03a305fb8893a65d384f41d86aeb-20261007-context-6fb2556fc745-54e18bc1f938.json;verification/requirement-coverage-NREQ-75b670fc6ea047b7452b4148f12a30ba-20261007-context-dfc64a21a246-54e18bc1f938.json;verification/requirement-coverage-NREQ-768d67996244254c83c0d11796f63912-20261007-context-291bd5dd0e04-54e18bc1f938.json;verification/requirement-coverage-NREQ-78fef21919bbd7bb3bafba6f62210631-20261007-context-8f3806190781-54e18bc1f938.json;verification/requirement-coverage-NREQ-7a68fe07ee725cf205dd2102cd997b7f-20261007-context-652ecb1fe1af-54e18bc1f938.json;verification/requirement-coverage-NREQ-848909d4b95219bdb481803a4b1b91c2-20261007-context-73f60d480258-54e18bc1f938.json;verification/requirement-coverage-NREQ-86651d173d1583e48cf6c03f9d486f4f-20261007-context-327d2cc2c990-54e18bc1f938.json;verification/requirement-coverage-NREQ-928a65a08b403be3edc8b160ef9cc53c-20261007-context-bc514f8d980c-54e18bc1f938.json;verification/requirement-coverage-NREQ-971af7158d193e9b1d780c13b6c8e0ec-20261007-context-3e84d85be560-54e18bc1f938.json;verification/requirement-coverage-NREQ-a0db6ddcb33d9af123b08d4d481c8ebd-20261007-context-6d4092da78f9-54e18bc1f938.json;verification/requirement-coverage-NREQ-a42ec803577aa8ccbe176ed8e20a8595-20261007-context-66547fe135c2-54e18bc1f938.json;verification/requirement-coverage-NREQ-baa1c33b2e2490264f91881b06ff9da8-20261007-context-029f6195f4ba-54e18bc1f938.json;verification/requirement-coverage-NREQ-c0080ab56f40757c88225dc35a1f98f0-20261007-context-79fe3bf8357b-54e18bc1f938.json;verification/requirement-coverage-NREQ-cf25cf824db06866df51c0e538fcbc03-20261007-context-fde639603c5f-54e18bc1f938.json;verification/requirement-coverage-NREQ-f1919b51ebfc8561d0140c02cbf08abd-20261007-context-5b509fd997c1-54e18bc1f938.json
A	verification/stage28-prerequisite-independent-delta-review-20261010.json	a6d31e351f0b4c2264b014e93eb8c3e03cbc96264574c05cb485b1ab400c910b	CURRENT_HASH_MATCHES_RETAINED_SCOPED_REVIEW_INPUT	verification/requirement-coverage-NREQ-0c973b955d61ee36887734df0ade5e69-20261007-context-aa211674369a-54e18bc1f938.json;verification/requirement-coverage-NREQ-1576e27fba46e1d68631bb2ade2e37f4-20261007-context-f03bceab9e8e-54e18bc1f938.json;verification/requirement-coverage-NREQ-1b07d67693ef773b4800dc6e06626b5b-20261007-context-dcaf72405bbe-54e18bc1f938.json;verification/requirement-coverage-NREQ-2046e21dd63ad76f992233d5582c716d-20261007-context-8d03363ebd61-54e18bc1f938.json;verification/requirement-coverage-NREQ-360281bfdd66bed29237ed7202962808-20261007-context-defd14234c9a-54e18bc1f938.json;verification/requirement-coverage-NREQ-41ab1c200b4ce5c9d1d96613a3e5b264-20261007-context-867dae61e345-54e18bc1f938.json;verification/requirement-coverage-NREQ-4b26e20f450b23eb551b2da03e69c9c9-20261007-context-07d6150a1321-54e18bc1f938.json;verification/requirement-coverage-NREQ-4b27c9f604f44c29404eacc12a59fd68-20261007-context-0ea535138580-54e18bc1f938.json;verification/requirement-coverage-NREQ-4bb86ccfacff0ea8bbbc59df67b0ca4f-20261007-context-6dcc93386d57-54e18bc1f938.json;verification/requirement-coverage-NREQ-5811c65fa83521ee7afeedd602cec806-20261007-context-60e25b364eb4-54e18bc1f938.json;verification/requirement-coverage-NREQ-59d5854af99ac5a566eb61e978519b21-20261007-context-e53573db3335-54e18bc1f938.json;verification/requirement-coverage-NREQ-601ec85ffefcffd713520f4067f7529c-20261007-context-be7aad854ceb-54e18bc1f938.json;verification/requirement-coverage-NREQ-71896faa31bc64e94d98bc976e1e6f1d-20261007-context-def6b5edfdba-54e18bc1f938.json;verification/requirement-coverage-NREQ-72aa03a305fb8893a65d384f41d86aeb-20261007-context-6fb2556fc745-54e18bc1f938.json;verification/requirement-coverage-NREQ-75b670fc6ea047b7452b4148f12a30ba-20261007-context-dfc64a21a246-54e18bc1f938.json;verification/requirement-coverage-NREQ-768d67996244254c83c0d11796f63912-20261007-context-291bd5dd0e04-54e18bc1f938.json;verification/requirement-coverage-NREQ-78fef21919bbd7bb3bafba6f62210631-20261007-context-8f3806190781-54e18bc1f938.json;verification/requirement-coverage-NREQ-7a68fe07ee725cf205dd2102cd997b7f-20261007-context-652ecb1fe1af-54e18bc1f938.json;verification/requirement-coverage-NREQ-848909d4b95219bdb481803a4b1b91c2-20261007-context-73f60d480258-54e18bc1f938.json;verification/requirement-coverage-NREQ-86651d173d1583e48cf6c03f9d486f4f-20261007-context-327d2cc2c990-54e18bc1f938.json;verification/requirement-coverage-NREQ-928a65a08b403be3edc8b160ef9cc53c-20261007-context-bc514f8d980c-54e18bc1f938.json;verification/requirement-coverage-NREQ-971af7158d193e9b1d780c13b6c8e0ec-20261007-context-3e84d85be560-54e18bc1f938.json;verification/requirement-coverage-NREQ-a011968eff2ed2dc314d58ed27dfad88-20261007-context-87882d5bae07-54e18bc1f938.json;verification/requirement-coverage-NREQ-a0db6ddcb33d9af123b08d4d481c8ebd-20261007-context-6d4092da78f9-54e18bc1f938.json;verification/requirement-coverage-NREQ-a1bafeb7c6f6f12bf0c7b0f6fcadaab9-20261007-context-4b6563194ed6-54e18bc1f938.json;verification/requirement-coverage-NREQ-a42ec803577aa8ccbe176ed8e20a8595-20261007-context-66547fe135c2-54e18bc1f938.json;verification/requirement-coverage-NREQ-baa1c33b2e2490264f91881b06ff9da8-20261007-context-029f6195f4ba-54e18bc1f938.json;verification/requirement-coverage-NREQ-bedc4564e47ae7ebf86911eb8426b6f0-20261007-context-303caf90caff-54e18bc1f938.json;verification/requirement-coverage-NREQ-befdab6cc6a4121936987a35fc18e1c9-20261007-context-c8b0b09a87ad-54e18bc1f938.json;verification/requirement-coverage-NREQ-c0080ab56f40757c88225dc35a1f98f0-20261007-context-79fe3bf8357b-54e18bc1f938.json;verification/requirement-coverage-NREQ-c94c878ef2cf8c6a35b0985da91c0c85-20261007-context-fe6c073ad55f-54e18bc1f938.json;verification/requirement-coverage-NREQ-cf25cf824db06866df51c0e538fcbc03-20261007-context-fde639603c5f-54e18bc1f938.json;verification/requirement-coverage-NREQ-ea453611a3a1f48cdd2fbfbe946d7ac7-20261007-context-5fb3beeac070-54e18bc1f938.json;verification/requirement-coverage-NREQ-f1919b51ebfc8561d0140c02cbf08abd-20261007-context-5b509fd997c1-54e18bc1f938.json;verification/requirement-coverage-NREQ-f41a79c58369bd76c58ad7e831e953ce-20261007-context-a6f639cd6cfc-54e18bc1f938.json
M	verified-site.mjs	6872dcd1e2bffee0383b252e953d328a2ea266b66a7d3b3f4eb531080dc3d697	CURRENT_HASH_MATCHES_RETAINED_SCOPED_REVIEW_INPUT	verification/requirement-coverage-NREQ-4b26e20f450b23eb551b2da03e69c9c9-20261007-context-07d6150a1321-54e18bc1f938.json;verification/requirement-coverage-NREQ-a011968eff2ed2dc314d58ed27dfad88-20261007-context-87882d5bae07-54e18bc1f938.json;verification/requirement-coverage-NREQ-bedc4564e47ae7ebf86911eb8426b6f0-20261007-context-303caf90caff-54e18bc1f938.json;verification/requirement-coverage-NREQ-befdab6cc6a4121936987a35fc18e1c9-20261007-context-c8b0b09a87ad-54e18bc1f938.json
M	verifier-runtime.mjs	051318fc24ea587ced6268d4a60278e5155e3fee8ed26309b28b532c921277f9	CURRENT_HASH_MATCHES_RETAINED_SCOPED_REVIEW_INPUT	verification/requirement-coverage-NREQ-012f85cfd2196b3413752b3deb14edf0-20261007-context-faf7fb1b8f5f-54e18bc1f938.json;verification/requirement-coverage-NREQ-04e156310ae4ecdd6915448e3f30e047-20261007-context-9f8a35215a69-54e18bc1f938.json;verification/requirement-coverage-NREQ-0774fcb2b6e2510d755133d371474ec8-20261007-context-d48d5f2a8e1a-54e18bc1f938.json;verification/requirement-coverage-NREQ-092f78e488e6282f342b533fa7801e3e-20261007-context-11d306878126-54e18bc1f938.json;verification/requirement-coverage-NREQ-0b73c99557630a5deeace7e89ea0e28f-20261007-context-70f6fc73db90-54e18bc1f938.json;verification/requirement-coverage-NREQ-0c973b955d61ee36887734df0ade5e69-20261007-context-aa211674369a-54e18bc1f938.json;verification/requirement-coverage-NREQ-0f5cdc9e49a6fb5b69455d4b2338448c-20261007-context-fb52feb719db-54e18bc1f938.json;verification/requirement-coverage-NREQ-0fe0693c63b640aac77aa7fa2ad3861d-20261007-context-e479a2d67661-54e18bc1f938.json;verification/requirement-coverage-NREQ-1000a70e39109bdb76b85fa6855a4892-20261007-context-fab4e794a047-54e18bc1f938.json;verification/requirement-coverage-NREQ-1543275bf85c6f452bce3c65a31dd691-20261007-context-bc25b407a6a7-54e18bc1f938.json;verification/requirement-coverage-NREQ-1576e27fba46e1d68631bb2ade2e37f4-20261007-context-f03bceab9e8e-54e18bc1f938.json;verification/requirement-coverage-NREQ-178819f4c44ad7250656e79d18a8cae3-20261007-context-c1c5855362aa-54e18bc1f938.json;verification/requirement-coverage-NREQ-18edc302ca3fad90513b66c585e688e6-20261007-context-c29757d88109-54e18bc1f938.json;verification/requirement-coverage-NREQ-1b07d67693ef773b4800dc6e06626b5b-20261007-context-dcaf72405bbe-54e18bc1f938.json;verification/requirement-coverage-NREQ-1cb8c122e35c6f4e36f01c95ea0d02c9-20261007-context-4e1b5cc17d08-54e18bc1f938.json;verification/requirement-coverage-NREQ-1e002259d64a939cee2f2a41f4bf3515-20261007-context-19c88e9b3697-54e18bc1f938.json;verification/requirement-coverage-NREQ-1f578d8524f1af57b280fd03422827f1-20261007-context-33c756e92bb7-54e18bc1f938.json;verification/requirement-coverage-NREQ-2046e21dd63ad76f992233d5582c716d-20261007-context-8d03363ebd61-54e18bc1f938.json;verification/requirement-coverage-NREQ-2174af2894ceaa1acb9a032113db659d-20261007-context-8376db0a1333-54e18bc1f938.json;verification/requirement-coverage-NREQ-229f56cf458329f04d589d3aa92b95e5-20261007-context-23fcc35649f3-54e18bc1f938.json;verification/requirement-coverage-NREQ-22cf265b2b952dcb7187618a915c98bd-20261007-context-78f2e077c3d8-54e18bc1f938.json;verification/requirement-coverage-NREQ-2323c8d363fd8c29f965d8c0e67549ae-20261007-context-cb02bb332e42-54e18bc1f938.json;verification/requirement-coverage-NREQ-2524a1d9ecc583bbd420778cfb147983-20261007-context-04970fd5ee41-54e18bc1f938.json;verification/requirement-coverage-NREQ-252dcf08d6bbe6a5893bc9cd551ef6ec-20261007-context-568f2f91efca-54e18bc1f938.json;verification/requirement-coverage-NREQ-255fe5112069486751f53087b1ab699e-20261007-context-608c37b31d30-54e18bc1f938.json;verification/requirement-coverage-NREQ-266e79545a48e7c4310883faa04e9844-20261007-context-7b27fb019885-54e18bc1f938.json;verification/requirement-coverage-NREQ-26b8cfa830777dd2bfa4c8aac620403c-20261007-context-08c3774267c0-54e18bc1f938.json;verification/requirement-coverage-NREQ-27cf5e6a8e4cf40ff1873bd4d059b3cd-20261007-context-079978627600-54e18bc1f938.json;verification/requirement-coverage-NREQ-27f437fe3040767de849d06a48cdb3c3-20261007-context-f1acc99ffcf8-54e18bc1f938.json;verification/requirement-coverage-NREQ-292af594522de75d72b35851b9befed4-20261007-context-e580690eff15-54e18bc1f938.json;verification/requirement-coverage-NREQ-2969c103b4ac33435f1e5d6c258a7b7b-20261007-context-857befb4ca6d-54e18bc1f938.json;verification/requirement-coverage-NREQ-2b14774ffd65e947a3d3deae3ad09c92-20261007-context-aa8204f96091-54e18bc1f938.json;verification/requirement-coverage-NREQ-318da161cc5f30f33449238ba3870773-20261007-context-123b97ea9f3d-54e18bc1f938.json;verification/requirement-coverage-NREQ-360281bfdd66bed29237ed7202962808-20261007-context-defd14234c9a-54e18bc1f938.json;verification/requirement-coverage-NREQ-39eba2aba9049ed18beade0c11e0c107-20261007-context-3f29c46a8871-54e18bc1f938.json;verification/requirement-coverage-NREQ-3a3ba3d92dd569d454e781fcccf7ac61-20261007-context-66b766ea1a5d-54e18bc1f938.json;verification/requirement-coverage-NREQ-41ab1c200b4ce5c9d1d96613a3e5b264-20261007-context-867dae61e345-54e18bc1f938.json;verification/requirement-coverage-NREQ-4363c0420b1bd921591c1f2446cfb8eb-20261007-context-de3533a949d5-54e18bc1f938.json;verification/requirement-coverage-NREQ-4592c9487837c81077b166abf57bb4a7-20261007-context-86ef01f1c3cb-54e18bc1f938.json;verification/requirement-coverage-NREQ-4b26e20f450b23eb551b2da03e69c9c9-20261007-context-07d6150a1321-54e18bc1f938.json;verification/requirement-coverage-NREQ-4b27c9f604f44c29404eacc12a59fd68-20261007-context-0ea535138580-54e18bc1f938.json;verification/requirement-coverage-NREQ-4bb54f6379863c0a17e6fbc58edcd042-20261007-context-c3df825e72e4-54e18bc1f938.json;verification/requirement-coverage-NREQ-4bb86ccfacff0ea8bbbc59df67b0ca4f-20261007-context-6dcc93386d57-54e18bc1f938.json;verification/requirement-coverage-NREQ-4d7b09d088c999d3c6e91a968cbe1a02-20261007-context-03745896590f-54e18bc1f938.json;verification/requirement-coverage-NREQ-5003532a6cda7a68c13be508fbf4d723-20261007-context-dccb85cd4973-54e18bc1f938.json;verification/requirement-coverage-NREQ-536910c50d3998944884b519e0d89555-20261007-context-0ceefe702ac1-54e18bc1f938.json;verification/requirement-coverage-NREQ-55dce831e47c4a26e093cc6134572e8f-20261007-context-b731d3ee0180-54e18bc1f938.json;verification/requirement-coverage-NREQ-55f458162d319bfbb710223b3528ef9f-20261007-context-5b104c0b9184-54e18bc1f938.json;verification/requirement-coverage-NREQ-57f8fa829a872f35948a81bd58477291-20261007-context-fd3ea3b718ef-54e18bc1f938.json;verification/requirement-coverage-NREQ-5811c65fa83521ee7afeedd602cec806-20261007-context-60e25b364eb4-54e18bc1f938.json;verification/requirement-coverage-NREQ-595ff4d66406e3bd9529e12f036c882b-20261007-context-b22989818f22-54e18bc1f938.json;verification/requirement-coverage-NREQ-59d5854af99ac5a566eb61e978519b21-20261007-context-e53573db3335-54e18bc1f938.json;verification/requirement-coverage-NREQ-5d9431875519d7cfc3188157a10d6bfc-20261007-context-6cff1723f402-54e18bc1f938.json;verification/requirement-coverage-NREQ-5dbdcf72dd32a519bb29fbf8250726d3-20261007-context-99eab70395b3-54e18bc1f938.json;verification/requirement-coverage-NREQ-5f9aa84ccae751c1692f148708a9288c-20261007-context-1a6ddd562cda-54e18bc1f938.json;verification/requirement-coverage-NREQ-5fe6282f6c99d8d0f13fdf06bb5317fa-20261007-context-b3f25a0a1514-54e18bc1f938.json;verification/requirement-coverage-NREQ-601ec85ffefcffd713520f4067f7529c-20261007-context-be7aad854ceb-54e18bc1f938.json;verification/requirement-coverage-NREQ-606a27b2b9b712e933dda6e0e7b0ce68-20261007-context-c717ae8f5d63-54e18bc1f938.json;verification/requirement-coverage-NREQ-647d36595971915d7c485a338ddc4013-20261007-context-661182e4e06d-54e18bc1f938.json;verification/requirement-coverage-NREQ-6a5e773812226552e3448329be3966cd-20261007-context-14f5a52593d0-54e18bc1f938.json;verification/requirement-coverage-NREQ-6fe30b5cb969bf2fb9daaabc3422ac38-20261007-context-2594d1e812f8-54e18bc1f938.json;verification/requirement-coverage-NREQ-70114fe79e900fc756a0d6cc14ea8f90-20261007-context-0322b753560e-54e18bc1f938.json;verification/requirement-coverage-NREQ-71896faa31bc64e94d98bc976e1e6f1d-20261007-context-def6b5edfdba-54e18bc1f938.json;verification/requirement-coverage-NREQ-72aa03a305fb8893a65d384f41d86aeb-20261007-context-6fb2556fc745-54e18bc1f938.json;verification/requirement-coverage-NREQ-72ba9c97f91e20a56d469fe3d4acf669-20261007-context-ce1798099b2f-54e18bc1f938.json;verification/requirement-coverage-NREQ-75151f881444015977da6a6d7d86cb1c-20261007-context-5c2a016004df-54e18bc1f938.json;verification/requirement-coverage-NREQ-7542acad543ceb37f7fb325baac0d9d0-20261007-context-1dab787f784f-54e18bc1f938.json;verification/requirement-coverage-NREQ-75b670fc6ea047b7452b4148f12a30ba-20261007-context-dfc64a21a246-54e18bc1f938.json;verification/requirement-coverage-NREQ-7643f1fb351e295ecb8565583cb9a37f-20261007-context-1fe2c84cf115-54e18bc1f938.json;verification/requirement-coverage-NREQ-768d67996244254c83c0d11796f63912-20261007-context-291bd5dd0e04-54e18bc1f938.json;verification/requirement-coverage-NREQ-78fef21919bbd7bb3bafba6f62210631-20261007-context-8f3806190781-54e18bc1f938.json;verification/requirement-coverage-NREQ-797b5fe50f9d13ae34d17cc98c7c8f24-20261007-context-0a94e402d167-54e18bc1f938.json;verification/requirement-coverage-NREQ-7a68fe07ee725cf205dd2102cd997b7f-20261007-context-652ecb1fe1af-54e18bc1f938.json;verification/requirement-coverage-NREQ-7add6f24a57198b72b500e5a2acf1ca6-20261007-context-6cba32557505-54e18bc1f938.json;verification/requirement-coverage-NREQ-7be2bf6dfeab825b0549d41a0151841e-20261007-context-4d745e4aa672-54e18bc1f938.json;verification/requirement-coverage-NREQ-7d91a0dd124e5a78fc01449f23a3e8fa-20261007-context-dfcfcb839c96-54e18bc1f938.json;verification/requirement-coverage-NREQ-829ac5f73d2b01828644e51c0675d6b6-20261007-context-b712f2bc0f59-54e18bc1f938.json;verification/requirement-coverage-NREQ-848909d4b95219bdb481803a4b1b91c2-20261007-context-73f60d480258-54e18bc1f938.json;verification/requirement-coverage-NREQ-853a934199459ed6bf419687ca08ba34-20261007-context-00fada70b5c9-54e18bc1f938.json;verification/requirement-coverage-NREQ-85b110cf9d0bf8e7e2a6ca34dcdee412-20261007-context-80144a03a02d-54e18bc1f938.json;verification/requirement-coverage-NREQ-86651d173d1583e48cf6c03f9d486f4f-20261007-context-327d2cc2c990-54e18bc1f938.json;verification/requirement-coverage-NREQ-87e7a29563e2235e49d5eea31da7db0c-20261007-context-04879b11d740-54e18bc1f938.json;verification/requirement-coverage-NREQ-8bb8790d8dd6c5082d6e0351c032cda5-20261007-context-ebd61b02b8d5-54e18bc1f938.json;verification/requirement-coverage-NREQ-8c2bdedb1f707a1a97695f7b0745365c-20261007-context-96450c77219a-54e18bc1f938.json;verification/requirement-coverage-NREQ-9050383f9f0b382f0fd9b465a0a20f78-20261007-context-cfc13d3d88ae-54e18bc1f938.json;verification/requirement-coverage-NREQ-925405b741265dbbc292d4f3a74c2bd6-20261007-context-acc52814e6d6-54e18bc1f938.json;verification/requirement-coverage-NREQ-928a65a08b403be3edc8b160ef9cc53c-20261007-context-bc514f8d980c-54e18bc1f938.json;verification/requirement-coverage-NREQ-928c9bbcf0101e2a0e4a0e69edc59164-20261007-context-c00b5434d55a-54e18bc1f938.json;verification/requirement-coverage-NREQ-931f08afd15144dcac6c7768f2c393d0-20261007-context-4eaa8fcb825e-54e18bc1f938.json;verification/requirement-coverage-NREQ-949f1919a3c7d66486dd74bbd084b71a-20261007-context-51d18e6898a2-54e18bc1f938.json;verification/requirement-coverage-NREQ-971af7158d193e9b1d780c13b6c8e0ec-20261007-context-3e84d85be560-54e18bc1f938.json;verification/requirement-coverage-NREQ-9b21240c5c27ee356dec92b459a0fcb9-20261007-context-f0585937ea82-54e18bc1f938.json;verification/requirement-coverage-NREQ-9e0ad66ef878f9e97c909997e976cc13-20261007-context-c8e259a009f0-54e18bc1f938.json;verification/requirement-coverage-NREQ-9e413bfc92a85655c990712d56002499-20261007-context-ce45300844ea-54e18bc1f938.json;verification/requirement-coverage-NREQ-a011968eff2ed2dc314d58ed27dfad88-20261007-context-87882d5bae07-54e18bc1f938.json;verification/requirement-coverage-NREQ-a0db6ddcb33d9af123b08d4d481c8ebd-20261007-context-6d4092da78f9-54e18bc1f938.json;verification/requirement-coverage-NREQ-a12012292224d4b4a0a9b1088c8c49d0-20261007-context-3fe1f1abe0f4-54e18bc1f938.json;verification/requirement-coverage-NREQ-a1bafeb7c6f6f12bf0c7b0f6fcadaab9-20261007-context-4b6563194ed6-54e18bc1f938.json;verification/requirement-coverage-NREQ-a3f1c0440fabe4b988fb5fca68a0487c-20261007-context-eac1ae13e05b-54e18bc1f938.json;verification/requirement-coverage-NREQ-a42ec803577aa8ccbe176ed8e20a8595-20261007-context-66547fe135c2-54e18bc1f938.json;verification/requirement-coverage-NREQ-a5e73329c9ae93f23b01a42d43179133-20261007-context-71a07396be34-54e18bc1f938.json;verification/requirement-coverage-NREQ-a6fb1ab9c309f702b7cd3d8c7f38cf8f-20261007-context-683bf6ce202e-54e18bc1f938.json;verification/requirement-coverage-NREQ-a7139de247d6263164ddc139ec1fe2ce-20261007-context-1e402d1c19b7-54e18bc1f938.json;verification/requirement-coverage-NREQ-a8822e7da5b9525a6c3e097b71e59183-20261007-context-c52dc24f6227-54e18bc1f938.json;verification/requirement-coverage-NREQ-a99b13aa6aa9c7ffa4b65010951f18ec-20261007-context-8e1c768bc690-54e18bc1f938.json;verification/requirement-coverage-NREQ-a9ef7326ce64b6049b07bdddd8d9d024-20261007-context-f1fcf2f90e43-54e18bc1f938.json;verification/requirement-coverage-NREQ-aa165dd96291b05acd70bf948f215d04-20261007-context-bb47e51ecefe-54e18bc1f938.json;verification/requirement-coverage-NREQ-aafc7cd5dc54af415d36425000d76acb-20261007-context-a26debd029d2-54e18bc1f938.json;verification/requirement-coverage-NREQ-ab9ab7c7ba110dfd3e0a5f8f5c9908cb-20261007-context-d64ec081ccf9-54e18bc1f938.json;verification/requirement-coverage-NREQ-ade9df74bf03ff347d7ae537fbfa738d-20261007-context-61a2341f94ae-54e18bc1f938.json;verification/requirement-coverage-NREQ-b04395198a63faa09666a1bfca300a1e-20261007-context-3d6d12bed622-54e18bc1f938.json;verification/requirement-coverage-NREQ-b14772d932b286c302b05996186c8022-20261007-context-53abd11134eb-54e18bc1f938.json;verification/requirement-coverage-NREQ-b366c2ac73e0e846627de23589a5a772-20261007-context-a26853843e41-54e18bc1f938.json;verification/requirement-coverage-NREQ-b3e8d9cffdde1f94d9d342ff0ed4f097-20261007-context-b36ec8d0d499-54e18bc1f938.json;verification/requirement-coverage-NREQ-b67c348ca653ff5a19ba01272dfd4262-20261007-context-d619c471e8d3-54e18bc1f938.json;verification/requirement-coverage-NREQ-b7b9ecdbceaad6aaefc9e55f7d5b3d48-20261007-context-08a2d1fe5fc7-54e18bc1f938.json;verification/requirement-coverage-NREQ-baa1c33b2e2490264f91881b06ff9da8-20261007-context-029f6195f4ba-54e18bc1f938.json;verification/requirement-coverage-NREQ-bc997511e2328af90b68d1898bcf6ed7-20261007-context-18574f44b5d8-54e18bc1f938.json;verification/requirement-coverage-NREQ-bde18b0504b7485cf77fad020a4a494b-20261007-context-90bbee2744c4-54e18bc1f938.json;verification/requirement-coverage-NREQ-bedc4564e47ae7ebf86911eb8426b6f0-20261007-context-303caf90caff-54e18bc1f938.json;verification/requirement-coverage-NREQ-befdab6cc6a4121936987a35fc18e1c9-20261007-context-c8b0b09a87ad-54e18bc1f938.json;verification/requirement-coverage-NREQ-bfc0e4b5d516977d7fcad7b3f74e43c6-20261007-context-a86412ff6400-54e18bc1f938.json;verification/requirement-coverage-NREQ-c0080ab56f40757c88225dc35a1f98f0-20261007-context-79fe3bf8357b-54e18bc1f938.json;verification/requirement-coverage-NREQ-c0a2fa84e2aafe674742a0bb98c40e02-20261007-context-949b3819c6b9-54e18bc1f938.json;verification/requirement-coverage-NREQ-c1d94148ff5023aac7735baefed6c35d-20261007-context-c697349e63e8-54e18bc1f938.json;verification/requirement-coverage-NREQ-c6ad5908eba2e59771e74f2ceebc5077-20261007-context-e1522203239f-54e18bc1f938.json;verification/requirement-coverage-NREQ-c756b0b15119dd819444cd7212bdad56-20261007-context-fb0c67dfb2a4-54e18bc1f938.json;verification/requirement-coverage-NREQ-c94c878ef2cf8c6a35b0985da91c0c85-20261007-context-fe6c073ad55f-54e18bc1f938.json;verification/requirement-coverage-NREQ-cf25cf824db06866df51c0e538fcbc03-20261007-context-fde639603c5f-54e18bc1f938.json;verification/requirement-coverage-NREQ-cf2cbee76666e1f836c4cca046988062-20261007-context-ee826876a6b9-54e18bc1f938.json;verification/requirement-coverage-NREQ-d2fa27e805583d3a5c7d281ed7051950-20261007-context-8e1b30f0d0bb-54e18bc1f938.json;verification/requirement-coverage-NREQ-d3216139914fb4c3ec1d54819ee18890-20261007-context-4d85dbcad915-54e18bc1f938.json;verification/requirement-coverage-NREQ-d6eeb36f75c6f6f6854a2e3aa9ac2070-20261007-context-e9e30bbb47a8-54e18bc1f938.json;verification/requirement-coverage-NREQ-d6f8519fc2d36e59e4eba26af0442d14-20261007-context-2fbfbdc64e39-54e18bc1f938.json;verification/requirement-coverage-NREQ-db8a127d9ff92a6510ae92e3eb1fbb86-20261007-context-e4c13fc3e86d-54e18bc1f938.json;verification/requirement-coverage-NREQ-dba22c5f93e4359c4b7d4ebdd9799dbf-20261007-context-20dec9a14f41-54e18bc1f938.json;verification/requirement-coverage-NREQ-dd1241e76fbe641c1c88243ba947dc89-20261007-context-d1b7c31332df-54e18bc1f938.json;verification/requirement-coverage-NREQ-ddf7192c16e06f5276d4d324b2e1f6c3-20261007-context-471ddf5379c5-54e18bc1f938.json;verification/requirement-coverage-NREQ-e0b91994f249e0b795ab80a6e3f4a4a2-20261007-context-b609fa37652f-54e18bc1f938.json;verification/requirement-coverage-NREQ-e1a8ce05f1d7a97c385039fd3bd71143-20261007-context-6e9650794698-54e18bc1f938.json;verification/requirement-coverage-NREQ-e2c966ff2db0502c8d0f2d40e87f4262-20261007-context-c6d95e2cb2e2-54e18bc1f938.json;verification/requirement-coverage-NREQ-e5db8a7c723f5b54ada73ce37c7725a2-20261007-context-6d038e318a4a-54e18bc1f938.json;verification/requirement-coverage-NREQ-ea453611a3a1f48cdd2fbfbe946d7ac7-20261007-context-5fb3beeac070-54e18bc1f938.json;verification/requirement-coverage-NREQ-ebadc5f449d2029613a3af4b31f78c6f-20261007-context-4fd7fab953a6-54e18bc1f938.json;verification/requirement-coverage-NREQ-ec756b9a468c4ea50f2d35c578a1a11a-20261007-context-5b0bc69cf0f7-54e18bc1f938.json;verification/requirement-coverage-NREQ-ee95aae3e46bebd05ef8469aff39c9da-20261007-context-4ab906314fee-54e18bc1f938.json;verification/requirement-coverage-NREQ-efa519285f6f28591dc9ad7936c1caa6-20261007-context-67b0bcc51a0a-54e18bc1f938.json;verification/requirement-coverage-NREQ-f0d3896f2d4c46e85ce52981147764ef-20261007-context-01afc04c65c4-54e18bc1f938.json;verification/requirement-coverage-NREQ-f1919b51ebfc8561d0140c02cbf08abd-20261007-context-5b509fd997c1-54e18bc1f938.json;verification/requirement-coverage-NREQ-f295ec535d0d117429de1cced6886a6e-20261007-context-c064f5db48cd-54e18bc1f938.json;verification/requirement-coverage-NREQ-f2d6f77dfa27e853d7eb5dab69be388d-20261007-context-e9122d35086e-54e18bc1f938.json;verification/requirement-coverage-NREQ-f41a79c58369bd76c58ad7e831e953ce-20261007-context-a6f639cd6cfc-54e18bc1f938.json;verification/requirement-coverage-NREQ-f50ee5baca83ff85d962de77d313fda6-20261007-context-fd5c589d06d2-54e18bc1f938.json;verification/requirement-coverage-NREQ-f6858b1d41ca1327e88e31e7f0e8f94f-20261007-context-4f6feb334f83-54e18bc1f938.json;verification/requirement-coverage-NREQ-f6e1df45974ccc5d32aafbc5f38dd535-20261007-context-b48c49f827aa-54e18bc1f938.json;verification/requirement-coverage-NREQ-f9c8f3d1723060ee3fd3fa87ba2a4d75-20261007-context-0bef4700f599-54e18bc1f938.json
M	verify-acceptance-active-work.mjs	f4cb365e095b7cea0ca6d3259b12bfa1a571241c608487c2f10f116f4e9c9c01	HISTORICAL_ALL_FILE_REVIEW_REPORTED_BACKING_INVENTORY_UNAVAILABLE	NONE_RETAINED
M	verify-acceptance-boundary-faults.mjs	869e3c7f16a4deda4f92768c0558a9385636bd8b44269487185923ecaf7f743b	RECOVERED_EXACT_SOURCE_SCOPED_REVIEW_RETAINED_WITH_ORIGINAL_LIMITS	/workspace/scratch/recovered-20261006/evidence/02-pr-review/complete-pr-file-review-inventory.json#/files/517;/workspace/scratch/recovered-20261006/evidence/02-pr-review/working-pr-file-review-inventory.json#/files/518
M	verify-acceptance-viewport.mjs	b959f7ee68d528aa77dde08c9a7ce8d2e7eef72cf52d5ac99ee71b14114cd4c5	HISTORICAL_ALL_FILE_REVIEW_REPORTED_BACKING_INVENTORY_UNAVAILABLE	NONE_RETAINED
M	verify-action-finalization.mjs	ed9136ee29712a1b318d3082fa77d8bcac31ed4a3a2459772ef94eab5f3f0859	CURRENT_HASH_REFERENCED_BY_RETAINED_DELTA_REVIEW	verification/ci-group-handoff-independent-delta-review-20261010.json
M	verify-all-stage-prompts.mjs	284546475f16cad81bf4d47c67690a9b30dd73c5323bd949d0aed3d9f1454e1e	HISTORICAL_ALL_FILE_REVIEW_REPORTED_BACKING_INVENTORY_UNAVAILABLE	NONE_RETAINED
M	verify-archive-creation-authority.mjs	1b5dc17a90ac7612237449c1ee64554a012f9aa7cd33187e80f6b207909d9b0a	RECOVERED_EXACT_SOURCE_SCOPED_REVIEW_RETAINED_WITH_ORIGINAL_LIMITS	/workspace/scratch/recovered-20261006/evidence/02-pr-review/complete-pr-file-review-inventory.json#/files/519;/workspace/scratch/recovered-20261006/evidence/02-pr-review/working-pr-file-review-inventory.json#/files/520
A	verify-browser-execution-evidence.mjs	f2ef31df013180374c2ee32481ecbf4c14e7fcb37594f9c3969e8806d353d5f3	HISTORICAL_ALL_FILE_REVIEW_REPORTED_BACKING_INVENTORY_UNAVAILABLE	NONE_RETAINED
M	verify-browser-extra.mjs	ded6caf799125c5a423da1863298679dc8d43633ad46d984b1e78f1c266f1e11	CURRENT_HASH_MATCHES_RETAINED_SCOPED_REVIEW_INPUT	verification/requirement-coverage-NREQ-0c973b955d61ee36887734df0ade5e69-20261007-context-aa211674369a-54e18bc1f938.json;verification/requirement-coverage-NREQ-1576e27fba46e1d68631bb2ade2e37f4-20261007-context-f03bceab9e8e-54e18bc1f938.json;verification/requirement-coverage-NREQ-360281bfdd66bed29237ed7202962808-20261007-context-defd14234c9a-54e18bc1f938.json;verification/requirement-coverage-NREQ-41ab1c200b4ce5c9d1d96613a3e5b264-20261007-context-867dae61e345-54e18bc1f938.json;verification/requirement-coverage-NREQ-4b27c9f604f44c29404eacc12a59fd68-20261007-context-0ea535138580-54e18bc1f938.json;verification/requirement-coverage-NREQ-4bb86ccfacff0ea8bbbc59df67b0ca4f-20261007-context-6dcc93386d57-54e18bc1f938.json;verification/requirement-coverage-NREQ-59d5854af99ac5a566eb61e978519b21-20261007-context-e53573db3335-54e18bc1f938.json;verification/requirement-coverage-NREQ-601ec85ffefcffd713520f4067f7529c-20261007-context-be7aad854ceb-54e18bc1f938.json;verification/requirement-coverage-NREQ-71896faa31bc64e94d98bc976e1e6f1d-20261007-context-def6b5edfdba-54e18bc1f938.json;verification/requirement-coverage-NREQ-72aa03a305fb8893a65d384f41d86aeb-20261007-context-6fb2556fc745-54e18bc1f938.json;verification/requirement-coverage-NREQ-75b670fc6ea047b7452b4148f12a30ba-20261007-context-dfc64a21a246-54e18bc1f938.json;verification/requirement-coverage-NREQ-768d67996244254c83c0d11796f63912-20261007-context-291bd5dd0e04-54e18bc1f938.json;verification/requirement-coverage-NREQ-78fef21919bbd7bb3bafba6f62210631-20261007-context-8f3806190781-54e18bc1f938.json;verification/requirement-coverage-NREQ-7a68fe07ee725cf205dd2102cd997b7f-20261007-context-652ecb1fe1af-54e18bc1f938.json;verification/requirement-coverage-NREQ-848909d4b95219bdb481803a4b1b91c2-20261007-context-73f60d480258-54e18bc1f938.json;verification/requirement-coverage-NREQ-86651d173d1583e48cf6c03f9d486f4f-20261007-context-327d2cc2c990-54e18bc1f938.json;verification/requirement-coverage-NREQ-928a65a08b403be3edc8b160ef9cc53c-20261007-context-bc514f8d980c-54e18bc1f938.json;verification/requirement-coverage-NREQ-971af7158d193e9b1d780c13b6c8e0ec-20261007-context-3e84d85be560-54e18bc1f938.json;verification/requirement-coverage-NREQ-a0db6ddcb33d9af123b08d4d481c8ebd-20261007-context-6d4092da78f9-54e18bc1f938.json;verification/requirement-coverage-NREQ-a42ec803577aa8ccbe176ed8e20a8595-20261007-context-66547fe135c2-54e18bc1f938.json;verification/requirement-coverage-NREQ-baa1c33b2e2490264f91881b06ff9da8-20261007-context-029f6195f4ba-54e18bc1f938.json;verification/requirement-coverage-NREQ-c0080ab56f40757c88225dc35a1f98f0-20261007-context-79fe3bf8357b-54e18bc1f938.json;verification/requirement-coverage-NREQ-cf25cf824db06866df51c0e538fcbc03-20261007-context-fde639603c5f-54e18bc1f938.json;verification/requirement-coverage-NREQ-f1919b51ebfc8561d0140c02cbf08abd-20261007-context-5b509fd997c1-54e18bc1f938.json
M	verify-browser-recovery.mjs	3e032810c704b7456298baff3a976051aba3fa8d12559263ff6a9b3f7885feea	RECOVERED_EXACT_SOURCE_SCOPED_REVIEW_RETAINED_WITH_ORIGINAL_LIMITS	/workspace/scratch/recovered-20261006/evidence/02-pr-review/complete-pr-file-review-inventory.json#/files/522;/workspace/scratch/recovered-20261006/evidence/02-pr-review/working-pr-file-review-inventory.json#/files/523
M	verify-browser.mjs	1d69e2fcb227a1161e695db06c64fc27215b506137e95ec60aa66a3effc972bd	HISTORICAL_ALL_FILE_REVIEW_REPORTED_BACKING_INVENTORY_UNAVAILABLE	NONE_RETAINED
M	verify-checkpoint-boundary.mjs	b40a0e0702f2b0d05a1b7cae31fab7c0e933f01487fc6687e08a8de6b4edc0b0	CURRENT_HASH_REFERENCED_BY_RETAINED_DELTA_REVIEW	verification/ci-group-handoff-independent-delta-review-20261010.json
M	verify-clarification-continuation.mjs	80151cd1dec1eaea90f4fba2d3035888a283ca5b212d989e5ef9be621aa85f09	RECOVERED_EXACT_SOURCE_SCOPED_REVIEW_RETAINED_WITH_ORIGINAL_LIMITS	/workspace/scratch/recovered-20261006/evidence/02-pr-review/complete-pr-file-review-inventory.json#/files/524;/workspace/scratch/recovered-20261006/evidence/02-pr-review/working-pr-file-review-inventory.json#/files/525
M	verify-complete-operator-journey.mjs	abe9a68f7fe0fb8e329ccfd05125405552d008cc881584ab7ca94c44919ef6d8	CURRENT_HASH_MATCHES_RETAINED_SCOPED_REVIEW_INPUT	verification/requirement-coverage-NREQ-0c973b955d61ee36887734df0ade5e69-20261007-context-aa211674369a-54e18bc1f938.json;verification/requirement-coverage-NREQ-1576e27fba46e1d68631bb2ade2e37f4-20261007-context-f03bceab9e8e-54e18bc1f938.json;verification/requirement-coverage-NREQ-360281bfdd66bed29237ed7202962808-20261007-context-defd14234c9a-54e18bc1f938.json;verification/requirement-coverage-NREQ-41ab1c200b4ce5c9d1d96613a3e5b264-20261007-context-867dae61e345-54e18bc1f938.json;verification/requirement-coverage-NREQ-4b27c9f604f44c29404eacc12a59fd68-20261007-context-0ea535138580-54e18bc1f938.json;verification/requirement-coverage-NREQ-4bb86ccfacff0ea8bbbc59df67b0ca4f-20261007-context-6dcc93386d57-54e18bc1f938.json;verification/requirement-coverage-NREQ-59d5854af99ac5a566eb61e978519b21-20261007-context-e53573db3335-54e18bc1f938.json;verification/requirement-coverage-NREQ-601ec85ffefcffd713520f4067f7529c-20261007-context-be7aad854ceb-54e18bc1f938.json;verification/requirement-coverage-NREQ-71896faa31bc64e94d98bc976e1e6f1d-20261007-context-def6b5edfdba-54e18bc1f938.json;verification/requirement-coverage-NREQ-72aa03a305fb8893a65d384f41d86aeb-20261007-context-6fb2556fc745-54e18bc1f938.json;verification/requirement-coverage-NREQ-75b670fc6ea047b7452b4148f12a30ba-20261007-context-dfc64a21a246-54e18bc1f938.json;verification/requirement-coverage-NREQ-768d67996244254c83c0d11796f63912-20261007-context-291bd5dd0e04-54e18bc1f938.json;verification/requirement-coverage-NREQ-78fef21919bbd7bb3bafba6f62210631-20261007-context-8f3806190781-54e18bc1f938.json;verification/requirement-coverage-NREQ-7a68fe07ee725cf205dd2102cd997b7f-20261007-context-652ecb1fe1af-54e18bc1f938.json;verification/requirement-coverage-NREQ-848909d4b95219bdb481803a4b1b91c2-20261007-context-73f60d480258-54e18bc1f938.json;verification/requirement-coverage-NREQ-86651d173d1583e48cf6c03f9d486f4f-20261007-context-327d2cc2c990-54e18bc1f938.json;verification/requirement-coverage-NREQ-928a65a08b403be3edc8b160ef9cc53c-20261007-context-bc514f8d980c-54e18bc1f938.json;verification/requirement-coverage-NREQ-971af7158d193e9b1d780c13b6c8e0ec-20261007-context-3e84d85be560-54e18bc1f938.json;verification/requirement-coverage-NREQ-a0db6ddcb33d9af123b08d4d481c8ebd-20261007-context-6d4092da78f9-54e18bc1f938.json;verification/requirement-coverage-NREQ-a42ec803577aa8ccbe176ed8e20a8595-20261007-context-66547fe135c2-54e18bc1f938.json;verification/requirement-coverage-NREQ-baa1c33b2e2490264f91881b06ff9da8-20261007-context-029f6195f4ba-54e18bc1f938.json;verification/requirement-coverage-NREQ-c0080ab56f40757c88225dc35a1f98f0-20261007-context-79fe3bf8357b-54e18bc1f938.json;verification/requirement-coverage-NREQ-cf25cf824db06866df51c0e538fcbc03-20261007-context-fde639603c5f-54e18bc1f938.json;verification/requirement-coverage-NREQ-f1919b51ebfc8561d0140c02cbf08abd-20261007-context-5b509fd997c1-54e18bc1f938.json
M	verify-complete.mjs	af148aa4817b8b3dee01e0675357ea8b26024f9ce1926ab4e7461c12b3b567c1	RECOVERED_EXACT_SOURCE_SCOPED_REVIEW_RETAINED_WITH_ORIGINAL_LIMITS	/workspace/scratch/recovered-20261006/evidence/02-pr-review/complete-pr-file-review-inventory.json#/files/526;/workspace/scratch/recovered-20261006/evidence/02-pr-review/working-pr-file-review-inventory.json#/files/527
A	verify-conformance-handoff.mjs	56046fdde03170fb9b13027fab1672b06135809a5b07f550135dfec0452a97cd	CURRENT_HASH_REFERENCED_BY_RETAINED_DELTA_REVIEW	verification/ci-group-handoff-independent-delta-review-20261010.json
M	verify-conformance-regressions.mjs	cec69ce4a4eb45ad2c49dccd164852a35cd7386f6b269e22d318d5ed63204a39	CURRENT_HASH_MATCHES_RETAINED_SCOPED_REVIEW_INPUT	verification/requirement-coverage-NREQ-0c973b955d61ee36887734df0ade5e69-20261007-context-aa211674369a-54e18bc1f938.json;verification/requirement-coverage-NREQ-1576e27fba46e1d68631bb2ade2e37f4-20261007-context-f03bceab9e8e-54e18bc1f938.json;verification/requirement-coverage-NREQ-1b07d67693ef773b4800dc6e06626b5b-20261007-context-dcaf72405bbe-54e18bc1f938.json;verification/requirement-coverage-NREQ-2046e21dd63ad76f992233d5582c716d-20261007-context-8d03363ebd61-54e18bc1f938.json;verification/requirement-coverage-NREQ-360281bfdd66bed29237ed7202962808-20261007-context-defd14234c9a-54e18bc1f938.json;verification/requirement-coverage-NREQ-41ab1c200b4ce5c9d1d96613a3e5b264-20261007-context-867dae61e345-54e18bc1f938.json;verification/requirement-coverage-NREQ-4b26e20f450b23eb551b2da03e69c9c9-20261007-context-07d6150a1321-54e18bc1f938.json;verification/requirement-coverage-NREQ-4b27c9f604f44c29404eacc12a59fd68-20261007-context-0ea535138580-54e18bc1f938.json;verification/requirement-coverage-NREQ-4bb86ccfacff0ea8bbbc59df67b0ca4f-20261007-context-6dcc93386d57-54e18bc1f938.json;verification/requirement-coverage-NREQ-5811c65fa83521ee7afeedd602cec806-20261007-context-60e25b364eb4-54e18bc1f938.json;verification/requirement-coverage-NREQ-59d5854af99ac5a566eb61e978519b21-20261007-context-e53573db3335-54e18bc1f938.json;verification/requirement-coverage-NREQ-601ec85ffefcffd713520f4067f7529c-20261007-context-be7aad854ceb-54e18bc1f938.json;verification/requirement-coverage-NREQ-71896faa31bc64e94d98bc976e1e6f1d-20261007-context-def6b5edfdba-54e18bc1f938.json;verification/requirement-coverage-NREQ-72aa03a305fb8893a65d384f41d86aeb-20261007-context-6fb2556fc745-54e18bc1f938.json;verification/requirement-coverage-NREQ-75b670fc6ea047b7452b4148f12a30ba-20261007-context-dfc64a21a246-54e18bc1f938.json;verification/requirement-coverage-NREQ-768d67996244254c83c0d11796f63912-20261007-context-291bd5dd0e04-54e18bc1f938.json;verification/requirement-coverage-NREQ-78fef21919bbd7bb3bafba6f62210631-20261007-context-8f3806190781-54e18bc1f938.json;verification/requirement-coverage-NREQ-7a68fe07ee725cf205dd2102cd997b7f-20261007-context-652ecb1fe1af-54e18bc1f938.json;verification/requirement-coverage-NREQ-848909d4b95219bdb481803a4b1b91c2-20261007-context-73f60d480258-54e18bc1f938.json;verification/requirement-coverage-NREQ-86651d173d1583e48cf6c03f9d486f4f-20261007-context-327d2cc2c990-54e18bc1f938.json;verification/requirement-coverage-NREQ-928a65a08b403be3edc8b160ef9cc53c-20261007-context-bc514f8d980c-54e18bc1f938.json;verification/requirement-coverage-NREQ-971af7158d193e9b1d780c13b6c8e0ec-20261007-context-3e84d85be560-54e18bc1f938.json;verification/requirement-coverage-NREQ-a011968eff2ed2dc314d58ed27dfad88-20261007-context-87882d5bae07-54e18bc1f938.json;verification/requirement-coverage-NREQ-a0db6ddcb33d9af123b08d4d481c8ebd-20261007-context-6d4092da78f9-54e18bc1f938.json;verification/requirement-coverage-NREQ-a1bafeb7c6f6f12bf0c7b0f6fcadaab9-20261007-context-4b6563194ed6-54e18bc1f938.json;verification/requirement-coverage-NREQ-a42ec803577aa8ccbe176ed8e20a8595-20261007-context-66547fe135c2-54e18bc1f938.json;verification/requirement-coverage-NREQ-baa1c33b2e2490264f91881b06ff9da8-20261007-context-029f6195f4ba-54e18bc1f938.json;verification/requirement-coverage-NREQ-bedc4564e47ae7ebf86911eb8426b6f0-20261007-context-303caf90caff-54e18bc1f938.json;verification/requirement-coverage-NREQ-befdab6cc6a4121936987a35fc18e1c9-20261007-context-c8b0b09a87ad-54e18bc1f938.json;verification/requirement-coverage-NREQ-c0080ab56f40757c88225dc35a1f98f0-20261007-context-79fe3bf8357b-54e18bc1f938.json;verification/requirement-coverage-NREQ-c94c878ef2cf8c6a35b0985da91c0c85-20261007-context-fe6c073ad55f-54e18bc1f938.json;verification/requirement-coverage-NREQ-cf25cf824db06866df51c0e538fcbc03-20261007-context-fde639603c5f-54e18bc1f938.json;verification/requirement-coverage-NREQ-ea453611a3a1f48cdd2fbfbe946d7ac7-20261007-context-5fb3beeac070-54e18bc1f938.json;verification/requirement-coverage-NREQ-f1919b51ebfc8561d0140c02cbf08abd-20261007-context-5b509fd997c1-54e18bc1f938.json;verification/requirement-coverage-NREQ-f41a79c58369bd76c58ad7e831e953ce-20261007-context-a6f639cd6cfc-54e18bc1f938.json
M	verify-contract-closure.mjs	a7d3ade71f914f6f1f889d6a7b4abaacee5b1f9fca36096850f58f4ff9234c1e	CURRENT_HASH_REFERENCED_BY_RETAINED_DELTA_REVIEW	verification/current-source-delta-review-20261007.json
M	verify-copy-creation-authority.mjs	89618d362615af3d91ce047f8e313c1c10871b7672c53f15d10ae89ec9c07a68	RECOVERED_EXACT_SOURCE_SCOPED_REVIEW_RETAINED_WITH_ORIGINAL_LIMITS	/workspace/scratch/recovered-20261006/evidence/02-pr-review/complete-pr-file-review-inventory.json#/files/529;/workspace/scratch/recovered-20261006/evidence/02-pr-review/working-pr-file-review-inventory.json#/files/530
M	verify-copy-transaction.mjs	02ee9c544526fe6a8c3ecb5de489124840bb4ee04eabdcd6a45bb787079c3939	HISTORICAL_ALL_FILE_REVIEW_REPORTED_BACKING_INVENTORY_UNAVAILABLE	NONE_RETAINED
M	verify-corrected-iteration.mjs	21cd0cd0b0c0d458c6ede89d73a1cff9e50ebe3f2958105238f872cb4903887a	RECOVERED_EXACT_SOURCE_SCOPED_REVIEW_RETAINED_WITH_ORIGINAL_LIMITS	/workspace/scratch/recovered-20261006/evidence/02-pr-review/complete-pr-file-review-inventory.json#/files/531;/workspace/scratch/recovered-20261006/evidence/02-pr-review/working-pr-file-review-inventory.json#/files/532
M	verify-counterpart-faults.mjs	d597c540293368b27b3ac1188ae33bdcfd1d4efd393728f6f8d5f9148f01806c	CURRENT_HASH_REFERENCED_BY_RETAINED_DELTA_REVIEW	verification/ci-group-handoff-independent-delta-review-20261010.json
M	verify-creation-presentation-faults.mjs	6b8209e457b6d3642764fb704ea8e4e3b31eb320fd9387d4f3fa26932cc49565	CURRENT_HASH_REFERENCED_BY_RETAINED_DELTA_REVIEW	verification/ci-group-handoff-independent-delta-review-20261010.json
M	verify-cross-run-comparison.mjs	079bada8c58d82e19d2434717c927e8e434537d52c9f468702eda4dc9271963b	HISTORICAL_ALL_FILE_REVIEW_REPORTED_BACKING_INVENTORY_UNAVAILABLE	NONE_RETAINED
M	verify-data-route-closure.mjs	eff3c2edcd1c34460b9dea99f886d39711ef510b39dbd9ac2a2acc54fc62d125	HISTORICAL_ALL_FILE_REVIEW_REPORTED_BACKING_INVENTORY_UNAVAILABLE	NONE_RETAINED
A	verify-deferred-proof-handoff.mjs	ee3e2826087d10e5bf023b4b66673e8e8f39965559b8cc7ec5f8896db2df02b0	HISTORICAL_ALL_FILE_REVIEW_REPORTED_BACKING_INVENTORY_UNAVAILABLE	NONE_RETAINED
M	verify-definition-of-done-invariants.mjs	9ee39bb28fd50188b9b63ae68a85bfca752adb5bf3a75b954788716f045a299a	RECOVERED_EXACT_SOURCE_SCOPED_REVIEW_RETAINED_WITH_ORIGINAL_LIMITS	/workspace/scratch/recovered-20261006/evidence/02-pr-review/complete-pr-file-review-inventory.json#/files/536;/workspace/scratch/recovered-20261006/evidence/02-pr-review/working-pr-file-review-inventory.json#/files/537
M	verify-definition-of-done.mjs	5edc6d0d0b83549ed5ebbc1b34d2364ae01583ca2e1b8c3122109163f7ea6351	CURRENT_HASH_REFERENCED_BY_RETAINED_DELTA_REVIEW	verification/ci-evidence-independent-delta-review-20261010.json
M	verify-delivery-transfer-boundary.mjs	059ae0d5fb2d55ae38c9ecf0aec0581be46e1312cefd9b3abe21e243ea72256e	CURRENT_HASH_REFERENCED_BY_RETAINED_DELTA_REVIEW	verification/ci-group-handoff-independent-delta-review-20261010.json
M	verify-deployment-manifest.mjs	5b1e4ad3cbfe1b122b39736b588f2c70fb7ed4126561898aba95766be7919e34	CURRENT_HASH_MATCHES_RETAINED_SCOPED_REVIEW_INPUT	verification/requirement-coverage-NREQ-a011968eff2ed2dc314d58ed27dfad88-20261007-context-87882d5bae07-54e18bc1f938.json;verification/requirement-coverage-NREQ-befdab6cc6a4121936987a35fc18e1c9-20261007-context-c8b0b09a87ad-54e18bc1f938.json
M	verify-due-stage-timing.mjs	070223490b50d5a8b26230bb7b318a3560412d15c5ffdea4d89a752c9020f126	CURRENT_HASH_REFERENCED_BY_RETAINED_DELTA_REVIEW	verification/runtime-storage-independent-delta-review-20261010.json
M	verify-encrypted-backup-faults.mjs	6b55acb08bb6f61b99360345a5ac2f37ff919de308653a519b83ee20c9bbacaf	RECOVERED_EXACT_SOURCE_SCOPED_REVIEW_RETAINED_WITH_ORIGINAL_LIMITS	/workspace/scratch/recovered-20261006/evidence/02-pr-review/complete-pr-file-review-inventory.json#/files/541;/workspace/scratch/recovered-20261006/evidence/02-pr-review/working-pr-file-review-inventory.json#/files/542
M	verify-encrypted-backups.mjs	1376b8701f908fbd31b0fe5299b8e67f97dc3e8c911db576c746d5f471143c01	RECOVERED_EXACT_SOURCE_SCOPED_REVIEW_RETAINED_WITH_ORIGINAL_LIMITS	/workspace/scratch/recovered-20261006/evidence/02-pr-review/complete-pr-file-review-inventory.json#/files/542;/workspace/scratch/recovered-20261006/evidence/02-pr-review/working-pr-file-review-inventory.json#/files/543
M	verify-exact-progress.mjs	be64b6b87a6ac276d59635fcc17bff26ff27abfd1e4595417fc06e8072b17aa5	HISTORICAL_ALL_FILE_REVIEW_REPORTED_BACKING_INVENTORY_UNAVAILABLE	NONE_RETAINED
A	verify-executed-evidence.mjs	8e120a5cd95f616ba81fecb3aa3bcd2a568cbbac1a07f06e7af30dedf479da16	HISTORICAL_ALL_FILE_REVIEW_REPORTED_BACKING_INVENTORY_UNAVAILABLE	NONE_RETAINED
M	verify-execution-reports.mjs	0d3892b9158ffca7c55d28f0ca4d74d0c2644145c5c416ed440de25070bb730a	RECOVERED_EXACT_SOURCE_SCOPED_REVIEW_RETAINED_WITH_ORIGINAL_LIMITS	/workspace/scratch/recovered-20261006/evidence/02-pr-review/complete-pr-file-review-inventory.json#/files/544;/workspace/scratch/recovered-20261006/evidence/02-pr-review/working-pr-file-review-inventory.json#/files/545
A	verify-external-result-determination.mjs	b062bb5a84b06c01523fcb5c81915194cc66b877b079220001e9c57c0577b870	HISTORICAL_ALL_FILE_REVIEW_REPORTED_BACKING_INVENTORY_UNAVAILABLE	NONE_RETAINED
M	verify-file-correction-recovery.mjs	766cb2ae87bf5a73d93472e2ee49b7430d972773c96c8ba36217e2d6cef4f84d	RECOVERED_EXACT_SOURCE_SCOPED_REVIEW_RETAINED_WITH_ORIGINAL_LIMITS	/workspace/scratch/recovered-20261006/evidence/02-pr-review/complete-pr-file-review-inventory.json#/files/546;/workspace/scratch/recovered-20261006/evidence/02-pr-review/working-pr-file-review-inventory.json#/files/547
M	verify-file-first-operator.mjs	569822f6436034038775d3a62ab115e4a952bcd8e1d25397f0e87e8b8730c1ac	CURRENT_HASH_MATCHES_RETAINED_SCOPED_REVIEW_INPUT	verification/requirement-coverage-NREQ-0c973b955d61ee36887734df0ade5e69-20261007-context-aa211674369a-54e18bc1f938.json;verification/requirement-coverage-NREQ-1576e27fba46e1d68631bb2ade2e37f4-20261007-context-f03bceab9e8e-54e18bc1f938.json;verification/requirement-coverage-NREQ-360281bfdd66bed29237ed7202962808-20261007-context-defd14234c9a-54e18bc1f938.json;verification/requirement-coverage-NREQ-41ab1c200b4ce5c9d1d96613a3e5b264-20261007-context-867dae61e345-54e18bc1f938.json;verification/requirement-coverage-NREQ-4b27c9f604f44c29404eacc12a59fd68-20261007-context-0ea535138580-54e18bc1f938.json;verification/requirement-coverage-NREQ-4bb86ccfacff0ea8bbbc59df67b0ca4f-20261007-context-6dcc93386d57-54e18bc1f938.json;verification/requirement-coverage-NREQ-59d5854af99ac5a566eb61e978519b21-20261007-context-e53573db3335-54e18bc1f938.json;verification/requirement-coverage-NREQ-601ec85ffefcffd713520f4067f7529c-20261007-context-be7aad854ceb-54e18bc1f938.json;verification/requirement-coverage-NREQ-71896faa31bc64e94d98bc976e1e6f1d-20261007-context-def6b5edfdba-54e18bc1f938.json;verification/requirement-coverage-NREQ-72aa03a305fb8893a65d384f41d86aeb-20261007-context-6fb2556fc745-54e18bc1f938.json;verification/requirement-coverage-NREQ-75b670fc6ea047b7452b4148f12a30ba-20261007-context-dfc64a21a246-54e18bc1f938.json;verification/requirement-coverage-NREQ-768d67996244254c83c0d11796f63912-20261007-context-291bd5dd0e04-54e18bc1f938.json;verification/requirement-coverage-NREQ-78fef21919bbd7bb3bafba6f62210631-20261007-context-8f3806190781-54e18bc1f938.json;verification/requirement-coverage-NREQ-7a68fe07ee725cf205dd2102cd997b7f-20261007-context-652ecb1fe1af-54e18bc1f938.json;verification/requirement-coverage-NREQ-848909d4b95219bdb481803a4b1b91c2-20261007-context-73f60d480258-54e18bc1f938.json;verification/requirement-coverage-NREQ-86651d173d1583e48cf6c03f9d486f4f-20261007-context-327d2cc2c990-54e18bc1f938.json;verification/requirement-coverage-NREQ-928a65a08b403be3edc8b160ef9cc53c-20261007-context-bc514f8d980c-54e18bc1f938.json;verification/requirement-coverage-NREQ-971af7158d193e9b1d780c13b6c8e0ec-20261007-context-3e84d85be560-54e18bc1f938.json;verification/requirement-coverage-NREQ-a0db6ddcb33d9af123b08d4d481c8ebd-20261007-context-6d4092da78f9-54e18bc1f938.json;verification/requirement-coverage-NREQ-a42ec803577aa8ccbe176ed8e20a8595-20261007-context-66547fe135c2-54e18bc1f938.json;verification/requirement-coverage-NREQ-baa1c33b2e2490264f91881b06ff9da8-20261007-context-029f6195f4ba-54e18bc1f938.json;verification/requirement-coverage-NREQ-c0080ab56f40757c88225dc35a1f98f0-20261007-context-79fe3bf8357b-54e18bc1f938.json;verification/requirement-coverage-NREQ-cf25cf824db06866df51c0e538fcbc03-20261007-context-fde639603c5f-54e18bc1f938.json;verification/requirement-coverage-NREQ-f1919b51ebfc8561d0140c02cbf08abd-20261007-context-5b509fd997c1-54e18bc1f938.json
M	verify-file-first-response.mjs	b5da91a39f5c3a1554e6f0292ad20ef0ca40cc97e45f0c2acdc0b9d3d4bd3675	RECOVERED_EXACT_SOURCE_SCOPED_REVIEW_RETAINED_WITH_ORIGINAL_LIMITS	/workspace/scratch/recovered-20261006/evidence/02-pr-review/complete-pr-file-review-inventory.json#/files/548;/workspace/scratch/recovered-20261006/evidence/02-pr-review/working-pr-file-review-inventory.json#/files/549
M	verify-file-intake-allocation.mjs	a279a293c7134d0bae420c8e82ca63f909ac714a1b34de4e2de23f65a95b3291	RECOVERED_EXACT_SOURCE_SCOPED_REVIEW_RETAINED_WITH_ORIGINAL_LIMITS	/workspace/scratch/recovered-20261006/evidence/02-pr-review/complete-pr-file-review-inventory.json#/files/549;/workspace/scratch/recovered-20261006/evidence/02-pr-review/working-pr-file-review-inventory.json#/files/550
M	verify-file-selection-drafts.mjs	bf496ad38f6eed3bd5c05f082ef2d647bb07d02229ac2e52499e6b4375a3fe07	RECOVERED_EXACT_SOURCE_SCOPED_REVIEW_RETAINED_WITH_ORIGINAL_LIMITS	/workspace/scratch/recovered-20261006/evidence/02-pr-review/complete-pr-file-review-inventory.json#/files/550;/workspace/scratch/recovered-20261006/evidence/02-pr-review/working-pr-file-review-inventory.json#/files/551
M	verify-filename-transports.mjs	48bd2a5ef6731d755eb71be6371c764ecf94fac6ef05dc6a2905e1dd4934972a	CURRENT_HASH_MATCHES_RETAINED_SCOPED_REVIEW_INPUT	verification/requirement-coverage-NREQ-ea453611a3a1f48cdd2fbfbe946d7ac7-20261007-context-5fb3beeac070-54e18bc1f938.json
M	verify-final-acceptance.mjs	e21cea176e353bbadb0a98a5e7b344c0c11245019bb3830c564ad790981c1e41	CURRENT_HASH_MATCHES_RETAINED_SCOPED_REVIEW_INPUT	verification/requirement-coverage-NREQ-4b26e20f450b23eb551b2da03e69c9c9-20261007-context-07d6150a1321-54e18bc1f938.json;verification/requirement-coverage-NREQ-a011968eff2ed2dc314d58ed27dfad88-20261007-context-87882d5bae07-54e18bc1f938.json;verification/requirement-coverage-NREQ-bedc4564e47ae7ebf86911eb8426b6f0-20261007-context-303caf90caff-54e18bc1f938.json;verification/requirement-coverage-NREQ-befdab6cc6a4121936987a35fc18e1c9-20261007-context-c8b0b09a87ad-54e18bc1f938.json
M	verify-full-cycle.mjs	7d84034094b9c65e71ef594d70e3466ce5360b992d042d73253fa34bc00b582e	CURRENT_HASH_REFERENCED_BY_RETAINED_DELTA_REVIEW	verification/stage28-prerequisite-independent-delta-review-20261010.json
A	verify-handoff-authorization-ui.mjs	1013ed85e4682b74e2b9c93459971aece451285293e43e7d2570b78f6e6af299	CURRENT_HASH_MATCHES_RETAINED_SCOPED_REVIEW_INPUT	verification/requirement-coverage-NREQ-0c973b955d61ee36887734df0ade5e69-20261007-context-aa211674369a-54e18bc1f938.json;verification/requirement-coverage-NREQ-1576e27fba46e1d68631bb2ade2e37f4-20261007-context-f03bceab9e8e-54e18bc1f938.json;verification/requirement-coverage-NREQ-360281bfdd66bed29237ed7202962808-20261007-context-defd14234c9a-54e18bc1f938.json;verification/requirement-coverage-NREQ-41ab1c200b4ce5c9d1d96613a3e5b264-20261007-context-867dae61e345-54e18bc1f938.json;verification/requirement-coverage-NREQ-4b27c9f604f44c29404eacc12a59fd68-20261007-context-0ea535138580-54e18bc1f938.json;verification/requirement-coverage-NREQ-4bb86ccfacff0ea8bbbc59df67b0ca4f-20261007-context-6dcc93386d57-54e18bc1f938.json;verification/requirement-coverage-NREQ-59d5854af99ac5a566eb61e978519b21-20261007-context-e53573db3335-54e18bc1f938.json;verification/requirement-coverage-NREQ-601ec85ffefcffd713520f4067f7529c-20261007-context-be7aad854ceb-54e18bc1f938.json;verification/requirement-coverage-NREQ-71896faa31bc64e94d98bc976e1e6f1d-20261007-context-def6b5edfdba-54e18bc1f938.json;verification/requirement-coverage-NREQ-72aa03a305fb8893a65d384f41d86aeb-20261007-context-6fb2556fc745-54e18bc1f938.json;verification/requirement-coverage-NREQ-75b670fc6ea047b7452b4148f12a30ba-20261007-context-dfc64a21a246-54e18bc1f938.json;verification/requirement-coverage-NREQ-768d67996244254c83c0d11796f63912-20261007-context-291bd5dd0e04-54e18bc1f938.json;verification/requirement-coverage-NREQ-78fef21919bbd7bb3bafba6f62210631-20261007-context-8f3806190781-54e18bc1f938.json;verification/requirement-coverage-NREQ-7a68fe07ee725cf205dd2102cd997b7f-20261007-context-652ecb1fe1af-54e18bc1f938.json;verification/requirement-coverage-NREQ-848909d4b95219bdb481803a4b1b91c2-20261007-context-73f60d480258-54e18bc1f938.json;verification/requirement-coverage-NREQ-86651d173d1583e48cf6c03f9d486f4f-20261007-context-327d2cc2c990-54e18bc1f938.json;verification/requirement-coverage-NREQ-928a65a08b403be3edc8b160ef9cc53c-20261007-context-bc514f8d980c-54e18bc1f938.json;verification/requirement-coverage-NREQ-971af7158d193e9b1d780c13b6c8e0ec-20261007-context-3e84d85be560-54e18bc1f938.json;verification/requirement-coverage-NREQ-a0db6ddcb33d9af123b08d4d481c8ebd-20261007-context-6d4092da78f9-54e18bc1f938.json;verification/requirement-coverage-NREQ-a42ec803577aa8ccbe176ed8e20a8595-20261007-context-66547fe135c2-54e18bc1f938.json;verification/requirement-coverage-NREQ-baa1c33b2e2490264f91881b06ff9da8-20261007-context-029f6195f4ba-54e18bc1f938.json;verification/requirement-coverage-NREQ-c0080ab56f40757c88225dc35a1f98f0-20261007-context-79fe3bf8357b-54e18bc1f938.json;verification/requirement-coverage-NREQ-cf25cf824db06866df51c0e538fcbc03-20261007-context-fde639603c5f-54e18bc1f938.json;verification/requirement-coverage-NREQ-f1919b51ebfc8561d0140c02cbf08abd-20261007-context-5b509fd997c1-54e18bc1f938.json
A	verify-handoff-disclosure.mjs	5b7c001ed7bec627b31fc168f2e3c0897a536de264664b05a2c410fb4a79f40b	HISTORICAL_ALL_FILE_REVIEW_REPORTED_BACKING_INVENTORY_UNAVAILABLE	NONE_RETAINED
M	verify-handoff-metadata-boundary.mjs	15938056567d62abe9d2d299e2cfc0a9c57a8ea7ce5eac5acace0de5431104cc	HISTORICAL_ALL_FILE_REVIEW_REPORTED_BACKING_INVENTORY_UNAVAILABLE	NONE_RETAINED
M	verify-hash.mjs	05e6cf685433a3314c777aa7734017e6e9d885779fb88b1fd920430f0c10a136	CURRENT_HASH_MATCHES_RETAINED_SCOPED_REVIEW_INPUT	verification/requirement-coverage-NREQ-27f437fe3040767de849d06a48cdb3c3-20261007-context-f1acc99ffcf8-54e18bc1f938.json;verification/requirement-coverage-NREQ-7add6f24a57198b72b500e5a2acf1ca6-20261007-context-6cba32557505-54e18bc1f938.json;verification/requirement-coverage-NREQ-853a934199459ed6bf419687ca08ba34-20261007-context-00fada70b5c9-54e18bc1f938.json;verification/requirement-coverage-NREQ-ab9ab7c7ba110dfd3e0a5f8f5c9908cb-20261007-context-d64ec081ccf9-54e18bc1f938.json;verification/requirement-coverage-NREQ-c756b0b15119dd819444cd7212bdad56-20261007-context-fb0c67dfb2a4-54e18bc1f938.json;verification/requirement-coverage-NREQ-d6f8519fc2d36e59e4eba26af0442d14-20261007-context-2fbfbdc64e39-54e18bc1f938.json;verification/requirement-coverage-NREQ-dba22c5f93e4359c4b7d4ebdd9799dbf-20261007-context-20dec9a14f41-54e18bc1f938.json
M	verify-history-contracts.mjs	6f7d75d7540acc9c88358a2c7692190c1d80ff71f1c5bbc37721f68dcbbbf1aa	RECOVERED_EXACT_SOURCE_SCOPED_REVIEW_RETAINED_WITH_ORIGINAL_LIMITS	/workspace/scratch/recovered-20261006/evidence/02-pr-review/complete-pr-file-review-inventory.json#/files/558;/workspace/scratch/recovered-20261006/evidence/02-pr-review/working-pr-file-review-inventory.json#/files/559
M	verify-history-navigation.mjs	17911b7358c4b112a0098d6d0ae8998c5503f51fd676c2b7a9da20c7e9e9f9fa	HISTORICAL_ALL_FILE_REVIEW_REPORTED_BACKING_INVENTORY_UNAVAILABLE	NONE_RETAINED
M	verify-history-project-lifecycle.mjs	abc2f348be5cb7f2dfa23aa6a2783aa9fd53b62ef0000c9f2d1e8fb83cdcdc85	RECOVERED_EXACT_SOURCE_SCOPED_REVIEW_RETAINED_WITH_ORIGINAL_LIMITS	/workspace/scratch/recovered-20261006/evidence/02-pr-review/complete-pr-file-review-inventory.json#/files/559;/workspace/scratch/recovered-20261006/evidence/02-pr-review/working-pr-file-review-inventory.json#/files/560
M	verify-history-project-references.mjs	d030f0a348c7217ee83765f9241caaa7b5c8d9ddfe8be6c365d5ee821344f1c2	RECOVERED_EXACT_SOURCE_SCOPED_REVIEW_RETAINED_WITH_ORIGINAL_LIMITS	/workspace/scratch/recovered-20261006/evidence/02-pr-review/working-pr-file-review-inventory.json#/files/561
M	verify-human-authority-roundtrip.mjs	41a85c16758e8651007cb20b66b3e674c095d33882441372f41bd0312c39d0f0	RECOVERED_EXACT_SOURCE_SCOPED_REVIEW_RETAINED_WITH_ORIGINAL_LIMITS	/workspace/scratch/recovered-20261006/evidence/02-pr-review/complete-pr-file-review-inventory.json#/files/560;/workspace/scratch/recovered-20261006/evidence/02-pr-review/working-pr-file-review-inventory.json#/files/562
M	verify-human-stage-walkthrough.mjs	83857cc3379cdacb7f3c330f70c2f71d62e1a3589d956468ba7b2af2dcf10440	HISTORICAL_ALL_FILE_REVIEW_REPORTED_BACKING_INVENTORY_UNAVAILABLE	NONE_RETAINED
M	verify-independent-preflight.mjs	38cf9739ed941d4e0c922cd21c991c478dd9912e16981212fc1648453c1625b0	RECOVERED_EXACT_SOURCE_SCOPED_REVIEW_RETAINED_WITH_ORIGINAL_LIMITS	/workspace/scratch/recovered-20261006/evidence/02-pr-review/complete-pr-file-review-inventory.json#/files/562;/workspace/scratch/recovered-20261006/evidence/02-pr-review/working-pr-file-review-inventory.json#/files/564
M	verify-independent-run-verification.mjs	a9e2394f8026edba71ef96ae5f0812e94f2d28081c7c7fd13e2912a90a987344	HISTORICAL_ALL_FILE_REVIEW_REPORTED_BACKING_INVENTORY_UNAVAILABLE	NONE_RETAINED
M	verify-infrastructure-route-closure.mjs	a1f23b1c566c77c89de84f70c3c0cb116cc9611683753bb586020fd1b4b22cb9	CURRENT_HASH_REFERENCED_BY_RETAINED_DELTA_REVIEW	verification/ci-evidence-independent-delta-review-20261010.json
M	verify-ingestion.mjs	433db26aef984c714c8e59d3d02dfe174b9cfdd8a7dc2daeb8e0e5fb1fbb24bf	CURRENT_HASH_MATCHES_RETAINED_SCOPED_REVIEW_INPUT	verification/requirement-coverage-NREQ-0c973b955d61ee36887734df0ade5e69-20261007-context-aa211674369a-54e18bc1f938.json;verification/requirement-coverage-NREQ-1576e27fba46e1d68631bb2ade2e37f4-20261007-context-f03bceab9e8e-54e18bc1f938.json;verification/requirement-coverage-NREQ-360281bfdd66bed29237ed7202962808-20261007-context-defd14234c9a-54e18bc1f938.json;verification/requirement-coverage-NREQ-41ab1c200b4ce5c9d1d96613a3e5b264-20261007-context-867dae61e345-54e18bc1f938.json;verification/requirement-coverage-NREQ-4b27c9f604f44c29404eacc12a59fd68-20261007-context-0ea535138580-54e18bc1f938.json;verification/requirement-coverage-NREQ-4bb86ccfacff0ea8bbbc59df67b0ca4f-20261007-context-6dcc93386d57-54e18bc1f938.json;verification/requirement-coverage-NREQ-59d5854af99ac5a566eb61e978519b21-20261007-context-e53573db3335-54e18bc1f938.json;verification/requirement-coverage-NREQ-601ec85ffefcffd713520f4067f7529c-20261007-context-be7aad854ceb-54e18bc1f938.json;verification/requirement-coverage-NREQ-71896faa31bc64e94d98bc976e1e6f1d-20261007-context-def6b5edfdba-54e18bc1f938.json;verification/requirement-coverage-NREQ-72aa03a305fb8893a65d384f41d86aeb-20261007-context-6fb2556fc745-54e18bc1f938.json;verification/requirement-coverage-NREQ-75b670fc6ea047b7452b4148f12a30ba-20261007-context-dfc64a21a246-54e18bc1f938.json;verification/requirement-coverage-NREQ-768d67996244254c83c0d11796f63912-20261007-context-291bd5dd0e04-54e18bc1f938.json;verification/requirement-coverage-NREQ-78fef21919bbd7bb3bafba6f62210631-20261007-context-8f3806190781-54e18bc1f938.json;verification/requirement-coverage-NREQ-7a68fe07ee725cf205dd2102cd997b7f-20261007-context-652ecb1fe1af-54e18bc1f938.json;verification/requirement-coverage-NREQ-848909d4b95219bdb481803a4b1b91c2-20261007-context-73f60d480258-54e18bc1f938.json;verification/requirement-coverage-NREQ-86651d173d1583e48cf6c03f9d486f4f-20261007-context-327d2cc2c990-54e18bc1f938.json;verification/requirement-coverage-NREQ-928a65a08b403be3edc8b160ef9cc53c-20261007-context-bc514f8d980c-54e18bc1f938.json;verification/requirement-coverage-NREQ-971af7158d193e9b1d780c13b6c8e0ec-20261007-context-3e84d85be560-54e18bc1f938.json;verification/requirement-coverage-NREQ-a0db6ddcb33d9af123b08d4d481c8ebd-20261007-context-6d4092da78f9-54e18bc1f938.json;verification/requirement-coverage-NREQ-a42ec803577aa8ccbe176ed8e20a8595-20261007-context-66547fe135c2-54e18bc1f938.json;verification/requirement-coverage-NREQ-baa1c33b2e2490264f91881b06ff9da8-20261007-context-029f6195f4ba-54e18bc1f938.json;verification/requirement-coverage-NREQ-c0080ab56f40757c88225dc35a1f98f0-20261007-context-79fe3bf8357b-54e18bc1f938.json;verification/requirement-coverage-NREQ-cf25cf824db06866df51c0e538fcbc03-20261007-context-fde639603c5f-54e18bc1f938.json;verification/requirement-coverage-NREQ-f1919b51ebfc8561d0140c02cbf08abd-20261007-context-5b509fd997c1-54e18bc1f938.json
M	verify-integrity-recovery-faults.mjs	9b5770fa7fb2bef7e20754cfefd54471d98bcfff5cbf0ec7facf1e85bee8a181	CURRENT_HASH_MATCHES_RETAINED_SCOPED_REVIEW_INPUT	verification/requirement-coverage-NREQ-c94c878ef2cf8c6a35b0985da91c0c85-20261007-context-fe6c073ad55f-54e18bc1f938.json;verification/requirement-coverage-NREQ-ea453611a3a1f48cdd2fbfbe946d7ac7-20261007-context-5fb3beeac070-54e18bc1f938.json
M	verify-io-boundary-faults.mjs	1ade2f13e309a3ab0252e1bbea7c90ebd87a5a383853723c06347c094eba2c71	RECOVERED_EXACT_SOURCE_SCOPED_REVIEW_RETAINED_WITH_ORIGINAL_LIMITS	/workspace/scratch/recovered-20261006/evidence/02-pr-review/complete-pr-file-review-inventory.json#/files/566;/workspace/scratch/recovered-20261006/evidence/02-pr-review/working-pr-file-review-inventory.json#/files/568
M	verify-job-confirmation-contract.mjs	d3073369713e106ea9e9fecac264c28c72dc90ad756fb7e0a902f2bf28974bd0	HISTORICAL_ALL_FILE_REVIEW_REPORTED_BACKING_INVENTORY_UNAVAILABLE	NONE_RETAINED
M	verify-mobile-acceptance-evidence.mjs	d678b1a712f8b8a99c0ec986623030d59ef49fec67511561524cb2a62814cf2f	CURRENT_HASH_MATCHES_RETAINED_SCOPED_REVIEW_INPUT	verification/requirement-coverage-NREQ-4b26e20f450b23eb551b2da03e69c9c9-20261007-context-07d6150a1321-54e18bc1f938.json;verification/requirement-coverage-NREQ-a011968eff2ed2dc314d58ed27dfad88-20261007-context-87882d5bae07-54e18bc1f938.json;verification/requirement-coverage-NREQ-bedc4564e47ae7ebf86911eb8426b6f0-20261007-context-303caf90caff-54e18bc1f938.json;verification/requirement-coverage-NREQ-befdab6cc6a4121936987a35fc18e1c9-20261007-context-c8b0b09a87ad-54e18bc1f938.json
M	verify-mobile-acceptance-target.mjs	adca484b0873ab9a7e42f6a81751573275812914775230c61f1cba4eb3218d7a	HISTORICAL_ALL_FILE_REVIEW_REPORTED_BACKING_INVENTORY_UNAVAILABLE	NONE_RETAINED
M	verify-mobile-capability-journey.mjs	7f26fd16b9667227a1c8648164f2c98b45340a412078bf41c27f5f8571fb54a2	HISTORICAL_ALL_FILE_REVIEW_REPORTED_BACKING_INVENTORY_UNAVAILABLE	NONE_RETAINED
M	verify-mobile-operation-observations.mjs	7030e23159556a6fe2e651c4c485d84ab44155e7032ec72616fd73a700c48d7d	HISTORICAL_ALL_FILE_REVIEW_REPORTED_BACKING_INVENTORY_UNAVAILABLE	NONE_RETAINED
M	verify-mobile-receipt-boundary.mjs	5b2f47180d28815bfe81b6a104214cf1bf46f23ba509a6f5500dd622bc0d94cc	HISTORICAL_ALL_FILE_REVIEW_REPORTED_BACKING_INVENTORY_UNAVAILABLE	NONE_RETAINED
M	verify-mobile-release-governance.mjs	54d0cc77b48ff5bb86c6d0ceb7968e9678e6baec312e102a0b1e57782459a3ab	HISTORICAL_ALL_FILE_REVIEW_REPORTED_BACKING_INVENTORY_UNAVAILABLE	NONE_RETAINED
M	verify-mobile-stage-action.mjs	fd46be84cac3bdbf2b7241d91ae7428782e37352fa97ff97d637b5581545250d	RECOVERED_EXACT_SOURCE_SCOPED_REVIEW_RETAINED_WITH_ORIGINAL_LIMITS	/workspace/scratch/recovered-20261006/evidence/02-pr-review/complete-pr-file-review-inventory.json#/files/569;/workspace/scratch/recovered-20261006/evidence/02-pr-review/working-pr-file-review-inventory.json#/files/571
M	verify-native-proof-journey.mjs	bb09434cbdf38f7122342315dadb0cb22a5a1484ce58c86957aeec1bcc56cc59	RECOVERED_EXACT_SOURCE_SCOPED_REVIEW_RETAINED_WITH_ORIGINAL_LIMITS	/workspace/scratch/recovered-20261006/evidence/02-pr-review/complete-pr-file-review-inventory.json#/files/570;/workspace/scratch/recovered-20261006/evidence/02-pr-review/working-pr-file-review-inventory.json#/files/572
M	verify-operational-persistence.mjs	f4e1fdbddc73dd754c35eaebafffdcab29196e25369e05f3b3fd36d0703620e9	CURRENT_HASH_MATCHES_RETAINED_SCOPED_REVIEW_INPUT	verification/requirement-coverage-NREQ-72ba9c97f91e20a56d469fe3d4acf669-20261007-context-ce1798099b2f-54e18bc1f938.json;verification/requirement-coverage-NREQ-87e7a29563e2235e49d5eea31da7db0c-20261007-context-04879b11d740-54e18bc1f938.json;verification/requirement-coverage-NREQ-949f1919a3c7d66486dd74bbd084b71a-20261007-context-51d18e6898a2-54e18bc1f938.json;verification/requirement-coverage-NREQ-a7139de247d6263164ddc139ec1fe2ce-20261007-context-1e402d1c19b7-54e18bc1f938.json;verification/requirement-coverage-NREQ-d3216139914fb4c3ec1d54819ee18890-20261007-context-4d85dbcad915-54e18bc1f938.json
M	verify-operator-action-lifecycle.mjs	145bcbf002337f8dcc9240fbffed2e0ce5a8f6e6a538c3aeeda15b07e556b086	CURRENT_HASH_MATCHES_RETAINED_SCOPED_REVIEW_INPUT	verification/requirement-coverage-NREQ-0c973b955d61ee36887734df0ade5e69-20261007-context-aa211674369a-54e18bc1f938.json;verification/requirement-coverage-NREQ-1576e27fba46e1d68631bb2ade2e37f4-20261007-context-f03bceab9e8e-54e18bc1f938.json;verification/requirement-coverage-NREQ-360281bfdd66bed29237ed7202962808-20261007-context-defd14234c9a-54e18bc1f938.json;verification/requirement-coverage-NREQ-41ab1c200b4ce5c9d1d96613a3e5b264-20261007-context-867dae61e345-54e18bc1f938.json;verification/requirement-coverage-NREQ-4b27c9f604f44c29404eacc12a59fd68-20261007-context-0ea535138580-54e18bc1f938.json;verification/requirement-coverage-NREQ-4bb86ccfacff0ea8bbbc59df67b0ca4f-20261007-context-6dcc93386d57-54e18bc1f938.json;verification/requirement-coverage-NREQ-59d5854af99ac5a566eb61e978519b21-20261007-context-e53573db3335-54e18bc1f938.json;verification/requirement-coverage-NREQ-601ec85ffefcffd713520f4067f7529c-20261007-context-be7aad854ceb-54e18bc1f938.json;verification/requirement-coverage-NREQ-71896faa31bc64e94d98bc976e1e6f1d-20261007-context-def6b5edfdba-54e18bc1f938.json;verification/requirement-coverage-NREQ-72aa03a305fb8893a65d384f41d86aeb-20261007-context-6fb2556fc745-54e18bc1f938.json;verification/requirement-coverage-NREQ-75b670fc6ea047b7452b4148f12a30ba-20261007-context-dfc64a21a246-54e18bc1f938.json;verification/requirement-coverage-NREQ-768d67996244254c83c0d11796f63912-20261007-context-291bd5dd0e04-54e18bc1f938.json;verification/requirement-coverage-NREQ-78fef21919bbd7bb3bafba6f62210631-20261007-context-8f3806190781-54e18bc1f938.json;verification/requirement-coverage-NREQ-7a68fe07ee725cf205dd2102cd997b7f-20261007-context-652ecb1fe1af-54e18bc1f938.json;verification/requirement-coverage-NREQ-848909d4b95219bdb481803a4b1b91c2-20261007-context-73f60d480258-54e18bc1f938.json;verification/requirement-coverage-NREQ-86651d173d1583e48cf6c03f9d486f4f-20261007-context-327d2cc2c990-54e18bc1f938.json;verification/requirement-coverage-NREQ-928a65a08b403be3edc8b160ef9cc53c-20261007-context-bc514f8d980c-54e18bc1f938.json;verification/requirement-coverage-NREQ-971af7158d193e9b1d780c13b6c8e0ec-20261007-context-3e84d85be560-54e18bc1f938.json;verification/requirement-coverage-NREQ-a0db6ddcb33d9af123b08d4d481c8ebd-20261007-context-6d4092da78f9-54e18bc1f938.json;verification/requirement-coverage-NREQ-a42ec803577aa8ccbe176ed8e20a8595-20261007-context-66547fe135c2-54e18bc1f938.json;verification/requirement-coverage-NREQ-baa1c33b2e2490264f91881b06ff9da8-20261007-context-029f6195f4ba-54e18bc1f938.json;verification/requirement-coverage-NREQ-c0080ab56f40757c88225dc35a1f98f0-20261007-context-79fe3bf8357b-54e18bc1f938.json;verification/requirement-coverage-NREQ-cf25cf824db06866df51c0e538fcbc03-20261007-context-fde639603c5f-54e18bc1f938.json;verification/requirement-coverage-NREQ-f1919b51ebfc8561d0140c02cbf08abd-20261007-context-5b509fd997c1-54e18bc1f938.json
M	verify-operator-counterpart.mjs	22a1a9d15c54002eb9754b9a162e7455aeb0f5fec0cd670c6091d1c6d2152138	HISTORICAL_ALL_FILE_REVIEW_REPORTED_BACKING_INVENTORY_UNAVAILABLE	NONE_RETAINED
M	verify-package-response-identity.mjs	6e92fbfac65bce602c057c1e9ed4aa453b19f3242e597234cd03de9bc2ab1e3b	RECOVERED_EXACT_SOURCE_SCOPED_REVIEW_RETAINED_WITH_ORIGINAL_LIMITS	/workspace/scratch/recovered-20261006/evidence/02-pr-review/complete-pr-file-review-inventory.json#/files/574;/workspace/scratch/recovered-20261006/evidence/02-pr-review/working-pr-file-review-inventory.json#/files/576
M	verify-primary-error-information.mjs	a139d88543c02f563aa7bb20cd8bfd5a1c45992577b1240b77cce76f51f1f159	RECOVERED_EXACT_SOURCE_SCOPED_REVIEW_RETAINED_WITH_ORIGINAL_LIMITS	/workspace/scratch/recovered-20261006/evidence/02-pr-review/complete-pr-file-review-inventory.json#/files/575;/workspace/scratch/recovered-20261006/evidence/02-pr-review/working-pr-file-review-inventory.json#/files/577
M	verify-product-attachment-journey.mjs	a64c093555559110668c8f4fedf9b187cfeca2cf86718958976e1feb1090ce98	CURRENT_HASH_REFERENCED_BY_RETAINED_DELTA_REVIEW	verification/ci-group-handoff-independent-delta-review-20261010.json
M	verify-product-reservation-persistence.mjs	da749f970ecf25c82109ca8af08700e3b70ffce3f8840e464962805c7dbb2c15	HISTORICAL_ALL_FILE_REVIEW_REPORTED_BACKING_INVENTORY_UNAVAILABLE	NONE_RETAINED
M	verify-production-baseline-authority.mjs	6e92b2be1cbcbb941df56c5cf425c453a316e0fc07e11e581608d5be24bb2634	HISTORICAL_ALL_FILE_REVIEW_REPORTED_BACKING_INVENTORY_UNAVAILABLE	NONE_RETAINED
A	verify-project-activation.mjs	040ddc8cef2ccc4e08b87f78f3e617b9647aba545fe346635188d9860609cfb7	CURRENT_DELTA_REVIEW_ASSIGNED_ACTIVATION_AGENT	NONE_RETAINED
M	verify-project-lifecycle-full.mjs	4f11056968dc3696e8d61bf9f59363c129342ba91d599a1491ba77a1f592f789	CURRENT_HASH_MATCHES_RETAINED_SCOPED_REVIEW_INPUT	verification/requirement-coverage-NREQ-c94c878ef2cf8c6a35b0985da91c0c85-20261007-context-fe6c073ad55f-54e18bc1f938.json;verification/requirement-coverage-NREQ-ea453611a3a1f48cdd2fbfbe946d7ac7-20261007-context-5fb3beeac070-54e18bc1f938.json
M	verify-prompt-semantics.mjs	c4bc84cba2a2ba71b4e8f1aaaee27b98948880adad90acbac7becd3ffc73c72d	HISTORICAL_ALL_FILE_REVIEW_REPORTED_BACKING_INVENTORY_UNAVAILABLE	NONE_RETAINED
M	verify-proposal-acceptance-memory.mjs	52d814fb2623c8aa63394f0c7bd7afa5cc8e684459ef05d152e3884573629b68	HISTORICAL_ALL_FILE_REVIEW_REPORTED_BACKING_INVENTORY_UNAVAILABLE	NONE_RETAINED
M	verify-quarantine-recovery.mjs	16a10823e793b2023b59621ac688d94fe637c68cb454c5383219c49fe44f596d	CURRENT_HASH_MATCHES_RETAINED_SCOPED_REVIEW_INPUT	verification/requirement-coverage-NREQ-c94c878ef2cf8c6a35b0985da91c0c85-20261007-context-fe6c073ad55f-54e18bc1f938.json;verification/requirement-coverage-NREQ-ea453611a3a1f48cdd2fbfbe946d7ac7-20261007-context-5fb3beeac070-54e18bc1f938.json
M	verify-recoverable-history.mjs	bec8d5ebf0bd61d89a4b7c7b6fd060fe362a20edde7e82890b038fe7763fa1f8	CURRENT_HASH_MATCHES_RETAINED_SCOPED_REVIEW_INPUT	verification/requirement-coverage-NREQ-5003532a6cda7a68c13be508fbf4d723-20261007-context-dccb85cd4973-54e18bc1f938.json
M	verify-reservation-contract.mjs	d90035bced2ff5abb4c562f9bfa8c91d79db368c1f460d926bfae6668dbcfca8	CURRENT_HASH_MATCHES_RETAINED_SCOPED_REVIEW_INPUT	verification/requirement-coverage-NREQ-0c973b955d61ee36887734df0ade5e69-20261007-context-aa211674369a-54e18bc1f938.json;verification/requirement-coverage-NREQ-1576e27fba46e1d68631bb2ade2e37f4-20261007-context-f03bceab9e8e-54e18bc1f938.json;verification/requirement-coverage-NREQ-360281bfdd66bed29237ed7202962808-20261007-context-defd14234c9a-54e18bc1f938.json;verification/requirement-coverage-NREQ-41ab1c200b4ce5c9d1d96613a3e5b264-20261007-context-867dae61e345-54e18bc1f938.json;verification/requirement-coverage-NREQ-4b27c9f604f44c29404eacc12a59fd68-20261007-context-0ea535138580-54e18bc1f938.json;verification/requirement-coverage-NREQ-4bb86ccfacff0ea8bbbc59df67b0ca4f-20261007-context-6dcc93386d57-54e18bc1f938.json;verification/requirement-coverage-NREQ-59d5854af99ac5a566eb61e978519b21-20261007-context-e53573db3335-54e18bc1f938.json;verification/requirement-coverage-NREQ-601ec85ffefcffd713520f4067f7529c-20261007-context-be7aad854ceb-54e18bc1f938.json;verification/requirement-coverage-NREQ-71896faa31bc64e94d98bc976e1e6f1d-20261007-context-def6b5edfdba-54e18bc1f938.json;verification/requirement-coverage-NREQ-72aa03a305fb8893a65d384f41d86aeb-20261007-context-6fb2556fc745-54e18bc1f938.json;verification/requirement-coverage-NREQ-75b670fc6ea047b7452b4148f12a30ba-20261007-context-dfc64a21a246-54e18bc1f938.json;verification/requirement-coverage-NREQ-768d67996244254c83c0d11796f63912-20261007-context-291bd5dd0e04-54e18bc1f938.json;verification/requirement-coverage-NREQ-78fef21919bbd7bb3bafba6f62210631-20261007-context-8f3806190781-54e18bc1f938.json;verification/requirement-coverage-NREQ-7a68fe07ee725cf205dd2102cd997b7f-20261007-context-652ecb1fe1af-54e18bc1f938.json;verification/requirement-coverage-NREQ-848909d4b95219bdb481803a4b1b91c2-20261007-context-73f60d480258-54e18bc1f938.json;verification/requirement-coverage-NREQ-86651d173d1583e48cf6c03f9d486f4f-20261007-context-327d2cc2c990-54e18bc1f938.json;verification/requirement-coverage-NREQ-928a65a08b403be3edc8b160ef9cc53c-20261007-context-bc514f8d980c-54e18bc1f938.json;verification/requirement-coverage-NREQ-971af7158d193e9b1d780c13b6c8e0ec-20261007-context-3e84d85be560-54e18bc1f938.json;verification/requirement-coverage-NREQ-a0db6ddcb33d9af123b08d4d481c8ebd-20261007-context-6d4092da78f9-54e18bc1f938.json;verification/requirement-coverage-NREQ-a42ec803577aa8ccbe176ed8e20a8595-20261007-context-66547fe135c2-54e18bc1f938.json;verification/requirement-coverage-NREQ-baa1c33b2e2490264f91881b06ff9da8-20261007-context-029f6195f4ba-54e18bc1f938.json;verification/requirement-coverage-NREQ-c0080ab56f40757c88225dc35a1f98f0-20261007-context-79fe3bf8357b-54e18bc1f938.json;verification/requirement-coverage-NREQ-cf25cf824db06866df51c0e538fcbc03-20261007-context-fde639603c5f-54e18bc1f938.json;verification/requirement-coverage-NREQ-f1919b51ebfc8561d0140c02cbf08abd-20261007-context-5b509fd997c1-54e18bc1f938.json
M	verify-response-authority-integrity.mjs	18ee844794a6d4c22d85c462edd76fd795285b420b132325723dbc6ebb6f8daf	RECOVERED_EXACT_SOURCE_SCOPED_REVIEW_RETAINED_WITH_ORIGINAL_LIMITS	/workspace/scratch/recovered-20261006/evidence/02-pr-review/complete-pr-file-review-inventory.json#/files/582;/workspace/scratch/recovered-20261006/evidence/02-pr-review/working-pr-file-review-inventory.json#/files/584
M	verify-response-retry-fault.mjs	7d6abb86b9c661c92809ae7d399149a949297088168e1251ae0ee6c892da0cb8	RECOVERED_EXACT_SOURCE_SCOPED_REVIEW_RETAINED_WITH_ORIGINAL_LIMITS	/workspace/scratch/recovered-20261006/evidence/02-pr-review/complete-pr-file-review-inventory.json#/files/583;/workspace/scratch/recovered-20261006/evidence/02-pr-review/working-pr-file-review-inventory.json#/files/585
M	verify-response-retry-persistence.mjs	ace82511a1ba1f68a0a46197adee18aceccb520be45678590b8192b9a7974d89	RECOVERED_EXACT_SOURCE_SCOPED_REVIEW_RETAINED_WITH_ORIGINAL_LIMITS	/workspace/scratch/recovered-20261006/evidence/02-pr-review/complete-pr-file-review-inventory.json#/files/584;/workspace/scratch/recovered-20261006/evidence/02-pr-review/working-pr-file-review-inventory.json#/files/586
M	verify-response-selection-status.mjs	f871f5f608622602d6c7248a11d7b62601f49382a8619848964af9f2842d39ff	RECOVERED_EXACT_SOURCE_SCOPED_REVIEW_RETAINED_WITH_ORIGINAL_LIMITS	/workspace/scratch/recovered-20261006/evidence/02-pr-review/complete-pr-file-review-inventory.json#/files/585;/workspace/scratch/recovered-20261006/evidence/02-pr-review/working-pr-file-review-inventory.json#/files/587
A	verify-retained-history-oracles.mjs	a5b821d861295746c629fceedc52368ba98640e1d9231c1c149f36c6d26f18a6	CURRENT_HASH_MATCHES_RETAINED_SCOPED_REVIEW_INPUT	verification/requirement-coverage-NREQ-0c973b955d61ee36887734df0ade5e69-20261007-context-aa211674369a-54e18bc1f938.json;verification/requirement-coverage-NREQ-1576e27fba46e1d68631bb2ade2e37f4-20261007-context-f03bceab9e8e-54e18bc1f938.json;verification/requirement-coverage-NREQ-360281bfdd66bed29237ed7202962808-20261007-context-defd14234c9a-54e18bc1f938.json;verification/requirement-coverage-NREQ-41ab1c200b4ce5c9d1d96613a3e5b264-20261007-context-867dae61e345-54e18bc1f938.json;verification/requirement-coverage-NREQ-4b27c9f604f44c29404eacc12a59fd68-20261007-context-0ea535138580-54e18bc1f938.json;verification/requirement-coverage-NREQ-4bb86ccfacff0ea8bbbc59df67b0ca4f-20261007-context-6dcc93386d57-54e18bc1f938.json;verification/requirement-coverage-NREQ-59d5854af99ac5a566eb61e978519b21-20261007-context-e53573db3335-54e18bc1f938.json;verification/requirement-coverage-NREQ-601ec85ffefcffd713520f4067f7529c-20261007-context-be7aad854ceb-54e18bc1f938.json;verification/requirement-coverage-NREQ-71896faa31bc64e94d98bc976e1e6f1d-20261007-context-def6b5edfdba-54e18bc1f938.json;verification/requirement-coverage-NREQ-72aa03a305fb8893a65d384f41d86aeb-20261007-context-6fb2556fc745-54e18bc1f938.json;verification/requirement-coverage-NREQ-75b670fc6ea047b7452b4148f12a30ba-20261007-context-dfc64a21a246-54e18bc1f938.json;verification/requirement-coverage-NREQ-768d67996244254c83c0d11796f63912-20261007-context-291bd5dd0e04-54e18bc1f938.json;verification/requirement-coverage-NREQ-78fef21919bbd7bb3bafba6f62210631-20261007-context-8f3806190781-54e18bc1f938.json;verification/requirement-coverage-NREQ-7a68fe07ee725cf205dd2102cd997b7f-20261007-context-652ecb1fe1af-54e18bc1f938.json;verification/requirement-coverage-NREQ-848909d4b95219bdb481803a4b1b91c2-20261007-context-73f60d480258-54e18bc1f938.json;verification/requirement-coverage-NREQ-86651d173d1583e48cf6c03f9d486f4f-20261007-context-327d2cc2c990-54e18bc1f938.json;verification/requirement-coverage-NREQ-928a65a08b403be3edc8b160ef9cc53c-20261007-context-bc514f8d980c-54e18bc1f938.json;verification/requirement-coverage-NREQ-971af7158d193e9b1d780c13b6c8e0ec-20261007-context-3e84d85be560-54e18bc1f938.json;verification/requirement-coverage-NREQ-a0db6ddcb33d9af123b08d4d481c8ebd-20261007-context-6d4092da78f9-54e18bc1f938.json;verification/requirement-coverage-NREQ-a42ec803577aa8ccbe176ed8e20a8595-20261007-context-66547fe135c2-54e18bc1f938.json;verification/requirement-coverage-NREQ-baa1c33b2e2490264f91881b06ff9da8-20261007-context-029f6195f4ba-54e18bc1f938.json;verification/requirement-coverage-NREQ-c0080ab56f40757c88225dc35a1f98f0-20261007-context-79fe3bf8357b-54e18bc1f938.json;verification/requirement-coverage-NREQ-cf25cf824db06866df51c0e538fcbc03-20261007-context-fde639603c5f-54e18bc1f938.json;verification/requirement-coverage-NREQ-f1919b51ebfc8561d0140c02cbf08abd-20261007-context-5b509fd997c1-54e18bc1f938.json
M	verify-returned-slot-authority.mjs	1c4a333561fdcc3c3ca2d768b672bab810dc82ad18c599bbdedf643ba66c43d7	HISTORICAL_ALL_FILE_REVIEW_REPORTED_BACKING_INVENTORY_UNAVAILABLE	NONE_RETAINED
M	verify-root-cause-correction.mjs	a41c1f2872f9990eba7461c966dbcb90fb63158c8a00088f6c118df2f16475b7	RECOVERED_EXACT_SOURCE_SCOPED_REVIEW_RETAINED_WITH_ORIGINAL_LIMITS	/workspace/scratch/recovered-20261006/evidence/02-pr-review/complete-pr-file-review-inventory.json#/files/588;/workspace/scratch/recovered-20261006/evidence/02-pr-review/working-pr-file-review-inventory.json#/files/590
M	verify-root-cause-regressions.mjs	0585d18c68cbba29e7b3b2675bdd1b306f01a64bf8f1cf75f890e49fa7bc33f4	RECOVERED_EXACT_SOURCE_SCOPED_REVIEW_RETAINED_WITH_ORIGINAL_LIMITS	/workspace/scratch/recovered-20261006/evidence/02-pr-review/complete-pr-file-review-inventory.json#/files/589;/workspace/scratch/recovered-20261006/evidence/02-pr-review/working-pr-file-review-inventory.json#/files/591
M	verify-semantic-invariant.mjs	7df519d3bf209a17234398df0ffcd8c5326b3de124d2f88071d3a914901e5d82	RECOVERED_EXACT_SOURCE_SCOPED_REVIEW_RETAINED_WITH_ORIGINAL_LIMITS	/workspace/scratch/recovered-20261006/evidence/02-pr-review/complete-pr-file-review-inventory.json#/files/590;/workspace/scratch/recovered-20261006/evidence/02-pr-review/working-pr-file-review-inventory.json#/files/592
M	verify-semantic-review-acceptance.mjs	2b8793647b5cb7ac565ad41cbd5eb6b2250ddd9f5d87616242c07c1767c95fdc	RECOVERED_EXACT_SOURCE_SCOPED_REVIEW_RETAINED_WITH_ORIGINAL_LIMITS	/workspace/scratch/recovered-20261006/evidence/02-pr-review/complete-pr-file-review-inventory.json#/files/591;/workspace/scratch/recovered-20261006/evidence/02-pr-review/working-pr-file-review-inventory.json#/files/593
M	verify-shared-contract-faults.mjs	552d3b7e205c67fa4c35f49440a2ea0c986ca10b529ffbe64e864eb2b8658d4f	RECOVERED_EXACT_SOURCE_SCOPED_REVIEW_RETAINED_WITH_ORIGINAL_LIMITS	/workspace/scratch/recovered-20261006/evidence/02-pr-review/complete-pr-file-review-inventory.json#/files/592;/workspace/scratch/recovered-20261006/evidence/02-pr-review/working-pr-file-review-inventory.json#/files/594
M	verify-spec-grounded-route-oracle.mjs	ab12fcdf15fce51b6db44efd568b6296e7035a306cfa724b61de350bf20f9967	HISTORICAL_ALL_FILE_REVIEW_REPORTED_BACKING_INVENTORY_UNAVAILABLE	NONE_RETAINED
M	verify-spec-residual-closure.mjs	d9649a4916d916e212d73a3ca756fe42d84e42cd1da9083f4d9e3b73ac8d4720	HISTORICAL_ALL_FILE_REVIEW_REPORTED_BACKING_INVENTORY_UNAVAILABLE	NONE_RETAINED
M	verify-spec3-contract.mjs	51ad8421a0323fbd3d051db63afa8ef00b8334381130a3d1ab94527ae698428e	HISTORICAL_ALL_FILE_REVIEW_REPORTED_BACKING_INVENTORY_UNAVAILABLE	NONE_RETAINED
M	verify-specification-governance.mjs	640ee2836b423b82cd088a6613be2582273962236989eff18ad5047e0e0caa71	CURRENT_HASH_REFERENCED_BY_RETAINED_DELTA_REVIEW	verification/ci-evidence-independent-delta-review-20261010.json
M	verify-stage-contract-closure.mjs	34bf379a0b6acdbdb07158b8ecc833b498ec39832fdc5b9f34a08913607e6777	CURRENT_HASH_MATCHES_RETAINED_SCOPED_REVIEW_INPUT	verification/requirement-coverage-NREQ-0f5cdc9e49a6fb5b69455d4b2338448c-20261007-context-fb52feb719db-54e18bc1f938.json;verification/requirement-coverage-NREQ-39eba2aba9049ed18beade0c11e0c107-20261007-context-3f29c46a8871-54e18bc1f938.json
M	verify-stage-operation-registry.mjs	100817c52843c0a68c05a6d52f9edc026e534dbfced00bf9df5e0a803582fe54	CURRENT_HASH_MATCHES_RETAINED_SCOPED_REVIEW_INPUT	verification/requirement-coverage-NREQ-04e156310ae4ecdd6915448e3f30e047-20261007-context-9f8a35215a69-54e18bc1f938.json;verification/requirement-coverage-NREQ-0774fcb2b6e2510d755133d371474ec8-20261007-context-d48d5f2a8e1a-54e18bc1f938.json;verification/requirement-coverage-NREQ-1000a70e39109bdb76b85fa6855a4892-20261007-context-fab4e794a047-54e18bc1f938.json;verification/requirement-coverage-NREQ-18edc302ca3fad90513b66c585e688e6-20261007-context-c29757d88109-54e18bc1f938.json;verification/requirement-coverage-NREQ-2174af2894ceaa1acb9a032113db659d-20261007-context-8376db0a1333-54e18bc1f938.json;verification/requirement-coverage-NREQ-229f56cf458329f04d589d3aa92b95e5-20261007-context-23fcc35649f3-54e18bc1f938.json;verification/requirement-coverage-NREQ-22cf265b2b952dcb7187618a915c98bd-20261007-context-78f2e077c3d8-54e18bc1f938.json;verification/requirement-coverage-NREQ-252dcf08d6bbe6a5893bc9cd551ef6ec-20261007-context-568f2f91efca-54e18bc1f938.json;verification/requirement-coverage-NREQ-255fe5112069486751f53087b1ab699e-20261007-context-608c37b31d30-54e18bc1f938.json;verification/requirement-coverage-NREQ-266e79545a48e7c4310883faa04e9844-20261007-context-7b27fb019885-54e18bc1f938.json;verification/requirement-coverage-NREQ-26b8cfa830777dd2bfa4c8aac620403c-20261007-context-08c3774267c0-54e18bc1f938.json;verification/requirement-coverage-NREQ-27cf5e6a8e4cf40ff1873bd4d059b3cd-20261007-context-079978627600-54e18bc1f938.json;verification/requirement-coverage-NREQ-292af594522de75d72b35851b9befed4-20261007-context-e580690eff15-54e18bc1f938.json;verification/requirement-coverage-NREQ-2b14774ffd65e947a3d3deae3ad09c92-20261007-context-aa8204f96091-54e18bc1f938.json;verification/requirement-coverage-NREQ-3a3ba3d92dd569d454e781fcccf7ac61-20261007-context-66b766ea1a5d-54e18bc1f938.json;verification/requirement-coverage-NREQ-4363c0420b1bd921591c1f2446cfb8eb-20261007-context-de3533a949d5-54e18bc1f938.json;verification/requirement-coverage-NREQ-4bb54f6379863c0a17e6fbc58edcd042-20261007-context-c3df825e72e4-54e18bc1f938.json;verification/requirement-coverage-NREQ-4d7b09d088c999d3c6e91a968cbe1a02-20261007-context-03745896590f-54e18bc1f938.json;verification/requirement-coverage-NREQ-536910c50d3998944884b519e0d89555-20261007-context-0ceefe702ac1-54e18bc1f938.json;verification/requirement-coverage-NREQ-55dce831e47c4a26e093cc6134572e8f-20261007-context-b731d3ee0180-54e18bc1f938.json;verification/requirement-coverage-NREQ-5d9431875519d7cfc3188157a10d6bfc-20261007-context-6cff1723f402-54e18bc1f938.json;verification/requirement-coverage-NREQ-5f9aa84ccae751c1692f148708a9288c-20261007-context-1a6ddd562cda-54e18bc1f938.json;verification/requirement-coverage-NREQ-5fe6282f6c99d8d0f13fdf06bb5317fa-20261007-context-b3f25a0a1514-54e18bc1f938.json;verification/requirement-coverage-NREQ-647d36595971915d7c485a338ddc4013-20261007-context-661182e4e06d-54e18bc1f938.json;verification/requirement-coverage-NREQ-6fe30b5cb969bf2fb9daaabc3422ac38-20261007-context-2594d1e812f8-54e18bc1f938.json;verification/requirement-coverage-NREQ-70114fe79e900fc756a0d6cc14ea8f90-20261007-context-0322b753560e-54e18bc1f938.json;verification/requirement-coverage-NREQ-7542acad543ceb37f7fb325baac0d9d0-20261007-context-1dab787f784f-54e18bc1f938.json;verification/requirement-coverage-NREQ-7d91a0dd124e5a78fc01449f23a3e8fa-20261007-context-dfcfcb839c96-54e18bc1f938.json;verification/requirement-coverage-NREQ-829ac5f73d2b01828644e51c0675d6b6-20261007-context-b712f2bc0f59-54e18bc1f938.json;verification/requirement-coverage-NREQ-8c2bdedb1f707a1a97695f7b0745365c-20261007-context-96450c77219a-54e18bc1f938.json;verification/requirement-coverage-NREQ-9050383f9f0b382f0fd9b465a0a20f78-20261007-context-cfc13d3d88ae-54e18bc1f938.json;verification/requirement-coverage-NREQ-925405b741265dbbc292d4f3a74c2bd6-20261007-context-acc52814e6d6-54e18bc1f938.json;verification/requirement-coverage-NREQ-928c9bbcf0101e2a0e4a0e69edc59164-20261007-context-c00b5434d55a-54e18bc1f938.json;verification/requirement-coverage-NREQ-931f08afd15144dcac6c7768f2c393d0-20261007-context-4eaa8fcb825e-54e18bc1f938.json;verification/requirement-coverage-NREQ-9b21240c5c27ee356dec92b459a0fcb9-20261007-context-f0585937ea82-54e18bc1f938.json;verification/requirement-coverage-NREQ-9e413bfc92a85655c990712d56002499-20261007-context-ce45300844ea-54e18bc1f938.json;verification/requirement-coverage-NREQ-a12012292224d4b4a0a9b1088c8c49d0-20261007-context-3fe1f1abe0f4-54e18bc1f938.json;verification/requirement-coverage-NREQ-a5e73329c9ae93f23b01a42d43179133-20261007-context-71a07396be34-54e18bc1f938.json;verification/requirement-coverage-NREQ-a8822e7da5b9525a6c3e097b71e59183-20261007-context-c52dc24f6227-54e18bc1f938.json;verification/requirement-coverage-NREQ-a9ef7326ce64b6049b07bdddd8d9d024-20261007-context-f1fcf2f90e43-54e18bc1f938.json;verification/requirement-coverage-NREQ-aa165dd96291b05acd70bf948f215d04-20261007-context-bb47e51ecefe-54e18bc1f938.json;verification/requirement-coverage-NREQ-aafc7cd5dc54af415d36425000d76acb-20261007-context-a26debd029d2-54e18bc1f938.json;verification/requirement-coverage-NREQ-b14772d932b286c302b05996186c8022-20261007-context-53abd11134eb-54e18bc1f938.json;verification/requirement-coverage-NREQ-bfc0e4b5d516977d7fcad7b3f74e43c6-20261007-context-a86412ff6400-54e18bc1f938.json;verification/requirement-coverage-NREQ-c6ad5908eba2e59771e74f2ceebc5077-20261007-context-e1522203239f-54e18bc1f938.json;verification/requirement-coverage-NREQ-db8a127d9ff92a6510ae92e3eb1fbb86-20261007-context-e4c13fc3e86d-54e18bc1f938.json;verification/requirement-coverage-NREQ-dd1241e76fbe641c1c88243ba947dc89-20261007-context-d1b7c31332df-54e18bc1f938.json;verification/requirement-coverage-NREQ-ddf7192c16e06f5276d4d324b2e1f6c3-20261007-context-471ddf5379c5-54e18bc1f938.json;verification/requirement-coverage-NREQ-e1a8ce05f1d7a97c385039fd3bd71143-20261007-context-6e9650794698-54e18bc1f938.json;verification/requirement-coverage-NREQ-e5db8a7c723f5b54ada73ce37c7725a2-20261007-context-6d038e318a4a-54e18bc1f938.json;verification/requirement-coverage-NREQ-ee95aae3e46bebd05ef8469aff39c9da-20261007-context-4ab906314fee-54e18bc1f938.json;verification/requirement-coverage-NREQ-efa519285f6f28591dc9ad7936c1caa6-20261007-context-67b0bcc51a0a-54e18bc1f938.json;verification/requirement-coverage-NREQ-f0d3896f2d4c46e85ce52981147764ef-20261007-context-01afc04c65c4-54e18bc1f938.json;verification/requirement-coverage-NREQ-f295ec535d0d117429de1cced6886a6e-20261007-context-c064f5db48cd-54e18bc1f938.json;verification/requirement-coverage-NREQ-f50ee5baca83ff85d962de77d313fda6-20261007-context-fd5c589d06d2-54e18bc1f938.json;verification/requirement-coverage-NREQ-f6858b1d41ca1327e88e31e7f0e8f94f-20261007-context-4f6feb334f83-54e18bc1f938.json;verification/requirement-coverage-NREQ-f9c8f3d1723060ee3fd3fa87ba2a4d75-20261007-context-0bef4700f599-54e18bc1f938.json
M	verify-stage-prompts-complete.mjs	659227674167c16596a9a77c28036d26daeaf9ae50bcf74a0d0c515271b25ead	RECOVERED_EXACT_SOURCE_SCOPED_REVIEW_RETAINED_WITH_ORIGINAL_LIMITS	/workspace/scratch/recovered-20261006/evidence/02-pr-review/complete-pr-file-review-inventory.json#/files/598;/workspace/scratch/recovered-20261006/evidence/02-pr-review/working-pr-file-review-inventory.json#/files/600
A	verify-stage01-agent-contract-alignment.mjs	a3bb726418a565ea1a4f3d4853b4fdfbac423e8c8fa304e73ba4bd9fbbb4bec0	CURRENT_HASH_MATCHES_RETAINED_SCOPED_REVIEW_INPUT	verification/requirement-coverage-NREQ-0b73c99557630a5deeace7e89ea0e28f-20261007-context-70f6fc73db90-54e18bc1f938.json;verification/requirement-coverage-NREQ-0fe0693c63b640aac77aa7fa2ad3861d-20261007-context-e479a2d67661-54e18bc1f938.json;verification/requirement-coverage-NREQ-1f578d8524f1af57b280fd03422827f1-20261007-context-33c756e92bb7-54e18bc1f938.json;verification/requirement-coverage-NREQ-2524a1d9ecc583bbd420778cfb147983-20261007-context-04970fd5ee41-54e18bc1f938.json;verification/requirement-coverage-NREQ-57f8fa829a872f35948a81bd58477291-20261007-context-fd3ea3b718ef-54e18bc1f938.json;verification/requirement-coverage-NREQ-5dbdcf72dd32a519bb29fbf8250726d3-20261007-context-99eab70395b3-54e18bc1f938.json;verification/requirement-coverage-NREQ-7be2bf6dfeab825b0549d41a0151841e-20261007-context-4d745e4aa672-54e18bc1f938.json;verification/requirement-coverage-NREQ-85b110cf9d0bf8e7e2a6ca34dcdee412-20261007-context-80144a03a02d-54e18bc1f938.json;verification/requirement-coverage-NREQ-8bb8790d8dd6c5082d6e0351c032cda5-20261007-context-ebd61b02b8d5-54e18bc1f938.json;verification/requirement-coverage-NREQ-a3f1c0440fabe4b988fb5fca68a0487c-20261007-context-eac1ae13e05b-54e18bc1f938.json;verification/requirement-coverage-NREQ-a6fb1ab9c309f702b7cd3d8c7f38cf8f-20261007-context-683bf6ce202e-54e18bc1f938.json;verification/requirement-coverage-NREQ-ade9df74bf03ff347d7ae537fbfa738d-20261007-context-61a2341f94ae-54e18bc1f938.json;verification/requirement-coverage-NREQ-b3e8d9cffdde1f94d9d342ff0ed4f097-20261007-context-b36ec8d0d499-54e18bc1f938.json;verification/requirement-coverage-NREQ-b7b9ecdbceaad6aaefc9e55f7d5b3d48-20261007-context-08a2d1fe5fc7-54e18bc1f938.json;verification/requirement-coverage-NREQ-c1d94148ff5023aac7735baefed6c35d-20261007-context-c697349e63e8-54e18bc1f938.json;verification/requirement-coverage-NREQ-cf2cbee76666e1f836c4cca046988062-20261007-context-ee826876a6b9-54e18bc1f938.json;verification/requirement-coverage-NREQ-e2c966ff2db0502c8d0f2d40e87f4262-20261007-context-c6d95e2cb2e2-54e18bc1f938.json;verification/requirement-coverage-NREQ-ebadc5f449d2029613a3af4b31f78c6f-20261007-context-4fd7fab953a6-54e18bc1f938.json;verification/requirement-coverage-NREQ-f2d6f77dfa27e853d7eb5dab69be388d-20261007-context-e9122d35086e-54e18bc1f938.json
M	verify-stage01-intake-closure.mjs	b02768b73295732c000458620f4a73b4879904b8ebbc4639cb46a88e9d1246c4	RECOVERED_EXACT_SOURCE_SCOPED_REVIEW_RETAINED_WITH_ORIGINAL_LIMITS	/workspace/scratch/recovered-20261006/evidence/02-pr-review/complete-pr-file-review-inventory.json#/files/600;/workspace/scratch/recovered-20261006/evidence/02-pr-review/working-pr-file-review-inventory.json#/files/602
A	verify-stage01-review-subject.mjs	30c04cefd6dc96cfae601f7f57d5a35cd4f7985ff358a902820351f04266a8a0	CURRENT_HASH_REFERENCED_BY_RETAINED_DELTA_REVIEW	verification/runtime-storage-independent-delta-review-20261010.json
M	verify-stage03-agent-protocol.mjs	23cacea56a1d54596bfd75146dcc1766f9b8bef849d0c777f9c2aacc7e240d7e	HISTORICAL_ALL_FILE_REVIEW_REPORTED_BACKING_INVENTORY_UNAVAILABLE	NONE_RETAINED
A	verify-stage19-discovery-challenge.mjs	efcfa73e011d7c1a88f14e0debd83c15d9ebbc1c3d23cf77e41b729596294513	RECOVERED_EXACT_SOURCE_SCOPED_REVIEW_RETAINED_WITH_ORIGINAL_LIMITS	/workspace/scratch/recovered-20261006/evidence/02-pr-review/complete-pr-file-review-inventory.json#/files/603;/workspace/scratch/recovered-20261006/evidence/02-pr-review/working-pr-file-review-inventory.json#/files/605
A	verify-stage26-independent-review.mjs	393cf76ae3fa39b3ff70d688c2b2809a30ccdb977c37badd1e7968d65738d5cd	HISTORICAL_ALL_FILE_REVIEW_REPORTED_BACKING_INVENTORY_UNAVAILABLE	NONE_RETAINED
M	verify-stage27-release-binding.mjs	74f15015f9b693253acebf0f850d0f5a442db0373af59203af7ffe71b92a32a9	RECOVERED_EXACT_SOURCE_SCOPED_REVIEW_RETAINED_WITH_ORIGINAL_LIMITS	/workspace/scratch/recovered-20261006/evidence/02-pr-review/complete-pr-file-review-inventory.json#/files/605;/workspace/scratch/recovered-20261006/evidence/02-pr-review/working-pr-file-review-inventory.json#/files/607
M	verify-stage28-artifact-delivery-intent.mjs	5bdfca05af6cf164aed18434c32db641423a762e2a31f64c2616abd23bbf3008	CURRENT_HASH_REFERENCED_BY_RETAINED_DELTA_REVIEW	verification/ci-group-handoff-independent-delta-review-20261010.json
M	verify-stage29-evidence-chain-checkpoint.mjs	c6bd9002c54497654e08b8fc328f2cfbe50d91f4299584f60809b35309ae9be1	RECOVERED_EXACT_SOURCE_SCOPED_REVIEW_RETAINED_WITH_ORIGINAL_LIMITS	/workspace/scratch/recovered-20261006/evidence/02-pr-review/complete-pr-file-review-inventory.json#/files/607;/workspace/scratch/recovered-20261006/evidence/02-pr-review/working-pr-file-review-inventory.json#/files/609
M	verify-stage30-terminal-mobile-boundary.mjs	18de253cbaccaddaed5d24881c842cd3223aabb4479f33271e0d48b75a9181d1	HISTORICAL_ALL_FILE_REVIEW_REPORTED_BACKING_INVENTORY_UNAVAILABLE	NONE_RETAINED
M	verify-storage-deadlines.mjs	89b1612e41475106d67bb4217d4d829ba23c3f3a3f8a32c06fb556d242e86e9e	HISTORICAL_ALL_FILE_REVIEW_REPORTED_BACKING_INVENTORY_UNAVAILABLE	NONE_RETAINED
M	verify-test-ir-port-types.mjs	b78f1fab5a8257493b2e617c93ee9960b14ba49d6256ccf34401d3bfee8f6412	RECOVERED_EXACT_SOURCE_SCOPED_REVIEW_RETAINED_WITH_ORIGINAL_LIMITS	/workspace/scratch/recovered-20261006/evidence/02-pr-review/complete-pr-file-review-inventory.json#/files/609;/workspace/scratch/recovered-20261006/evidence/02-pr-review/working-pr-file-review-inventory.json#/files/611
M	verify-test-runtime-dag.mjs	ac3dc11b0a8abd595d3461497d2fa6be2469f4effa152dfd63e1a81316d04058	RECOVERED_EXACT_SOURCE_SCOPED_REVIEW_RETAINED_WITH_ORIGINAL_LIMITS	/workspace/scratch/recovered-20261006/evidence/02-pr-review/complete-pr-file-review-inventory.json#/files/610;/workspace/scratch/recovered-20261006/evidence/02-pr-review/working-pr-file-review-inventory.json#/files/612
M	verify-test-runtime-integrity.mjs	ffafbbf4595d3471132b87631db1175187809736f3c849d00914cf008f7e378b	RECOVERED_EXACT_SOURCE_SCOPED_REVIEW_RETAINED_WITH_ORIGINAL_LIMITS	/workspace/scratch/recovered-20261006/evidence/02-pr-review/complete-pr-file-review-inventory.json#/files/611;/workspace/scratch/recovered-20261006/evidence/02-pr-review/working-pr-file-review-inventory.json#/files/613
M	verify-test-runtime-limits.mjs	e5dcb100b3b0e8e0ffd16b0c7d09f195ab256f5492bf635d713fe56a42402493	RECOVERED_EXACT_SOURCE_SCOPED_REVIEW_RETAINED_WITH_ORIGINAL_LIMITS	/workspace/scratch/recovered-20261006/evidence/02-pr-review/complete-pr-file-review-inventory.json#/files/612;/workspace/scratch/recovered-20261006/evidence/02-pr-review/working-pr-file-review-inventory.json#/files/614
M	verify-test-runtime-v3.mjs	4a86e7340d01ad8ccafc364fa0784f01a49583ab6423a65323f625c09424a971	CURRENT_HASH_MATCHES_RETAINED_SCOPED_REVIEW_INPUT	verification/requirement-coverage-NREQ-012f85cfd2196b3413752b3deb14edf0-20261007-context-faf7fb1b8f5f-54e18bc1f938.json;verification/requirement-coverage-NREQ-092f78e488e6282f342b533fa7801e3e-20261007-context-11d306878126-54e18bc1f938.json;verification/requirement-coverage-NREQ-1543275bf85c6f452bce3c65a31dd691-20261007-context-bc25b407a6a7-54e18bc1f938.json;verification/requirement-coverage-NREQ-178819f4c44ad7250656e79d18a8cae3-20261007-context-c1c5855362aa-54e18bc1f938.json;verification/requirement-coverage-NREQ-1cb8c122e35c6f4e36f01c95ea0d02c9-20261007-context-4e1b5cc17d08-54e18bc1f938.json;verification/requirement-coverage-NREQ-1e002259d64a939cee2f2a41f4bf3515-20261007-context-19c88e9b3697-54e18bc1f938.json;verification/requirement-coverage-NREQ-2323c8d363fd8c29f965d8c0e67549ae-20261007-context-cb02bb332e42-54e18bc1f938.json;verification/requirement-coverage-NREQ-2969c103b4ac33435f1e5d6c258a7b7b-20261007-context-857befb4ca6d-54e18bc1f938.json;verification/requirement-coverage-NREQ-318da161cc5f30f33449238ba3870773-20261007-context-123b97ea9f3d-54e18bc1f938.json;verification/requirement-coverage-NREQ-4592c9487837c81077b166abf57bb4a7-20261007-context-86ef01f1c3cb-54e18bc1f938.json;verification/requirement-coverage-NREQ-4b26e20f450b23eb551b2da03e69c9c9-20261007-context-07d6150a1321-54e18bc1f938.json;verification/requirement-coverage-NREQ-55f458162d319bfbb710223b3528ef9f-20261007-context-5b104c0b9184-54e18bc1f938.json;verification/requirement-coverage-NREQ-595ff4d66406e3bd9529e12f036c882b-20261007-context-b22989818f22-54e18bc1f938.json;verification/requirement-coverage-NREQ-606a27b2b9b712e933dda6e0e7b0ce68-20261007-context-c717ae8f5d63-54e18bc1f938.json;verification/requirement-coverage-NREQ-6a5e773812226552e3448329be3966cd-20261007-context-14f5a52593d0-54e18bc1f938.json;verification/requirement-coverage-NREQ-75151f881444015977da6a6d7d86cb1c-20261007-context-5c2a016004df-54e18bc1f938.json;verification/requirement-coverage-NREQ-7643f1fb351e295ecb8565583cb9a37f-20261007-context-1fe2c84cf115-54e18bc1f938.json;verification/requirement-coverage-NREQ-797b5fe50f9d13ae34d17cc98c7c8f24-20261007-context-0a94e402d167-54e18bc1f938.json;verification/requirement-coverage-NREQ-9e0ad66ef878f9e97c909997e976cc13-20261007-context-c8e259a009f0-54e18bc1f938.json;verification/requirement-coverage-NREQ-a011968eff2ed2dc314d58ed27dfad88-20261007-context-87882d5bae07-54e18bc1f938.json;verification/requirement-coverage-NREQ-a99b13aa6aa9c7ffa4b65010951f18ec-20261007-context-8e1c768bc690-54e18bc1f938.json;verification/requirement-coverage-NREQ-b04395198a63faa09666a1bfca300a1e-20261007-context-3d6d12bed622-54e18bc1f938.json;verification/requirement-coverage-NREQ-b366c2ac73e0e846627de23589a5a772-20261007-context-a26853843e41-54e18bc1f938.json;verification/requirement-coverage-NREQ-b67c348ca653ff5a19ba01272dfd4262-20261007-context-d619c471e8d3-54e18bc1f938.json;verification/requirement-coverage-NREQ-bc997511e2328af90b68d1898bcf6ed7-20261007-context-18574f44b5d8-54e18bc1f938.json;verification/requirement-coverage-NREQ-bde18b0504b7485cf77fad020a4a494b-20261007-context-90bbee2744c4-54e18bc1f938.json;verification/requirement-coverage-NREQ-bedc4564e47ae7ebf86911eb8426b6f0-20261007-context-303caf90caff-54e18bc1f938.json;verification/requirement-coverage-NREQ-befdab6cc6a4121936987a35fc18e1c9-20261007-context-c8b0b09a87ad-54e18bc1f938.json;verification/requirement-coverage-NREQ-c0a2fa84e2aafe674742a0bb98c40e02-20261007-context-949b3819c6b9-54e18bc1f938.json;verification/requirement-coverage-NREQ-d2fa27e805583d3a5c7d281ed7051950-20261007-context-8e1b30f0d0bb-54e18bc1f938.json;verification/requirement-coverage-NREQ-d6eeb36f75c6f6f6854a2e3aa9ac2070-20261007-context-e9e30bbb47a8-54e18bc1f938.json;verification/requirement-coverage-NREQ-e0b91994f249e0b795ab80a6e3f4a4a2-20261007-context-b609fa37652f-54e18bc1f938.json;verification/requirement-coverage-NREQ-ec756b9a468c4ea50f2d35c578a1a11a-20261007-context-5b0bc69cf0f7-54e18bc1f938.json;verification/requirement-coverage-NREQ-f6e1df45974ccc5d32aafbc5f38dd535-20261007-context-b48c49f827aa-54e18bc1f938.json
M	verify-test-runtime.mjs	3b4da955fcf651522c20522c6345732d3f67bd8414639e51b3e1ac6e72da7580	RECOVERED_EXACT_SOURCE_SCOPED_REVIEW_RETAINED_WITH_ORIGINAL_LIMITS	/workspace/scratch/recovered-20261006/evidence/02-pr-review/complete-pr-file-review-inventory.json#/files/614;/workspace/scratch/recovered-20261006/evidence/02-pr-review/working-pr-file-review-inventory.json#/files/616
M	verify-ui-persistence-preconditions.mjs	3c2bd5b5f676b34c8856492f8c4ad4a3bfe9264f038c25527010d3e54f8ba14c	RECOVERED_EXACT_SOURCE_SCOPED_REVIEW_RETAINED_WITH_ORIGINAL_LIMITS	/workspace/scratch/recovered-20261006/evidence/02-pr-review/complete-pr-file-review-inventory.json#/files/615;/workspace/scratch/recovered-20261006/evidence/02-pr-review/working-pr-file-review-inventory.json#/files/617
M	verify-unicode-filenames.mjs	40ef03a2f4b70564d3ffea8c898265a149863313242f985f6e8ce4c277aa392f	HISTORICAL_ALL_FILE_REVIEW_REPORTED_BACKING_INVENTORY_UNAVAILABLE	NONE_RETAINED
M	verify-v3-contract.mjs	718e6836dbd38af0ee995347297efce33fa135527208524cbc9d72f6f8df92dd	RECOVERED_EXACT_SOURCE_SCOPED_REVIEW_RETAINED_WITH_ORIGINAL_LIMITS	/workspace/scratch/recovered-20261006/evidence/02-pr-review/complete-pr-file-review-inventory.json#/files/616;/workspace/scratch/recovered-20261006/evidence/02-pr-review/working-pr-file-review-inventory.json#/files/618
M	verify-v3-definition-of-done.mjs	e6a76b428e800578d4975bb0ebc13b68b4a5c22db0716d90c86b80d8e581dd82	CURRENT_HASH_REFERENCED_BY_RETAINED_DELTA_REVIEW	verification/ci-evidence-independent-delta-review-20261010.json
M	verify-v3-migration.mjs	4436683fdbc009fa70dd1266eab9bf0968dfe2b1002ce5e3b0328d82e925800a	CURRENT_HASH_MATCHES_RETAINED_SCOPED_REVIEW_INPUT	verification/requirement-coverage-NREQ-1b07d67693ef773b4800dc6e06626b5b-20261007-context-dcaf72405bbe-54e18bc1f938.json;verification/requirement-coverage-NREQ-2046e21dd63ad76f992233d5582c716d-20261007-context-8d03363ebd61-54e18bc1f938.json;verification/requirement-coverage-NREQ-5811c65fa83521ee7afeedd602cec806-20261007-context-60e25b364eb4-54e18bc1f938.json;verification/requirement-coverage-NREQ-a1bafeb7c6f6f12bf0c7b0f6fcadaab9-20261007-context-4b6563194ed6-54e18bc1f938.json;verification/requirement-coverage-NREQ-f41a79c58369bd76c58ad7e831e953ce-20261007-context-a6f639cd6cfc-54e18bc1f938.json
M	verify-verification-routing-browser.mjs	b3149c11c9d3e4db6de46840d6958b227be832d6cf3212bc265efc36d9fe6141	HISTORICAL_ALL_FILE_REVIEW_REPORTED_BACKING_INVENTORY_UNAVAILABLE	NONE_RETAINED
M	verify-verification-routing.mjs	bf89fb746efae5823e75f7c0cb06153d47185791d8ef7087189574ff77f1d731	HISTORICAL_ALL_FILE_REVIEW_REPORTED_BACKING_INVENTORY_UNAVAILABLE	NONE_RETAINED
M	verify-verified-site.mjs	1d9af82b616c8616ba9ea91d50726edf5701705e348a522bba94ab40d4ce7fc6	CURRENT_HASH_REFERENCED_BY_RETAINED_DELTA_REVIEW	verification/ingestion-order-independent-delta-review-20261010.json
M	verify-verifier-runtime.mjs	c9879fbdbaf6554f1cc108c980a54594a548807c81721d8f1864e1319d03b331	CURRENT_HASH_REFERENCED_BY_RETAINED_DELTA_REVIEW	verification/runtime-storage-independent-delta-review-20261010.json
M	verify-visual-baseline-submission.mjs	b105ea061e0fad275a3f572d5432d102b69ef81d796e784f13f4e357fbb00f14	HISTORICAL_ALL_FILE_REVIEW_REPORTED_BACKING_INVENTORY_UNAVAILABLE	NONE_RETAINED
M	verify-workflow-focus.mjs	31f0a501b34d1a8566f0d06a3d14d3c4657b904c4453ec076aa8d0b25014fafe	CURRENT_HASH_MATCHES_RETAINED_SCOPED_REVIEW_INPUT	verification/requirement-coverage-NREQ-c94c878ef2cf8c6a35b0985da91c0c85-20261007-context-fe6c073ad55f-54e18bc1f938.json
M	verify-zero-loss-accounting.mjs	2ea85c5c9bb87753dca5cee238d1d5a4df7900814a477a5c03229d16288e2ff0	HISTORICAL_ALL_FILE_REVIEW_REPORTED_BACKING_INVENTORY_UNAVAILABLE	NONE_RETAINED
M	verify.mjs	685164f95dbca20b89607c9bdd6739e2109e06e89cc9c27d6d98d2947860582e	RECOVERED_EXACT_SOURCE_SCOPED_REVIEW_RETAINED_WITH_ORIGINAL_LIMITS	/workspace/scratch/recovered-20261006/evidence/02-pr-review/complete-pr-file-review-inventory.json#/files/623;/workspace/scratch/recovered-20261006/evidence/02-pr-review/working-pr-file-review-inventory.json#/files/625
M	visual-baseline-submission.mjs	5a967920e1e59bbdbcd3d4240b8657ed25e537176c09b514b256d546a2a1f316	CURRENT_HASH_MATCHES_RETAINED_SCOPED_REVIEW_INPUT	verification/requirement-coverage-NREQ-4b26e20f450b23eb551b2da03e69c9c9-20261007-context-07d6150a1321-54e18bc1f938.json;verification/requirement-coverage-NREQ-a011968eff2ed2dc314d58ed27dfad88-20261007-context-87882d5bae07-54e18bc1f938.json;verification/requirement-coverage-NREQ-bedc4564e47ae7ebf86911eb8426b6f0-20261007-context-303caf90caff-54e18bc1f938.json;verification/requirement-coverage-NREQ-befdab6cc6a4121936987a35fc18e1c9-20261007-context-c8b0b09a87ad-54e18bc1f938.json
M	workbook.js	3a8098a9bb4ea108eadaa9bec90c76a1522f57f6465f45341cedf60937ddd008	CURRENT_HASH_MATCHES_RETAINED_SCOPED_REVIEW_INPUT	verification/requirement-coverage-NREQ-012f85cfd2196b3413752b3deb14edf0-20261007-context-faf7fb1b8f5f-54e18bc1f938.json;verification/requirement-coverage-NREQ-04e156310ae4ecdd6915448e3f30e047-20261007-context-9f8a35215a69-54e18bc1f938.json;verification/requirement-coverage-NREQ-0774fcb2b6e2510d755133d371474ec8-20261007-context-d48d5f2a8e1a-54e18bc1f938.json;verification/requirement-coverage-NREQ-092f78e488e6282f342b533fa7801e3e-20261007-context-11d306878126-54e18bc1f938.json;verification/requirement-coverage-NREQ-0b73c99557630a5deeace7e89ea0e28f-20261007-context-70f6fc73db90-54e18bc1f938.json;verification/requirement-coverage-NREQ-0c973b955d61ee36887734df0ade5e69-20261007-context-aa211674369a-54e18bc1f938.json;verification/requirement-coverage-NREQ-0f5cdc9e49a6fb5b69455d4b2338448c-20261007-context-fb52feb719db-54e18bc1f938.json;verification/requirement-coverage-NREQ-0fe0693c63b640aac77aa7fa2ad3861d-20261007-context-e479a2d67661-54e18bc1f938.json;verification/requirement-coverage-NREQ-1000a70e39109bdb76b85fa6855a4892-20261007-context-fab4e794a047-54e18bc1f938.json;verification/requirement-coverage-NREQ-1543275bf85c6f452bce3c65a31dd691-20261007-context-bc25b407a6a7-54e18bc1f938.json;verification/requirement-coverage-NREQ-1576e27fba46e1d68631bb2ade2e37f4-20261007-context-f03bceab9e8e-54e18bc1f938.json;verification/requirement-coverage-NREQ-178819f4c44ad7250656e79d18a8cae3-20261007-context-c1c5855362aa-54e18bc1f938.json;verification/requirement-coverage-NREQ-18edc302ca3fad90513b66c585e688e6-20261007-context-c29757d88109-54e18bc1f938.json;verification/requirement-coverage-NREQ-1b07d67693ef773b4800dc6e06626b5b-20261007-context-dcaf72405bbe-54e18bc1f938.json;verification/requirement-coverage-NREQ-1cb8c122e35c6f4e36f01c95ea0d02c9-20261007-context-4e1b5cc17d08-54e18bc1f938.json;verification/requirement-coverage-NREQ-1e002259d64a939cee2f2a41f4bf3515-20261007-context-19c88e9b3697-54e18bc1f938.json;verification/requirement-coverage-NREQ-1f578d8524f1af57b280fd03422827f1-20261007-context-33c756e92bb7-54e18bc1f938.json;verification/requirement-coverage-NREQ-2046e21dd63ad76f992233d5582c716d-20261007-context-8d03363ebd61-54e18bc1f938.json;verification/requirement-coverage-NREQ-2174af2894ceaa1acb9a032113db659d-20261007-context-8376db0a1333-54e18bc1f938.json;verification/requirement-coverage-NREQ-229f56cf458329f04d589d3aa92b95e5-20261007-context-23fcc35649f3-54e18bc1f938.json;verification/requirement-coverage-NREQ-22cf265b2b952dcb7187618a915c98bd-20261007-context-78f2e077c3d8-54e18bc1f938.json;verification/requirement-coverage-NREQ-2323c8d363fd8c29f965d8c0e67549ae-20261007-context-cb02bb332e42-54e18bc1f938.json;verification/requirement-coverage-NREQ-2524a1d9ecc583bbd420778cfb147983-20261007-context-04970fd5ee41-54e18bc1f938.json;verification/requirement-coverage-NREQ-252dcf08d6bbe6a5893bc9cd551ef6ec-20261007-context-568f2f91efca-54e18bc1f938.json;verification/requirement-coverage-NREQ-255fe5112069486751f53087b1ab699e-20261007-context-608c37b31d30-54e18bc1f938.json;verification/requirement-coverage-NREQ-266e79545a48e7c4310883faa04e9844-20261007-context-7b27fb019885-54e18bc1f938.json;verification/requirement-coverage-NREQ-26b8cfa830777dd2bfa4c8aac620403c-20261007-context-08c3774267c0-54e18bc1f938.json;verification/requirement-coverage-NREQ-27cf5e6a8e4cf40ff1873bd4d059b3cd-20261007-context-079978627600-54e18bc1f938.json;verification/requirement-coverage-NREQ-27f437fe3040767de849d06a48cdb3c3-20261007-context-f1acc99ffcf8-54e18bc1f938.json;verification/requirement-coverage-NREQ-292af594522de75d72b35851b9befed4-20261007-context-e580690eff15-54e18bc1f938.json;verification/requirement-coverage-NREQ-2969c103b4ac33435f1e5d6c258a7b7b-20261007-context-857befb4ca6d-54e18bc1f938.json;verification/requirement-coverage-NREQ-2b14774ffd65e947a3d3deae3ad09c92-20261007-context-aa8204f96091-54e18bc1f938.json;verification/requirement-coverage-NREQ-318da161cc5f30f33449238ba3870773-20261007-context-123b97ea9f3d-54e18bc1f938.json;verification/requirement-coverage-NREQ-360281bfdd66bed29237ed7202962808-20261007-context-defd14234c9a-54e18bc1f938.json;verification/requirement-coverage-NREQ-39eba2aba9049ed18beade0c11e0c107-20261007-context-3f29c46a8871-54e18bc1f938.json;verification/requirement-coverage-NREQ-3a3ba3d92dd569d454e781fcccf7ac61-20261007-context-66b766ea1a5d-54e18bc1f938.json;verification/requirement-coverage-NREQ-41ab1c200b4ce5c9d1d96613a3e5b264-20261007-context-867dae61e345-54e18bc1f938.json;verification/requirement-coverage-NREQ-4363c0420b1bd921591c1f2446cfb8eb-20261007-context-de3533a949d5-54e18bc1f938.json;verification/requirement-coverage-NREQ-4592c9487837c81077b166abf57bb4a7-20261007-context-86ef01f1c3cb-54e18bc1f938.json;verification/requirement-coverage-NREQ-4b26e20f450b23eb551b2da03e69c9c9-20261007-context-07d6150a1321-54e18bc1f938.json;verification/requirement-coverage-NREQ-4b27c9f604f44c29404eacc12a59fd68-20261007-context-0ea535138580-54e18bc1f938.json;verification/requirement-coverage-NREQ-4bb54f6379863c0a17e6fbc58edcd042-20261007-context-c3df825e72e4-54e18bc1f938.json;verification/requirement-coverage-NREQ-4bb86ccfacff0ea8bbbc59df67b0ca4f-20261007-context-6dcc93386d57-54e18bc1f938.json;verification/requirement-coverage-NREQ-4d7b09d088c999d3c6e91a968cbe1a02-20261007-context-03745896590f-54e18bc1f938.json;verification/requirement-coverage-NREQ-5003532a6cda7a68c13be508fbf4d723-20261007-context-dccb85cd4973-54e18bc1f938.json;verification/requirement-coverage-NREQ-536910c50d3998944884b519e0d89555-20261007-context-0ceefe702ac1-54e18bc1f938.json;verification/requirement-coverage-NREQ-55dce831e47c4a26e093cc6134572e8f-20261007-context-b731d3ee0180-54e18bc1f938.json;verification/requirement-coverage-NREQ-55f458162d319bfbb710223b3528ef9f-20261007-context-5b104c0b9184-54e18bc1f938.json;verification/requirement-coverage-NREQ-57f8fa829a872f35948a81bd58477291-20261007-context-fd3ea3b718ef-54e18bc1f938.json;verification/requirement-coverage-NREQ-5811c65fa83521ee7afeedd602cec806-20261007-context-60e25b364eb4-54e18bc1f938.json;verification/requirement-coverage-NREQ-595ff4d66406e3bd9529e12f036c882b-20261007-context-b22989818f22-54e18bc1f938.json;verification/requirement-coverage-NREQ-59d5854af99ac5a566eb61e978519b21-20261007-context-e53573db3335-54e18bc1f938.json;verification/requirement-coverage-NREQ-5d9431875519d7cfc3188157a10d6bfc-20261007-context-6cff1723f402-54e18bc1f938.json;verification/requirement-coverage-NREQ-5dbdcf72dd32a519bb29fbf8250726d3-20261007-context-99eab70395b3-54e18bc1f938.json;verification/requirement-coverage-NREQ-5f9aa84ccae751c1692f148708a9288c-20261007-context-1a6ddd562cda-54e18bc1f938.json;verification/requirement-coverage-NREQ-5fe6282f6c99d8d0f13fdf06bb5317fa-20261007-context-b3f25a0a1514-54e18bc1f938.json;verification/requirement-coverage-NREQ-601ec85ffefcffd713520f4067f7529c-20261007-context-be7aad854ceb-54e18bc1f938.json;verification/requirement-coverage-NREQ-606a27b2b9b712e933dda6e0e7b0ce68-20261007-context-c717ae8f5d63-54e18bc1f938.json;verification/requirement-coverage-NREQ-647d36595971915d7c485a338ddc4013-20261007-context-661182e4e06d-54e18bc1f938.json;verification/requirement-coverage-NREQ-6a5e773812226552e3448329be3966cd-20261007-context-14f5a52593d0-54e18bc1f938.json;verification/requirement-coverage-NREQ-6fe30b5cb969bf2fb9daaabc3422ac38-20261007-context-2594d1e812f8-54e18bc1f938.json;verification/requirement-coverage-NREQ-70114fe79e900fc756a0d6cc14ea8f90-20261007-context-0322b753560e-54e18bc1f938.json;verification/requirement-coverage-NREQ-71896faa31bc64e94d98bc976e1e6f1d-20261007-context-def6b5edfdba-54e18bc1f938.json;verification/requirement-coverage-NREQ-72aa03a305fb8893a65d384f41d86aeb-20261007-context-6fb2556fc745-54e18bc1f938.json;verification/requirement-coverage-NREQ-72ba9c97f91e20a56d469fe3d4acf669-20261007-context-ce1798099b2f-54e18bc1f938.json;verification/requirement-coverage-NREQ-75151f881444015977da6a6d7d86cb1c-20261007-context-5c2a016004df-54e18bc1f938.json;verification/requirement-coverage-NREQ-7542acad543ceb37f7fb325baac0d9d0-20261007-context-1dab787f784f-54e18bc1f938.json;verification/requirement-coverage-NREQ-75b670fc6ea047b7452b4148f12a30ba-20261007-context-dfc64a21a246-54e18bc1f938.json;verification/requirement-coverage-NREQ-7643f1fb351e295ecb8565583cb9a37f-20261007-context-1fe2c84cf115-54e18bc1f938.json;verification/requirement-coverage-NREQ-768d67996244254c83c0d11796f63912-20261007-context-291bd5dd0e04-54e18bc1f938.json;verification/requirement-coverage-NREQ-78fef21919bbd7bb3bafba6f62210631-20261007-context-8f3806190781-54e18bc1f938.json;verification/requirement-coverage-NREQ-797b5fe50f9d13ae34d17cc98c7c8f24-20261007-context-0a94e402d167-54e18bc1f938.json;verification/requirement-coverage-NREQ-7a68fe07ee725cf205dd2102cd997b7f-20261007-context-652ecb1fe1af-54e18bc1f938.json;verification/requirement-coverage-NREQ-7add6f24a57198b72b500e5a2acf1ca6-20261007-context-6cba32557505-54e18bc1f938.json;verification/requirement-coverage-NREQ-7be2bf6dfeab825b0549d41a0151841e-20261007-context-4d745e4aa672-54e18bc1f938.json;verification/requirement-coverage-NREQ-7d91a0dd124e5a78fc01449f23a3e8fa-20261007-context-dfcfcb839c96-54e18bc1f938.json;verification/requirement-coverage-NREQ-829ac5f73d2b01828644e51c0675d6b6-20261007-context-b712f2bc0f59-54e18bc1f938.json;verification/requirement-coverage-NREQ-848909d4b95219bdb481803a4b1b91c2-20261007-context-73f60d480258-54e18bc1f938.json;verification/requirement-coverage-NREQ-853a934199459ed6bf419687ca08ba34-20261007-context-00fada70b5c9-54e18bc1f938.json;verification/requirement-coverage-NREQ-85b110cf9d0bf8e7e2a6ca34dcdee412-20261007-context-80144a03a02d-54e18bc1f938.json;verification/requirement-coverage-NREQ-86651d173d1583e48cf6c03f9d486f4f-20261007-context-327d2cc2c990-54e18bc1f938.json;verification/requirement-coverage-NREQ-87e7a29563e2235e49d5eea31da7db0c-20261007-context-04879b11d740-54e18bc1f938.json;verification/requirement-coverage-NREQ-8bb8790d8dd6c5082d6e0351c032cda5-20261007-context-ebd61b02b8d5-54e18bc1f938.json;verification/requirement-coverage-NREQ-8c2bdedb1f707a1a97695f7b0745365c-20261007-context-96450c77219a-54e18bc1f938.json;verification/requirement-coverage-NREQ-9050383f9f0b382f0fd9b465a0a20f78-20261007-context-cfc13d3d88ae-54e18bc1f938.json;verification/requirement-coverage-NREQ-925405b741265dbbc292d4f3a74c2bd6-20261007-context-acc52814e6d6-54e18bc1f938.json;verification/requirement-coverage-NREQ-928a65a08b403be3edc8b160ef9cc53c-20261007-context-bc514f8d980c-54e18bc1f938.json;verification/requirement-coverage-NREQ-928c9bbcf0101e2a0e4a0e69edc59164-20261007-context-c00b5434d55a-54e18bc1f938.json;verification/requirement-coverage-NREQ-931f08afd15144dcac6c7768f2c393d0-20261007-context-4eaa8fcb825e-54e18bc1f938.json;verification/requirement-coverage-NREQ-949f1919a3c7d66486dd74bbd084b71a-20261007-context-51d18e6898a2-54e18bc1f938.json;verification/requirement-coverage-NREQ-971af7158d193e9b1d780c13b6c8e0ec-20261007-context-3e84d85be560-54e18bc1f938.json;verification/requirement-coverage-NREQ-9b21240c5c27ee356dec92b459a0fcb9-20261007-context-f0585937ea82-54e18bc1f938.json;verification/requirement-coverage-NREQ-9e0ad66ef878f9e97c909997e976cc13-20261007-context-c8e259a009f0-54e18bc1f938.json;verification/requirement-coverage-NREQ-9e413bfc92a85655c990712d56002499-20261007-context-ce45300844ea-54e18bc1f938.json;verification/requirement-coverage-NREQ-a011968eff2ed2dc314d58ed27dfad88-20261007-context-87882d5bae07-54e18bc1f938.json;verification/requirement-coverage-NREQ-a0db6ddcb33d9af123b08d4d481c8ebd-20261007-context-6d4092da78f9-54e18bc1f938.json;verification/requirement-coverage-NREQ-a12012292224d4b4a0a9b1088c8c49d0-20261007-context-3fe1f1abe0f4-54e18bc1f938.json;verification/requirement-coverage-NREQ-a1bafeb7c6f6f12bf0c7b0f6fcadaab9-20261007-context-4b6563194ed6-54e18bc1f938.json;verification/requirement-coverage-NREQ-a3f1c0440fabe4b988fb5fca68a0487c-20261007-context-eac1ae13e05b-54e18bc1f938.json;verification/requirement-coverage-NREQ-a42ec803577aa8ccbe176ed8e20a8595-20261007-context-66547fe135c2-54e18bc1f938.json;verification/requirement-coverage-NREQ-a5e73329c9ae93f23b01a42d43179133-20261007-context-71a07396be34-54e18bc1f938.json;verification/requirement-coverage-NREQ-a6fb1ab9c309f702b7cd3d8c7f38cf8f-20261007-context-683bf6ce202e-54e18bc1f938.json;verification/requirement-coverage-NREQ-a7139de247d6263164ddc139ec1fe2ce-20261007-context-1e402d1c19b7-54e18bc1f938.json;verification/requirement-coverage-NREQ-a8822e7da5b9525a6c3e097b71e59183-20261007-context-c52dc24f6227-54e18bc1f938.json;verification/requirement-coverage-NREQ-a99b13aa6aa9c7ffa4b65010951f18ec-20261007-context-8e1c768bc690-54e18bc1f938.json;verification/requirement-coverage-NREQ-a9ef7326ce64b6049b07bdddd8d9d024-20261007-context-f1fcf2f90e43-54e18bc1f938.json;verification/requirement-coverage-NREQ-aa165dd96291b05acd70bf948f215d04-20261007-context-bb47e51ecefe-54e18bc1f938.json;verification/requirement-coverage-NREQ-aafc7cd5dc54af415d36425000d76acb-20261007-context-a26debd029d2-54e18bc1f938.json;verification/requirement-coverage-NREQ-ab9ab7c7ba110dfd3e0a5f8f5c9908cb-20261007-context-d64ec081ccf9-54e18bc1f938.json;verification/requirement-coverage-NREQ-ade9df74bf03ff347d7ae537fbfa738d-20261007-context-61a2341f94ae-54e18bc1f938.json;verification/requirement-coverage-NREQ-b04395198a63faa09666a1bfca300a1e-20261007-context-3d6d12bed622-54e18bc1f938.json;verification/requirement-coverage-NREQ-b14772d932b286c302b05996186c8022-20261007-context-53abd11134eb-54e18bc1f938.json;verification/requirement-coverage-NREQ-b366c2ac73e0e846627de23589a5a772-20261007-context-a26853843e41-54e18bc1f938.json;verification/requirement-coverage-NREQ-b3e8d9cffdde1f94d9d342ff0ed4f097-20261007-context-b36ec8d0d499-54e18bc1f938.json;verification/requirement-coverage-NREQ-b67c348ca653ff5a19ba01272dfd4262-20261007-context-d619c471e8d3-54e18bc1f938.json;verification/requirement-coverage-NREQ-b7b9ecdbceaad6aaefc9e55f7d5b3d48-20261007-context-08a2d1fe5fc7-54e18bc1f938.json;verification/requirement-coverage-NREQ-baa1c33b2e2490264f91881b06ff9da8-20261007-context-029f6195f4ba-54e18bc1f938.json;verification/requirement-coverage-NREQ-bc997511e2328af90b68d1898bcf6ed7-20261007-context-18574f44b5d8-54e18bc1f938.json;verification/requirement-coverage-NREQ-bde18b0504b7485cf77fad020a4a494b-20261007-context-90bbee2744c4-54e18bc1f938.json;verification/requirement-coverage-NREQ-bedc4564e47ae7ebf86911eb8426b6f0-20261007-context-303caf90caff-54e18bc1f938.json;verification/requirement-coverage-NREQ-befdab6cc6a4121936987a35fc18e1c9-20261007-context-c8b0b09a87ad-54e18bc1f938.json;verification/requirement-coverage-NREQ-bfc0e4b5d516977d7fcad7b3f74e43c6-20261007-context-a86412ff6400-54e18bc1f938.json;verification/requirement-coverage-NREQ-c0080ab56f40757c88225dc35a1f98f0-20261007-context-79fe3bf8357b-54e18bc1f938.json;verification/requirement-coverage-NREQ-c0a2fa84e2aafe674742a0bb98c40e02-20261007-context-949b3819c6b9-54e18bc1f938.json;verification/requirement-coverage-NREQ-c1d94148ff5023aac7735baefed6c35d-20261007-context-c697349e63e8-54e18bc1f938.json;verification/requirement-coverage-NREQ-c6ad5908eba2e59771e74f2ceebc5077-20261007-context-e1522203239f-54e18bc1f938.json;verification/requirement-coverage-NREQ-c756b0b15119dd819444cd7212bdad56-20261007-context-fb0c67dfb2a4-54e18bc1f938.json;verification/requirement-coverage-NREQ-c94c878ef2cf8c6a35b0985da91c0c85-20261007-context-fe6c073ad55f-54e18bc1f938.json;verification/requirement-coverage-NREQ-cf25cf824db06866df51c0e538fcbc03-20261007-context-fde639603c5f-54e18bc1f938.json;verification/requirement-coverage-NREQ-cf2cbee76666e1f836c4cca046988062-20261007-context-ee826876a6b9-54e18bc1f938.json;verification/requirement-coverage-NREQ-d2fa27e805583d3a5c7d281ed7051950-20261007-context-8e1b30f0d0bb-54e18bc1f938.json;verification/requirement-coverage-NREQ-d3216139914fb4c3ec1d54819ee18890-20261007-context-4d85dbcad915-54e18bc1f938.json;verification/requirement-coverage-NREQ-d6eeb36f75c6f6f6854a2e3aa9ac2070-20261007-context-e9e30bbb47a8-54e18bc1f938.json;verification/requirement-coverage-NREQ-d6f8519fc2d36e59e4eba26af0442d14-20261007-context-2fbfbdc64e39-54e18bc1f938.json;verification/requirement-coverage-NREQ-db8a127d9ff92a6510ae92e3eb1fbb86-20261007-context-e4c13fc3e86d-54e18bc1f938.json;verification/requirement-coverage-NREQ-dba22c5f93e4359c4b7d4ebdd9799dbf-20261007-context-20dec9a14f41-54e18bc1f938.json;verification/requirement-coverage-NREQ-dd1241e76fbe641c1c88243ba947dc89-20261007-context-d1b7c31332df-54e18bc1f938.json;verification/requirement-coverage-NREQ-ddf7192c16e06f5276d4d324b2e1f6c3-20261007-context-471ddf5379c5-54e18bc1f938.json;verification/requirement-coverage-NREQ-e0b91994f249e0b795ab80a6e3f4a4a2-20261007-context-b609fa37652f-54e18bc1f938.json;verification/requirement-coverage-NREQ-e1a8ce05f1d7a97c385039fd3bd71143-20261007-context-6e9650794698-54e18bc1f938.json;verification/requirement-coverage-NREQ-e2c966ff2db0502c8d0f2d40e87f4262-20261007-context-c6d95e2cb2e2-54e18bc1f938.json;verification/requirement-coverage-NREQ-e5db8a7c723f5b54ada73ce37c7725a2-20261007-context-6d038e318a4a-54e18bc1f938.json;verification/requirement-coverage-NREQ-ea453611a3a1f48cdd2fbfbe946d7ac7-20261007-context-5fb3beeac070-54e18bc1f938.json;verification/requirement-coverage-NREQ-ebadc5f449d2029613a3af4b31f78c6f-20261007-context-4fd7fab953a6-54e18bc1f938.json;verification/requirement-coverage-NREQ-ec756b9a468c4ea50f2d35c578a1a11a-20261007-context-5b0bc69cf0f7-54e18bc1f938.json;verification/requirement-coverage-NREQ-ee95aae3e46bebd05ef8469aff39c9da-20261007-context-4ab906314fee-54e18bc1f938.json;verification/requirement-coverage-NREQ-efa519285f6f28591dc9ad7936c1caa6-20261007-context-67b0bcc51a0a-54e18bc1f938.json;verification/requirement-coverage-NREQ-f0d3896f2d4c46e85ce52981147764ef-20261007-context-01afc04c65c4-54e18bc1f938.json;verification/requirement-coverage-NREQ-f1919b51ebfc8561d0140c02cbf08abd-20261007-context-5b509fd997c1-54e18bc1f938.json;verification/requirement-coverage-NREQ-f295ec535d0d117429de1cced6886a6e-20261007-context-c064f5db48cd-54e18bc1f938.json;verification/requirement-coverage-NREQ-f2d6f77dfa27e853d7eb5dab69be388d-20261007-context-e9122d35086e-54e18bc1f938.json;verification/requirement-coverage-NREQ-f41a79c58369bd76c58ad7e831e953ce-20261007-context-a6f639cd6cfc-54e18bc1f938.json;verification/requirement-coverage-NREQ-f50ee5baca83ff85d962de77d313fda6-20261007-context-fd5c589d06d2-54e18bc1f938.json;verification/requirement-coverage-NREQ-f6858b1d41ca1327e88e31e7f0e8f94f-20261007-context-4f6feb334f83-54e18bc1f938.json;verification/requirement-coverage-NREQ-f6e1df45974ccc5d32aafbc5f38dd535-20261007-context-b48c49f827aa-54e18bc1f938.json;verification/requirement-coverage-NREQ-f9c8f3d1723060ee3fd3fa87ba2a4d75-20261007-context-0bef4700f599-54e18bc1f938.json
M	workflow-engine.js	16c2a16d61d6a462ecebd25cd7d530a3cce46e11c1d9f88664c2e9a27cf61295	CURRENT_HASH_MATCHES_RETAINED_SCOPED_REVIEW_INPUT	verification/requirement-coverage-NREQ-012f85cfd2196b3413752b3deb14edf0-20261007-context-faf7fb1b8f5f-54e18bc1f938.json;verification/requirement-coverage-NREQ-092f78e488e6282f342b533fa7801e3e-20261007-context-11d306878126-54e18bc1f938.json;verification/requirement-coverage-NREQ-0b73c99557630a5deeace7e89ea0e28f-20261007-context-70f6fc73db90-54e18bc1f938.json;verification/requirement-coverage-NREQ-0c973b955d61ee36887734df0ade5e69-20261007-context-aa211674369a-54e18bc1f938.json;verification/requirement-coverage-NREQ-0fe0693c63b640aac77aa7fa2ad3861d-20261007-context-e479a2d67661-54e18bc1f938.json;verification/requirement-coverage-NREQ-1543275bf85c6f452bce3c65a31dd691-20261007-context-bc25b407a6a7-54e18bc1f938.json;verification/requirement-coverage-NREQ-1576e27fba46e1d68631bb2ade2e37f4-20261007-context-f03bceab9e8e-54e18bc1f938.json;verification/requirement-coverage-NREQ-178819f4c44ad7250656e79d18a8cae3-20261007-context-c1c5855362aa-54e18bc1f938.json;verification/requirement-coverage-NREQ-1b07d67693ef773b4800dc6e06626b5b-20261007-context-dcaf72405bbe-54e18bc1f938.json;verification/requirement-coverage-NREQ-1cb8c122e35c6f4e36f01c95ea0d02c9-20261007-context-4e1b5cc17d08-54e18bc1f938.json;verification/requirement-coverage-NREQ-1e002259d64a939cee2f2a41f4bf3515-20261007-context-19c88e9b3697-54e18bc1f938.json;verification/requirement-coverage-NREQ-1f578d8524f1af57b280fd03422827f1-20261007-context-33c756e92bb7-54e18bc1f938.json;verification/requirement-coverage-NREQ-2046e21dd63ad76f992233d5582c716d-20261007-context-8d03363ebd61-54e18bc1f938.json;verification/requirement-coverage-NREQ-2323c8d363fd8c29f965d8c0e67549ae-20261007-context-cb02bb332e42-54e18bc1f938.json;verification/requirement-coverage-NREQ-2524a1d9ecc583bbd420778cfb147983-20261007-context-04970fd5ee41-54e18bc1f938.json;verification/requirement-coverage-NREQ-2969c103b4ac33435f1e5d6c258a7b7b-20261007-context-857befb4ca6d-54e18bc1f938.json;verification/requirement-coverage-NREQ-318da161cc5f30f33449238ba3870773-20261007-context-123b97ea9f3d-54e18bc1f938.json;verification/requirement-coverage-NREQ-360281bfdd66bed29237ed7202962808-20261007-context-defd14234c9a-54e18bc1f938.json;verification/requirement-coverage-NREQ-41ab1c200b4ce5c9d1d96613a3e5b264-20261007-context-867dae61e345-54e18bc1f938.json;verification/requirement-coverage-NREQ-4592c9487837c81077b166abf57bb4a7-20261007-context-86ef01f1c3cb-54e18bc1f938.json;verification/requirement-coverage-NREQ-4b26e20f450b23eb551b2da03e69c9c9-20261007-context-07d6150a1321-54e18bc1f938.json;verification/requirement-coverage-NREQ-4b27c9f604f44c29404eacc12a59fd68-20261007-context-0ea535138580-54e18bc1f938.json;verification/requirement-coverage-NREQ-4bb86ccfacff0ea8bbbc59df67b0ca4f-20261007-context-6dcc93386d57-54e18bc1f938.json;verification/requirement-coverage-NREQ-5003532a6cda7a68c13be508fbf4d723-20261007-context-dccb85cd4973-54e18bc1f938.json;verification/requirement-coverage-NREQ-55f458162d319bfbb710223b3528ef9f-20261007-context-5b104c0b9184-54e18bc1f938.json;verification/requirement-coverage-NREQ-57f8fa829a872f35948a81bd58477291-20261007-context-fd3ea3b718ef-54e18bc1f938.json;verification/requirement-coverage-NREQ-5811c65fa83521ee7afeedd602cec806-20261007-context-60e25b364eb4-54e18bc1f938.json;verification/requirement-coverage-NREQ-595ff4d66406e3bd9529e12f036c882b-20261007-context-b22989818f22-54e18bc1f938.json;verification/requirement-coverage-NREQ-59d5854af99ac5a566eb61e978519b21-20261007-context-e53573db3335-54e18bc1f938.json;verification/requirement-coverage-NREQ-5dbdcf72dd32a519bb29fbf8250726d3-20261007-context-99eab70395b3-54e18bc1f938.json;verification/requirement-coverage-NREQ-601ec85ffefcffd713520f4067f7529c-20261007-context-be7aad854ceb-54e18bc1f938.json;verification/requirement-coverage-NREQ-606a27b2b9b712e933dda6e0e7b0ce68-20261007-context-c717ae8f5d63-54e18bc1f938.json;verification/requirement-coverage-NREQ-6a5e773812226552e3448329be3966cd-20261007-context-14f5a52593d0-54e18bc1f938.json;verification/requirement-coverage-NREQ-71896faa31bc64e94d98bc976e1e6f1d-20261007-context-def6b5edfdba-54e18bc1f938.json;verification/requirement-coverage-NREQ-72aa03a305fb8893a65d384f41d86aeb-20261007-context-6fb2556fc745-54e18bc1f938.json;verification/requirement-coverage-NREQ-72ba9c97f91e20a56d469fe3d4acf669-20261007-context-ce1798099b2f-54e18bc1f938.json;verification/requirement-coverage-NREQ-75151f881444015977da6a6d7d86cb1c-20261007-context-5c2a016004df-54e18bc1f938.json;verification/requirement-coverage-NREQ-75b670fc6ea047b7452b4148f12a30ba-20261007-context-dfc64a21a246-54e18bc1f938.json;verification/requirement-coverage-NREQ-7643f1fb351e295ecb8565583cb9a37f-20261007-context-1fe2c84cf115-54e18bc1f938.json;verification/requirement-coverage-NREQ-768d67996244254c83c0d11796f63912-20261007-context-291bd5dd0e04-54e18bc1f938.json;verification/requirement-coverage-NREQ-78fef21919bbd7bb3bafba6f62210631-20261007-context-8f3806190781-54e18bc1f938.json;verification/requirement-coverage-NREQ-797b5fe50f9d13ae34d17cc98c7c8f24-20261007-context-0a94e402d167-54e18bc1f938.json;verification/requirement-coverage-NREQ-7a68fe07ee725cf205dd2102cd997b7f-20261007-context-652ecb1fe1af-54e18bc1f938.json;verification/requirement-coverage-NREQ-7be2bf6dfeab825b0549d41a0151841e-20261007-context-4d745e4aa672-54e18bc1f938.json;verification/requirement-coverage-NREQ-848909d4b95219bdb481803a4b1b91c2-20261007-context-73f60d480258-54e18bc1f938.json;verification/requirement-coverage-NREQ-85b110cf9d0bf8e7e2a6ca34dcdee412-20261007-context-80144a03a02d-54e18bc1f938.json;verification/requirement-coverage-NREQ-86651d173d1583e48cf6c03f9d486f4f-20261007-context-327d2cc2c990-54e18bc1f938.json;verification/requirement-coverage-NREQ-87e7a29563e2235e49d5eea31da7db0c-20261007-context-04879b11d740-54e18bc1f938.json;verification/requirement-coverage-NREQ-8bb8790d8dd6c5082d6e0351c032cda5-20261007-context-ebd61b02b8d5-54e18bc1f938.json;verification/requirement-coverage-NREQ-928a65a08b403be3edc8b160ef9cc53c-20261007-context-bc514f8d980c-54e18bc1f938.json;verification/requirement-coverage-NREQ-949f1919a3c7d66486dd74bbd084b71a-20261007-context-51d18e6898a2-54e18bc1f938.json;verification/requirement-coverage-NREQ-971af7158d193e9b1d780c13b6c8e0ec-20261007-context-3e84d85be560-54e18bc1f938.json;verification/requirement-coverage-NREQ-9e0ad66ef878f9e97c909997e976cc13-20261007-context-c8e259a009f0-54e18bc1f938.json;verification/requirement-coverage-NREQ-a011968eff2ed2dc314d58ed27dfad88-20261007-context-87882d5bae07-54e18bc1f938.json;verification/requirement-coverage-NREQ-a0db6ddcb33d9af123b08d4d481c8ebd-20261007-context-6d4092da78f9-54e18bc1f938.json;verification/requirement-coverage-NREQ-a1bafeb7c6f6f12bf0c7b0f6fcadaab9-20261007-context-4b6563194ed6-54e18bc1f938.json;verification/requirement-coverage-NREQ-a3f1c0440fabe4b988fb5fca68a0487c-20261007-context-eac1ae13e05b-54e18bc1f938.json;verification/requirement-coverage-NREQ-a42ec803577aa8ccbe176ed8e20a8595-20261007-context-66547fe135c2-54e18bc1f938.json;verification/requirement-coverage-NREQ-a6fb1ab9c309f702b7cd3d8c7f38cf8f-20261007-context-683bf6ce202e-54e18bc1f938.json;verification/requirement-coverage-NREQ-a7139de247d6263164ddc139ec1fe2ce-20261007-context-1e402d1c19b7-54e18bc1f938.json;verification/requirement-coverage-NREQ-a99b13aa6aa9c7ffa4b65010951f18ec-20261007-context-8e1c768bc690-54e18bc1f938.json;verification/requirement-coverage-NREQ-ade9df74bf03ff347d7ae537fbfa738d-20261007-context-61a2341f94ae-54e18bc1f938.json;verification/requirement-coverage-NREQ-b04395198a63faa09666a1bfca300a1e-20261007-context-3d6d12bed622-54e18bc1f938.json;verification/requirement-coverage-NREQ-b366c2ac73e0e846627de23589a5a772-20261007-context-a26853843e41-54e18bc1f938.json;verification/requirement-coverage-NREQ-b3e8d9cffdde1f94d9d342ff0ed4f097-20261007-context-b36ec8d0d499-54e18bc1f938.json;verification/requirement-coverage-NREQ-b67c348ca653ff5a19ba01272dfd4262-20261007-context-d619c471e8d3-54e18bc1f938.json;verification/requirement-coverage-NREQ-b7b9ecdbceaad6aaefc9e55f7d5b3d48-20261007-context-08a2d1fe5fc7-54e18bc1f938.json;verification/requirement-coverage-NREQ-baa1c33b2e2490264f91881b06ff9da8-20261007-context-029f6195f4ba-54e18bc1f938.json;verification/requirement-coverage-NREQ-bc997511e2328af90b68d1898bcf6ed7-20261007-context-18574f44b5d8-54e18bc1f938.json;verification/requirement-coverage-NREQ-bde18b0504b7485cf77fad020a4a494b-20261007-context-90bbee2744c4-54e18bc1f938.json;verification/requirement-coverage-NREQ-bedc4564e47ae7ebf86911eb8426b6f0-20261007-context-303caf90caff-54e18bc1f938.json;verification/requirement-coverage-NREQ-befdab6cc6a4121936987a35fc18e1c9-20261007-context-c8b0b09a87ad-54e18bc1f938.json;verification/requirement-coverage-NREQ-c0080ab56f40757c88225dc35a1f98f0-20261007-context-79fe3bf8357b-54e18bc1f938.json;verification/requirement-coverage-NREQ-c0a2fa84e2aafe674742a0bb98c40e02-20261007-context-949b3819c6b9-54e18bc1f938.json;verification/requirement-coverage-NREQ-c1d94148ff5023aac7735baefed6c35d-20261007-context-c697349e63e8-54e18bc1f938.json;verification/requirement-coverage-NREQ-c94c878ef2cf8c6a35b0985da91c0c85-20261007-context-fe6c073ad55f-54e18bc1f938.json;verification/requirement-coverage-NREQ-cf25cf824db06866df51c0e538fcbc03-20261007-context-fde639603c5f-54e18bc1f938.json;verification/requirement-coverage-NREQ-cf2cbee76666e1f836c4cca046988062-20261007-context-ee826876a6b9-54e18bc1f938.json;verification/requirement-coverage-NREQ-d2fa27e805583d3a5c7d281ed7051950-20261007-context-8e1b30f0d0bb-54e18bc1f938.json;verification/requirement-coverage-NREQ-d3216139914fb4c3ec1d54819ee18890-20261007-context-4d85dbcad915-54e18bc1f938.json;verification/requirement-coverage-NREQ-d6eeb36f75c6f6f6854a2e3aa9ac2070-20261007-context-e9e30bbb47a8-54e18bc1f938.json;verification/requirement-coverage-NREQ-e0b91994f249e0b795ab80a6e3f4a4a2-20261007-context-b609fa37652f-54e18bc1f938.json;verification/requirement-coverage-NREQ-e2c966ff2db0502c8d0f2d40e87f4262-20261007-context-c6d95e2cb2e2-54e18bc1f938.json;verification/requirement-coverage-NREQ-ea453611a3a1f48cdd2fbfbe946d7ac7-20261007-context-5fb3beeac070-54e18bc1f938.json;verification/requirement-coverage-NREQ-ebadc5f449d2029613a3af4b31f78c6f-20261007-context-4fd7fab953a6-54e18bc1f938.json;verification/requirement-coverage-NREQ-ec756b9a468c4ea50f2d35c578a1a11a-20261007-context-5b0bc69cf0f7-54e18bc1f938.json;verification/requirement-coverage-NREQ-f1919b51ebfc8561d0140c02cbf08abd-20261007-context-5b509fd997c1-54e18bc1f938.json;verification/requirement-coverage-NREQ-f2d6f77dfa27e853d7eb5dab69be388d-20261007-context-e9122d35086e-54e18bc1f938.json;verification/requirement-coverage-NREQ-f41a79c58369bd76c58ad7e831e953ce-20261007-context-a6f639cd6cfc-54e18bc1f938.json;verification/requirement-coverage-NREQ-f6e1df45974ccc5d32aafbc5f38dd535-20261007-context-b48c49f827aa-54e18bc1f938.json
M	workflow-schema.js	656e9e632cea3a60e1c7e0fb486e6630d205011d7db32d9674ac5e88593d24f1	CURRENT_HASH_MATCHES_RETAINED_SCOPED_REVIEW_INPUT	verification/requirement-coverage-NREQ-012f85cfd2196b3413752b3deb14edf0-20261007-context-faf7fb1b8f5f-54e18bc1f938.json;verification/requirement-coverage-NREQ-04e156310ae4ecdd6915448e3f30e047-20261007-context-9f8a35215a69-54e18bc1f938.json;verification/requirement-coverage-NREQ-0774fcb2b6e2510d755133d371474ec8-20261007-context-d48d5f2a8e1a-54e18bc1f938.json;verification/requirement-coverage-NREQ-092f78e488e6282f342b533fa7801e3e-20261007-context-11d306878126-54e18bc1f938.json;verification/requirement-coverage-NREQ-0b73c99557630a5deeace7e89ea0e28f-20261007-context-70f6fc73db90-54e18bc1f938.json;verification/requirement-coverage-NREQ-0c973b955d61ee36887734df0ade5e69-20261007-context-aa211674369a-54e18bc1f938.json;verification/requirement-coverage-NREQ-0fe0693c63b640aac77aa7fa2ad3861d-20261007-context-e479a2d67661-54e18bc1f938.json;verification/requirement-coverage-NREQ-1000a70e39109bdb76b85fa6855a4892-20261007-context-fab4e794a047-54e18bc1f938.json;verification/requirement-coverage-NREQ-1543275bf85c6f452bce3c65a31dd691-20261007-context-bc25b407a6a7-54e18bc1f938.json;verification/requirement-coverage-NREQ-1576e27fba46e1d68631bb2ade2e37f4-20261007-context-f03bceab9e8e-54e18bc1f938.json;verification/requirement-coverage-NREQ-178819f4c44ad7250656e79d18a8cae3-20261007-context-c1c5855362aa-54e18bc1f938.json;verification/requirement-coverage-NREQ-18edc302ca3fad90513b66c585e688e6-20261007-context-c29757d88109-54e18bc1f938.json;verification/requirement-coverage-NREQ-1b07d67693ef773b4800dc6e06626b5b-20261007-context-dcaf72405bbe-54e18bc1f938.json;verification/requirement-coverage-NREQ-1cb8c122e35c6f4e36f01c95ea0d02c9-20261007-context-4e1b5cc17d08-54e18bc1f938.json;verification/requirement-coverage-NREQ-1e002259d64a939cee2f2a41f4bf3515-20261007-context-19c88e9b3697-54e18bc1f938.json;verification/requirement-coverage-NREQ-1f578d8524f1af57b280fd03422827f1-20261007-context-33c756e92bb7-54e18bc1f938.json;verification/requirement-coverage-NREQ-2046e21dd63ad76f992233d5582c716d-20261007-context-8d03363ebd61-54e18bc1f938.json;verification/requirement-coverage-NREQ-2174af2894ceaa1acb9a032113db659d-20261007-context-8376db0a1333-54e18bc1f938.json;verification/requirement-coverage-NREQ-229f56cf458329f04d589d3aa92b95e5-20261007-context-23fcc35649f3-54e18bc1f938.json;verification/requirement-coverage-NREQ-22cf265b2b952dcb7187618a915c98bd-20261007-context-78f2e077c3d8-54e18bc1f938.json;verification/requirement-coverage-NREQ-2323c8d363fd8c29f965d8c0e67549ae-20261007-context-cb02bb332e42-54e18bc1f938.json;verification/requirement-coverage-NREQ-2524a1d9ecc583bbd420778cfb147983-20261007-context-04970fd5ee41-54e18bc1f938.json;verification/requirement-coverage-NREQ-252dcf08d6bbe6a5893bc9cd551ef6ec-20261007-context-568f2f91efca-54e18bc1f938.json;verification/requirement-coverage-NREQ-255fe5112069486751f53087b1ab699e-20261007-context-608c37b31d30-54e18bc1f938.json;verification/requirement-coverage-NREQ-266e79545a48e7c4310883faa04e9844-20261007-context-7b27fb019885-54e18bc1f938.json;verification/requirement-coverage-NREQ-26b8cfa830777dd2bfa4c8aac620403c-20261007-context-08c3774267c0-54e18bc1f938.json;verification/requirement-coverage-NREQ-27cf5e6a8e4cf40ff1873bd4d059b3cd-20261007-context-079978627600-54e18bc1f938.json;verification/requirement-coverage-NREQ-27f437fe3040767de849d06a48cdb3c3-20261007-context-f1acc99ffcf8-54e18bc1f938.json;verification/requirement-coverage-NREQ-292af594522de75d72b35851b9befed4-20261007-context-e580690eff15-54e18bc1f938.json;verification/requirement-coverage-NREQ-2969c103b4ac33435f1e5d6c258a7b7b-20261007-context-857befb4ca6d-54e18bc1f938.json;verification/requirement-coverage-NREQ-2b14774ffd65e947a3d3deae3ad09c92-20261007-context-aa8204f96091-54e18bc1f938.json;verification/requirement-coverage-NREQ-318da161cc5f30f33449238ba3870773-20261007-context-123b97ea9f3d-54e18bc1f938.json;verification/requirement-coverage-NREQ-360281bfdd66bed29237ed7202962808-20261007-context-defd14234c9a-54e18bc1f938.json;verification/requirement-coverage-NREQ-3a3ba3d92dd569d454e781fcccf7ac61-20261007-context-66b766ea1a5d-54e18bc1f938.json;verification/requirement-coverage-NREQ-41ab1c200b4ce5c9d1d96613a3e5b264-20261007-context-867dae61e345-54e18bc1f938.json;verification/requirement-coverage-NREQ-4363c0420b1bd921591c1f2446cfb8eb-20261007-context-de3533a949d5-54e18bc1f938.json;verification/requirement-coverage-NREQ-4592c9487837c81077b166abf57bb4a7-20261007-context-86ef01f1c3cb-54e18bc1f938.json;verification/requirement-coverage-NREQ-4b26e20f450b23eb551b2da03e69c9c9-20261007-context-07d6150a1321-54e18bc1f938.json;verification/requirement-coverage-NREQ-4b27c9f604f44c29404eacc12a59fd68-20261007-context-0ea535138580-54e18bc1f938.json;verification/requirement-coverage-NREQ-4bb54f6379863c0a17e6fbc58edcd042-20261007-context-c3df825e72e4-54e18bc1f938.json;verification/requirement-coverage-NREQ-4bb86ccfacff0ea8bbbc59df67b0ca4f-20261007-context-6dcc93386d57-54e18bc1f938.json;verification/requirement-coverage-NREQ-4d7b09d088c999d3c6e91a968cbe1a02-20261007-context-03745896590f-54e18bc1f938.json;verification/requirement-coverage-NREQ-5003532a6cda7a68c13be508fbf4d723-20261007-context-dccb85cd4973-54e18bc1f938.json;verification/requirement-coverage-NREQ-536910c50d3998944884b519e0d89555-20261007-context-0ceefe702ac1-54e18bc1f938.json;verification/requirement-coverage-NREQ-55dce831e47c4a26e093cc6134572e8f-20261007-context-b731d3ee0180-54e18bc1f938.json;verification/requirement-coverage-NREQ-55f458162d319bfbb710223b3528ef9f-20261007-context-5b104c0b9184-54e18bc1f938.json;verification/requirement-coverage-NREQ-57f8fa829a872f35948a81bd58477291-20261007-context-fd3ea3b718ef-54e18bc1f938.json;verification/requirement-coverage-NREQ-5811c65fa83521ee7afeedd602cec806-20261007-context-60e25b364eb4-54e18bc1f938.json;verification/requirement-coverage-NREQ-595ff4d66406e3bd9529e12f036c882b-20261007-context-b22989818f22-54e18bc1f938.json;verification/requirement-coverage-NREQ-59d5854af99ac5a566eb61e978519b21-20261007-context-e53573db3335-54e18bc1f938.json;verification/requirement-coverage-NREQ-5d9431875519d7cfc3188157a10d6bfc-20261007-context-6cff1723f402-54e18bc1f938.json;verification/requirement-coverage-NREQ-5dbdcf72dd32a519bb29fbf8250726d3-20261007-context-99eab70395b3-54e18bc1f938.json;verification/requirement-coverage-NREQ-5f9aa84ccae751c1692f148708a9288c-20261007-context-1a6ddd562cda-54e18bc1f938.json;verification/requirement-coverage-NREQ-5fe6282f6c99d8d0f13fdf06bb5317fa-20261007-context-b3f25a0a1514-54e18bc1f938.json;verification/requirement-coverage-NREQ-601ec85ffefcffd713520f4067f7529c-20261007-context-be7aad854ceb-54e18bc1f938.json;verification/requirement-coverage-NREQ-606a27b2b9b712e933dda6e0e7b0ce68-20261007-context-c717ae8f5d63-54e18bc1f938.json;verification/requirement-coverage-NREQ-647d36595971915d7c485a338ddc4013-20261007-context-661182e4e06d-54e18bc1f938.json;verification/requirement-coverage-NREQ-6a5e773812226552e3448329be3966cd-20261007-context-14f5a52593d0-54e18bc1f938.json;verification/requirement-coverage-NREQ-6fe30b5cb969bf2fb9daaabc3422ac38-20261007-context-2594d1e812f8-54e18bc1f938.json;verification/requirement-coverage-NREQ-70114fe79e900fc756a0d6cc14ea8f90-20261007-context-0322b753560e-54e18bc1f938.json;verification/requirement-coverage-NREQ-71896faa31bc64e94d98bc976e1e6f1d-20261007-context-def6b5edfdba-54e18bc1f938.json;verification/requirement-coverage-NREQ-72aa03a305fb8893a65d384f41d86aeb-20261007-context-6fb2556fc745-54e18bc1f938.json;verification/requirement-coverage-NREQ-72ba9c97f91e20a56d469fe3d4acf669-20261007-context-ce1798099b2f-54e18bc1f938.json;verification/requirement-coverage-NREQ-75151f881444015977da6a6d7d86cb1c-20261007-context-5c2a016004df-54e18bc1f938.json;verification/requirement-coverage-NREQ-7542acad543ceb37f7fb325baac0d9d0-20261007-context-1dab787f784f-54e18bc1f938.json;verification/requirement-coverage-NREQ-75b670fc6ea047b7452b4148f12a30ba-20261007-context-dfc64a21a246-54e18bc1f938.json;verification/requirement-coverage-NREQ-7643f1fb351e295ecb8565583cb9a37f-20261007-context-1fe2c84cf115-54e18bc1f938.json;verification/requirement-coverage-NREQ-768d67996244254c83c0d11796f63912-20261007-context-291bd5dd0e04-54e18bc1f938.json;verification/requirement-coverage-NREQ-78fef21919bbd7bb3bafba6f62210631-20261007-context-8f3806190781-54e18bc1f938.json;verification/requirement-coverage-NREQ-797b5fe50f9d13ae34d17cc98c7c8f24-20261007-context-0a94e402d167-54e18bc1f938.json;verification/requirement-coverage-NREQ-7a68fe07ee725cf205dd2102cd997b7f-20261007-context-652ecb1fe1af-54e18bc1f938.json;verification/requirement-coverage-NREQ-7add6f24a57198b72b500e5a2acf1ca6-20261007-context-6cba32557505-54e18bc1f938.json;verification/requirement-coverage-NREQ-7be2bf6dfeab825b0549d41a0151841e-20261007-context-4d745e4aa672-54e18bc1f938.json;verification/requirement-coverage-NREQ-7d91a0dd124e5a78fc01449f23a3e8fa-20261007-context-dfcfcb839c96-54e18bc1f938.json;verification/requirement-coverage-NREQ-829ac5f73d2b01828644e51c0675d6b6-20261007-context-b712f2bc0f59-54e18bc1f938.json;verification/requirement-coverage-NREQ-848909d4b95219bdb481803a4b1b91c2-20261007-context-73f60d480258-54e18bc1f938.json;verification/requirement-coverage-NREQ-853a934199459ed6bf419687ca08ba34-20261007-context-00fada70b5c9-54e18bc1f938.json;verification/requirement-coverage-NREQ-85b110cf9d0bf8e7e2a6ca34dcdee412-20261007-context-80144a03a02d-54e18bc1f938.json;verification/requirement-coverage-NREQ-86651d173d1583e48cf6c03f9d486f4f-20261007-context-327d2cc2c990-54e18bc1f938.json;verification/requirement-coverage-NREQ-87e7a29563e2235e49d5eea31da7db0c-20261007-context-04879b11d740-54e18bc1f938.json;verification/requirement-coverage-NREQ-8bb8790d8dd6c5082d6e0351c032cda5-20261007-context-ebd61b02b8d5-54e18bc1f938.json;verification/requirement-coverage-NREQ-8c2bdedb1f707a1a97695f7b0745365c-20261007-context-96450c77219a-54e18bc1f938.json;verification/requirement-coverage-NREQ-9050383f9f0b382f0fd9b465a0a20f78-20261007-context-cfc13d3d88ae-54e18bc1f938.json;verification/requirement-coverage-NREQ-925405b741265dbbc292d4f3a74c2bd6-20261007-context-acc52814e6d6-54e18bc1f938.json;verification/requirement-coverage-NREQ-928a65a08b403be3edc8b160ef9cc53c-20261007-context-bc514f8d980c-54e18bc1f938.json;verification/requirement-coverage-NREQ-928c9bbcf0101e2a0e4a0e69edc59164-20261007-context-c00b5434d55a-54e18bc1f938.json;verification/requirement-coverage-NREQ-931f08afd15144dcac6c7768f2c393d0-20261007-context-4eaa8fcb825e-54e18bc1f938.json;verification/requirement-coverage-NREQ-949f1919a3c7d66486dd74bbd084b71a-20261007-context-51d18e6898a2-54e18bc1f938.json;verification/requirement-coverage-NREQ-971af7158d193e9b1d780c13b6c8e0ec-20261007-context-3e84d85be560-54e18bc1f938.json;verification/requirement-coverage-NREQ-9b21240c5c27ee356dec92b459a0fcb9-20261007-context-f0585937ea82-54e18bc1f938.json;verification/requirement-coverage-NREQ-9e0ad66ef878f9e97c909997e976cc13-20261007-context-c8e259a009f0-54e18bc1f938.json;verification/requirement-coverage-NREQ-9e413bfc92a85655c990712d56002499-20261007-context-ce45300844ea-54e18bc1f938.json;verification/requirement-coverage-NREQ-a011968eff2ed2dc314d58ed27dfad88-20261007-context-87882d5bae07-54e18bc1f938.json;verification/requirement-coverage-NREQ-a0db6ddcb33d9af123b08d4d481c8ebd-20261007-context-6d4092da78f9-54e18bc1f938.json;verification/requirement-coverage-NREQ-a12012292224d4b4a0a9b1088c8c49d0-20261007-context-3fe1f1abe0f4-54e18bc1f938.json;verification/requirement-coverage-NREQ-a1bafeb7c6f6f12bf0c7b0f6fcadaab9-20261007-context-4b6563194ed6-54e18bc1f938.json;verification/requirement-coverage-NREQ-a3f1c0440fabe4b988fb5fca68a0487c-20261007-context-eac1ae13e05b-54e18bc1f938.json;verification/requirement-coverage-NREQ-a42ec803577aa8ccbe176ed8e20a8595-20261007-context-66547fe135c2-54e18bc1f938.json;verification/requirement-coverage-NREQ-a5e73329c9ae93f23b01a42d43179133-20261007-context-71a07396be34-54e18bc1f938.json;verification/requirement-coverage-NREQ-a6fb1ab9c309f702b7cd3d8c7f38cf8f-20261007-context-683bf6ce202e-54e18bc1f938.json;verification/requirement-coverage-NREQ-a7139de247d6263164ddc139ec1fe2ce-20261007-context-1e402d1c19b7-54e18bc1f938.json;verification/requirement-coverage-NREQ-a8822e7da5b9525a6c3e097b71e59183-20261007-context-c52dc24f6227-54e18bc1f938.json;verification/requirement-coverage-NREQ-a99b13aa6aa9c7ffa4b65010951f18ec-20261007-context-8e1c768bc690-54e18bc1f938.json;verification/requirement-coverage-NREQ-a9ef7326ce64b6049b07bdddd8d9d024-20261007-context-f1fcf2f90e43-54e18bc1f938.json;verification/requirement-coverage-NREQ-aa165dd96291b05acd70bf948f215d04-20261007-context-bb47e51ecefe-54e18bc1f938.json;verification/requirement-coverage-NREQ-aafc7cd5dc54af415d36425000d76acb-20261007-context-a26debd029d2-54e18bc1f938.json;verification/requirement-coverage-NREQ-ab9ab7c7ba110dfd3e0a5f8f5c9908cb-20261007-context-d64ec081ccf9-54e18bc1f938.json;verification/requirement-coverage-NREQ-ade9df74bf03ff347d7ae537fbfa738d-20261007-context-61a2341f94ae-54e18bc1f938.json;verification/requirement-coverage-NREQ-b04395198a63faa09666a1bfca300a1e-20261007-context-3d6d12bed622-54e18bc1f938.json;verification/requirement-coverage-NREQ-b14772d932b286c302b05996186c8022-20261007-context-53abd11134eb-54e18bc1f938.json;verification/requirement-coverage-NREQ-b366c2ac73e0e846627de23589a5a772-20261007-context-a26853843e41-54e18bc1f938.json;verification/requirement-coverage-NREQ-b3e8d9cffdde1f94d9d342ff0ed4f097-20261007-context-b36ec8d0d499-54e18bc1f938.json;verification/requirement-coverage-NREQ-b67c348ca653ff5a19ba01272dfd4262-20261007-context-d619c471e8d3-54e18bc1f938.json;verification/requirement-coverage-NREQ-b7b9ecdbceaad6aaefc9e55f7d5b3d48-20261007-context-08a2d1fe5fc7-54e18bc1f938.json;verification/requirement-coverage-NREQ-baa1c33b2e2490264f91881b06ff9da8-20261007-context-029f6195f4ba-54e18bc1f938.json;verification/requirement-coverage-NREQ-bc997511e2328af90b68d1898bcf6ed7-20261007-context-18574f44b5d8-54e18bc1f938.json;verification/requirement-coverage-NREQ-bde18b0504b7485cf77fad020a4a494b-20261007-context-90bbee2744c4-54e18bc1f938.json;verification/requirement-coverage-NREQ-bedc4564e47ae7ebf86911eb8426b6f0-20261007-context-303caf90caff-54e18bc1f938.json;verification/requirement-coverage-NREQ-befdab6cc6a4121936987a35fc18e1c9-20261007-context-c8b0b09a87ad-54e18bc1f938.json;verification/requirement-coverage-NREQ-bfc0e4b5d516977d7fcad7b3f74e43c6-20261007-context-a86412ff6400-54e18bc1f938.json;verification/requirement-coverage-NREQ-c0080ab56f40757c88225dc35a1f98f0-20261007-context-79fe3bf8357b-54e18bc1f938.json;verification/requirement-coverage-NREQ-c0a2fa84e2aafe674742a0bb98c40e02-20261007-context-949b3819c6b9-54e18bc1f938.json;verification/requirement-coverage-NREQ-c1d94148ff5023aac7735baefed6c35d-20261007-context-c697349e63e8-54e18bc1f938.json;verification/requirement-coverage-NREQ-c6ad5908eba2e59771e74f2ceebc5077-20261007-context-e1522203239f-54e18bc1f938.json;verification/requirement-coverage-NREQ-c756b0b15119dd819444cd7212bdad56-20261007-context-fb0c67dfb2a4-54e18bc1f938.json;verification/requirement-coverage-NREQ-c94c878ef2cf8c6a35b0985da91c0c85-20261007-context-fe6c073ad55f-54e18bc1f938.json;verification/requirement-coverage-NREQ-cf25cf824db06866df51c0e538fcbc03-20261007-context-fde639603c5f-54e18bc1f938.json;verification/requirement-coverage-NREQ-cf2cbee76666e1f836c4cca046988062-20261007-context-ee826876a6b9-54e18bc1f938.json;verification/requirement-coverage-NREQ-d2fa27e805583d3a5c7d281ed7051950-20261007-context-8e1b30f0d0bb-54e18bc1f938.json;verification/requirement-coverage-NREQ-d3216139914fb4c3ec1d54819ee18890-20261007-context-4d85dbcad915-54e18bc1f938.json;verification/requirement-coverage-NREQ-d6eeb36f75c6f6f6854a2e3aa9ac2070-20261007-context-e9e30bbb47a8-54e18bc1f938.json;verification/requirement-coverage-NREQ-d6f8519fc2d36e59e4eba26af0442d14-20261007-context-2fbfbdc64e39-54e18bc1f938.json;verification/requirement-coverage-NREQ-db8a127d9ff92a6510ae92e3eb1fbb86-20261007-context-e4c13fc3e86d-54e18bc1f938.json;verification/requirement-coverage-NREQ-dba22c5f93e4359c4b7d4ebdd9799dbf-20261007-context-20dec9a14f41-54e18bc1f938.json;verification/requirement-coverage-NREQ-dd1241e76fbe641c1c88243ba947dc89-20261007-context-d1b7c31332df-54e18bc1f938.json;verification/requirement-coverage-NREQ-ddf7192c16e06f5276d4d324b2e1f6c3-20261007-context-471ddf5379c5-54e18bc1f938.json;verification/requirement-coverage-NREQ-e0b91994f249e0b795ab80a6e3f4a4a2-20261007-context-b609fa37652f-54e18bc1f938.json;verification/requirement-coverage-NREQ-e1a8ce05f1d7a97c385039fd3bd71143-20261007-context-6e9650794698-54e18bc1f938.json;verification/requirement-coverage-NREQ-e2c966ff2db0502c8d0f2d40e87f4262-20261007-context-c6d95e2cb2e2-54e18bc1f938.json;verification/requirement-coverage-NREQ-e5db8a7c723f5b54ada73ce37c7725a2-20261007-context-6d038e318a4a-54e18bc1f938.json;verification/requirement-coverage-NREQ-ea453611a3a1f48cdd2fbfbe946d7ac7-20261007-context-5fb3beeac070-54e18bc1f938.json;verification/requirement-coverage-NREQ-ebadc5f449d2029613a3af4b31f78c6f-20261007-context-4fd7fab953a6-54e18bc1f938.json;verification/requirement-coverage-NREQ-ec756b9a468c4ea50f2d35c578a1a11a-20261007-context-5b0bc69cf0f7-54e18bc1f938.json;verification/requirement-coverage-NREQ-ee95aae3e46bebd05ef8469aff39c9da-20261007-context-4ab906314fee-54e18bc1f938.json;verification/requirement-coverage-NREQ-efa519285f6f28591dc9ad7936c1caa6-20261007-context-67b0bcc51a0a-54e18bc1f938.json;verification/requirement-coverage-NREQ-f0d3896f2d4c46e85ce52981147764ef-20261007-context-01afc04c65c4-54e18bc1f938.json;verification/requirement-coverage-NREQ-f1919b51ebfc8561d0140c02cbf08abd-20261007-context-5b509fd997c1-54e18bc1f938.json;verification/requirement-coverage-NREQ-f295ec535d0d117429de1cced6886a6e-20261007-context-c064f5db48cd-54e18bc1f938.json;verification/requirement-coverage-NREQ-f2d6f77dfa27e853d7eb5dab69be388d-20261007-context-e9122d35086e-54e18bc1f938.json;verification/requirement-coverage-NREQ-f41a79c58369bd76c58ad7e831e953ce-20261007-context-a6f639cd6cfc-54e18bc1f938.json;verification/requirement-coverage-NREQ-f50ee5baca83ff85d962de77d313fda6-20261007-context-fd5c589d06d2-54e18bc1f938.json;verification/requirement-coverage-NREQ-f6858b1d41ca1327e88e31e7f0e8f94f-20261007-context-4f6feb334f83-54e18bc1f938.json;verification/requirement-coverage-NREQ-f6e1df45974ccc5d32aafbc5f38dd535-20261007-context-b48c49f827aa-54e18bc1f938.json;verification/requirement-coverage-NREQ-f9c8f3d1723060ee3fd3fa87ba2a4d75-20261007-context-0bef4700f599-54e18bc1f938.json
