requirement_id	section	source_line	manifest_disposition	current_retained_proof_design_status
NREQ-bc2c35daca7607e5918337669012119d	preamble	4	UNKNOWN	NO_CURRENT_FULL_CLAUSE_DECLARATION; CANDIDATE_MAPPING_ONLY
NREQ-bf17260810ec29ac7a709299ced1a82f	preamble	5	UNKNOWN	NO_CURRENT_FULL_CLAUSE_DECLARATION; CANDIDATE_MAPPING_ONLY
NREQ-c49da020cd46cf6c2433ca6c5bcadd0d	preamble	6	UNKNOWN	NO_CURRENT_FULL_CLAUSE_DECLARATION; CANDIDATE_MAPPING_ONLY
NREQ-baa33ee2e0c10010ff85b9ecc102573b	preamble	7	UNKNOWN	NO_CURRENT_FULL_CLAUSE_DECLARATION; CANDIDATE_MAPPING_ONLY
NREQ-7579a7e2ea9e5d2d0e7cac1738529521	preamble	8	UNKNOWN	NO_CURRENT_FULL_CLAUSE_DECLARATION; CANDIDATE_MAPPING_ONLY
NREQ-778de64aa83466210bc29215fa246ff7	preamble	9	UNKNOWN	NO_CURRENT_FULL_CLAUSE_DECLARATION; CANDIDATE_MAPPING_ONLY
NREQ-82e464d6cffa9272fcb01b8b7b17f271	preamble	10	UNKNOWN	NO_CURRENT_FULL_CLAUSE_DECLARATION; CANDIDATE_MAPPING_ONLY
NREQ-230111432eaa7cfe2f23f2829b1be662	preamble	11	UNKNOWN	NO_CURRENT_FULL_CLAUSE_DECLARATION; CANDIDATE_MAPPING_ONLY
NREQ-0ea9b124906bdbfc10fb10ca82490b01	preamble	12	UNKNOWN	NO_CURRENT_FULL_CLAUSE_DECLARATION; CANDIDATE_MAPPING_ONLY
NREQ-035445eb9ef69694f87812cad16102da	preamble	13	UNKNOWN	NO_CURRENT_FULL_CLAUSE_DECLARATION; CANDIDATE_MAPPING_ONLY
NREQ-4b4a8005e3250856ec8332c737a87f4f	preamble	14	UNKNOWN	NO_CURRENT_FULL_CLAUSE_DECLARATION; CANDIDATE_MAPPING_ONLY
NREQ-e92be528be1a529db048f5e8e5cf04e9	preamble	15	UNKNOWN	NO_CURRENT_FULL_CLAUSE_DECLARATION; CANDIDATE_MAPPING_ONLY
NREQ-5c8884e1ed62ba57a989e267f905eef3	preamble	16	UNKNOWN	NO_CURRENT_FULL_CLAUSE_DECLARATION; CANDIDATE_MAPPING_ONLY
NREQ-e7dd0d8f716a6da5eda2b2b325900b4e	preamble	17	UNKNOWN	NO_CURRENT_FULL_CLAUSE_DECLARATION; CANDIDATE_MAPPING_ONLY
NREQ-dd002d0c7e1729957cf0169a3df9ada1	preamble	18	UNKNOWN	NO_CURRENT_FULL_CLAUSE_DECLARATION; CANDIDATE_MAPPING_ONLY
NREQ-790320348812fcf6930ee697fb064454	preamble	19	UNKNOWN	NO_CURRENT_FULL_CLAUSE_DECLARATION; CANDIDATE_MAPPING_ONLY
NREQ-91f82a1160a7ec524cc38d1a0c60d208	0	26	UNKNOWN	NO_CURRENT_FULL_CLAUSE_DECLARATION; CANDIDATE_MAPPING_ONLY
NREQ-a1d38a6a6f3900c5be55f9c450f6e372	0	28	IMPLEMENTED_UNPROVEN	NO_CURRENT_FULL_CLAUSE_DECLARATION; CANDIDATE_MAPPING_ONLY
NREQ-39ff213f1c537e52ddb38b8761d2a45a	0	29	IMPLEMENTED_UNPROVEN	NO_CURRENT_FULL_CLAUSE_DECLARATION; CANDIDATE_MAPPING_ONLY
NREQ-6dd2135a3521c065c68f541d3749aed4	0	30	IMPLEMENTED_UNPROVEN	NO_CURRENT_FULL_CLAUSE_DECLARATION; CANDIDATE_MAPPING_ONLY
NREQ-d916a405a4a7f6b59ea274d47a8637e1	0	31	IMPLEMENTED_UNPROVEN	NO_CURRENT_FULL_CLAUSE_DECLARATION; CANDIDATE_MAPPING_ONLY
NREQ-cb078fc0fe0d76bf55b16e5b3f723233	0	32	IMPLEMENTED_UNPROVEN	NO_CURRENT_FULL_CLAUSE_DECLARATION; CANDIDATE_MAPPING_ONLY
NREQ-f96f7c456707218af24da3c3805cbe77	0	33	IMPLEMENTED_UNPROVEN	NO_CURRENT_FULL_CLAUSE_DECLARATION; CANDIDATE_MAPPING_ONLY
NREQ-45a20b040626260c624062581f7d2da0	0	34	IMPLEMENTED_UNPROVEN	NO_CURRENT_FULL_CLAUSE_DECLARATION; CANDIDATE_MAPPING_ONLY
NREQ-9b6c9c6c466da563c92f5430a389b35f	0	35	IMPLEMENTED_UNPROVEN	NO_CURRENT_FULL_CLAUSE_DECLARATION; CANDIDATE_MAPPING_ONLY
NREQ-3a76e1895c038fe7f7c0b106c9498337	0	36	IMPLEMENTED_UNPROVEN	NO_CURRENT_FULL_CLAUSE_DECLARATION; CANDIDATE_MAPPING_ONLY
NREQ-8ff538d9b6b9e6ea36b34bf4ef049ef0	0	37	IMPLEMENTED_UNPROVEN	NO_CURRENT_FULL_CLAUSE_DECLARATION; CANDIDATE_MAPPING_ONLY
NREQ-f5eb68bc1205e2b37ee6b30234b95219	0	38	IMPLEMENTED_UNPROVEN	NO_CURRENT_FULL_CLAUSE_DECLARATION; CANDIDATE_MAPPING_ONLY
NREQ-993f55249af989fa594efe87ccba3281	0	39	IMPLEMENTED_UNPROVEN	NO_CURRENT_FULL_CLAUSE_DECLARATION; CANDIDATE_MAPPING_ONLY
NREQ-209a9703715f98e97cb0d648b506011d	0	40	IMPLEMENTED_UNPROVEN	NO_CURRENT_FULL_CLAUSE_DECLARATION; CANDIDATE_MAPPING_ONLY
NREQ-6119e3cf9f838090c6da76fd6542276e	0	42	IMPLEMENTED_UNPROVEN	NO_CURRENT_FULL_CLAUSE_DECLARATION; CANDIDATE_MAPPING_ONLY
NREQ-9af67baf4ecd3a5fbedd85d1ce8858d6	0	43	IMPLEMENTED_UNPROVEN	NO_CURRENT_FULL_CLAUSE_DECLARATION; CANDIDATE_MAPPING_ONLY
NREQ-fa5de3c3560e6e289f70be4a5dee840f	0	44	IMPLEMENTED_UNPROVEN	NO_CURRENT_FULL_CLAUSE_DECLARATION; CANDIDATE_MAPPING_ONLY
NREQ-21bee98cd0e632704a35434011862382	0	45	IMPLEMENTED_UNPROVEN	NO_CURRENT_FULL_CLAUSE_DECLARATION; CANDIDATE_MAPPING_ONLY
NREQ-e19d4c3019532e9f1f20d25b4a6eb0e8	0	46	IMPLEMENTED_UNPROVEN	NO_CURRENT_FULL_CLAUSE_DECLARATION; CANDIDATE_MAPPING_ONLY
NREQ-45c3e35108edeb3fda0cfd8bc0dea905	0	47	IMPLEMENTED_UNPROVEN	NO_CURRENT_FULL_CLAUSE_DECLARATION; CANDIDATE_MAPPING_ONLY
NREQ-0b92cd0c35656f78ec327069d0892bf5	0	48	IMPLEMENTED_UNPROVEN	NO_CURRENT_FULL_CLAUSE_DECLARATION; CANDIDATE_MAPPING_ONLY
NREQ-c768f4d1d98b8a9d46f2030c2a177109	0	49	IMPLEMENTED_UNPROVEN	NO_CURRENT_FULL_CLAUSE_DECLARATION; CANDIDATE_MAPPING_ONLY
NREQ-f636c49dc7d8f554319c7716992073fb	0	50	IMPLEMENTED_UNPROVEN	NO_CURRENT_FULL_CLAUSE_DECLARATION; CANDIDATE_MAPPING_ONLY
NREQ-57f29c925238d32caf7f15c44ed08d89	0	51	IMPLEMENTED_UNPROVEN	NO_CURRENT_FULL_CLAUSE_DECLARATION; CANDIDATE_MAPPING_ONLY
NREQ-d11bc8128d92f901b209c99c11d7ccdc	0	52	IMPLEMENTED_UNPROVEN	NO_CURRENT_FULL_CLAUSE_DECLARATION; CANDIDATE_MAPPING_ONLY
NREQ-42b6a78f5501a3107d57459c8bea68a2	0	53	IMPLEMENTED_UNPROVEN	NO_CURRENT_FULL_CLAUSE_DECLARATION; CANDIDATE_MAPPING_ONLY
NREQ-6c289b006278a43df4d9a86eee307979	0	54	IMPLEMENTED_UNPROVEN	NO_CURRENT_FULL_CLAUSE_DECLARATION; CANDIDATE_MAPPING_ONLY
NREQ-963ff5b9d78ec6fd45653ae25a80efa5	0	55	IMPLEMENTED_UNPROVEN	NO_CURRENT_FULL_CLAUSE_DECLARATION; CANDIDATE_MAPPING_ONLY
NREQ-62612bba4d53d7c2bd588f5ca7ee8bc6	0	56	IMPLEMENTED_UNPROVEN	NO_CURRENT_FULL_CLAUSE_DECLARATION; CANDIDATE_MAPPING_ONLY
NREQ-a332c90673ef69841f0594b8de61ece4	0	57	IMPLEMENTED_UNPROVEN	NO_CURRENT_FULL_CLAUSE_DECLARATION; CANDIDATE_MAPPING_ONLY
NREQ-c8c465a4a37d6fe3df3e5c79f9a0ad83	0	59	IMPLEMENTED_UNPROVEN	NO_CURRENT_FULL_CLAUSE_DECLARATION; CANDIDATE_MAPPING_ONLY
NREQ-720c46654ec0c3d2cd5c9ba13d36ffd5	0	62	IMPLEMENTED_UNPROVEN	NO_CURRENT_FULL_CLAUSE_DECLARATION; CANDIDATE_MAPPING_ONLY
NREQ-87f1cb253000192eb140b21f559210f7	0.1	66	IMPLEMENTED_UNPROVEN	NO_CURRENT_FULL_CLAUSE_DECLARATION; CANDIDATE_MAPPING_ONLY
NREQ-e26eb37b5e64f911451d9912b55633d0	1	72	UNKNOWN	NO_CURRENT_FULL_CLAUSE_DECLARATION; CANDIDATE_MAPPING_ONLY
NREQ-e6f5fcc5f5d2260600064764718075fe	1.1	74	IMPLEMENTED_UNPROVEN	NO_CURRENT_FULL_CLAUSE_DECLARATION; CANDIDATE_MAPPING_ONLY
NREQ-3e955f26b99ccbb4aed30db4f1e86be3	1.2	76	IMPLEMENTED_UNPROVEN	NO_CURRENT_FULL_CLAUSE_DECLARATION; CANDIDATE_MAPPING_ONLY
NREQ-dcdd30f3f7a15f02ffb1cef2c18c0f1c	1.3	78	IMPLEMENTED_UNPROVEN	NO_CURRENT_FULL_CLAUSE_DECLARATION; CANDIDATE_MAPPING_ONLY
NREQ-91b011a6677ad35a5aff26d9907852db	1.4	80	IMPLEMENTED_UNPROVEN	NO_CURRENT_FULL_CLAUSE_DECLARATION; CANDIDATE_MAPPING_ONLY
NREQ-9abc92fcf33bb05f35ef68eb01ee6653	1.4	83	IMPLEMENTED_UNPROVEN	NO_CURRENT_FULL_CLAUSE_DECLARATION; CANDIDATE_MAPPING_ONLY
NREQ-78c82c1cbc67c6971df904ba11720e8c	1.4	84	IMPLEMENTED_UNPROVEN	NO_CURRENT_FULL_CLAUSE_DECLARATION; CANDIDATE_MAPPING_ONLY
NREQ-a76e76766e072c9ef10c8e0e011bc250	1.4	85	IMPLEMENTED_UNPROVEN	NO_CURRENT_FULL_CLAUSE_DECLARATION; CANDIDATE_MAPPING_ONLY
NREQ-f37a630c02d252d5c3d72a672901ccff	1.4	86	IMPLEMENTED_UNPROVEN	NO_CURRENT_FULL_CLAUSE_DECLARATION; CANDIDATE_MAPPING_ONLY
NREQ-0bcc62aa38734766998f00454f45485b	1.4	87	IMPLEMENTED_UNPROVEN	NO_CURRENT_FULL_CLAUSE_DECLARATION; CANDIDATE_MAPPING_ONLY
NREQ-6cf7497caf7187831163f5fbe5a294dc	1.4	88	IMPLEMENTED_UNPROVEN	NO_CURRENT_FULL_CLAUSE_DECLARATION; CANDIDATE_MAPPING_ONLY
NREQ-b130456cd0c836a734b70a22f82c84fa	2.1	96	IMPLEMENTED_UNPROVEN	NO_CURRENT_FULL_CLAUSE_DECLARATION; CANDIDATE_MAPPING_ONLY
NREQ-296a0b1017ebf1253231b5cbf0c21dc3	2.1	98	IMPLEMENTED_UNPROVEN	NO_CURRENT_FULL_CLAUSE_DECLARATION; CANDIDATE_MAPPING_ONLY
NREQ-b5ea5f9ccd0a3202197874055f5e99f8	2.1	100	IMPLEMENTED_UNPROVEN	NO_CURRENT_FULL_CLAUSE_DECLARATION; CANDIDATE_MAPPING_ONLY
NREQ-550e6824febe8a391764ae9ab923cf24	2.2	104	IMPLEMENTED_UNPROVEN	NO_CURRENT_FULL_CLAUSE_DECLARATION; CANDIDATE_MAPPING_ONLY
NREQ-c744673d7ae0c5dafbc2eb1ad62b4a3c	2.2	106	IMPLEMENTED_UNPROVEN	NO_CURRENT_FULL_CLAUSE_DECLARATION; CANDIDATE_MAPPING_ONLY
NREQ-ac2f7064b426b4b173225290252a79ef	2.2	108	IMPLEMENTED_UNPROVEN	NO_CURRENT_FULL_CLAUSE_DECLARATION; CANDIDATE_MAPPING_ONLY
NREQ-aabce3729ed9f1ec7ce4cb007923c06a	3	114	IMPLEMENTED_UNPROVEN	NO_CURRENT_FULL_CLAUSE_DECLARATION; CANDIDATE_MAPPING_ONLY
NREQ-3ef1c9aeedc3f63cc28380e23be2bca4	3	116	IMPLEMENTED_UNPROVEN	NO_CURRENT_FULL_CLAUSE_DECLARATION; CANDIDATE_MAPPING_ONLY
NREQ-82f16f0a051dba59280779f45215cfc5	4	120	IMPLEMENTED_UNPROVEN	REVIEWED_CONTEXT_LINKED_TO_MANDATORY_CLAUSES
NREQ-7364a7e6f81474e54cd55e2d397da62f	4.1	122	IMPLEMENTED_UNPROVEN	REVIEWED_CONTEXT_LINKED_TO_MANDATORY_CLAUSES
NREQ-37680ae0ac8f36ab2f7a695c98cb6932	4.1	124	IMPLEMENTED_UNPROVEN	NO_CURRENT_FULL_CLAUSE_DECLARATION; CANDIDATE_MAPPING_ONLY
NREQ-fdeffbf006ff53e35b6d21c2b06591e5	4.1	125	IMPLEMENTED_UNPROVEN	NO_CURRENT_FULL_CLAUSE_DECLARATION; CANDIDATE_MAPPING_ONLY
NREQ-acb5ea3bad2fbb855680888ee16c3f72	4.1	126	IMPLEMENTED_UNPROVEN	NO_CURRENT_FULL_CLAUSE_DECLARATION; CANDIDATE_MAPPING_ONLY
NREQ-d8ff25a63d3321fac3e8bb5554d318a4	4.1	127	IMPLEMENTED_UNPROVEN	NO_CURRENT_FULL_CLAUSE_DECLARATION; CANDIDATE_MAPPING_ONLY
NREQ-670fb40a80757fc8aea89cc190276f4d	4.1	128	IMPLEMENTED_UNPROVEN	NO_CURRENT_FULL_CLAUSE_DECLARATION; CANDIDATE_MAPPING_ONLY
NREQ-a90275150c73cd693d39c97e2d6ca4bf	4.1	129	IMPLEMENTED_UNPROVEN	NO_CURRENT_FULL_CLAUSE_DECLARATION; CANDIDATE_MAPPING_ONLY
NREQ-58e20b33f98191c2ca3fbc99b5f522eb	4.1	130	IMPLEMENTED_UNPROVEN	NO_CURRENT_FULL_CLAUSE_DECLARATION; CANDIDATE_MAPPING_ONLY
NREQ-147eeff2c673476148517e9f7c43acc5	4.1	131	IMPLEMENTED_UNPROVEN	NO_CURRENT_FULL_CLAUSE_DECLARATION; CANDIDATE_MAPPING_ONLY
NREQ-7f4177f55e785aab7b5d6299625ddb31	4.1	132	IMPLEMENTED_UNPROVEN	NO_CURRENT_FULL_CLAUSE_DECLARATION; CANDIDATE_MAPPING_ONLY
NREQ-1236025bc5e5d1b4f0fa1822a717b558	4.1	133	IMPLEMENTED_UNPROVEN	NO_CURRENT_FULL_CLAUSE_DECLARATION; CANDIDATE_MAPPING_ONLY
NREQ-d82ecfeca9e5221f93a9a6c0039428a8	4.1	134	IMPLEMENTED_UNPROVEN	NO_CURRENT_FULL_CLAUSE_DECLARATION; CANDIDATE_MAPPING_ONLY
NREQ-c0026bc3ecf234129424c629808ac7c3	4.1	135	IMPLEMENTED_UNPROVEN	NO_CURRENT_FULL_CLAUSE_DECLARATION; CANDIDATE_MAPPING_ONLY
NREQ-6d03e86bd21d4b0d3b8471a77aca0135	4.1	136	IMPLEMENTED_UNPROVEN	NO_CURRENT_FULL_CLAUSE_DECLARATION; CANDIDATE_MAPPING_ONLY
NREQ-38222ab1d3bdb3153d0f3c058c12d655	4.1	137	IMPLEMENTED_UNPROVEN	NO_CURRENT_FULL_CLAUSE_DECLARATION; CANDIDATE_MAPPING_ONLY
NREQ-792acd9932760bc55a9f0953f16645b6	4.1	138	IMPLEMENTED_UNPROVEN	NO_CURRENT_FULL_CLAUSE_DECLARATION; CANDIDATE_MAPPING_ONLY
NREQ-257fb0ea0bc56b8be8ea2184514cbdd8	4.1	139	IMPLEMENTED_UNPROVEN	NO_CURRENT_FULL_CLAUSE_DECLARATION; CANDIDATE_MAPPING_ONLY
NREQ-81e58a74d9d4f821cb3d70161155bc4e	4.1	140	IMPLEMENTED_UNPROVEN	NO_CURRENT_FULL_CLAUSE_DECLARATION; CANDIDATE_MAPPING_ONLY
NREQ-749b81ff8c36960f18ded1d0142a724a	4.1	141	IMPLEMENTED_UNPROVEN	NO_CURRENT_FULL_CLAUSE_DECLARATION; CANDIDATE_MAPPING_ONLY
NREQ-1208635965ee7c16cbe25e2a3556ecca	4.1	142	IMPLEMENTED_UNPROVEN	NO_CURRENT_FULL_CLAUSE_DECLARATION; CANDIDATE_MAPPING_ONLY
NREQ-b37868e21a02ba640cecdb60494cfe01	4.1	143	IMPLEMENTED_UNPROVEN	NO_CURRENT_FULL_CLAUSE_DECLARATION; CANDIDATE_MAPPING_ONLY
NREQ-2a72ec6ff06b48a40a8c32dd5b7dd265	4.1	144	IMPLEMENTED_UNPROVEN	NO_CURRENT_FULL_CLAUSE_DECLARATION; CANDIDATE_MAPPING_ONLY
NREQ-da9521c611e94d437c52c284a80c184e	4.1	145	IMPLEMENTED_UNPROVEN	NO_CURRENT_FULL_CLAUSE_DECLARATION; CANDIDATE_MAPPING_ONLY
NREQ-6467ba03f3ffe059f81f565ab61c28b5	4.1	146	IMPLEMENTED_UNPROVEN	NO_CURRENT_FULL_CLAUSE_DECLARATION; CANDIDATE_MAPPING_ONLY
NREQ-b7c677aaccc495be19ab3455d5ba9950	4.1	149	IMPLEMENTED_UNPROVEN	NO_CURRENT_FULL_CLAUSE_DECLARATION; CANDIDATE_MAPPING_ONLY
NREQ-8596c98a1153b856234b48ef1484ef33	4.1	150	IMPLEMENTED_UNPROVEN	NO_CURRENT_FULL_CLAUSE_DECLARATION; CANDIDATE_MAPPING_ONLY
NREQ-9e69dec1d1afc59e9736b70efa2307ad	4.1	151	IMPLEMENTED_UNPROVEN	NO_CURRENT_FULL_CLAUSE_DECLARATION; CANDIDATE_MAPPING_ONLY
NREQ-68d53960df3a21401ec42ed565f02f4f	4.1	152	IMPLEMENTED_UNPROVEN	NO_CURRENT_FULL_CLAUSE_DECLARATION; CANDIDATE_MAPPING_ONLY
NREQ-93af77c1229b302e6a17d792dfd5b7c9	4.1	153	IMPLEMENTED_UNPROVEN	NO_CURRENT_FULL_CLAUSE_DECLARATION; CANDIDATE_MAPPING_ONLY
NREQ-8683587bb862b929a88d48cb8717373a	4.2	155	IMPLEMENTED_UNPROVEN	REVIEWED_CONTEXT_LINKED_TO_MANDATORY_CLAUSES
NREQ-677ced9a683b51f0d3c0961d98875269	4.2	157	IMPLEMENTED_UNPROVEN	NO_CURRENT_FULL_CLAUSE_DECLARATION; CANDIDATE_MAPPING_ONLY
NREQ-31c008f612d7088b0b04421b2cbfffb7	4.2	158	IMPLEMENTED_UNPROVEN	NO_CURRENT_FULL_CLAUSE_DECLARATION; CANDIDATE_MAPPING_ONLY
NREQ-954d5aed7aeb5f3828a84cbab398421e	4.2	159	IMPLEMENTED_UNPROVEN	NO_CURRENT_FULL_CLAUSE_DECLARATION; CANDIDATE_MAPPING_ONLY
NREQ-4b4c073a8a7dd738d0a4edf6fd15175c	4.2	160	IMPLEMENTED_UNPROVEN	NO_CURRENT_FULL_CLAUSE_DECLARATION; CANDIDATE_MAPPING_ONLY
NREQ-aaa3c4fb714040bc0718dc11882ca343	4.2	161	IMPLEMENTED_UNPROVEN	NO_CURRENT_FULL_CLAUSE_DECLARATION; CANDIDATE_MAPPING_ONLY
NREQ-cfc3321db077dce1afa5708e5c408e82	4.2	162	IMPLEMENTED_UNPROVEN	NO_CURRENT_FULL_CLAUSE_DECLARATION; CANDIDATE_MAPPING_ONLY
NREQ-2a8d1f0839e5ecd4671a56e360f81958	4.2	163	IMPLEMENTED_UNPROVEN	NO_CURRENT_FULL_CLAUSE_DECLARATION; CANDIDATE_MAPPING_ONLY
NREQ-aecf1a9a7cab1ee1d2603eeef1ec353b	4.2	164	IMPLEMENTED_UNPROVEN	NO_CURRENT_FULL_CLAUSE_DECLARATION; CANDIDATE_MAPPING_ONLY
NREQ-f23febcdd8450656432d30983ca293f5	4.2	165	IMPLEMENTED_UNPROVEN	NO_CURRENT_FULL_CLAUSE_DECLARATION; CANDIDATE_MAPPING_ONLY
NREQ-a209a0dca8b24928fcf437709761a5d2	4.2	169	UNKNOWN	NO_CURRENT_FULL_CLAUSE_DECLARATION; CANDIDATE_MAPPING_ONLY
NREQ-ca787762e8006cfbc2f7375e53128d18	4.3	173	IMPLEMENTED_UNPROVEN	NO_CURRENT_FULL_CLAUSE_DECLARATION; CANDIDATE_MAPPING_ONLY
NREQ-ea33a4606c0b3ae950be3da386217fe7	4.3	174	IMPLEMENTED_UNPROVEN	NO_CURRENT_FULL_CLAUSE_DECLARATION; CANDIDATE_MAPPING_ONLY
NREQ-ffc919a7e9996421c2116d18dff37dc5	4.3	175	IMPLEMENTED_UNPROVEN	NO_CURRENT_FULL_CLAUSE_DECLARATION; CANDIDATE_MAPPING_ONLY
NREQ-53430589b92c3558a17ceac383e35626	4.3	176	IMPLEMENTED_UNPROVEN	NO_CURRENT_FULL_CLAUSE_DECLARATION; CANDIDATE_MAPPING_ONLY
NREQ-9a16b37de41f14010ea2533242d72908	4.3	177	IMPLEMENTED_UNPROVEN	NO_CURRENT_FULL_CLAUSE_DECLARATION; CANDIDATE_MAPPING_ONLY
NREQ-2c360a106f9cc1b2afc21aef8a981031	4.3	178	IMPLEMENTED_UNPROVEN	NO_CURRENT_FULL_CLAUSE_DECLARATION; CANDIDATE_MAPPING_ONLY
NREQ-e1b235d09f8612aee1608e40b76bf014	4.3	179	IMPLEMENTED_UNPROVEN	NO_CURRENT_FULL_CLAUSE_DECLARATION; CANDIDATE_MAPPING_ONLY
NREQ-996973ca7b2e0a0d8cd624094dc73594	4.3	180	IMPLEMENTED_UNPROVEN	NO_CURRENT_FULL_CLAUSE_DECLARATION; CANDIDATE_MAPPING_ONLY
NREQ-2ea287f62699aa32291cc6aa91445b0b	4.3	181	IMPLEMENTED_UNPROVEN	NO_CURRENT_FULL_CLAUSE_DECLARATION; CANDIDATE_MAPPING_ONLY
NREQ-87214f901458a303823db4225ee6d24c	4.3	182	IMPLEMENTED_UNPROVEN	NO_CURRENT_FULL_CLAUSE_DECLARATION; CANDIDATE_MAPPING_ONLY
NREQ-1fe79498d03c6810d614cc2241305dbf	5	188	UNKNOWN	NO_CURRENT_FULL_CLAUSE_DECLARATION; CANDIDATE_MAPPING_ONLY
NREQ-f30277bb16e6a1ef63fd57418f017cc7	5	189	IMPLEMENTED_UNPROVEN	NO_CURRENT_FULL_CLAUSE_DECLARATION; CANDIDATE_MAPPING_ONLY
NREQ-f03aa6099278a23953e845a28618553e	5	190	IMPLEMENTED_UNPROVEN	NO_CURRENT_FULL_CLAUSE_DECLARATION; CANDIDATE_MAPPING_ONLY
NREQ-66f7a5b0049ebcfb54a92779d35757a4	5	191	IMPLEMENTED_UNPROVEN	NO_CURRENT_FULL_CLAUSE_DECLARATION; CANDIDATE_MAPPING_ONLY
NREQ-946ecfd8c02d46b0a5eaf2a7c5550f06	5	192	IMPLEMENTED_UNPROVEN	NO_CURRENT_FULL_CLAUSE_DECLARATION; CANDIDATE_MAPPING_ONLY
NREQ-1857beaf2841176e31a302669eff631b	5	193	IMPLEMENTED_UNPROVEN	NO_CURRENT_FULL_CLAUSE_DECLARATION; CANDIDATE_MAPPING_ONLY
NREQ-9a6eedde8952898b26b8b9ea0dfb9aa4	5	194	IMPLEMENTED_UNPROVEN	NO_CURRENT_FULL_CLAUSE_DECLARATION; CANDIDATE_MAPPING_ONLY
NREQ-aff5d7249731d3baac175405fd1bfe9c	5	195	IMPLEMENTED_UNPROVEN	NO_CURRENT_FULL_CLAUSE_DECLARATION; CANDIDATE_MAPPING_ONLY
NREQ-ab559783d354d01d8b0fe66c4748dd53	5	196	IMPLEMENTED_UNPROVEN	NO_CURRENT_FULL_CLAUSE_DECLARATION; CANDIDATE_MAPPING_ONLY
NREQ-6bb35e4d4b39a10979cf9c6ffc810dc5	5	197	IMPLEMENTED_UNPROVEN	NO_CURRENT_FULL_CLAUSE_DECLARATION; CANDIDATE_MAPPING_ONLY
NREQ-e7d83212d35f385b3247f6278fb96b84	5	198	IMPLEMENTED_UNPROVEN	NO_CURRENT_FULL_CLAUSE_DECLARATION; CANDIDATE_MAPPING_ONLY
NREQ-f97d5269ba43c6df5a9a9beb614ef741	5	200	UNKNOWN	NO_CURRENT_FULL_CLAUSE_DECLARATION; CANDIDATE_MAPPING_ONLY
NREQ-ab04275390fdbdffe16aad6b2d1ad19c	5	204	IMPLEMENTED_UNPROVEN	NO_CURRENT_FULL_CLAUSE_DECLARATION; CANDIDATE_MAPPING_ONLY
NREQ-a1a62c191940f92e981854666fc705eb	5	205	IMPLEMENTED_UNPROVEN	NO_CURRENT_FULL_CLAUSE_DECLARATION; CANDIDATE_MAPPING_ONLY
NREQ-4f6d78c5bf973ba54b977292e6ee2b08	5	206	IMPLEMENTED_UNPROVEN	NO_CURRENT_FULL_CLAUSE_DECLARATION; CANDIDATE_MAPPING_ONLY
NREQ-986955691860abc1a27e070c4c8ab5d3	5	207	IMPLEMENTED_UNPROVEN	NO_CURRENT_FULL_CLAUSE_DECLARATION; CANDIDATE_MAPPING_ONLY
NREQ-dd4a91bb0dd8397951250f296938ea41	5	208	IMPLEMENTED_UNPROVEN	NO_CURRENT_FULL_CLAUSE_DECLARATION; CANDIDATE_MAPPING_ONLY
NREQ-9a36aa000bcd7dfb782d0730f686cfe9	5	209	IMPLEMENTED_UNPROVEN	NO_CURRENT_FULL_CLAUSE_DECLARATION; CANDIDATE_MAPPING_ONLY
NREQ-dced375f70ad675c0ceed24fac921be6	5	210	IMPLEMENTED_UNPROVEN	NO_CURRENT_FULL_CLAUSE_DECLARATION; CANDIDATE_MAPPING_ONLY
NREQ-4a7d4041cf39bf564adaa148e33f2865	5	211	IMPLEMENTED_UNPROVEN	NO_CURRENT_FULL_CLAUSE_DECLARATION; CANDIDATE_MAPPING_ONLY
NREQ-f8a40665c42f47de4d2c83ae6555dd8d	5	212	IMPLEMENTED_UNPROVEN	NO_CURRENT_FULL_CLAUSE_DECLARATION; CANDIDATE_MAPPING_ONLY
NREQ-9e9c7649719b23d0cd2250bfcbed686d	5	213	IMPLEMENTED_UNPROVEN	NO_CURRENT_FULL_CLAUSE_DECLARATION; CANDIDATE_MAPPING_ONLY
NREQ-db1fc84b09b53a41c16272e40ba14eb6	5	214	IMPLEMENTED_UNPROVEN	NO_CURRENT_FULL_CLAUSE_DECLARATION; CANDIDATE_MAPPING_ONLY
NREQ-08d83ce90f8684c6ea4178c7e92e369a	5	215	IMPLEMENTED_UNPROVEN	NO_CURRENT_FULL_CLAUSE_DECLARATION; CANDIDATE_MAPPING_ONLY
NREQ-ccf4e248f6fdbc99e5b2aed5556c59f4	5	216	IMPLEMENTED_UNPROVEN	NO_CURRENT_FULL_CLAUSE_DECLARATION; CANDIDATE_MAPPING_ONLY
NREQ-eca4864bb2dc0bbe013f799de6251c35	5	220	IMPLEMENTED_UNPROVEN	NO_CURRENT_FULL_CLAUSE_DECLARATION; CANDIDATE_MAPPING_ONLY
NREQ-7ea5f2a05dcfc958a0535eda9b027900	5	221	IMPLEMENTED_UNPROVEN	NO_CURRENT_FULL_CLAUSE_DECLARATION; CANDIDATE_MAPPING_ONLY
NREQ-3a42f57afb7b40f2763766697e52ccba	5	222	IMPLEMENTED_UNPROVEN	NO_CURRENT_FULL_CLAUSE_DECLARATION; CANDIDATE_MAPPING_ONLY
NREQ-303a7e03e510bb9a7633f4114c33b8a9	5	223	IMPLEMENTED_UNPROVEN	NO_CURRENT_FULL_CLAUSE_DECLARATION; CANDIDATE_MAPPING_ONLY
NREQ-3cfc16b9b4ed5406675a06e3a465c597	5	227	IMPLEMENTED_UNPROVEN	NO_CURRENT_FULL_CLAUSE_DECLARATION; CANDIDATE_MAPPING_ONLY
NREQ-9d8f596ac4c62e42c1e670ca3abe3efa	5	228	IMPLEMENTED_UNPROVEN	NO_CURRENT_FULL_CLAUSE_DECLARATION; CANDIDATE_MAPPING_ONLY
NREQ-18e516ce0c508701553545b01732fd5b	5	229	IMPLEMENTED_UNPROVEN	NO_CURRENT_FULL_CLAUSE_DECLARATION; CANDIDATE_MAPPING_ONLY
NREQ-7410a306e25f7a1c1cc077c6add69bce	5	230	IMPLEMENTED_UNPROVEN	NO_CURRENT_FULL_CLAUSE_DECLARATION; CANDIDATE_MAPPING_ONLY
NREQ-8ce47a75a2444ce366ab55c6b78fef28	5	231	IMPLEMENTED_UNPROVEN	NO_CURRENT_FULL_CLAUSE_DECLARATION; CANDIDATE_MAPPING_ONLY
NREQ-b627872eea3e9ef24aaf727cdf070d2f	5	232	IMPLEMENTED_UNPROVEN	NO_CURRENT_FULL_CLAUSE_DECLARATION; CANDIDATE_MAPPING_ONLY
NREQ-c19a3b568cee918a41f6b128284f20fa	5	234	IMPLEMENTED_UNPROVEN	NO_CURRENT_FULL_CLAUSE_DECLARATION; CANDIDATE_MAPPING_ONLY
NREQ-175dfea24035e057e3bb035215f6f30b	5	237	IMPLEMENTED_UNPROVEN	NO_CURRENT_FULL_CLAUSE_DECLARATION; CANDIDATE_MAPPING_ONLY
NREQ-1413601e9576316528eabd8964c850d6	5	238	IMPLEMENTED_UNPROVEN	NO_CURRENT_FULL_CLAUSE_DECLARATION; CANDIDATE_MAPPING_ONLY
NREQ-02afecad875803a5e4e3c5e1e1bcc823	5	239	IMPLEMENTED_UNPROVEN	NO_CURRENT_FULL_CLAUSE_DECLARATION; CANDIDATE_MAPPING_ONLY
NREQ-0049406ff5c8c5679fcf799e5846f0cc	5	240	IMPLEMENTED_UNPROVEN	NO_CURRENT_FULL_CLAUSE_DECLARATION; CANDIDATE_MAPPING_ONLY
NREQ-c6b1629e2e6a59c2a344e42996db5bec	5	241	IMPLEMENTED_UNPROVEN	NO_CURRENT_FULL_CLAUSE_DECLARATION; CANDIDATE_MAPPING_ONLY
NREQ-ac8ecf56e5f9a89681d7d5dc5a4d3836	5	242	IMPLEMENTED_UNPROVEN	NO_CURRENT_FULL_CLAUSE_DECLARATION; CANDIDATE_MAPPING_ONLY
NREQ-da0a46f7c1d2d412da977eff2922ba6c	5	243	IMPLEMENTED_UNPROVEN	NO_CURRENT_FULL_CLAUSE_DECLARATION; CANDIDATE_MAPPING_ONLY
NREQ-951a85e998834144f18a403a95630aea	5	244	IMPLEMENTED_UNPROVEN	NO_CURRENT_FULL_CLAUSE_DECLARATION; CANDIDATE_MAPPING_ONLY
NREQ-c3f41b359c49bc143403d0a15f543b1b	5	245	IMPLEMENTED_UNPROVEN	NO_CURRENT_FULL_CLAUSE_DECLARATION; CANDIDATE_MAPPING_ONLY
NREQ-327471c5d0c67a27a9395924cb7eaf3b	5	246	IMPLEMENTED_UNPROVEN	NO_CURRENT_FULL_CLAUSE_DECLARATION; CANDIDATE_MAPPING_ONLY
NREQ-887f03f2a7078e7768ce0a3e77bed018	5	247	IMPLEMENTED_UNPROVEN	NO_CURRENT_FULL_CLAUSE_DECLARATION; CANDIDATE_MAPPING_ONLY
NREQ-628a894d72baa66e57688e871c146a70	5	248	IMPLEMENTED_UNPROVEN	NO_CURRENT_FULL_CLAUSE_DECLARATION; CANDIDATE_MAPPING_ONLY
NREQ-2dbcd7d64f6c7c41fc0731bed201232a	5	249	IMPLEMENTED_UNPROVEN	NO_CURRENT_FULL_CLAUSE_DECLARATION; CANDIDATE_MAPPING_ONLY
NREQ-cdd007fe22af46a354bc9a8d414b1a20	5	250	IMPLEMENTED_UNPROVEN	NO_CURRENT_FULL_CLAUSE_DECLARATION; CANDIDATE_MAPPING_ONLY
NREQ-8997f86fcb27370aee98ed424e38dd79	5	251	IMPLEMENTED_UNPROVEN	NO_CURRENT_FULL_CLAUSE_DECLARATION; CANDIDATE_MAPPING_ONLY
NREQ-e1930c14f3bb18904f476997eace361a	5	252	IMPLEMENTED_UNPROVEN	NO_CURRENT_FULL_CLAUSE_DECLARATION; CANDIDATE_MAPPING_ONLY
NREQ-8d682afb4d26ae63fe97ae4ead2bb21e	5	253	IMPLEMENTED_UNPROVEN	NO_CURRENT_FULL_CLAUSE_DECLARATION; CANDIDATE_MAPPING_ONLY
NREQ-4e8df045c53f3a90e8a95f3131d70bce	5	254	IMPLEMENTED_UNPROVEN	NO_CURRENT_FULL_CLAUSE_DECLARATION; CANDIDATE_MAPPING_ONLY
NREQ-49637a725d561ecaf637e1ecfe6efc20	5	255	IMPLEMENTED_UNPROVEN	NO_CURRENT_FULL_CLAUSE_DECLARATION; CANDIDATE_MAPPING_ONLY
NREQ-4d467b016c4bc49e7b21f8af2c073151	5	256	IMPLEMENTED_UNPROVEN	NO_CURRENT_FULL_CLAUSE_DECLARATION; CANDIDATE_MAPPING_ONLY
NREQ-77c2bc808fe57bcc74816980aaa951ba	5	257	IMPLEMENTED_UNPROVEN	NO_CURRENT_FULL_CLAUSE_DECLARATION; CANDIDATE_MAPPING_ONLY
NREQ-4d75e0364c3fee302aa551aa6a3f7408	5	258	IMPLEMENTED_UNPROVEN	NO_CURRENT_FULL_CLAUSE_DECLARATION; CANDIDATE_MAPPING_ONLY
NREQ-814d5c8c4cd095057c08db9108fd9293	5	259	IMPLEMENTED_UNPROVEN	NO_CURRENT_FULL_CLAUSE_DECLARATION; CANDIDATE_MAPPING_ONLY
NREQ-fa93518b8af6d91392bf34b54c7f6966	5	260	IMPLEMENTED_UNPROVEN	NO_CURRENT_FULL_CLAUSE_DECLARATION; CANDIDATE_MAPPING_ONLY
NREQ-ef70e7697f52ae7b92a15f6f8df561f1	5	261	IMPLEMENTED_UNPROVEN	NO_CURRENT_FULL_CLAUSE_DECLARATION; CANDIDATE_MAPPING_ONLY
NREQ-a833d6c28de4c1d0d15c0106c965740b	5	262	IMPLEMENTED_UNPROVEN	NO_CURRENT_FULL_CLAUSE_DECLARATION; CANDIDATE_MAPPING_ONLY
NREQ-858783be89afb736e6ce236aac70b382	5	263	IMPLEMENTED_UNPROVEN	NO_CURRENT_FULL_CLAUSE_DECLARATION; CANDIDATE_MAPPING_ONLY
NREQ-8646fc02f12e0dcdabd89f9137ab747a	5	264	IMPLEMENTED_UNPROVEN	NO_CURRENT_FULL_CLAUSE_DECLARATION; CANDIDATE_MAPPING_ONLY
NREQ-7d780746e5f32093f329159bb4f02c6e	5	265	IMPLEMENTED_UNPROVEN	NO_CURRENT_FULL_CLAUSE_DECLARATION; CANDIDATE_MAPPING_ONLY
NREQ-145be321d32d116ff5fb9f06e2b4b721	5	266	IMPLEMENTED_UNPROVEN	NO_CURRENT_FULL_CLAUSE_DECLARATION; CANDIDATE_MAPPING_ONLY
NREQ-23afc7e231d8bd0976508fc44ae2746b	6.1	276	UNKNOWN	NO_CURRENT_FULL_CLAUSE_DECLARATION; CANDIDATE_MAPPING_ONLY
NREQ-08cac49cdd60b13d44bb6c696faa4ba4	6.1	278	IMPLEMENTED_UNPROVEN	NO_CURRENT_FULL_CLAUSE_DECLARATION; CANDIDATE_MAPPING_ONLY
NREQ-4d443bf3aa60eaa1e92057a72e3fb84b	6.1	279	IMPLEMENTED_UNPROVEN	NO_CURRENT_FULL_CLAUSE_DECLARATION; CANDIDATE_MAPPING_ONLY
NREQ-006e703b4acbf0f501397ef1bc251cf2	6.1	280	IMPLEMENTED_UNPROVEN	NO_CURRENT_FULL_CLAUSE_DECLARATION; CANDIDATE_MAPPING_ONLY
NREQ-936590da9e535ac6f7d31f8d522e3018	6.1	281	IMPLEMENTED_UNPROVEN	NO_CURRENT_FULL_CLAUSE_DECLARATION; CANDIDATE_MAPPING_ONLY
NREQ-44053da05c575397294fc59ef9d8fe68	6.1	283	IMPLEMENTED_UNPROVEN	NO_CURRENT_FULL_CLAUSE_DECLARATION; CANDIDATE_MAPPING_ONLY
NREQ-d3a93b5f8d35aa86ac312c7b916e2853	6.1	284	IMPLEMENTED_UNPROVEN	NO_CURRENT_FULL_CLAUSE_DECLARATION; CANDIDATE_MAPPING_ONLY
NREQ-5495896d5bc7a5c91b24a55ad29d856f	6.1	285	IMPLEMENTED_UNPROVEN	NO_CURRENT_FULL_CLAUSE_DECLARATION; CANDIDATE_MAPPING_ONLY
NREQ-8dd636e768e38f3025d7f5d29a6108f1	6.1	286	IMPLEMENTED_UNPROVEN	NO_CURRENT_FULL_CLAUSE_DECLARATION; CANDIDATE_MAPPING_ONLY
NREQ-7441374e9d3843b33fdb7e02bc44b5f6	6.1	287	IMPLEMENTED_UNPROVEN	NO_CURRENT_FULL_CLAUSE_DECLARATION; CANDIDATE_MAPPING_ONLY
NREQ-c9a863b177bf8f3444c8b57cd59235be	6.1	288	IMPLEMENTED_UNPROVEN	NO_CURRENT_FULL_CLAUSE_DECLARATION; CANDIDATE_MAPPING_ONLY
NREQ-e5b9a1294a035e65865aacafe4a300dc	6.1	289	IMPLEMENTED_UNPROVEN	NO_CURRENT_FULL_CLAUSE_DECLARATION; CANDIDATE_MAPPING_ONLY
NREQ-1d74fba3336ae20e8c80dc335f81c0fd	6.1	290	IMPLEMENTED_UNPROVEN	NO_CURRENT_FULL_CLAUSE_DECLARATION; CANDIDATE_MAPPING_ONLY
NREQ-e9ee7497bb9d7e5d687f2bd0e17654b3	6.1	291	IMPLEMENTED_UNPROVEN	NO_CURRENT_FULL_CLAUSE_DECLARATION; CANDIDATE_MAPPING_ONLY
NREQ-789c38a104a6f172452e0bf33b44a65d	6.1	293	IMPLEMENTED_UNPROVEN	NO_CURRENT_FULL_CLAUSE_DECLARATION; CANDIDATE_MAPPING_ONLY
NREQ-42213fa211cd6d828df53f332b1f3699	6.1	295	IMPLEMENTED_UNPROVEN	NO_CURRENT_FULL_CLAUSE_DECLARATION; CANDIDATE_MAPPING_ONLY
NREQ-05301755aad5570b82c420a33e369fac	6.1	296	UNKNOWN	NO_CURRENT_FULL_CLAUSE_DECLARATION; CANDIDATE_MAPPING_ONLY
NREQ-e690a867c4978e1172109a73c81221cd	6.2	300	UNKNOWN	NO_CURRENT_FULL_CLAUSE_DECLARATION; CANDIDATE_MAPPING_ONLY
NREQ-5fc5021aeb3a6059505f9a616a201b5d	6.2	302	IMPLEMENTED_UNPROVEN	NO_CURRENT_FULL_CLAUSE_DECLARATION; CANDIDATE_MAPPING_ONLY
NREQ-4d12ab73723de81c1488004178fc9ac6	6.2	303	IMPLEMENTED_UNPROVEN	NO_CURRENT_FULL_CLAUSE_DECLARATION; CANDIDATE_MAPPING_ONLY
NREQ-2956e655ad9c7073a07adb6979610894	6.2	304	IMPLEMENTED_UNPROVEN	NO_CURRENT_FULL_CLAUSE_DECLARATION; CANDIDATE_MAPPING_ONLY
NREQ-92889597b2fedcbb857f37c1da06eba9	6.2	305	IMPLEMENTED_UNPROVEN	NO_CURRENT_FULL_CLAUSE_DECLARATION; CANDIDATE_MAPPING_ONLY
NREQ-aa0c06b9bceb956568df910f6a4d5279	6.2	306	IMPLEMENTED_UNPROVEN	NO_CURRENT_FULL_CLAUSE_DECLARATION; CANDIDATE_MAPPING_ONLY
NREQ-3f676902cdb1558b0ec9e7dd2eb96c06	6.2	307	IMPLEMENTED_UNPROVEN	NO_CURRENT_FULL_CLAUSE_DECLARATION; CANDIDATE_MAPPING_ONLY
NREQ-05736399349880f53f93663daf38ee52	6.2	308	IMPLEMENTED_UNPROVEN	NO_CURRENT_FULL_CLAUSE_DECLARATION; CANDIDATE_MAPPING_ONLY
NREQ-576cda0d07abdff1d24fbddbe872d5ab	6.2	309	IMPLEMENTED_UNPROVEN	NO_CURRENT_FULL_CLAUSE_DECLARATION; CANDIDATE_MAPPING_ONLY
NREQ-5d3177cf9656bf3e31ed328b85c274df	6.2	310	IMPLEMENTED_UNPROVEN	NO_CURRENT_FULL_CLAUSE_DECLARATION; CANDIDATE_MAPPING_ONLY
NREQ-64ac81f5813ba83f3e99ee578a4f8df6	6.2	311	IMPLEMENTED_UNPROVEN	NO_CURRENT_FULL_CLAUSE_DECLARATION; CANDIDATE_MAPPING_ONLY
NREQ-2472dd3f9be29cb34a394d696905d3a1	6.2	312	IMPLEMENTED_UNPROVEN	NO_CURRENT_FULL_CLAUSE_DECLARATION; CANDIDATE_MAPPING_ONLY
NREQ-0bf4d0f9a91b52b28ddee685a4cb14c6	6.2	313	IMPLEMENTED_UNPROVEN	NO_CURRENT_FULL_CLAUSE_DECLARATION; CANDIDATE_MAPPING_ONLY
NREQ-a326aa46b1c5aaa594eedfce437d3d0f	6.2	314	IMPLEMENTED_UNPROVEN	NO_CURRENT_FULL_CLAUSE_DECLARATION; CANDIDATE_MAPPING_ONLY
NREQ-a8d33cae4873b9464d93f0045bc4c00d	6.2	315	IMPLEMENTED_UNPROVEN	NO_CURRENT_FULL_CLAUSE_DECLARATION; CANDIDATE_MAPPING_ONLY
NREQ-b5eb599d978c2d7d8dfbf8d13c5606d0	6.2	317	IMPLEMENTED_UNPROVEN	NO_CURRENT_FULL_CLAUSE_DECLARATION; CANDIDATE_MAPPING_ONLY
NREQ-448c796898e9a1395d8a8fe79ba539cb	6.3	321	UNKNOWN	NO_CURRENT_FULL_CLAUSE_DECLARATION; CANDIDATE_MAPPING_ONLY
NREQ-9d2d20a6581b1506ebee7679f3fbd843	6.3	323	IMPLEMENTED_UNPROVEN	NO_CURRENT_FULL_CLAUSE_DECLARATION; CANDIDATE_MAPPING_ONLY
NREQ-58dab9026be7540fea35689c78c6aa67	6.3	324	IMPLEMENTED_UNPROVEN	NO_CURRENT_FULL_CLAUSE_DECLARATION; CANDIDATE_MAPPING_ONLY
NREQ-188f0d6f21462c8bc724221954e9efce	6.3	325	IMPLEMENTED_UNPROVEN	NO_CURRENT_FULL_CLAUSE_DECLARATION; CANDIDATE_MAPPING_ONLY
NREQ-08585002ff6fd17ba4f0637b5d54159d	6.3	326	IMPLEMENTED_UNPROVEN	NO_CURRENT_FULL_CLAUSE_DECLARATION; CANDIDATE_MAPPING_ONLY
NREQ-6b8d7a56ea21e65c16c130faaded1d79	6.3	327	IMPLEMENTED_UNPROVEN	NO_CURRENT_FULL_CLAUSE_DECLARATION; CANDIDATE_MAPPING_ONLY
NREQ-f653d1f94cfe59caa37668d3e6e9404c	6.3	328	IMPLEMENTED_UNPROVEN	NO_CURRENT_FULL_CLAUSE_DECLARATION; CANDIDATE_MAPPING_ONLY
NREQ-cdbdd8cfffea4fc4e8df70de6f25f66a	6.3	330	IMPLEMENTED_UNPROVEN	NO_CURRENT_FULL_CLAUSE_DECLARATION; CANDIDATE_MAPPING_ONLY
NREQ-302761f09c9141d37dfe5d34635712f8	6.3	332	IMPLEMENTED_UNPROVEN	NO_CURRENT_FULL_CLAUSE_DECLARATION; CANDIDATE_MAPPING_ONLY
NREQ-7f386c6a54d6f63459bd1eeab53e0cf0	6.3	333	IMPLEMENTED_UNPROVEN	NO_CURRENT_FULL_CLAUSE_DECLARATION; CANDIDATE_MAPPING_ONLY
NREQ-6879e217d9b20a633e623ec4f8679d00	6.3	334	IMPLEMENTED_UNPROVEN	NO_CURRENT_FULL_CLAUSE_DECLARATION; CANDIDATE_MAPPING_ONLY
NREQ-ab759041ab8626910e5b9e526104bc07	6.3	335	IMPLEMENTED_UNPROVEN	NO_CURRENT_FULL_CLAUSE_DECLARATION; CANDIDATE_MAPPING_ONLY
NREQ-fd830f746dc8dcb89166e3986713ae00	6.3	336	IMPLEMENTED_UNPROVEN	NO_CURRENT_FULL_CLAUSE_DECLARATION; CANDIDATE_MAPPING_ONLY
NREQ-e913fa5353ab8d361c2b3bdf748c94ca	6.3	337	IMPLEMENTED_UNPROVEN	NO_CURRENT_FULL_CLAUSE_DECLARATION; CANDIDATE_MAPPING_ONLY
NREQ-b8f6dbef150cf0122710f5548ef81f14	6.3	338	IMPLEMENTED_UNPROVEN	NO_CURRENT_FULL_CLAUSE_DECLARATION; CANDIDATE_MAPPING_ONLY
NREQ-68bdf0b2236eea02c53cd0ef67d19c4c	6.3	339	IMPLEMENTED_UNPROVEN	NO_CURRENT_FULL_CLAUSE_DECLARATION; CANDIDATE_MAPPING_ONLY
NREQ-a6940d6b22616b7ac6dfbc6237a59a1e	6.3	341	IMPLEMENTED_UNPROVEN	NO_CURRENT_FULL_CLAUSE_DECLARATION; CANDIDATE_MAPPING_ONLY
NREQ-59a90d9d6965e63d52bd071fdaab48e3	6.3A	345	IMPLEMENTED_UNPROVEN	NO_CURRENT_FULL_CLAUSE_DECLARATION; CANDIDATE_MAPPING_ONLY
NREQ-1090c43bf70033536c3277ba6203ff5d	6.4	349	UNKNOWN	NO_CURRENT_FULL_CLAUSE_DECLARATION; CANDIDATE_MAPPING_ONLY
NREQ-67d4385f0879d7741d67661e6d0cde92	6.4	351	IMPLEMENTED_UNPROVEN	NO_CURRENT_FULL_CLAUSE_DECLARATION; CANDIDATE_MAPPING_ONLY
NREQ-03639ca44268ec0dd1051a6da2b4d529	6.4	353	IMPLEMENTED_UNPROVEN	NO_CURRENT_FULL_CLAUSE_DECLARATION; CANDIDATE_MAPPING_ONLY
NREQ-3a3fd8f859b02475d83ad03d3ef5fb57	6.4	354	IMPLEMENTED_UNPROVEN	NO_CURRENT_FULL_CLAUSE_DECLARATION; CANDIDATE_MAPPING_ONLY
NREQ-db4b01d3bbab74fd67a3b5545c4f9b5b	6.4	355	IMPLEMENTED_UNPROVEN	NO_CURRENT_FULL_CLAUSE_DECLARATION; CANDIDATE_MAPPING_ONLY
NREQ-b73ca0503aabebe633f9cd016e40a163	6.4	356	IMPLEMENTED_UNPROVEN	NO_CURRENT_FULL_CLAUSE_DECLARATION; CANDIDATE_MAPPING_ONLY
NREQ-03597fa387104b216979fafed2614538	6.4	357	IMPLEMENTED_UNPROVEN	NO_CURRENT_FULL_CLAUSE_DECLARATION; CANDIDATE_MAPPING_ONLY
NREQ-5820c2c7d769128a6e1e32543e3bf8aa	6.4	359	IMPLEMENTED_UNPROVEN	NO_CURRENT_FULL_CLAUSE_DECLARATION; CANDIDATE_MAPPING_ONLY
NREQ-78c82d0d57bad64764aa5c92d800e5c5	6.4A	363	IMPLEMENTED_UNPROVEN	NO_CURRENT_FULL_CLAUSE_DECLARATION; CANDIDATE_MAPPING_ONLY
NREQ-3d52d7c0a8a582d302e8a97399e7f6a4	6.5	367	IMPLEMENTED_UNPROVEN	NO_CURRENT_FULL_CLAUSE_DECLARATION; CANDIDATE_MAPPING_ONLY
NREQ-376081e7c574cc589d02286394fd7cd9	6.5	371	IMPLEMENTED_UNPROVEN	NO_CURRENT_FULL_CLAUSE_DECLARATION; CANDIDATE_MAPPING_ONLY
NREQ-3ec6b38ec826161a955be3ac1ffa1b68	6.5	372	IMPLEMENTED_UNPROVEN	NO_CURRENT_FULL_CLAUSE_DECLARATION; CANDIDATE_MAPPING_ONLY
NREQ-72e9319689d843b54c15a1d0a83dd977	6.5	373	IMPLEMENTED_UNPROVEN	NO_CURRENT_FULL_CLAUSE_DECLARATION; CANDIDATE_MAPPING_ONLY
NREQ-1cd7b766d5ba93ffabefe40fdd01c417	6.5	374	IMPLEMENTED_UNPROVEN	NO_CURRENT_FULL_CLAUSE_DECLARATION; CANDIDATE_MAPPING_ONLY
NREQ-9868e188ff64ab765f9d22823fdc1bd3	6.5	375	IMPLEMENTED_UNPROVEN	NO_CURRENT_FULL_CLAUSE_DECLARATION; CANDIDATE_MAPPING_ONLY
NREQ-b32534c9efea65811441a1631a1eaba6	6.5	376	IMPLEMENTED_UNPROVEN	NO_CURRENT_FULL_CLAUSE_DECLARATION; CANDIDATE_MAPPING_ONLY
NREQ-10846bb5f0836a7239bedaec726ef111	6.5	377	IMPLEMENTED_UNPROVEN	NO_CURRENT_FULL_CLAUSE_DECLARATION; CANDIDATE_MAPPING_ONLY
NREQ-e851a456dfef3111c596037d7144a5f5	6.5	378	IMPLEMENTED_UNPROVEN	NO_CURRENT_FULL_CLAUSE_DECLARATION; CANDIDATE_MAPPING_ONLY
NREQ-543db7446af2471b5fc1c2f7bc67584a	6.5	382	IMPLEMENTED_UNPROVEN	NO_CURRENT_FULL_CLAUSE_DECLARATION; CANDIDATE_MAPPING_ONLY
NREQ-601f95457308eb5c5428fa5781de7726	6.5	383	IMPLEMENTED_UNPROVEN	NO_CURRENT_FULL_CLAUSE_DECLARATION; CANDIDATE_MAPPING_ONLY
NREQ-227d68a539bb7e348e1f47507ba346e8	6.5	384	IMPLEMENTED_UNPROVEN	NO_CURRENT_FULL_CLAUSE_DECLARATION; CANDIDATE_MAPPING_ONLY
NREQ-0736b8afadf79062c8870efffa89ace8	6.5	385	IMPLEMENTED_UNPROVEN	NO_CURRENT_FULL_CLAUSE_DECLARATION; CANDIDATE_MAPPING_ONLY
NREQ-ee3537923ccd00c63c78f2718e59c94b	6.5	386	IMPLEMENTED_UNPROVEN	NO_CURRENT_FULL_CLAUSE_DECLARATION; CANDIDATE_MAPPING_ONLY
NREQ-752a249d1521ea56da4755b2e2d4b43c	6.5	387	IMPLEMENTED_UNPROVEN	NO_CURRENT_FULL_CLAUSE_DECLARATION; CANDIDATE_MAPPING_ONLY
NREQ-564522a87f412a24abcec453a014f7c4	6.5	388	IMPLEMENTED_UNPROVEN	NO_CURRENT_FULL_CLAUSE_DECLARATION; CANDIDATE_MAPPING_ONLY
NREQ-1f85b1b9c76cfbb879999a1538431605	6.5	390	IMPLEMENTED_UNPROVEN	NO_CURRENT_FULL_CLAUSE_DECLARATION; CANDIDATE_MAPPING_ONLY
NREQ-0cda9cf01c44ea8a2a6b69b0f2ce1a2c	6.5	392	IMPLEMENTED_UNPROVEN	NO_CURRENT_FULL_CLAUSE_DECLARATION; CANDIDATE_MAPPING_ONLY
NREQ-0f8607e9422df22c198e73094400c60b	6.5	393	IMPLEMENTED_UNPROVEN	NO_CURRENT_FULL_CLAUSE_DECLARATION; CANDIDATE_MAPPING_ONLY
NREQ-95fc1cf104d1f4622ad726efd079aedc	6.5	394	IMPLEMENTED_UNPROVEN	NO_CURRENT_FULL_CLAUSE_DECLARATION; CANDIDATE_MAPPING_ONLY
NREQ-aae75fa8479c43ed2c48204e8f04955a	6.5	395	IMPLEMENTED_UNPROVEN	NO_CURRENT_FULL_CLAUSE_DECLARATION; CANDIDATE_MAPPING_ONLY
NREQ-b56b165fc4c118a961644e05bc39b331	6.5	396	IMPLEMENTED_UNPROVEN	NO_CURRENT_FULL_CLAUSE_DECLARATION; CANDIDATE_MAPPING_ONLY
NREQ-bd2fee541c9746b2da3e751110602145	6.5	397	IMPLEMENTED_UNPROVEN	NO_CURRENT_FULL_CLAUSE_DECLARATION; CANDIDATE_MAPPING_ONLY
NREQ-cd60e328b6d614651bdffb2632130683	6.5	398	IMPLEMENTED_UNPROVEN	NO_CURRENT_FULL_CLAUSE_DECLARATION; CANDIDATE_MAPPING_ONLY
NREQ-d7f71b8a7ce785e1d3b91769bab9f9af	6.5	400	IMPLEMENTED_UNPROVEN	NO_CURRENT_FULL_CLAUSE_DECLARATION; CANDIDATE_MAPPING_ONLY
NREQ-454574a4dc284c8427da08d415dde4ad	6.5	402	IMPLEMENTED_UNPROVEN	NO_CURRENT_FULL_CLAUSE_DECLARATION; CANDIDATE_MAPPING_ONLY
NREQ-0b73c99557630a5deeace7e89ea0e28f	6.5	403	IMPLEMENTED_UNPROVEN	CURRENT_REVIEWED_DESIGN_REQUIRES_EXECUTED_OBSERVATIONS
NREQ-d0de29fd650d9315bf0c978ab23e7f0a	6.5	404	IMPLEMENTED_UNPROVEN	NO_CURRENT_FULL_CLAUSE_DECLARATION; CANDIDATE_MAPPING_ONLY
NREQ-9abd86c7cba11e020b14b46dc4161f1f	6.5	405	IMPLEMENTED_UNPROVEN	NO_CURRENT_FULL_CLAUSE_DECLARATION; CANDIDATE_MAPPING_ONLY
NREQ-f537a8a16644fa8f9b8b52e5af0b7d58	6.5	406	IMPLEMENTED_UNPROVEN	NO_CURRENT_FULL_CLAUSE_DECLARATION; CANDIDATE_MAPPING_ONLY
NREQ-f166ce3d5aa2b6fc7dc6b45779714c98	6.5	407	IMPLEMENTED_UNPROVEN	NO_CURRENT_FULL_CLAUSE_DECLARATION; CANDIDATE_MAPPING_ONLY
NREQ-f6a862c7cd65de07f6ff9608fc1d58ca	6.5	408	IMPLEMENTED_UNPROVEN	NO_CURRENT_FULL_CLAUSE_DECLARATION; CANDIDATE_MAPPING_ONLY
NREQ-8bedbbbe4d516c66d658b74e89d74d28	6.5	410	IMPLEMENTED_UNPROVEN	NO_CURRENT_FULL_CLAUSE_DECLARATION; CANDIDATE_MAPPING_ONLY
NREQ-bfc0cb058f6221f61af6fb5020026b9d	6.5	412	IMPLEMENTED_UNPROVEN	NO_CURRENT_FULL_CLAUSE_DECLARATION; CANDIDATE_MAPPING_ONLY
NREQ-27111d21a3035ef29ab33b63dea73b47	6.5A	416	IMPLEMENTED_UNPROVEN	NO_CURRENT_FULL_CLAUSE_DECLARATION; CANDIDATE_MAPPING_ONLY
NREQ-20cb5ba5c2e9d980f6569bafc3e33ee2	6.5A	418	IMPLEMENTED_UNPROVEN	NO_CURRENT_FULL_CLAUSE_DECLARATION; CANDIDATE_MAPPING_ONLY
NREQ-d72153098f746d8eb6f60b678d7ebbd4	6.6	422	IMPLEMENTED_UNPROVEN	NO_CURRENT_FULL_CLAUSE_DECLARATION; CANDIDATE_MAPPING_ONLY
NREQ-d30374bfc0379c6b0629aad8369af9ac	6.6	424	UNKNOWN	NO_CURRENT_FULL_CLAUSE_DECLARATION; CANDIDATE_MAPPING_ONLY
NREQ-0fe0693c63b640aac77aa7fa2ad3861d	6.6	425	IMPLEMENTED_UNPROVEN	CURRENT_REVIEWED_DESIGN_REQUIRES_EXECUTED_OBSERVATIONS
NREQ-4b57ff687d86604652870358bd542ec5	6.6	427	UNKNOWN	NO_CURRENT_FULL_CLAUSE_DECLARATION; CANDIDATE_MAPPING_ONLY
NREQ-57f8fa829a872f35948a81bd58477291	6.6	428	IMPLEMENTED_UNPROVEN	CURRENT_REVIEWED_DESIGN_REQUIRES_EXECUTED_OBSERVATIONS
NREQ-ebadc5f449d2029613a3af4b31f78c6f	6.6	429	IMPLEMENTED_UNPROVEN	CURRENT_REVIEWED_DESIGN_REQUIRES_EXECUTED_OBSERVATIONS
NREQ-85b110cf9d0bf8e7e2a6ca34dcdee412	6.6	430	IMPLEMENTED_UNPROVEN	CURRENT_REVIEWED_DESIGN_REQUIRES_EXECUTED_OBSERVATIONS
NREQ-b7b9ecdbceaad6aaefc9e55f7d5b3d48	6.6	431	IMPLEMENTED_UNPROVEN	CURRENT_REVIEWED_DESIGN_REQUIRES_EXECUTED_OBSERVATIONS
NREQ-5dbdcf72dd32a519bb29fbf8250726d3	6.6	432	IMPLEMENTED_UNPROVEN	CURRENT_REVIEWED_DESIGN_REQUIRES_EXECUTED_OBSERVATIONS
NREQ-f2d6f77dfa27e853d7eb5dab69be388d	6.6	433	IMPLEMENTED_UNPROVEN	CURRENT_REVIEWED_DESIGN_REQUIRES_EXECUTED_OBSERVATIONS
NREQ-ade9df74bf03ff347d7ae537fbfa738d	6.6	434	IMPLEMENTED_UNPROVEN	CURRENT_REVIEWED_DESIGN_REQUIRES_EXECUTED_OBSERVATIONS
NREQ-1f578d8524f1af57b280fd03422827f1	6.6	435	IMPLEMENTED_UNPROVEN	CURRENT_REVIEWED_DESIGN_REQUIRES_EXECUTED_OBSERVATIONS
NREQ-cf2cbee76666e1f836c4cca046988062	6.6	436	IMPLEMENTED_UNPROVEN	CURRENT_REVIEWED_DESIGN_REQUIRES_EXECUTED_OBSERVATIONS
NREQ-2524a1d9ecc583bbd420778cfb147983	6.6	437	IMPLEMENTED_UNPROVEN	CURRENT_REVIEWED_DESIGN_REQUIRES_EXECUTED_OBSERVATIONS
NREQ-e2c966ff2db0502c8d0f2d40e87f4262	6.6	438	IMPLEMENTED_UNPROVEN	CURRENT_REVIEWED_DESIGN_REQUIRES_EXECUTED_OBSERVATIONS
NREQ-b3e8d9cffdde1f94d9d342ff0ed4f097	6.6	439	IMPLEMENTED_UNPROVEN	CURRENT_REVIEWED_DESIGN_REQUIRES_EXECUTED_OBSERVATIONS
NREQ-c1d94148ff5023aac7735baefed6c35d	6.6	440	IMPLEMENTED_UNPROVEN	CURRENT_REVIEWED_DESIGN_REQUIRES_EXECUTED_OBSERVATIONS
NREQ-7be2bf6dfeab825b0549d41a0151841e	6.6	441	IMPLEMENTED_UNPROVEN	CURRENT_REVIEWED_DESIGN_REQUIRES_EXECUTED_OBSERVATIONS
NREQ-a6fb1ab9c309f702b7cd3d8c7f38cf8f	6.6	442	IMPLEMENTED_UNPROVEN	CURRENT_REVIEWED_DESIGN_REQUIRES_EXECUTED_OBSERVATIONS
NREQ-f2d45c9286f8815780ef837276806fc1	6.6	444	IMPLEMENTED_UNPROVEN	NO_CURRENT_FULL_CLAUSE_DECLARATION; CANDIDATE_MAPPING_ONLY
NREQ-f66dc464a74f064f035e99b87eca5373	6.6	446	UNKNOWN	NO_CURRENT_FULL_CLAUSE_DECLARATION; CANDIDATE_MAPPING_ONLY
NREQ-859e13354b7baae36c73d95507da0ee2	7.1	454	UNKNOWN	NO_CURRENT_FULL_CLAUSE_DECLARATION; CANDIDATE_MAPPING_ONLY
NREQ-6c25116201a7e84e0264ab40c1fc2171	7.1	457	IMPLEMENTED_UNPROVEN	NO_CURRENT_FULL_CLAUSE_DECLARATION; CANDIDATE_MAPPING_ONLY
NREQ-c50b3568aad80a243ae3a8538ff3b5e3	7.1	458	IMPLEMENTED_UNPROVEN	NO_CURRENT_FULL_CLAUSE_DECLARATION; CANDIDATE_MAPPING_ONLY
NREQ-73bc7679308c6823c92aa1d3fc4867a6	7.1	459	IMPLEMENTED_UNPROVEN	NO_CURRENT_FULL_CLAUSE_DECLARATION; CANDIDATE_MAPPING_ONLY
NREQ-c266dfa6c4efa3fdf6d87c7c0aae55c6	7.1	460	IMPLEMENTED_UNPROVEN	NO_CURRENT_FULL_CLAUSE_DECLARATION; CANDIDATE_MAPPING_ONLY
NREQ-e67a5aa73afa178086c7513e5cd84495	7.1	461	IMPLEMENTED_UNPROVEN	NO_CURRENT_FULL_CLAUSE_DECLARATION; CANDIDATE_MAPPING_ONLY
NREQ-98afbe099fedbc24f1bf64ac72c4a5e5	7.1	462	IMPLEMENTED_UNPROVEN	NO_CURRENT_FULL_CLAUSE_DECLARATION; CANDIDATE_MAPPING_ONLY
NREQ-da998a44b913255d0e81aafa4d162f41	7.1	463	IMPLEMENTED_UNPROVEN	NO_CURRENT_FULL_CLAUSE_DECLARATION; CANDIDATE_MAPPING_ONLY
NREQ-1cbbeabec194e4b912185d6482712255	7.1	464	IMPLEMENTED_UNPROVEN	NO_CURRENT_FULL_CLAUSE_DECLARATION; CANDIDATE_MAPPING_ONLY
NREQ-d5dcb1b72a4d2b5c8b8d1950130f1f3b	7.1	465	IMPLEMENTED_UNPROVEN	NO_CURRENT_FULL_CLAUSE_DECLARATION; CANDIDATE_MAPPING_ONLY
NREQ-b28ec446ff145b0628f844c825bfc701	7.1	466	IMPLEMENTED_UNPROVEN	NO_CURRENT_FULL_CLAUSE_DECLARATION; CANDIDATE_MAPPING_ONLY
NREQ-c9361a124b07145b39b5d002f26a6c7f	7.1	467	IMPLEMENTED_UNPROVEN	NO_CURRENT_FULL_CLAUSE_DECLARATION; CANDIDATE_MAPPING_ONLY
NREQ-901f85e4979949bcb2243fdd5c1347c4	7.2	469	IMPLEMENTED_UNPROVEN	REVIEWED_CONTEXT_LINKED_TO_MANDATORY_CLAUSES
NREQ-0e2ac7e61e9534e2de4914f8a369986f	7.2	471	IMPLEMENTED_UNPROVEN	NO_CURRENT_FULL_CLAUSE_DECLARATION; CANDIDATE_MAPPING_ONLY
NREQ-da83b739abb72b87b1aa73d3033c53a0	7.2	472	IMPLEMENTED_UNPROVEN	NO_CURRENT_FULL_CLAUSE_DECLARATION; CANDIDATE_MAPPING_ONLY
NREQ-7233af8b647a4ffdb6875d12b7fadb16	7.2	473	IMPLEMENTED_UNPROVEN	NO_CURRENT_FULL_CLAUSE_DECLARATION; CANDIDATE_MAPPING_ONLY
NREQ-2e87fa3f8803cd299eed2552d4de3e6a	7.2	474	IMPLEMENTED_UNPROVEN	NO_CURRENT_FULL_CLAUSE_DECLARATION; CANDIDATE_MAPPING_ONLY
NREQ-74b78ad076412df025acc381d222e5ce	7.2	475	IMPLEMENTED_UNPROVEN	NO_CURRENT_FULL_CLAUSE_DECLARATION; CANDIDATE_MAPPING_ONLY
NREQ-6d55c674a1d968dd81849f16dd1602f6	7.2	476	IMPLEMENTED_UNPROVEN	NO_CURRENT_FULL_CLAUSE_DECLARATION; CANDIDATE_MAPPING_ONLY
NREQ-740569683122b27c1382e395748f2a50	7.2	477	IMPLEMENTED_UNPROVEN	NO_CURRENT_FULL_CLAUSE_DECLARATION; CANDIDATE_MAPPING_ONLY
NREQ-4996e27cef4d595f624eaf26f7b1b6b9	7.2	478	IMPLEMENTED_UNPROVEN	NO_CURRENT_FULL_CLAUSE_DECLARATION; CANDIDATE_MAPPING_ONLY
NREQ-49f4ce96826d5a580dd2c966e642b889	7.2	479	IMPLEMENTED_UNPROVEN	NO_CURRENT_FULL_CLAUSE_DECLARATION; CANDIDATE_MAPPING_ONLY
NREQ-861518141c26e83b97c891adaf1df1b5	7.2	480	IMPLEMENTED_UNPROVEN	NO_CURRENT_FULL_CLAUSE_DECLARATION; CANDIDATE_MAPPING_ONLY
NREQ-3adbf52b8b31e40b20afda7e9cad8bf0	7.2	481	IMPLEMENTED_UNPROVEN	NO_CURRENT_FULL_CLAUSE_DECLARATION; CANDIDATE_MAPPING_ONLY
NREQ-d0a9d03a1236e028a81fbab6515c718c	7.2	482	IMPLEMENTED_UNPROVEN	NO_CURRENT_FULL_CLAUSE_DECLARATION; CANDIDATE_MAPPING_ONLY
NREQ-e9d89c82955411b2551c7821feefa030	7.2	483	IMPLEMENTED_UNPROVEN	NO_CURRENT_FULL_CLAUSE_DECLARATION; CANDIDATE_MAPPING_ONLY
NREQ-628b08895e6b52c4dccf941652b152df	7.2	484	IMPLEMENTED_UNPROVEN	NO_CURRENT_FULL_CLAUSE_DECLARATION; CANDIDATE_MAPPING_ONLY
NREQ-09a23b8e796037cff86e850f59e8dc49	7.2	485	IMPLEMENTED_UNPROVEN	NO_CURRENT_FULL_CLAUSE_DECLARATION; CANDIDATE_MAPPING_ONLY
NREQ-40b5750bf0c362a64707847eb93ddecb	7.2	486	IMPLEMENTED_UNPROVEN	NO_CURRENT_FULL_CLAUSE_DECLARATION; CANDIDATE_MAPPING_ONLY
NREQ-4fbf7bf0d5c8782320eea58094b52f8e	7.2	487	IMPLEMENTED_UNPROVEN	NO_CURRENT_FULL_CLAUSE_DECLARATION; CANDIDATE_MAPPING_ONLY
NREQ-5201b07b5dd4f873681be64986532442	7.2	488	IMPLEMENTED_UNPROVEN	NO_CURRENT_FULL_CLAUSE_DECLARATION; CANDIDATE_MAPPING_ONLY
NREQ-be2e51f7de2b4a12cd7084f6e84b3e70	7.3	492	IMPLEMENTED_UNPROVEN	NO_CURRENT_FULL_CLAUSE_DECLARATION; CANDIDATE_MAPPING_ONLY
NREQ-60242fdbbf816421f054fa8cad83cd50	7.3	494	IMPLEMENTED_UNPROVEN	NO_CURRENT_FULL_CLAUSE_DECLARATION; CANDIDATE_MAPPING_ONLY
NREQ-d75704e1f7d28d86e0e51c5f234f5812	7.3	495	IMPLEMENTED_UNPROVEN	NO_CURRENT_FULL_CLAUSE_DECLARATION; CANDIDATE_MAPPING_ONLY
NREQ-90474341b1666be7456f6a069a8ab9ba	7.3	496	IMPLEMENTED_UNPROVEN	NO_CURRENT_FULL_CLAUSE_DECLARATION; CANDIDATE_MAPPING_ONLY
NREQ-8f035ac37e2aa695f6c0d3766e32f22f	7.3	497	IMPLEMENTED_UNPROVEN	NO_CURRENT_FULL_CLAUSE_DECLARATION; CANDIDATE_MAPPING_ONLY
NREQ-228321c6e2b301332565843bda80840f	7.3	499	IMPLEMENTED_UNPROVEN	NO_CURRENT_FULL_CLAUSE_DECLARATION; CANDIDATE_MAPPING_ONLY
NREQ-1b25aab2bd67b06def6e55d600fdaf83	7.3	500	IMPLEMENTED_UNPROVEN	NO_CURRENT_FULL_CLAUSE_DECLARATION; CANDIDATE_MAPPING_ONLY
NREQ-deb1d77ec199469ea4e79fd2a0917ea0	7.3	501	IMPLEMENTED_UNPROVEN	NO_CURRENT_FULL_CLAUSE_DECLARATION; CANDIDATE_MAPPING_ONLY
NREQ-4e0d93b0462f0f080ea03f502882c084	7.3	502	IMPLEMENTED_UNPROVEN	NO_CURRENT_FULL_CLAUSE_DECLARATION; CANDIDATE_MAPPING_ONLY
NREQ-f8e30da82c802aa32e37af68e40e8fb3	7.3	503	IMPLEMENTED_UNPROVEN	NO_CURRENT_FULL_CLAUSE_DECLARATION; CANDIDATE_MAPPING_ONLY
NREQ-88fecb8b17f0f99451d75ab83ffc9dfb	7.3	505	IMPLEMENTED_UNPROVEN	NO_CURRENT_FULL_CLAUSE_DECLARATION; CANDIDATE_MAPPING_ONLY
NREQ-9586d530fce66b7f58833cb0cad4028f	7.3	506	IMPLEMENTED_UNPROVEN	NO_CURRENT_FULL_CLAUSE_DECLARATION; CANDIDATE_MAPPING_ONLY
NREQ-754dd12bb4e2383bf2a4fd59fbb38a86	7.3	507	IMPLEMENTED_UNPROVEN	NO_CURRENT_FULL_CLAUSE_DECLARATION; CANDIDATE_MAPPING_ONLY
NREQ-f45cb05426c56824bed7e42c88160053	7.3	508	IMPLEMENTED_UNPROVEN	NO_CURRENT_FULL_CLAUSE_DECLARATION; CANDIDATE_MAPPING_ONLY
NREQ-89e6f39370b058516baacd80540dee0f	7.3	511	IMPLEMENTED_UNPROVEN	NO_CURRENT_FULL_CLAUSE_DECLARATION; CANDIDATE_MAPPING_ONLY
NREQ-89df9510226120746329de3d64146313	7.3	512	IMPLEMENTED_UNPROVEN	NO_CURRENT_FULL_CLAUSE_DECLARATION; CANDIDATE_MAPPING_ONLY
NREQ-1de614dd5fc69dc93b33c2fef44f8fd7	7.3	513	IMPLEMENTED_UNPROVEN	NO_CURRENT_FULL_CLAUSE_DECLARATION; CANDIDATE_MAPPING_ONLY
NREQ-fedf34761ffcd60b3a9ad522f9c5e24d	7.3	514	IMPLEMENTED_UNPROVEN	NO_CURRENT_FULL_CLAUSE_DECLARATION; CANDIDATE_MAPPING_ONLY
NREQ-409096ae5cca19ee3e1b657a905f8f50	7.3	515	IMPLEMENTED_UNPROVEN	NO_CURRENT_FULL_CLAUSE_DECLARATION; CANDIDATE_MAPPING_ONLY
NREQ-2fbd7c0e24e0949e98db4a1f3d1792a9	7.3	517	IMPLEMENTED_UNPROVEN	NO_CURRENT_FULL_CLAUSE_DECLARATION; CANDIDATE_MAPPING_ONLY
NREQ-7458410e50d9c71f1c766cfd6b5b342b	7.4	521	IMPLEMENTED_UNPROVEN	NO_CURRENT_FULL_CLAUSE_DECLARATION; CANDIDATE_MAPPING_ONLY
NREQ-54c571d4dd6664beae42b768404d037a	7.4	523	IMPLEMENTED_UNPROVEN	NO_CURRENT_FULL_CLAUSE_DECLARATION; CANDIDATE_MAPPING_ONLY
NREQ-0052fcd2ca55d32e487fa8467b45101e	7.4	524	IMPLEMENTED_UNPROVEN	NO_CURRENT_FULL_CLAUSE_DECLARATION; CANDIDATE_MAPPING_ONLY
NREQ-45e23b67979a89fbff4c321a59e52752	7.4	525	IMPLEMENTED_UNPROVEN	NO_CURRENT_FULL_CLAUSE_DECLARATION; CANDIDATE_MAPPING_ONLY
NREQ-fa105f65e95b0f62e7fabb894b975a3e	7.4	526	IMPLEMENTED_UNPROVEN	NO_CURRENT_FULL_CLAUSE_DECLARATION; CANDIDATE_MAPPING_ONLY
NREQ-5fdc12d56fc7e96fbeb66575b5f2ba7f	7.4	527	IMPLEMENTED_UNPROVEN	NO_CURRENT_FULL_CLAUSE_DECLARATION; CANDIDATE_MAPPING_ONLY
NREQ-929e8cb0f374444dde6b6a26173c03fa	7.4	528	IMPLEMENTED_UNPROVEN	NO_CURRENT_FULL_CLAUSE_DECLARATION; CANDIDATE_MAPPING_ONLY
NREQ-db23476a4087048630d7b3aa36ac0ad9	7.4	529	IMPLEMENTED_UNPROVEN	NO_CURRENT_FULL_CLAUSE_DECLARATION; CANDIDATE_MAPPING_ONLY
NREQ-bb5b9a665f3b623a535251073c92af0d	7.4	530	IMPLEMENTED_UNPROVEN	NO_CURRENT_FULL_CLAUSE_DECLARATION; CANDIDATE_MAPPING_ONLY
NREQ-f0b1d5cdbd6ad6c5ab86bf79067fa86c	7.4	531	IMPLEMENTED_UNPROVEN	NO_CURRENT_FULL_CLAUSE_DECLARATION; CANDIDATE_MAPPING_ONLY
NREQ-a792e0ca75e44f0659412c0329b8b648	7.4	532	IMPLEMENTED_UNPROVEN	NO_CURRENT_FULL_CLAUSE_DECLARATION; CANDIDATE_MAPPING_ONLY
NREQ-11699e30a73f9d8e7f861d7774fe1bb6	7.4	534	IMPLEMENTED_UNPROVEN	NO_CURRENT_FULL_CLAUSE_DECLARATION; CANDIDATE_MAPPING_ONLY
NREQ-49ea928249aeea1419cea0abdd77f66f	7.4A	538	IMPLEMENTED_UNPROVEN	NO_CURRENT_FULL_CLAUSE_DECLARATION; CANDIDATE_MAPPING_ONLY
NREQ-c5f2496d1ece91a1b6d79e7043cc6c82	7.5	542	IMPLEMENTED_UNPROVEN	NO_CURRENT_FULL_CLAUSE_DECLARATION; CANDIDATE_MAPPING_ONLY
NREQ-bc2880fa7345e45715ac0fb75a72d704	7.5	544	IMPLEMENTED_UNPROVEN	NO_CURRENT_FULL_CLAUSE_DECLARATION; CANDIDATE_MAPPING_ONLY
NREQ-e355e14165b8f31b4efa64b641945749	7.5	545	IMPLEMENTED_UNPROVEN	NO_CURRENT_FULL_CLAUSE_DECLARATION; CANDIDATE_MAPPING_ONLY
NREQ-6e5cc757287b77bc8b6ee85869d0bc2a	7.5	546	IMPLEMENTED_UNPROVEN	NO_CURRENT_FULL_CLAUSE_DECLARATION; CANDIDATE_MAPPING_ONLY
NREQ-bb5ab73f6041496405dbdc37874b33b7	7.5	547	IMPLEMENTED_UNPROVEN	NO_CURRENT_FULL_CLAUSE_DECLARATION; CANDIDATE_MAPPING_ONLY
NREQ-49f070993ec21209a5684a9c8f2b3d1b	7.5	549	IMPLEMENTED_UNPROVEN	NO_CURRENT_FULL_CLAUSE_DECLARATION; CANDIDATE_MAPPING_ONLY
NREQ-72821c4baa97ffe3655ed990941c6bef	7.6	551	IMPLEMENTED_UNPROVEN	REVIEWED_CONTEXT_LINKED_TO_MANDATORY_CLAUSES
NREQ-cb89b4ece833f682cd589b6eb0b1579a	7.6	553	IMPLEMENTED_UNPROVEN	NO_CURRENT_FULL_CLAUSE_DECLARATION; CANDIDATE_MAPPING_ONLY
NREQ-b8ddb542de1bf3c8a128c1f730c94058	7.6	554	IMPLEMENTED_UNPROVEN	NO_CURRENT_FULL_CLAUSE_DECLARATION; CANDIDATE_MAPPING_ONLY
NREQ-fd45bd57924f12737ad40b801a5fda0f	7.6	555	IMPLEMENTED_UNPROVEN	NO_CURRENT_FULL_CLAUSE_DECLARATION; CANDIDATE_MAPPING_ONLY
NREQ-c5661e82a69387e3c7ce22cc48f8a2ca	7.6	556	IMPLEMENTED_UNPROVEN	NO_CURRENT_FULL_CLAUSE_DECLARATION; CANDIDATE_MAPPING_ONLY
NREQ-9b3398156f2078436a91a934b077dcd2	7.6	557	IMPLEMENTED_UNPROVEN	NO_CURRENT_FULL_CLAUSE_DECLARATION; CANDIDATE_MAPPING_ONLY
NREQ-7505a08b2529226e7a4b06e6173bc177	7.6	558	IMPLEMENTED_UNPROVEN	NO_CURRENT_FULL_CLAUSE_DECLARATION; CANDIDATE_MAPPING_ONLY
NREQ-e039249b8d06e7c51f061da00976d7ea	7.6	559	IMPLEMENTED_UNPROVEN	NO_CURRENT_FULL_CLAUSE_DECLARATION; CANDIDATE_MAPPING_ONLY
NREQ-c8f0c961ebb556ba000471cade30fc15	7.6	560	IMPLEMENTED_UNPROVEN	NO_CURRENT_FULL_CLAUSE_DECLARATION; CANDIDATE_MAPPING_ONLY
NREQ-c1554732a04f4ddb7db66eb42b79dc81	7.6	561	IMPLEMENTED_UNPROVEN	NO_CURRENT_FULL_CLAUSE_DECLARATION; CANDIDATE_MAPPING_ONLY
NREQ-8bb8790d8dd6c5082d6e0351c032cda5	7.6	562	IMPLEMENTED_UNPROVEN	CURRENT_REVIEWED_DESIGN_REQUIRES_EXECUTED_OBSERVATIONS
NREQ-a3f1c0440fabe4b988fb5fca68a0487c	7.6	563	IMPLEMENTED_UNPROVEN	CURRENT_REVIEWED_DESIGN_REQUIRES_EXECUTED_OBSERVATIONS
NREQ-f6fbf626bbc186e4c5cb20aa6f411881	7.6	565	IMPLEMENTED_UNPROVEN	NO_CURRENT_FULL_CLAUSE_DECLARATION; CANDIDATE_MAPPING_ONLY
NREQ-5ebb8b656dda80809e69ad287cfdd3f9	7.6	566	UNKNOWN	NO_CURRENT_FULL_CLAUSE_DECLARATION; CANDIDATE_MAPPING_ONLY
NREQ-9493b7e116e241a201b059ad9d60939a	8.1	574	UNKNOWN	NO_CURRENT_FULL_CLAUSE_DECLARATION; CANDIDATE_MAPPING_ONLY
NREQ-799861d09233db8b5d2b041819de8889	8.1	576	UNKNOWN	NO_CURRENT_FULL_CLAUSE_DECLARATION; CANDIDATE_MAPPING_ONLY
NREQ-8cd4e0fe11410434b812b4cb7338d415	8.1	578	IMPLEMENTED_UNPROVEN	NO_CURRENT_FULL_CLAUSE_DECLARATION; CANDIDATE_MAPPING_ONLY
NREQ-9b25eacbefd08c139661640a5831fd53	8.1	579	IMPLEMENTED_UNPROVEN	NO_CURRENT_FULL_CLAUSE_DECLARATION; CANDIDATE_MAPPING_ONLY
NREQ-cb17b933182f5fbf43a4659731f84205	8.1	580	IMPLEMENTED_UNPROVEN	NO_CURRENT_FULL_CLAUSE_DECLARATION; CANDIDATE_MAPPING_ONLY
NREQ-2877f07846569395482860b530a3cb34	8.1	582	IMPLEMENTED_UNPROVEN	NO_CURRENT_FULL_CLAUSE_DECLARATION; CANDIDATE_MAPPING_ONLY
NREQ-4cb227604518a554bd035f2ca50859c4	8.2	587	IMPLEMENTED_UNPROVEN	NO_CURRENT_FULL_CLAUSE_DECLARATION; CANDIDATE_MAPPING_ONLY
NREQ-c8819e92c720147b4f8fe16a27e2b405	8.2	588	IMPLEMENTED_UNPROVEN	NO_CURRENT_FULL_CLAUSE_DECLARATION; CANDIDATE_MAPPING_ONLY
NREQ-243108d252d7ac9de2b678b5e11c9007	8.2	589	IMPLEMENTED_UNPROVEN	NO_CURRENT_FULL_CLAUSE_DECLARATION; CANDIDATE_MAPPING_ONLY
NREQ-2a9ca3819050185fee45e1705b669d03	8.2	590	IMPLEMENTED_UNPROVEN	NO_CURRENT_FULL_CLAUSE_DECLARATION; CANDIDATE_MAPPING_ONLY
NREQ-843ad5b8d0f3246cbb4f04f0b3477c58	8.2	591	IMPLEMENTED_UNPROVEN	NO_CURRENT_FULL_CLAUSE_DECLARATION; CANDIDATE_MAPPING_ONLY
NREQ-0236e3a2faee1561e1a27a08d1bfec93	8.2	592	IMPLEMENTED_UNPROVEN	NO_CURRENT_FULL_CLAUSE_DECLARATION; CANDIDATE_MAPPING_ONLY
NREQ-20f72ceada0c699df991b7fc909cd2e4	8.2	593	IMPLEMENTED_UNPROVEN	NO_CURRENT_FULL_CLAUSE_DECLARATION; CANDIDATE_MAPPING_ONLY
NREQ-b2fe162390703c3d098ab25ad3876e21	8.2	594	IMPLEMENTED_UNPROVEN	NO_CURRENT_FULL_CLAUSE_DECLARATION; CANDIDATE_MAPPING_ONLY
NREQ-e6bbb58f4bf8d3c2b9bd31c683756c96	8.2	595	IMPLEMENTED_UNPROVEN	NO_CURRENT_FULL_CLAUSE_DECLARATION; CANDIDATE_MAPPING_ONLY
NREQ-d017c3cd0ba5aa2d332f352ed078220f	8.2	596	IMPLEMENTED_UNPROVEN	NO_CURRENT_FULL_CLAUSE_DECLARATION; CANDIDATE_MAPPING_ONLY
NREQ-f50d3bbaa74a686a0e16dd01089533b9	8.2	597	IMPLEMENTED_UNPROVEN	NO_CURRENT_FULL_CLAUSE_DECLARATION; CANDIDATE_MAPPING_ONLY
NREQ-2af1934ce4a618e6cb8c722942a0f432	8.2	598	IMPLEMENTED_UNPROVEN	NO_CURRENT_FULL_CLAUSE_DECLARATION; CANDIDATE_MAPPING_ONLY
NREQ-0742cc786fb0fa56511ea8fba72c25e0	8.2	600	IMPLEMENTED_UNPROVEN	NO_CURRENT_FULL_CLAUSE_DECLARATION; CANDIDATE_MAPPING_ONLY
NREQ-47628f8682a126a6a6f860f071bc8783	8.2	602	IMPLEMENTED_UNPROVEN	NO_CURRENT_FULL_CLAUSE_DECLARATION; CANDIDATE_MAPPING_ONLY
NREQ-2619cc2ee2f0a654c4540e48abacfee6	8.3	606	IMPLEMENTED_UNPROVEN	NO_CURRENT_FULL_CLAUSE_DECLARATION; CANDIDATE_MAPPING_ONLY
NREQ-6470db6f153d4a05ce9335a1a6fbaf2e	8.3	608	IMPLEMENTED_UNPROVEN	NO_CURRENT_FULL_CLAUSE_DECLARATION; CANDIDATE_MAPPING_ONLY
NREQ-945ebb6d65d04578bd385e06cc32410e	8.3	610	IMPLEMENTED_UNPROVEN	NO_CURRENT_FULL_CLAUSE_DECLARATION; CANDIDATE_MAPPING_ONLY
NREQ-bdebab110b8293303cdfc01d48856365	8.4	614	IMPLEMENTED_UNPROVEN	NO_CURRENT_FULL_CLAUSE_DECLARATION; CANDIDATE_MAPPING_ONLY
NREQ-fb6d685f297349be75d1ec80db22abbb	8.5	618	IMPLEMENTED_UNPROVEN	NO_CURRENT_FULL_CLAUSE_DECLARATION; CANDIDATE_MAPPING_ONLY
NREQ-dbc34f6b09b6def7a9ec50343bfd764a	9.1	624	IMPLEMENTED_UNPROVEN	REVIEWED_CONTEXT_LINKED_TO_MANDATORY_CLAUSES
NREQ-97282939a5960a6f9a4a3431635982ba	9.1	626	IMPLEMENTED_UNPROVEN	NO_CURRENT_FULL_CLAUSE_DECLARATION; CANDIDATE_MAPPING_ONLY
NREQ-08f2fd9dfb8d7d98678b7879111ddb01	9.1	627	IMPLEMENTED_UNPROVEN	NO_CURRENT_FULL_CLAUSE_DECLARATION; CANDIDATE_MAPPING_ONLY
NREQ-64a068c398cad45f586550d20728b6e4	9.1	628	IMPLEMENTED_UNPROVEN	NO_CURRENT_FULL_CLAUSE_DECLARATION; CANDIDATE_MAPPING_ONLY
NREQ-8226f69895bab031800488314308ce94	9.1	629	IMPLEMENTED_UNPROVEN	NO_CURRENT_FULL_CLAUSE_DECLARATION; CANDIDATE_MAPPING_ONLY
NREQ-50aa6f1858b593dee14e64959b7be710	9.1	630	IMPLEMENTED_UNPROVEN	NO_CURRENT_FULL_CLAUSE_DECLARATION; CANDIDATE_MAPPING_ONLY
NREQ-5d7a46690ee1fbdfd2487d4f35812471	9.1	631	IMPLEMENTED_UNPROVEN	NO_CURRENT_FULL_CLAUSE_DECLARATION; CANDIDATE_MAPPING_ONLY
NREQ-d700ec7d9434012cfa68c713ae6b0e07	9.1	632	IMPLEMENTED_UNPROVEN	NO_CURRENT_FULL_CLAUSE_DECLARATION; CANDIDATE_MAPPING_ONLY
NREQ-002fa10bf721d69208f98c3bf65e45dc	9.1	633	IMPLEMENTED_UNPROVEN	NO_CURRENT_FULL_CLAUSE_DECLARATION; CANDIDATE_MAPPING_ONLY
NREQ-83b33c1e9d2898acc95a677968c1b619	9.1	635	UNKNOWN	NO_CURRENT_FULL_CLAUSE_DECLARATION; CANDIDATE_MAPPING_ONLY
NREQ-6fce807d9b09e8561faf986bcb308c6d	9.2	637	IMPLEMENTED_UNPROVEN	REVIEWED_CONTEXT_LINKED_TO_MANDATORY_CLAUSES
NREQ-a72eb8509848963091e5de3fbb30a06d	9.2	639	IMPLEMENTED_UNPROVEN	NO_CURRENT_FULL_CLAUSE_DECLARATION; CANDIDATE_MAPPING_ONLY
NREQ-313ce61820355adc1f710c9d72a9ee33	9.2	640	IMPLEMENTED_UNPROVEN	NO_CURRENT_FULL_CLAUSE_DECLARATION; CANDIDATE_MAPPING_ONLY
NREQ-b13a43c87485e214841855575c977e5f	9.2	641	IMPLEMENTED_UNPROVEN	NO_CURRENT_FULL_CLAUSE_DECLARATION; CANDIDATE_MAPPING_ONLY
NREQ-21ea1fb4bb89d6d502fb38a1118e4a4e	9.2	642	IMPLEMENTED_UNPROVEN	NO_CURRENT_FULL_CLAUSE_DECLARATION; CANDIDATE_MAPPING_ONLY
NREQ-b9197cd9fc928142572e958a766929ac	9.2	643	IMPLEMENTED_UNPROVEN	NO_CURRENT_FULL_CLAUSE_DECLARATION; CANDIDATE_MAPPING_ONLY
NREQ-6f9ef0222a06d62e5e8d574254b25301	9.2	644	IMPLEMENTED_UNPROVEN	NO_CURRENT_FULL_CLAUSE_DECLARATION; CANDIDATE_MAPPING_ONLY
NREQ-59134d29834c3dd91061b9ae7c65929c	9.2	645	IMPLEMENTED_UNPROVEN	NO_CURRENT_FULL_CLAUSE_DECLARATION; CANDIDATE_MAPPING_ONLY
NREQ-d2846ae9222182e1e408259df856c62f	9.2	646	IMPLEMENTED_UNPROVEN	NO_CURRENT_FULL_CLAUSE_DECLARATION; CANDIDATE_MAPPING_ONLY
NREQ-d7bb6462e69de3dd0473185c5c3edb46	9.2	647	IMPLEMENTED_UNPROVEN	NO_CURRENT_FULL_CLAUSE_DECLARATION; CANDIDATE_MAPPING_ONLY
NREQ-70936bbf013ad3ca10864e6acbd2c812	9.2	648	IMPLEMENTED_UNPROVEN	NO_CURRENT_FULL_CLAUSE_DECLARATION; CANDIDATE_MAPPING_ONLY
NREQ-417972ea2248892a04c91d7f14f58f6a	9.2	649	IMPLEMENTED_UNPROVEN	NO_CURRENT_FULL_CLAUSE_DECLARATION; CANDIDATE_MAPPING_ONLY
NREQ-0be013b9c228f3b1deb0574a8b439994	9.2	651	UNKNOWN	NO_CURRENT_FULL_CLAUSE_DECLARATION; CANDIDATE_MAPPING_ONLY
NREQ-72c3af59fd1e1d7838e6742c54113729	9.3	655	IMPLEMENTED_UNPROVEN	NO_CURRENT_FULL_CLAUSE_DECLARATION; CANDIDATE_MAPPING_ONLY
NREQ-e7e8d7325706fa713eaefeed4fa29281	9.3	658	IMPLEMENTED_UNPROVEN	NO_CURRENT_FULL_CLAUSE_DECLARATION; CANDIDATE_MAPPING_ONLY
NREQ-f20459145b95d78d802bbee1a1047e26	9.3	659	IMPLEMENTED_UNPROVEN	NO_CURRENT_FULL_CLAUSE_DECLARATION; CANDIDATE_MAPPING_ONLY
NREQ-a509650db0d463270470000a9e9710a5	9.3	660	IMPLEMENTED_UNPROVEN	NO_CURRENT_FULL_CLAUSE_DECLARATION; CANDIDATE_MAPPING_ONLY
NREQ-83b1759f121ffe4737f3c88d3b396da6	9.3	661	IMPLEMENTED_UNPROVEN	NO_CURRENT_FULL_CLAUSE_DECLARATION; CANDIDATE_MAPPING_ONLY
NREQ-ce40e06220ad7cf8c8ea63d740880bd9	9.3	662	IMPLEMENTED_UNPROVEN	NO_CURRENT_FULL_CLAUSE_DECLARATION; CANDIDATE_MAPPING_ONLY
NREQ-7c97ed178c70940de71fbcb79cf85bd5	9.3	663	IMPLEMENTED_UNPROVEN	NO_CURRENT_FULL_CLAUSE_DECLARATION; CANDIDATE_MAPPING_ONLY
NREQ-dc44d621b3d3fc3bc2131abc7c20d381	9.3	664	IMPLEMENTED_UNPROVEN	NO_CURRENT_FULL_CLAUSE_DECLARATION; CANDIDATE_MAPPING_ONLY
NREQ-8fc3e58341d44427c5eeb6f81894c97d	9.3	665	IMPLEMENTED_UNPROVEN	NO_CURRENT_FULL_CLAUSE_DECLARATION; CANDIDATE_MAPPING_ONLY
NREQ-b70125376fb2a9ed36f848db28b6c1d5	9.3	667	UNKNOWN	NO_CURRENT_FULL_CLAUSE_DECLARATION; CANDIDATE_MAPPING_ONLY
NREQ-ebcc11c75b02cdd7fd8f23dff29ae8b3	9.3	668	UNKNOWN	NO_CURRENT_FULL_CLAUSE_DECLARATION; CANDIDATE_MAPPING_ONLY
NREQ-bb4b2e08a1d7aea114da5613351598ff	9.3	669	UNKNOWN	NO_CURRENT_FULL_CLAUSE_DECLARATION; CANDIDATE_MAPPING_ONLY
NREQ-1cfdd5210296d3d595de02b4361bc765	9.4	674	IMPLEMENTED_UNPROVEN	NO_CURRENT_FULL_CLAUSE_DECLARATION; CANDIDATE_MAPPING_ONLY
NREQ-366fb5cbff900c5cdbb1f1a9308dc65d	9.4	675	IMPLEMENTED_UNPROVEN	NO_CURRENT_FULL_CLAUSE_DECLARATION; CANDIDATE_MAPPING_ONLY
NREQ-4d471a81df2634ebea5b2bd22c530692	9.4	676	IMPLEMENTED_UNPROVEN	NO_CURRENT_FULL_CLAUSE_DECLARATION; CANDIDATE_MAPPING_ONLY
NREQ-16cddc40566d6e0e6851962108b571ae	9.4	677	IMPLEMENTED_UNPROVEN	NO_CURRENT_FULL_CLAUSE_DECLARATION; CANDIDATE_MAPPING_ONLY
NREQ-2a882ac9b6c148cb56614fe36ba929ca	9.4	678	IMPLEMENTED_UNPROVEN	NO_CURRENT_FULL_CLAUSE_DECLARATION; CANDIDATE_MAPPING_ONLY
NREQ-f9c528bf5389338ed25e71179452caed	9.4	680	UNKNOWN	NO_CURRENT_FULL_CLAUSE_DECLARATION; CANDIDATE_MAPPING_ONLY
NREQ-f8f0395709e4b9358e84d8e7b0428bb1	9.4	681	UNKNOWN	NO_CURRENT_FULL_CLAUSE_DECLARATION; CANDIDATE_MAPPING_ONLY
NREQ-549432f42b5dfcf2a4d28658edec4e84	9.4	682	IMPLEMENTED_UNPROVEN	NO_CURRENT_FULL_CLAUSE_DECLARATION; CANDIDATE_MAPPING_ONLY
NREQ-a593dbb30c1714398c70897b0b51d236	9.4	683	UNKNOWN	NO_CURRENT_FULL_CLAUSE_DECLARATION; CANDIDATE_MAPPING_ONLY
NREQ-193077e479d63d7973f848a861a07f5f	9.4	685	IMPLEMENTED_UNPROVEN	NO_CURRENT_FULL_CLAUSE_DECLARATION; CANDIDATE_MAPPING_ONLY
NREQ-c13f3f97d936ba22a79d8ad2e4250388	9.5	690	IMPLEMENTED_UNPROVEN	NO_CURRENT_FULL_CLAUSE_DECLARATION; CANDIDATE_MAPPING_ONLY
NREQ-693aff37cd3bf293edabc21c16e0e90f	9.5	691	IMPLEMENTED_UNPROVEN	NO_CURRENT_FULL_CLAUSE_DECLARATION; CANDIDATE_MAPPING_ONLY
NREQ-db1758105f87bb23601327c04c95c3f2	9.5	692	IMPLEMENTED_UNPROVEN	NO_CURRENT_FULL_CLAUSE_DECLARATION; CANDIDATE_MAPPING_ONLY
NREQ-0cbd45288c9b1d432112ce00a9ca725d	9.5	693	IMPLEMENTED_UNPROVEN	NO_CURRENT_FULL_CLAUSE_DECLARATION; CANDIDATE_MAPPING_ONLY
NREQ-6a7831a8b08d34b64ed0a930d848ee0c	9.5	694	IMPLEMENTED_UNPROVEN	NO_CURRENT_FULL_CLAUSE_DECLARATION; CANDIDATE_MAPPING_ONLY
NREQ-ab1071bef913105e56db139cdcb63401	9.5	695	IMPLEMENTED_UNPROVEN	NO_CURRENT_FULL_CLAUSE_DECLARATION; CANDIDATE_MAPPING_ONLY
NREQ-88c321d41c17f77ec64ca331f07f82e5	9.5	696	IMPLEMENTED_UNPROVEN	NO_CURRENT_FULL_CLAUSE_DECLARATION; CANDIDATE_MAPPING_ONLY
NREQ-0c5860aed8ba964657b9d9850fc5390d	9.5	697	IMPLEMENTED_UNPROVEN	NO_CURRENT_FULL_CLAUSE_DECLARATION; CANDIDATE_MAPPING_ONLY
NREQ-2931920ce49ede5e3d49f36cda51d9c5	9.5	698	IMPLEMENTED_UNPROVEN	NO_CURRENT_FULL_CLAUSE_DECLARATION; CANDIDATE_MAPPING_ONLY
NREQ-c05e15120ad6330285547ea8119b0e5e	9.5	699	IMPLEMENTED_UNPROVEN	NO_CURRENT_FULL_CLAUSE_DECLARATION; CANDIDATE_MAPPING_ONLY
NREQ-465217a58e18bc12c81186e75b1b5e4d	9.5	700	IMPLEMENTED_UNPROVEN	NO_CURRENT_FULL_CLAUSE_DECLARATION; CANDIDATE_MAPPING_ONLY
NREQ-eff704346c51efbea408861b12841159	9.5	703	IMPLEMENTED_UNPROVEN	NO_CURRENT_FULL_CLAUSE_DECLARATION; CANDIDATE_MAPPING_ONLY
NREQ-5dfc1bc8fc3b04fcc4d5e8e9a66a1fc6	9.5	704	IMPLEMENTED_UNPROVEN	NO_CURRENT_FULL_CLAUSE_DECLARATION; CANDIDATE_MAPPING_ONLY
NREQ-eca2665818e014da17072f14d26c52c5	9.5	705	IMPLEMENTED_UNPROVEN	NO_CURRENT_FULL_CLAUSE_DECLARATION; CANDIDATE_MAPPING_ONLY
NREQ-85c972567b5999dfa8f15075303f38ed	9.5	706	IMPLEMENTED_UNPROVEN	NO_CURRENT_FULL_CLAUSE_DECLARATION; CANDIDATE_MAPPING_ONLY
NREQ-09196846216edd2e95fd19b2df25570f	9.5	707	IMPLEMENTED_UNPROVEN	NO_CURRENT_FULL_CLAUSE_DECLARATION; CANDIDATE_MAPPING_ONLY
NREQ-d55a4da5affc01582d82dfbb2289c584	9.5	708	IMPLEMENTED_UNPROVEN	NO_CURRENT_FULL_CLAUSE_DECLARATION; CANDIDATE_MAPPING_ONLY
NREQ-4b2cb6274446413816d053d1f2be7a30	9.5	709	IMPLEMENTED_UNPROVEN	NO_CURRENT_FULL_CLAUSE_DECLARATION; CANDIDATE_MAPPING_ONLY
NREQ-f2d1919f9a6af51d1284f0045dd0c6f5	9.5	710	IMPLEMENTED_UNPROVEN	NO_CURRENT_FULL_CLAUSE_DECLARATION; CANDIDATE_MAPPING_ONLY
NREQ-76821f57e6f5689180fe1cd7b4d60f16	9.5	711	IMPLEMENTED_UNPROVEN	NO_CURRENT_FULL_CLAUSE_DECLARATION; CANDIDATE_MAPPING_ONLY
NREQ-977e9e3b6e3c5d4c6c43b7351103daf2	9.5	712	IMPLEMENTED_UNPROVEN	NO_CURRENT_FULL_CLAUSE_DECLARATION; CANDIDATE_MAPPING_ONLY
NREQ-18254d7ff588d7876ffcf94865510154	9.6	716	IMPLEMENTED_UNPROVEN	NO_CURRENT_FULL_CLAUSE_DECLARATION; CANDIDATE_MAPPING_ONLY
NREQ-a29cbaebc9ee366d2540036bf1ec827f	10	722	IMPLEMENTED_UNPROVEN	NO_CURRENT_FULL_CLAUSE_DECLARATION; CANDIDATE_MAPPING_ONLY
NREQ-c1ee6106eb5fbc7782cac6771598c8c8	10	724	IMPLEMENTED_UNPROVEN	NO_CURRENT_FULL_CLAUSE_DECLARATION; CANDIDATE_MAPPING_ONLY
NREQ-eb40d81e46a5d201043f62bae2da0579	10	725	IMPLEMENTED_UNPROVEN	NO_CURRENT_FULL_CLAUSE_DECLARATION; CANDIDATE_MAPPING_ONLY
NREQ-67535c706f11842f03ef60c777f3701e	10	726	IMPLEMENTED_UNPROVEN	NO_CURRENT_FULL_CLAUSE_DECLARATION; CANDIDATE_MAPPING_ONLY
NREQ-3f7706eb29edd869c85bdeed5b0bfb92	10	727	IMPLEMENTED_UNPROVEN	NO_CURRENT_FULL_CLAUSE_DECLARATION; CANDIDATE_MAPPING_ONLY
NREQ-9934efc7198458147dcd50e58105e086	10	728	IMPLEMENTED_UNPROVEN	NO_CURRENT_FULL_CLAUSE_DECLARATION; CANDIDATE_MAPPING_ONLY
NREQ-e532f2e92450b0062defb0ca9ff38a8a	10	729	IMPLEMENTED_UNPROVEN	NO_CURRENT_FULL_CLAUSE_DECLARATION; CANDIDATE_MAPPING_ONLY
NREQ-01f47b73f1b5cda5c2d2ae6f0d7667bc	10	730	IMPLEMENTED_UNPROVEN	NO_CURRENT_FULL_CLAUSE_DECLARATION; CANDIDATE_MAPPING_ONLY
NREQ-78d26a6c4ce68e428ebb93c5e838cc53	10	731	IMPLEMENTED_UNPROVEN	NO_CURRENT_FULL_CLAUSE_DECLARATION; CANDIDATE_MAPPING_ONLY
NREQ-4723522e0a5f0223eafb5c5b29f22d43	10	732	IMPLEMENTED_UNPROVEN	NO_CURRENT_FULL_CLAUSE_DECLARATION; CANDIDATE_MAPPING_ONLY
NREQ-1ccf3990bc3673dd9d188e2f84a145a5	10	733	IMPLEMENTED_UNPROVEN	NO_CURRENT_FULL_CLAUSE_DECLARATION; CANDIDATE_MAPPING_ONLY
NREQ-fa9326a43a8e8a15335e4aaa2da66311	10	734	IMPLEMENTED_UNPROVEN	NO_CURRENT_FULL_CLAUSE_DECLARATION; CANDIDATE_MAPPING_ONLY
NREQ-cc4991358fad9cea4d677d47ac290d03	10	735	IMPLEMENTED_UNPROVEN	NO_CURRENT_FULL_CLAUSE_DECLARATION; CANDIDATE_MAPPING_ONLY
NREQ-f21a9355877a7bc95316efd3a98fe3fa	10	736	IMPLEMENTED_UNPROVEN	NO_CURRENT_FULL_CLAUSE_DECLARATION; CANDIDATE_MAPPING_ONLY
NREQ-8521994924a62ad0369d9d3c9fa8e6b5	10	737	IMPLEMENTED_UNPROVEN	NO_CURRENT_FULL_CLAUSE_DECLARATION; CANDIDATE_MAPPING_ONLY
NREQ-cee284f7959e54b40e32b804744cca18	10	738	IMPLEMENTED_UNPROVEN	NO_CURRENT_FULL_CLAUSE_DECLARATION; CANDIDATE_MAPPING_ONLY
NREQ-43ed5dfaf0c3f7b59c1c60539aeecbfc	10	739	IMPLEMENTED_UNPROVEN	NO_CURRENT_FULL_CLAUSE_DECLARATION; CANDIDATE_MAPPING_ONLY
NREQ-62defc9c885629801f5d063399079f10	10	740	IMPLEMENTED_UNPROVEN	NO_CURRENT_FULL_CLAUSE_DECLARATION; CANDIDATE_MAPPING_ONLY
NREQ-9fa237d0d477749d6b99126d9193be9d	10	741	IMPLEMENTED_UNPROVEN	NO_CURRENT_FULL_CLAUSE_DECLARATION; CANDIDATE_MAPPING_ONLY
NREQ-ec3c667feef3f6622c57c1c6c52b8417	10	742	IMPLEMENTED_UNPROVEN	NO_CURRENT_FULL_CLAUSE_DECLARATION; CANDIDATE_MAPPING_ONLY
NREQ-8b23e1d35c0eb6d5f41e8d0f05c5ac83	10	743	IMPLEMENTED_UNPROVEN	NO_CURRENT_FULL_CLAUSE_DECLARATION; CANDIDATE_MAPPING_ONLY
NREQ-7125eaea295f66de900e74a2eb8705ce	10	744	IMPLEMENTED_UNPROVEN	NO_CURRENT_FULL_CLAUSE_DECLARATION; CANDIDATE_MAPPING_ONLY
NREQ-f528fbcac51fa54841486b0cf72e7a1f	10	745	IMPLEMENTED_UNPROVEN	NO_CURRENT_FULL_CLAUSE_DECLARATION; CANDIDATE_MAPPING_ONLY
NREQ-4203a10709c002636d4e1be33b5091a5	10	746	IMPLEMENTED_UNPROVEN	NO_CURRENT_FULL_CLAUSE_DECLARATION; CANDIDATE_MAPPING_ONLY
NREQ-075b75ea828e84c22e346dd486a3fe84	10	747	IMPLEMENTED_UNPROVEN	NO_CURRENT_FULL_CLAUSE_DECLARATION; CANDIDATE_MAPPING_ONLY
NREQ-66c6f4a829db1f6c6308976809f0f8b1	10	748	IMPLEMENTED_UNPROVEN	NO_CURRENT_FULL_CLAUSE_DECLARATION; CANDIDATE_MAPPING_ONLY
NREQ-e56052bbd89b555ffb19557f76062ac4	10	749	IMPLEMENTED_UNPROVEN	NO_CURRENT_FULL_CLAUSE_DECLARATION; CANDIDATE_MAPPING_ONLY
NREQ-99ee2535484ba0e95caa2323930a7183	10	751	IMPLEMENTED_UNPROVEN	NO_CURRENT_FULL_CLAUSE_DECLARATION; CANDIDATE_MAPPING_ONLY
NREQ-1bcd53bc69aea0e619d0675e069a132b	10	753	IMPLEMENTED_UNPROVEN	NO_CURRENT_FULL_CLAUSE_DECLARATION; CANDIDATE_MAPPING_ONLY
NREQ-7f4b7b8bf925041cae1558ee42544e01	10	754	IMPLEMENTED_UNPROVEN	NO_CURRENT_FULL_CLAUSE_DECLARATION; CANDIDATE_MAPPING_ONLY
NREQ-7eb73740b3cc4f98ae94c6ae1522bb5b	10	755	IMPLEMENTED_UNPROVEN	NO_CURRENT_FULL_CLAUSE_DECLARATION; CANDIDATE_MAPPING_ONLY
NREQ-c17f39ea0b55927f2023013872abc971	10	757	IMPLEMENTED_UNPROVEN	NO_CURRENT_FULL_CLAUSE_DECLARATION; CANDIDATE_MAPPING_ONLY
NREQ-a52bb653c745eaad17134f8c1e275907	10.1	761	IMPLEMENTED_UNPROVEN	NO_CURRENT_FULL_CLAUSE_DECLARATION; CANDIDATE_MAPPING_ONLY
NREQ-7813fc69e36539de62cfad532d12d010	10.1	763	IMPLEMENTED_UNPROVEN	NO_CURRENT_FULL_CLAUSE_DECLARATION; CANDIDATE_MAPPING_ONLY
NREQ-e465e59a7d83b4cc5bf681f77c65e75e	10.1	765	IMPLEMENTED_UNPROVEN	NO_CURRENT_FULL_CLAUSE_DECLARATION; CANDIDATE_MAPPING_ONLY
NREQ-8b82e4db293a4d547942725639b9806d	10.2	769	IMPLEMENTED_UNPROVEN	NO_CURRENT_FULL_CLAUSE_DECLARATION; CANDIDATE_MAPPING_ONLY
NREQ-34e224651c67a7a5ff0359f4f394b723	10.3	773	UNKNOWN	NO_CURRENT_FULL_CLAUSE_DECLARATION; CANDIDATE_MAPPING_ONLY
NREQ-437b29e4122d190f25194e06c8f87d98	10.3	775	IMPLEMENTED_UNPROVEN	NO_CURRENT_FULL_CLAUSE_DECLARATION; CANDIDATE_MAPPING_ONLY
NREQ-6719263bb0f77f251ab924834aa6d209	10.3	777	IMPLEMENTED_UNPROVEN	NO_CURRENT_FULL_CLAUSE_DECLARATION; CANDIDATE_MAPPING_ONLY
NREQ-c97a7b6273ff09146d2fd63a226e4348	11	783	UNKNOWN	NO_CURRENT_FULL_CLAUSE_DECLARATION; CANDIDATE_MAPPING_ONLY
NREQ-11e16ee97260c1518157c5d25acb8005	11	784	IMPLEMENTED_UNPROVEN	NO_CURRENT_FULL_CLAUSE_DECLARATION; CANDIDATE_MAPPING_ONLY
NREQ-505af4147242a6b68366c33010fa9535	11	785	IMPLEMENTED_UNPROVEN	NO_CURRENT_FULL_CLAUSE_DECLARATION; CANDIDATE_MAPPING_ONLY
NREQ-92915b3c9ddfd4ab5d42457462a62eb6	11	786	IMPLEMENTED_UNPROVEN	NO_CURRENT_FULL_CLAUSE_DECLARATION; CANDIDATE_MAPPING_ONLY
NREQ-70b8a98cfcefb3a45e09e7fb7434a40c	11	787	IMPLEMENTED_UNPROVEN	NO_CURRENT_FULL_CLAUSE_DECLARATION; CANDIDATE_MAPPING_ONLY
NREQ-4b88da9afbe1e9daa606fd97f7c35312	11	788	IMPLEMENTED_UNPROVEN	NO_CURRENT_FULL_CLAUSE_DECLARATION; CANDIDATE_MAPPING_ONLY
NREQ-66c38bcd0768ef46736441a24457fbbe	11	789	IMPLEMENTED_UNPROVEN	NO_CURRENT_FULL_CLAUSE_DECLARATION; CANDIDATE_MAPPING_ONLY
NREQ-6aa1be35652a97262f8e4bb1a105bc52	11	790	IMPLEMENTED_UNPROVEN	NO_CURRENT_FULL_CLAUSE_DECLARATION; CANDIDATE_MAPPING_ONLY
NREQ-9c48df398fbe220a1d05c7aee93bbcbe	11	791	IMPLEMENTED_UNPROVEN	NO_CURRENT_FULL_CLAUSE_DECLARATION; CANDIDATE_MAPPING_ONLY
NREQ-34fb1c2439fc028477f87f5b03581d4f	11	792	IMPLEMENTED_UNPROVEN	NO_CURRENT_FULL_CLAUSE_DECLARATION; CANDIDATE_MAPPING_ONLY
NREQ-b4f94dabc23971e35cc2ee95cf79dfe2	11	793	IMPLEMENTED_UNPROVEN	NO_CURRENT_FULL_CLAUSE_DECLARATION; CANDIDATE_MAPPING_ONLY
NREQ-efa3e8c774bddeeb36adc0b2f421ac63	11	794	IMPLEMENTED_UNPROVEN	NO_CURRENT_FULL_CLAUSE_DECLARATION; CANDIDATE_MAPPING_ONLY
NREQ-1ad1f3a0021e7f363a3f3b39572dbc9b	11	795	IMPLEMENTED_UNPROVEN	NO_CURRENT_FULL_CLAUSE_DECLARATION; CANDIDATE_MAPPING_ONLY
NREQ-a7804c69d1bd9aaadaa65175ae2eeab3	11	796	IMPLEMENTED_UNPROVEN	NO_CURRENT_FULL_CLAUSE_DECLARATION; CANDIDATE_MAPPING_ONLY
NREQ-6f5d379dd715fc589a652ef30f21a902	11	797	IMPLEMENTED_UNPROVEN	NO_CURRENT_FULL_CLAUSE_DECLARATION; CANDIDATE_MAPPING_ONLY
NREQ-696ab1a4a8cfce3bce5636a873c0ce4a	11	798	IMPLEMENTED_UNPROVEN	NO_CURRENT_FULL_CLAUSE_DECLARATION; CANDIDATE_MAPPING_ONLY
NREQ-22c205c6686d9e69a6b22cf1e9e23a2a	11	799	IMPLEMENTED_UNPROVEN	NO_CURRENT_FULL_CLAUSE_DECLARATION; CANDIDATE_MAPPING_ONLY
NREQ-09ab4ec8856586f70fe77e28e33a9b5c	11	800	IMPLEMENTED_UNPROVEN	NO_CURRENT_FULL_CLAUSE_DECLARATION; CANDIDATE_MAPPING_ONLY
NREQ-30505b568da79cec1663eb83b86f67c5	11	801	IMPLEMENTED_UNPROVEN	NO_CURRENT_FULL_CLAUSE_DECLARATION; CANDIDATE_MAPPING_ONLY
NREQ-6fa60ccf4cbce1f371129c72c913e9a4	11	802	IMPLEMENTED_UNPROVEN	NO_CURRENT_FULL_CLAUSE_DECLARATION; CANDIDATE_MAPPING_ONLY
NREQ-d35b59a5a2e8ea918d1ee7a4ceadc9b4	11	803	IMPLEMENTED_UNPROVEN	NO_CURRENT_FULL_CLAUSE_DECLARATION; CANDIDATE_MAPPING_ONLY
NREQ-02365b0f740d73f19cdd82a7c1eee79f	11	804	IMPLEMENTED_UNPROVEN	NO_CURRENT_FULL_CLAUSE_DECLARATION; CANDIDATE_MAPPING_ONLY
NREQ-23f85735ae5d8eb67acf743832c2406a	11	805	IMPLEMENTED_UNPROVEN	NO_CURRENT_FULL_CLAUSE_DECLARATION; CANDIDATE_MAPPING_ONLY
NREQ-37950b3d5d2e7d470e26a551da17d703	11	806	IMPLEMENTED_UNPROVEN	NO_CURRENT_FULL_CLAUSE_DECLARATION; CANDIDATE_MAPPING_ONLY
NREQ-3cd032c8ec39f094924524408eddbce2	11	807	IMPLEMENTED_UNPROVEN	NO_CURRENT_FULL_CLAUSE_DECLARATION; CANDIDATE_MAPPING_ONLY
NREQ-ad4b2096cb7acf2ca976fc05de66c809	11	808	IMPLEMENTED_UNPROVEN	NO_CURRENT_FULL_CLAUSE_DECLARATION; CANDIDATE_MAPPING_ONLY
NREQ-5a261c454eff571daec5c02f8c785f4e	11	809	IMPLEMENTED_UNPROVEN	NO_CURRENT_FULL_CLAUSE_DECLARATION; CANDIDATE_MAPPING_ONLY
NREQ-3488cf1d3d7dffe60c0173e51958cd36	11	810	IMPLEMENTED_UNPROVEN	NO_CURRENT_FULL_CLAUSE_DECLARATION; CANDIDATE_MAPPING_ONLY
NREQ-eb5a5c24f9627055040dc9e983053b7c	11	811	IMPLEMENTED_UNPROVEN	NO_CURRENT_FULL_CLAUSE_DECLARATION; CANDIDATE_MAPPING_ONLY
NREQ-28cfb4a8536d40b40f0c6db29a01b4f6	11	812	IMPLEMENTED_UNPROVEN	NO_CURRENT_FULL_CLAUSE_DECLARATION; CANDIDATE_MAPPING_ONLY
NREQ-d65d6b4d62124293727d8a685489c4f5	11	813	IMPLEMENTED_UNPROVEN	NO_CURRENT_FULL_CLAUSE_DECLARATION; CANDIDATE_MAPPING_ONLY
NREQ-37d5b0dd5cf31d4910084d3ea461ca8e	11	814	IMPLEMENTED_UNPROVEN	NO_CURRENT_FULL_CLAUSE_DECLARATION; CANDIDATE_MAPPING_ONLY
NREQ-83cda2bade66b696a84f3d03442731de	11	815	IMPLEMENTED_UNPROVEN	NO_CURRENT_FULL_CLAUSE_DECLARATION; CANDIDATE_MAPPING_ONLY
NREQ-1bbb962972303019f22dadc87bdb09e4	11	816	IMPLEMENTED_UNPROVEN	NO_CURRENT_FULL_CLAUSE_DECLARATION; CANDIDATE_MAPPING_ONLY
NREQ-4006c1633903411d69289dc8382ee160	11	817	IMPLEMENTED_UNPROVEN	NO_CURRENT_FULL_CLAUSE_DECLARATION; CANDIDATE_MAPPING_ONLY
NREQ-0e91b30ea4fb8754dc6357d958b5b548	11	819	UNKNOWN	NO_CURRENT_FULL_CLAUSE_DECLARATION; CANDIDATE_MAPPING_ONLY
NREQ-944eb3cc275bf1963da2455d9c9e6ae9	11	821	UNKNOWN	NO_CURRENT_FULL_CLAUSE_DECLARATION; CANDIDATE_MAPPING_ONLY
NREQ-e75faa69aa8e0b6335787192abfa03de	12	827	IMPLEMENTED_UNPROVEN	NO_CURRENT_FULL_CLAUSE_DECLARATION; CANDIDATE_MAPPING_ONLY
NREQ-340c63c0aaf9143f9c6c12db15d8844f	12	828	IMPLEMENTED_UNPROVEN	NO_CURRENT_FULL_CLAUSE_DECLARATION; CANDIDATE_MAPPING_ONLY
NREQ-5913311958299a1c34a3aebf0e4912b4	12	829	IMPLEMENTED_UNPROVEN	NO_CURRENT_FULL_CLAUSE_DECLARATION; CANDIDATE_MAPPING_ONLY
NREQ-28782193858625d2026754ba14003350	12	830	IMPLEMENTED_UNPROVEN	NO_CURRENT_FULL_CLAUSE_DECLARATION; CANDIDATE_MAPPING_ONLY
NREQ-0cd56c28a05dc45ba085dc622b645d86	12	831	IMPLEMENTED_UNPROVEN	NO_CURRENT_FULL_CLAUSE_DECLARATION; CANDIDATE_MAPPING_ONLY
NREQ-a5c61e4054627e7f2fe42436f24677a4	12	832	IMPLEMENTED_UNPROVEN	NO_CURRENT_FULL_CLAUSE_DECLARATION; CANDIDATE_MAPPING_ONLY
NREQ-520baa580cb99684781f4fc4a61d4ffc	12	833	IMPLEMENTED_UNPROVEN	NO_CURRENT_FULL_CLAUSE_DECLARATION; CANDIDATE_MAPPING_ONLY
NREQ-484ef841fa69f8c0c1d57ad272779461	12	834	IMPLEMENTED_UNPROVEN	NO_CURRENT_FULL_CLAUSE_DECLARATION; CANDIDATE_MAPPING_ONLY
NREQ-b2e0a8c88d9fc5f2468c4ff3b17237a7	12	835	IMPLEMENTED_UNPROVEN	NO_CURRENT_FULL_CLAUSE_DECLARATION; CANDIDATE_MAPPING_ONLY
NREQ-06bdbd8d59e5a69dde9f92faba8b4e2a	12	836	IMPLEMENTED_UNPROVEN	NO_CURRENT_FULL_CLAUSE_DECLARATION; CANDIDATE_MAPPING_ONLY
NREQ-81c48eaee2e175399acdbb928815d212	12	837	IMPLEMENTED_UNPROVEN	NO_CURRENT_FULL_CLAUSE_DECLARATION; CANDIDATE_MAPPING_ONLY
NREQ-a8af03a005a5adc78d5fd71363645461	12	838	IMPLEMENTED_UNPROVEN	NO_CURRENT_FULL_CLAUSE_DECLARATION; CANDIDATE_MAPPING_ONLY
NREQ-8dbfda1c4013f64f4b8282b88f2404e3	12	839	IMPLEMENTED_UNPROVEN	NO_CURRENT_FULL_CLAUSE_DECLARATION; CANDIDATE_MAPPING_ONLY
NREQ-f0a5367d427b1e500da34be60f62c1e5	12.1	844	IMPLEMENTED_UNPROVEN	NO_CURRENT_FULL_CLAUSE_DECLARATION; CANDIDATE_MAPPING_ONLY
NREQ-571fe76707d13449194b26438de3dc3e	12.1	845	IMPLEMENTED_UNPROVEN	NO_CURRENT_FULL_CLAUSE_DECLARATION; CANDIDATE_MAPPING_ONLY
NREQ-ec2479b818bf1736d5460e2979a65484	12.1	846	IMPLEMENTED_UNPROVEN	NO_CURRENT_FULL_CLAUSE_DECLARATION; CANDIDATE_MAPPING_ONLY
NREQ-ac9ea2268319f45ac1306f505f85df83	12.1	847	IMPLEMENTED_UNPROVEN	NO_CURRENT_FULL_CLAUSE_DECLARATION; CANDIDATE_MAPPING_ONLY
NREQ-897f87f828c4ed37fa472042ee718407	12.1	848	IMPLEMENTED_UNPROVEN	NO_CURRENT_FULL_CLAUSE_DECLARATION; CANDIDATE_MAPPING_ONLY
NREQ-9abb23dd060651323c1fa11a926d3f4e	12.1	849	IMPLEMENTED_UNPROVEN	NO_CURRENT_FULL_CLAUSE_DECLARATION; CANDIDATE_MAPPING_ONLY
NREQ-2ecfc2e17912e2df9fc0681126ee7ff9	12.1	850	IMPLEMENTED_UNPROVEN	NO_CURRENT_FULL_CLAUSE_DECLARATION; CANDIDATE_MAPPING_ONLY
NREQ-d00b42fd17a929d900fad5339de87d2d	12.1	851	IMPLEMENTED_UNPROVEN	NO_CURRENT_FULL_CLAUSE_DECLARATION; CANDIDATE_MAPPING_ONLY
NREQ-d690a0c2b528e66093337e3757248907	12.1	852	IMPLEMENTED_UNPROVEN	NO_CURRENT_FULL_CLAUSE_DECLARATION; CANDIDATE_MAPPING_ONLY
NREQ-fcc96a37b767b8653f360a3171c1c490	12.1	854	IMPLEMENTED_UNPROVEN	NO_CURRENT_FULL_CLAUSE_DECLARATION; CANDIDATE_MAPPING_ONLY
NREQ-9d419789e282f6c098a2e3cc34f5a003	12.1	855	IMPLEMENTED_UNPROVEN	NO_CURRENT_FULL_CLAUSE_DECLARATION; CANDIDATE_MAPPING_ONLY
NREQ-81a8587ad89ef9214b5dafc688298d5e	12.1	856	IMPLEMENTED_UNPROVEN	NO_CURRENT_FULL_CLAUSE_DECLARATION; CANDIDATE_MAPPING_ONLY
NREQ-1b945183553656b70790d482170631b3	12.1	857	IMPLEMENTED_UNPROVEN	NO_CURRENT_FULL_CLAUSE_DECLARATION; CANDIDATE_MAPPING_ONLY
NREQ-1714f06adc18375b8897466eda9e9693	12.1	858	IMPLEMENTED_UNPROVEN	NO_CURRENT_FULL_CLAUSE_DECLARATION; CANDIDATE_MAPPING_ONLY
NREQ-b4e69b852c0ccf32e4669742519eb2f6	12.2	862	IMPLEMENTED_UNPROVEN	NO_CURRENT_FULL_CLAUSE_DECLARATION; CANDIDATE_MAPPING_ONLY
NREQ-408b6da0554eb4884a92452521af3c66	12.2	863	IMPLEMENTED_UNPROVEN	NO_CURRENT_FULL_CLAUSE_DECLARATION; CANDIDATE_MAPPING_ONLY
NREQ-470227447f08bdf3ba3944acfb2944e7	12.2	864	IMPLEMENTED_UNPROVEN	NO_CURRENT_FULL_CLAUSE_DECLARATION; CANDIDATE_MAPPING_ONLY
NREQ-d775c4fc8d1f170fbc3099a93ffb1d98	12.2	865	IMPLEMENTED_UNPROVEN	NO_CURRENT_FULL_CLAUSE_DECLARATION; CANDIDATE_MAPPING_ONLY
NREQ-b04919e99033caae90eaa9573713c469	12.2	866	IMPLEMENTED_UNPROVEN	NO_CURRENT_FULL_CLAUSE_DECLARATION; CANDIDATE_MAPPING_ONLY
NREQ-fbaf5129710d9f5395d03c04e7c5b0d3	12.2	867	IMPLEMENTED_UNPROVEN	NO_CURRENT_FULL_CLAUSE_DECLARATION; CANDIDATE_MAPPING_ONLY
NREQ-cfd7d1027d16c311701efb73a17eb46b	12.2	868	IMPLEMENTED_UNPROVEN	NO_CURRENT_FULL_CLAUSE_DECLARATION; CANDIDATE_MAPPING_ONLY
NREQ-3327b6e49a83946e0cec06c30d5764f1	12.2	869	IMPLEMENTED_UNPROVEN	NO_CURRENT_FULL_CLAUSE_DECLARATION; CANDIDATE_MAPPING_ONLY
NREQ-3cb194e1f0c496d3ef234f72c6766f8c	12.2	870	IMPLEMENTED_UNPROVEN	NO_CURRENT_FULL_CLAUSE_DECLARATION; CANDIDATE_MAPPING_ONLY
NREQ-4d7a9222926561b1117ca35109456dd2	12.3	874	IMPLEMENTED_UNPROVEN	NO_CURRENT_FULL_CLAUSE_DECLARATION; CANDIDATE_MAPPING_ONLY
NREQ-b725e2b3b63271dd7ad9ea618fdf380b	12.3	876	UNKNOWN	NO_CURRENT_FULL_CLAUSE_DECLARATION; CANDIDATE_MAPPING_ONLY
NREQ-6413fbd0864462c7f49de1ae8bb8e444	12.3	878	UNKNOWN	NO_CURRENT_FULL_CLAUSE_DECLARATION; CANDIDATE_MAPPING_ONLY
NREQ-03cda2c8fa184270b91e88b672d659aa	12.3	880	IMPLEMENTED_UNPROVEN	NO_CURRENT_FULL_CLAUSE_DECLARATION; CANDIDATE_MAPPING_ONLY
NREQ-43f0db4861949e8cf00120ccabec128c	12.3	882	UNKNOWN	NO_CURRENT_FULL_CLAUSE_DECLARATION; CANDIDATE_MAPPING_ONLY
NREQ-1b26de5da7e739da1fb18ce20847e184	12.3	884	UNKNOWN	NO_CURRENT_FULL_CLAUSE_DECLARATION; CANDIDATE_MAPPING_ONLY
NREQ-660fe55978d41855233a378d379aae6e	13	890	IMPLEMENTED_UNPROVEN	NO_CURRENT_FULL_CLAUSE_DECLARATION; CANDIDATE_MAPPING_ONLY
NREQ-9fa020364a1626f8d5b37dcaa451af30	13	891	IMPLEMENTED_UNPROVEN	NO_CURRENT_FULL_CLAUSE_DECLARATION; CANDIDATE_MAPPING_ONLY
NREQ-86c15214aa0fe75685f3a59cf996d0be	13	892	IMPLEMENTED_UNPROVEN	NO_CURRENT_FULL_CLAUSE_DECLARATION; CANDIDATE_MAPPING_ONLY
NREQ-abf92703841d0a26d044ce70015a1dda	13	893	IMPLEMENTED_UNPROVEN	NO_CURRENT_FULL_CLAUSE_DECLARATION; CANDIDATE_MAPPING_ONLY
NREQ-a2a8793b22fe2143cf4cec48bdc20664	13	894	IMPLEMENTED_UNPROVEN	NO_CURRENT_FULL_CLAUSE_DECLARATION; CANDIDATE_MAPPING_ONLY
NREQ-7dd8e8cf512be6d4dd9448e119e89ea7	13	895	IMPLEMENTED_UNPROVEN	NO_CURRENT_FULL_CLAUSE_DECLARATION; CANDIDATE_MAPPING_ONLY
NREQ-649cdb6be532e0a7b5c731ac76924443	13	896	IMPLEMENTED_UNPROVEN	NO_CURRENT_FULL_CLAUSE_DECLARATION; CANDIDATE_MAPPING_ONLY
NREQ-c7d7d576d77531e07a1f07d435c31e96	13	897	IMPLEMENTED_UNPROVEN	NO_CURRENT_FULL_CLAUSE_DECLARATION; CANDIDATE_MAPPING_ONLY
NREQ-7092eed2767f69181b95b05381158f3b	13	899	UNKNOWN	NO_CURRENT_FULL_CLAUSE_DECLARATION; CANDIDATE_MAPPING_ONLY
NREQ-d65861cf154f3a3432d46a01130aa335	13	901	IMPLEMENTED_UNPROVEN	NO_CURRENT_FULL_CLAUSE_DECLARATION; CANDIDATE_MAPPING_ONLY
NREQ-2e9e0b21abca1b70584cf6580c71ba32	13	903	IMPLEMENTED_UNPROVEN	NO_CURRENT_FULL_CLAUSE_DECLARATION; CANDIDATE_MAPPING_ONLY
NREQ-22aaa8ce149fd97e09e75c63e07c0b8c	13	904	IMPLEMENTED_UNPROVEN	NO_CURRENT_FULL_CLAUSE_DECLARATION; CANDIDATE_MAPPING_ONLY
NREQ-4a3fdbd64bb36b4a1b3ad0aa2bafc43e	13	906	IMPLEMENTED_UNPROVEN	NO_CURRENT_FULL_CLAUSE_DECLARATION; CANDIDATE_MAPPING_ONLY
NREQ-0bc67ce8ed80f63db07b9d448539ab87	13	908	IMPLEMENTED_UNPROVEN	NO_CURRENT_FULL_CLAUSE_DECLARATION; CANDIDATE_MAPPING_ONLY
NREQ-a1bafeb7c6f6f12bf0c7b0f6fcadaab9	13	909	IMPLEMENTED_UNPROVEN	CURRENT_REVIEWED_DESIGN_REQUIRES_EXECUTED_OBSERVATIONS
NREQ-f41a79c58369bd76c58ad7e831e953ce	13	910	IMPLEMENTED_UNPROVEN	CURRENT_REVIEWED_DESIGN_REQUIRES_EXECUTED_OBSERVATIONS
NREQ-df7f12b7cda5ee37b5636858d646292a	13	911	IMPLEMENTED_UNPROVEN	NO_CURRENT_FULL_CLAUSE_DECLARATION; CANDIDATE_MAPPING_ONLY
NREQ-f744c7d97d94840d2b33167d946fd679	13	912	IMPLEMENTED_UNPROVEN	NO_CURRENT_FULL_CLAUSE_DECLARATION; CANDIDATE_MAPPING_ONLY
NREQ-6c94b708104b79614a42ba1052a42e46	13	913	IMPLEMENTED_UNPROVEN	NO_CURRENT_FULL_CLAUSE_DECLARATION; CANDIDATE_MAPPING_ONLY
NREQ-f9e3be427c60894eab566eca641b6729	13	914	IMPLEMENTED_UNPROVEN	NO_CURRENT_FULL_CLAUSE_DECLARATION; CANDIDATE_MAPPING_ONLY
NREQ-0ea5cdc9243f521777722f4b0cda4c5a	13	915	IMPLEMENTED_UNPROVEN	NO_CURRENT_FULL_CLAUSE_DECLARATION; CANDIDATE_MAPPING_ONLY
NREQ-4f0b7e0543a48a05605caf006e232d88	13	916	IMPLEMENTED_UNPROVEN	NO_CURRENT_FULL_CLAUSE_DECLARATION; CANDIDATE_MAPPING_ONLY
NREQ-6078c0a840c17d55a4c2c07932d0966d	13	917	IMPLEMENTED_UNPROVEN	NO_CURRENT_FULL_CLAUSE_DECLARATION; CANDIDATE_MAPPING_ONLY
NREQ-9f95e5571babe8bd3f277ae20afa7a87	13	918	IMPLEMENTED_UNPROVEN	NO_CURRENT_FULL_CLAUSE_DECLARATION; CANDIDATE_MAPPING_ONLY
NREQ-c5291e90a83bfd807a65cff787c57520	13	919	IMPLEMENTED_UNPROVEN	NO_CURRENT_FULL_CLAUSE_DECLARATION; CANDIDATE_MAPPING_ONLY
NREQ-a42662092e51cd9a3e44951473794b02	13	920	IMPLEMENTED_UNPROVEN	NO_CURRENT_FULL_CLAUSE_DECLARATION; CANDIDATE_MAPPING_ONLY
NREQ-d3de00d8f89df72937855778f726bc52	13	921	IMPLEMENTED_UNPROVEN	NO_CURRENT_FULL_CLAUSE_DECLARATION; CANDIDATE_MAPPING_ONLY
NREQ-5811c65fa83521ee7afeedd602cec806	13	922	IMPLEMENTED_UNPROVEN	CURRENT_REVIEWED_DESIGN_REQUIRES_EXECUTED_OBSERVATIONS
NREQ-fd4e4404dcef4f419bd13d06c1cdd483	13	923	IMPLEMENTED_UNPROVEN	NO_CURRENT_FULL_CLAUSE_DECLARATION; CANDIDATE_MAPPING_ONLY
NREQ-2046e21dd63ad76f992233d5582c716d	13	924	IMPLEMENTED_UNPROVEN	CURRENT_REVIEWED_DESIGN_REQUIRES_EXECUTED_OBSERVATIONS
NREQ-1b07d67693ef773b4800dc6e06626b5b	13	926	UNKNOWN	CURRENT_REVIEWED_DESIGN_REQUIRES_EXECUTED_OBSERVATIONS
NREQ-ba56b425f1e6583a07a13a1039cb1a1e	13	927	IMPLEMENTED_UNPROVEN	NO_CURRENT_FULL_CLAUSE_DECLARATION; CANDIDATE_MAPPING_ONLY
NREQ-cf4fc2be778b2cfee501134f5378ad90	13	928	IMPLEMENTED_UNPROVEN	NO_CURRENT_FULL_CLAUSE_DECLARATION; CANDIDATE_MAPPING_ONLY
NREQ-e2fbd7ed1abc74dd724046f2518ac9c8	13.1	932	IMPLEMENTED_UNPROVEN	NO_CURRENT_FULL_CLAUSE_DECLARATION; CANDIDATE_MAPPING_ONLY
NREQ-b1475932dda6850785dd67f596fbe4a6	13.1	934	IMPLEMENTED_UNPROVEN	NO_CURRENT_FULL_CLAUSE_DECLARATION; CANDIDATE_MAPPING_ONLY
NREQ-8d07ba6f19bb7bf61f4dd911ec3701b7	13.2	938	IMPLEMENTED_UNPROVEN	NO_CURRENT_FULL_CLAUSE_DECLARATION; CANDIDATE_MAPPING_ONLY
NREQ-d02671a79d449e9db785c3a72ee5eca0	14	944	IMPLEMENTED_UNPROVEN	NO_CURRENT_FULL_CLAUSE_DECLARATION; CANDIDATE_MAPPING_ONLY
NREQ-314752a5fbe66ee46db6c61e429b32c7	14	945	IMPLEMENTED_UNPROVEN	NO_CURRENT_FULL_CLAUSE_DECLARATION; CANDIDATE_MAPPING_ONLY
NREQ-cbfaf4a96990dcaa070be1c23fbf8074	14	946	IMPLEMENTED_UNPROVEN	NO_CURRENT_FULL_CLAUSE_DECLARATION; CANDIDATE_MAPPING_ONLY
NREQ-5e5bf0ffc163f811858b3b245b484778	14	947	IMPLEMENTED_UNPROVEN	NO_CURRENT_FULL_CLAUSE_DECLARATION; CANDIDATE_MAPPING_ONLY
NREQ-3664ca89e22dc07011c932eecb5a7567	14	948	IMPLEMENTED_UNPROVEN	NO_CURRENT_FULL_CLAUSE_DECLARATION; CANDIDATE_MAPPING_ONLY
NREQ-13ef5dbece09f4d777db2f8c07421bc9	14	951	UNKNOWN	NO_CURRENT_FULL_CLAUSE_DECLARATION; CANDIDATE_MAPPING_ONLY
NREQ-a029f71318a29a45227ced0b962a7764	14	952	UNKNOWN	NO_CURRENT_FULL_CLAUSE_DECLARATION; CANDIDATE_MAPPING_ONLY
NREQ-2349fee72b577ba8f21f1aeb2453a85f	14	953	IMPLEMENTED_UNPROVEN	NO_CURRENT_FULL_CLAUSE_DECLARATION; CANDIDATE_MAPPING_ONLY
NREQ-991582258ac4f911fa68eef3fc9d94d2	14	955	IMPLEMENTED_UNPROVEN	NO_CURRENT_FULL_CLAUSE_DECLARATION; CANDIDATE_MAPPING_ONLY
NREQ-398c6e7f51d884b3805ab308171cd772	14	956	IMPLEMENTED_UNPROVEN	NO_CURRENT_FULL_CLAUSE_DECLARATION; CANDIDATE_MAPPING_ONLY
NREQ-7f6431426ad1929531c939f6060cb2a4	14	957	IMPLEMENTED_UNPROVEN	NO_CURRENT_FULL_CLAUSE_DECLARATION; CANDIDATE_MAPPING_ONLY
NREQ-4950b630c6d13a5a750bb0f2e2478f28	14	958	IMPLEMENTED_UNPROVEN	NO_CURRENT_FULL_CLAUSE_DECLARATION; CANDIDATE_MAPPING_ONLY
NREQ-34c09e17d2404cba5fb85b5a8e76e76b	14	959	IMPLEMENTED_UNPROVEN	NO_CURRENT_FULL_CLAUSE_DECLARATION; CANDIDATE_MAPPING_ONLY
NREQ-302bbd3ac4bc1ee5bc292d8058d518f9	14	960	IMPLEMENTED_UNPROVEN	NO_CURRENT_FULL_CLAUSE_DECLARATION; CANDIDATE_MAPPING_ONLY
NREQ-fd8f41646b3dccc74619c151e4f5a981	14	962	IMPLEMENTED_UNPROVEN	NO_CURRENT_FULL_CLAUSE_DECLARATION; CANDIDATE_MAPPING_ONLY
NREQ-e053591b6a810f3d6f09c47915be5464	14	963	IMPLEMENTED_UNPROVEN	NO_CURRENT_FULL_CLAUSE_DECLARATION; CANDIDATE_MAPPING_ONLY
NREQ-45d77eca88312534ecf9b1f3f5b5be0b	14	964	IMPLEMENTED_UNPROVEN	NO_CURRENT_FULL_CLAUSE_DECLARATION; CANDIDATE_MAPPING_ONLY
NREQ-106d1e19cab8ab85051aa3a2d1a2c6ba	14	965	IMPLEMENTED_UNPROVEN	NO_CURRENT_FULL_CLAUSE_DECLARATION; CANDIDATE_MAPPING_ONLY
NREQ-42c3b0f1dd321caf35d9abbc9bf485ae	14	966	IMPLEMENTED_UNPROVEN	NO_CURRENT_FULL_CLAUSE_DECLARATION; CANDIDATE_MAPPING_ONLY
NREQ-edd89294c31562544bf8d609e208fd6d	14	967	IMPLEMENTED_UNPROVEN	NO_CURRENT_FULL_CLAUSE_DECLARATION; CANDIDATE_MAPPING_ONLY
NREQ-5ed44ff8e9af221bf1ea2f55f8411849	14	968	IMPLEMENTED_UNPROVEN	NO_CURRENT_FULL_CLAUSE_DECLARATION; CANDIDATE_MAPPING_ONLY
NREQ-60695a09042451bd0ee81b0089131693	14	969	IMPLEMENTED_UNPROVEN	NO_CURRENT_FULL_CLAUSE_DECLARATION; CANDIDATE_MAPPING_ONLY
NREQ-70265298a343c2e0000c8ed49237919b	14	970	IMPLEMENTED_UNPROVEN	NO_CURRENT_FULL_CLAUSE_DECLARATION; CANDIDATE_MAPPING_ONLY
NREQ-d9cbfc342a92492f0344f328a5076cba	14.1	975	IMPLEMENTED_UNPROVEN	NO_CURRENT_FULL_CLAUSE_DECLARATION; CANDIDATE_MAPPING_ONLY
NREQ-dee4ed03508ffee1b34ebdf6858eb77f	14.1	976	IMPLEMENTED_UNPROVEN	NO_CURRENT_FULL_CLAUSE_DECLARATION; CANDIDATE_MAPPING_ONLY
NREQ-ceaf577b0eea266964a7fcee3571e1b6	14.1	977	IMPLEMENTED_UNPROVEN	NO_CURRENT_FULL_CLAUSE_DECLARATION; CANDIDATE_MAPPING_ONLY
NREQ-726de022ede0f64c8e7e379770b5c8d3	14.1	978	IMPLEMENTED_UNPROVEN	NO_CURRENT_FULL_CLAUSE_DECLARATION; CANDIDATE_MAPPING_ONLY
NREQ-f0bde8a7e91ed0e2aa4acb392195e06d	14.1	979	IMPLEMENTED_UNPROVEN	NO_CURRENT_FULL_CLAUSE_DECLARATION; CANDIDATE_MAPPING_ONLY
NREQ-53fae9f89d435c85f70e0cc7d12870c7	14.1	980	IMPLEMENTED_UNPROVEN	NO_CURRENT_FULL_CLAUSE_DECLARATION; CANDIDATE_MAPPING_ONLY
NREQ-a96938900d003d1a7235b03730d2877e	14.1	981	IMPLEMENTED_UNPROVEN	NO_CURRENT_FULL_CLAUSE_DECLARATION; CANDIDATE_MAPPING_ONLY
NREQ-a262f23c603a8e71a67a6e83ae3aeea6	14.1	982	IMPLEMENTED_UNPROVEN	NO_CURRENT_FULL_CLAUSE_DECLARATION; CANDIDATE_MAPPING_ONLY
NREQ-5e376bfa27306f0f646c32b04cb4089a	14.1	983	IMPLEMENTED_UNPROVEN	NO_CURRENT_FULL_CLAUSE_DECLARATION; CANDIDATE_MAPPING_ONLY
NREQ-74cdaa0bebbc5c0aa7d5666f7262c2f6	14.1	984	IMPLEMENTED_UNPROVEN	NO_CURRENT_FULL_CLAUSE_DECLARATION; CANDIDATE_MAPPING_ONLY
NREQ-0ebab25d73a683b90c2116d98ffe5ff1	14.1	985	IMPLEMENTED_UNPROVEN	NO_CURRENT_FULL_CLAUSE_DECLARATION; CANDIDATE_MAPPING_ONLY
NREQ-e25d257b49d840bff43e73b41d4abfaa	14.1	986	IMPLEMENTED_UNPROVEN	NO_CURRENT_FULL_CLAUSE_DECLARATION; CANDIDATE_MAPPING_ONLY
NREQ-ba1b1f03f9b9ffcaa183a983afde678d	14.1	987	IMPLEMENTED_UNPROVEN	NO_CURRENT_FULL_CLAUSE_DECLARATION; CANDIDATE_MAPPING_ONLY
NREQ-816734c469899d21ee1486de270ac4dd	14.1	988	IMPLEMENTED_UNPROVEN	NO_CURRENT_FULL_CLAUSE_DECLARATION; CANDIDATE_MAPPING_ONLY
NREQ-30cff1ee8e63a1a09b90311660637e7b	14.1	989	IMPLEMENTED_UNPROVEN	NO_CURRENT_FULL_CLAUSE_DECLARATION; CANDIDATE_MAPPING_ONLY
NREQ-8666dd367936a385a0b8c2ea0abeafad	14.1	990	IMPLEMENTED_UNPROVEN	NO_CURRENT_FULL_CLAUSE_DECLARATION; CANDIDATE_MAPPING_ONLY
NREQ-c5473103f2eb2be41f34f7fbef24ebb5	14.1	991	IMPLEMENTED_UNPROVEN	NO_CURRENT_FULL_CLAUSE_DECLARATION; CANDIDATE_MAPPING_ONLY
NREQ-0aa3aa10d21adf1019de6c5cf46bdad6	14.1	992	IMPLEMENTED_UNPROVEN	NO_CURRENT_FULL_CLAUSE_DECLARATION; CANDIDATE_MAPPING_ONLY
NREQ-8d237d5f9ff5011f3ae61ee70a8468ba	14.1	993	IMPLEMENTED_UNPROVEN	NO_CURRENT_FULL_CLAUSE_DECLARATION; CANDIDATE_MAPPING_ONLY
NREQ-03d2b9b8e0255cc7d60a2564895049ac	14.1	994	IMPLEMENTED_UNPROVEN	NO_CURRENT_FULL_CLAUSE_DECLARATION; CANDIDATE_MAPPING_ONLY
NREQ-879db56122cc62061c6aadd81d5c30ee	14.1	995	IMPLEMENTED_UNPROVEN	NO_CURRENT_FULL_CLAUSE_DECLARATION; CANDIDATE_MAPPING_ONLY
NREQ-288b96e12d4c0ef4838d2d90b0ceb6b3	14.1	996	IMPLEMENTED_UNPROVEN	NO_CURRENT_FULL_CLAUSE_DECLARATION; CANDIDATE_MAPPING_ONLY
NREQ-51f14be80e2ee65129a4e03e23f33898	14.1	997	IMPLEMENTED_UNPROVEN	NO_CURRENT_FULL_CLAUSE_DECLARATION; CANDIDATE_MAPPING_ONLY
NREQ-019c839487912730757d3e99b87aaff2	14.1	998	IMPLEMENTED_UNPROVEN	NO_CURRENT_FULL_CLAUSE_DECLARATION; CANDIDATE_MAPPING_ONLY
NREQ-289056f37f6da3344fe2613268926df6	14.1	999	IMPLEMENTED_UNPROVEN	NO_CURRENT_FULL_CLAUSE_DECLARATION; CANDIDATE_MAPPING_ONLY
NREQ-6832e1125de08e59c42118cb98fe28e8	14.1	1000	IMPLEMENTED_UNPROVEN	NO_CURRENT_FULL_CLAUSE_DECLARATION; CANDIDATE_MAPPING_ONLY
NREQ-fd759f7e16777df3d87c1fa70aeab59d	14.1	1001	IMPLEMENTED_UNPROVEN	NO_CURRENT_FULL_CLAUSE_DECLARATION; CANDIDATE_MAPPING_ONLY
NREQ-00aaa30f9ab053764b4dbdfef9921379	14.1	1002	IMPLEMENTED_UNPROVEN	NO_CURRENT_FULL_CLAUSE_DECLARATION; CANDIDATE_MAPPING_ONLY
NREQ-79620c2ca1e6802bcfc7de52fcd44a5d	14.2	1007	IMPLEMENTED_UNPROVEN	NO_CURRENT_FULL_CLAUSE_DECLARATION; CANDIDATE_MAPPING_ONLY
NREQ-3185dbab4dc65f876582488151085e8d	14.2	1008	IMPLEMENTED_UNPROVEN	NO_CURRENT_FULL_CLAUSE_DECLARATION; CANDIDATE_MAPPING_ONLY
NREQ-27784e6dfcdb5b6d352e5bc98f958be9	14.2	1009	IMPLEMENTED_UNPROVEN	NO_CURRENT_FULL_CLAUSE_DECLARATION; CANDIDATE_MAPPING_ONLY
NREQ-da5e6bf07199ef96b57c5dc18436a30a	14.2	1010	IMPLEMENTED_UNPROVEN	NO_CURRENT_FULL_CLAUSE_DECLARATION; CANDIDATE_MAPPING_ONLY
NREQ-76bbe9a4fb418f55123a6ccff4a7f316	14.2	1011	IMPLEMENTED_UNPROVEN	NO_CURRENT_FULL_CLAUSE_DECLARATION; CANDIDATE_MAPPING_ONLY
NREQ-b240caac4098752f9d4c9154d8ac0905	14.2	1012	IMPLEMENTED_UNPROVEN	NO_CURRENT_FULL_CLAUSE_DECLARATION; CANDIDATE_MAPPING_ONLY
NREQ-e83db88baa990c7732acf71861ab9a3c	14.2	1013	IMPLEMENTED_UNPROVEN	NO_CURRENT_FULL_CLAUSE_DECLARATION; CANDIDATE_MAPPING_ONLY
NREQ-c5d5334601b7f701cc08a85771784998	14.3	1018	IMPLEMENTED_UNPROVEN	NO_CURRENT_FULL_CLAUSE_DECLARATION; CANDIDATE_MAPPING_ONLY
NREQ-145440ecf37aaabce577546bea71a3c0	14.3	1019	IMPLEMENTED_UNPROVEN	NO_CURRENT_FULL_CLAUSE_DECLARATION; CANDIDATE_MAPPING_ONLY
NREQ-9fff36dd24dcb36c669cefe2524df76d	14.3	1020	IMPLEMENTED_UNPROVEN	NO_CURRENT_FULL_CLAUSE_DECLARATION; CANDIDATE_MAPPING_ONLY
NREQ-7a194fb5c16555f06f1e2151b8b6f880	14.3	1021	IMPLEMENTED_UNPROVEN	NO_CURRENT_FULL_CLAUSE_DECLARATION; CANDIDATE_MAPPING_ONLY
NREQ-2276f2d5fa9e352205e4f1b4a3e9fc01	14.3	1022	IMPLEMENTED_UNPROVEN	NO_CURRENT_FULL_CLAUSE_DECLARATION; CANDIDATE_MAPPING_ONLY
NREQ-00b36c5ffbf7463869b78a0709d90ed7	14.3	1023	IMPLEMENTED_UNPROVEN	NO_CURRENT_FULL_CLAUSE_DECLARATION; CANDIDATE_MAPPING_ONLY
NREQ-7b9c44cee2ec5768c567933c6f091915	14.3	1024	IMPLEMENTED_UNPROVEN	NO_CURRENT_FULL_CLAUSE_DECLARATION; CANDIDATE_MAPPING_ONLY
NREQ-1a62011be5f6bb8177f8a6c3509a171b	14.4	1029	IMPLEMENTED_UNPROVEN	NO_CURRENT_FULL_CLAUSE_DECLARATION; CANDIDATE_MAPPING_ONLY
NREQ-7bbec688920f1bbe43b8f848e87c230b	14.4	1030	IMPLEMENTED_UNPROVEN	NO_CURRENT_FULL_CLAUSE_DECLARATION; CANDIDATE_MAPPING_ONLY
NREQ-279c288fc8489bd28771bd5ebf7c5a81	14.4	1031	IMPLEMENTED_UNPROVEN	NO_CURRENT_FULL_CLAUSE_DECLARATION; CANDIDATE_MAPPING_ONLY
NREQ-2f2edb2477bc805e0d93b6a135629ef9	14.4	1032	IMPLEMENTED_UNPROVEN	NO_CURRENT_FULL_CLAUSE_DECLARATION; CANDIDATE_MAPPING_ONLY
NREQ-59cfc2df37dc99129c79722378308ced	14.4	1033	IMPLEMENTED_UNPROVEN	NO_CURRENT_FULL_CLAUSE_DECLARATION; CANDIDATE_MAPPING_ONLY
NREQ-7ae8af72ed0f345fd79ad1161af2b410	14.4	1034	IMPLEMENTED_UNPROVEN	NO_CURRENT_FULL_CLAUSE_DECLARATION; CANDIDATE_MAPPING_ONLY
NREQ-a985f25ae22a3d0b7a0e8c643075b7db	14.4	1035	IMPLEMENTED_UNPROVEN	NO_CURRENT_FULL_CLAUSE_DECLARATION; CANDIDATE_MAPPING_ONLY
NREQ-5a9ada84845534d18ba2750008b7f0f3	14.4	1036	IMPLEMENTED_UNPROVEN	NO_CURRENT_FULL_CLAUSE_DECLARATION; CANDIDATE_MAPPING_ONLY
NREQ-9915889a31a2156d65d917c74f3678a2	14.4	1037	IMPLEMENTED_UNPROVEN	NO_CURRENT_FULL_CLAUSE_DECLARATION; CANDIDATE_MAPPING_ONLY
NREQ-50d2d1f9d54c2248adb2b66ec0194e84	14.4	1038	IMPLEMENTED_UNPROVEN	NO_CURRENT_FULL_CLAUSE_DECLARATION; CANDIDATE_MAPPING_ONLY
NREQ-9c89c7228e265dd5909b1c7b977627e5	14.4	1039	IMPLEMENTED_UNPROVEN	NO_CURRENT_FULL_CLAUSE_DECLARATION; CANDIDATE_MAPPING_ONLY
NREQ-d39f8d7f46975f3756904bcc7d048720	14.4	1041	IMPLEMENTED_UNPROVEN	NO_CURRENT_FULL_CLAUSE_DECLARATION; CANDIDATE_MAPPING_ONLY
NREQ-a56263f8ca87f003eb82d8ce2a013284	14.5	1045	IMPLEMENTED_UNPROVEN	NO_CURRENT_FULL_CLAUSE_DECLARATION; CANDIDATE_MAPPING_ONLY
NREQ-8e24dc8d77b8223425ee853e65e8abc8	14.5	1047	IMPLEMENTED_UNPROVEN	NO_CURRENT_FULL_CLAUSE_DECLARATION; CANDIDATE_MAPPING_ONLY
NREQ-5dc13224ab9a2a4f2ccf3bbbc8b1341d	14.5	1048	IMPLEMENTED_UNPROVEN	NO_CURRENT_FULL_CLAUSE_DECLARATION; CANDIDATE_MAPPING_ONLY
NREQ-50a0947658a25a53a9377cb577ade330	14.5	1049	IMPLEMENTED_UNPROVEN	NO_CURRENT_FULL_CLAUSE_DECLARATION; CANDIDATE_MAPPING_ONLY
NREQ-5b9170f51ca2742de9648ea02fe3a5a1	14.5	1050	IMPLEMENTED_UNPROVEN	NO_CURRENT_FULL_CLAUSE_DECLARATION; CANDIDATE_MAPPING_ONLY
NREQ-dc0f7b9f3e43717077f5849ec8fb6c88	14.5	1051	IMPLEMENTED_UNPROVEN	NO_CURRENT_FULL_CLAUSE_DECLARATION; CANDIDATE_MAPPING_ONLY
NREQ-7b7c19ea1fa7cb527c1b858367bbdad8	14.5	1052	IMPLEMENTED_UNPROVEN	NO_CURRENT_FULL_CLAUSE_DECLARATION; CANDIDATE_MAPPING_ONLY
NREQ-2c977c70fbaf9b96fff98531867f787d	14.5	1053	IMPLEMENTED_UNPROVEN	NO_CURRENT_FULL_CLAUSE_DECLARATION; CANDIDATE_MAPPING_ONLY
NREQ-5fe0b29cc46f1a1a7cf84c4df63f050f	14.5	1054	IMPLEMENTED_UNPROVEN	NO_CURRENT_FULL_CLAUSE_DECLARATION; CANDIDATE_MAPPING_ONLY
NREQ-cc99ef56d3888d688d717c06e8e0b1b9	14.5	1055	IMPLEMENTED_UNPROVEN	NO_CURRENT_FULL_CLAUSE_DECLARATION; CANDIDATE_MAPPING_ONLY
NREQ-3de318febaa19b7090899041fca99367	14.5	1056	IMPLEMENTED_UNPROVEN	NO_CURRENT_FULL_CLAUSE_DECLARATION; CANDIDATE_MAPPING_ONLY
NREQ-afd6211d2b405564e8b4fe13872742a8	14.5	1057	IMPLEMENTED_UNPROVEN	NO_CURRENT_FULL_CLAUSE_DECLARATION; CANDIDATE_MAPPING_ONLY
NREQ-de522c3e7f6d5142b058433333857ccd	14.5	1058	IMPLEMENTED_UNPROVEN	NO_CURRENT_FULL_CLAUSE_DECLARATION; CANDIDATE_MAPPING_ONLY
NREQ-34db1ce025e3665e70af1774da00371e	14.5	1060	UNKNOWN	NO_CURRENT_FULL_CLAUSE_DECLARATION; CANDIDATE_MAPPING_ONLY
NREQ-f42bb11b28bfa26f218c6e05848701db	14.5	1062	UNKNOWN	NO_CURRENT_FULL_CLAUSE_DECLARATION; CANDIDATE_MAPPING_ONLY
NREQ-0f66a7d381da4a0dac8f0d9eac483d55	14.5	1063	IMPLEMENTED_UNPROVEN	NO_CURRENT_FULL_CLAUSE_DECLARATION; CANDIDATE_MAPPING_ONLY
NREQ-af554ec25919a9e9520422d387d3878e	14.5	1064	IMPLEMENTED_UNPROVEN	NO_CURRENT_FULL_CLAUSE_DECLARATION; CANDIDATE_MAPPING_ONLY
NREQ-53b5e1908d6f6a7465a60bf03dcdc7fe	14.5	1065	IMPLEMENTED_UNPROVEN	NO_CURRENT_FULL_CLAUSE_DECLARATION; CANDIDATE_MAPPING_ONLY
NREQ-efdfcc9ca1717d4480648d20a3a479a9	14.5	1066	IMPLEMENTED_UNPROVEN	NO_CURRENT_FULL_CLAUSE_DECLARATION; CANDIDATE_MAPPING_ONLY
NREQ-19860cdec733091bbcabaf1113a64c7c	14.5	1067	IMPLEMENTED_UNPROVEN	NO_CURRENT_FULL_CLAUSE_DECLARATION; CANDIDATE_MAPPING_ONLY
NREQ-b4449324a5ed71fb56ad95cb172b0e94	14.5	1068	IMPLEMENTED_UNPROVEN	NO_CURRENT_FULL_CLAUSE_DECLARATION; CANDIDATE_MAPPING_ONLY
NREQ-5f52a4a584874e718653bfe7da420e5d	14.5	1069	IMPLEMENTED_UNPROVEN	NO_CURRENT_FULL_CLAUSE_DECLARATION; CANDIDATE_MAPPING_ONLY
NREQ-1ccf83c0b565d2c7c794739e4e7663b7	14.5	1070	IMPLEMENTED_UNPROVEN	NO_CURRENT_FULL_CLAUSE_DECLARATION; CANDIDATE_MAPPING_ONLY
NREQ-15bcea4db7a052db7fc4f619dac3acae	14.5	1072	IMPLEMENTED_UNPROVEN	NO_CURRENT_FULL_CLAUSE_DECLARATION; CANDIDATE_MAPPING_ONLY
NREQ-5a0781db7c00fdcd447c0d0ff0256c0d	14.5	1074	UNKNOWN	NO_CURRENT_FULL_CLAUSE_DECLARATION; CANDIDATE_MAPPING_ONLY
NREQ-6b88f40d229cf3ea5d87ca3841be8eff	14.6	1080	IMPLEMENTED_UNPROVEN	NO_CURRENT_FULL_CLAUSE_DECLARATION; CANDIDATE_MAPPING_ONLY
NREQ-70114fe79e900fc756a0d6cc14ea8f90	14.6	1081	IMPLEMENTED_UNPROVEN	CURRENT_REVIEWED_DESIGN_REQUIRES_EXECUTED_OBSERVATIONS
NREQ-db8a127d9ff92a6510ae92e3eb1fbb86	14.6	1082	IMPLEMENTED_UNPROVEN	CURRENT_REVIEWED_DESIGN_REQUIRES_EXECUTED_OBSERVATIONS
NREQ-f6858b1d41ca1327e88e31e7f0e8f94f	14.6	1083	IMPLEMENTED_UNPROVEN	CURRENT_REVIEWED_DESIGN_REQUIRES_EXECUTED_OBSERVATIONS
NREQ-b14772d932b286c302b05996186c8022	14.6	1084	IMPLEMENTED_UNPROVEN	CURRENT_REVIEWED_DESIGN_REQUIRES_EXECUTED_OBSERVATIONS
NREQ-9e413bfc92a85655c990712d56002499	14.6	1085	IMPLEMENTED_UNPROVEN	CURRENT_REVIEWED_DESIGN_REQUIRES_EXECUTED_OBSERVATIONS
NREQ-22cf265b2b952dcb7187618a915c98bd	14.6	1086	IMPLEMENTED_UNPROVEN	CURRENT_REVIEWED_DESIGN_REQUIRES_EXECUTED_OBSERVATIONS
NREQ-928c9bbcf0101e2a0e4a0e69edc59164	14.6	1087	IMPLEMENTED_UNPROVEN	CURRENT_REVIEWED_DESIGN_REQUIRES_EXECUTED_OBSERVATIONS
NREQ-27cf5e6a8e4cf40ff1873bd4d059b3cd	14.6	1088	IMPLEMENTED_UNPROVEN	CURRENT_REVIEWED_DESIGN_REQUIRES_EXECUTED_OBSERVATIONS
NREQ-e5db8a7c723f5b54ada73ce37c7725a2	14.6	1089	IMPLEMENTED_UNPROVEN	CURRENT_REVIEWED_DESIGN_REQUIRES_EXECUTED_OBSERVATIONS
NREQ-4bb54f6379863c0a17e6fbc58edcd042	14.6	1090	IMPLEMENTED_UNPROVEN	CURRENT_REVIEWED_DESIGN_REQUIRES_EXECUTED_OBSERVATIONS
NREQ-266e79545a48e7c4310883faa04e9844	14.6	1091	IMPLEMENTED_UNPROVEN	CURRENT_REVIEWED_DESIGN_REQUIRES_EXECUTED_OBSERVATIONS
NREQ-e1a8ce05f1d7a97c385039fd3bd71143	14.6	1092	IMPLEMENTED_UNPROVEN	CURRENT_REVIEWED_DESIGN_REQUIRES_EXECUTED_OBSERVATIONS
NREQ-ddf7192c16e06f5276d4d324b2e1f6c3	14.6	1093	IMPLEMENTED_UNPROVEN	CURRENT_REVIEWED_DESIGN_REQUIRES_EXECUTED_OBSERVATIONS
NREQ-1000a70e39109bdb76b85fa6855a4892	14.6	1094	IMPLEMENTED_UNPROVEN	CURRENT_REVIEWED_DESIGN_REQUIRES_EXECUTED_OBSERVATIONS
NREQ-252dcf08d6bbe6a5893bc9cd551ef6ec	14.6	1095	IMPLEMENTED_UNPROVEN	CURRENT_REVIEWED_DESIGN_REQUIRES_EXECUTED_OBSERVATIONS
NREQ-931f08afd15144dcac6c7768f2c393d0	14.6	1096	IMPLEMENTED_UNPROVEN	CURRENT_REVIEWED_DESIGN_REQUIRES_EXECUTED_OBSERVATIONS
NREQ-3a3ba3d92dd569d454e781fcccf7ac61	14.6	1097	IMPLEMENTED_UNPROVEN	CURRENT_REVIEWED_DESIGN_REQUIRES_EXECUTED_OBSERVATIONS
NREQ-bfc0e4b5d516977d7fcad7b3f74e43c6	14.6	1098	IMPLEMENTED_UNPROVEN	CURRENT_REVIEWED_DESIGN_REQUIRES_EXECUTED_OBSERVATIONS
NREQ-5d9431875519d7cfc3188157a10d6bfc	14.6	1099	IMPLEMENTED_UNPROVEN	CURRENT_REVIEWED_DESIGN_REQUIRES_EXECUTED_OBSERVATIONS
NREQ-aafc7cd5dc54af415d36425000d76acb	14.6	1100	IMPLEMENTED_UNPROVEN	CURRENT_REVIEWED_DESIGN_REQUIRES_EXECUTED_OBSERVATIONS
NREQ-829ac5f73d2b01828644e51c0675d6b6	14.6	1101	IMPLEMENTED_UNPROVEN	CURRENT_REVIEWED_DESIGN_REQUIRES_EXECUTED_OBSERVATIONS
NREQ-9050383f9f0b382f0fd9b465a0a20f78	14.6	1102	IMPLEMENTED_UNPROVEN	CURRENT_REVIEWED_DESIGN_REQUIRES_EXECUTED_OBSERVATIONS
NREQ-dd1241e76fbe641c1c88243ba947dc89	14.6	1103	IMPLEMENTED_UNPROVEN	CURRENT_REVIEWED_DESIGN_REQUIRES_EXECUTED_OBSERVATIONS
NREQ-536910c50d3998944884b519e0d89555	14.6	1104	IMPLEMENTED_UNPROVEN	CURRENT_REVIEWED_DESIGN_REQUIRES_EXECUTED_OBSERVATIONS
NREQ-efa519285f6f28591dc9ad7936c1caa6	14.6	1105	IMPLEMENTED_UNPROVEN	CURRENT_REVIEWED_DESIGN_REQUIRES_EXECUTED_OBSERVATIONS
NREQ-ee95aae3e46bebd05ef8469aff39c9da	14.6	1106	IMPLEMENTED_UNPROVEN	CURRENT_REVIEWED_DESIGN_REQUIRES_EXECUTED_OBSERVATIONS
NREQ-647d36595971915d7c485a338ddc4013	14.6	1107	IMPLEMENTED_UNPROVEN	CURRENT_REVIEWED_DESIGN_REQUIRES_EXECUTED_OBSERVATIONS
NREQ-aa165dd96291b05acd70bf948f215d04	14.6	1108	IMPLEMENTED_UNPROVEN	CURRENT_REVIEWED_DESIGN_REQUIRES_EXECUTED_OBSERVATIONS
NREQ-5f9aa84ccae751c1692f148708a9288c	14.6	1109	IMPLEMENTED_UNPROVEN	CURRENT_REVIEWED_DESIGN_REQUIRES_EXECUTED_OBSERVATIONS
NREQ-e62887ec3aaf5cadb120405041cd899a	14.6	1111	IMPLEMENTED_UNPROVEN	NO_CURRENT_FULL_CLAUSE_DECLARATION; CANDIDATE_MAPPING_ONLY
NREQ-a362cf2e951dd4b21f36291bfa750432	14.6	1115	IMPLEMENTED_UNPROVEN	NO_CURRENT_FULL_CLAUSE_DECLARATION; CANDIDATE_MAPPING_ONLY
NREQ-7c240a34e3afc29379b0324fd736815d	14.6	1116	IMPLEMENTED_UNPROVEN	NO_CURRENT_FULL_CLAUSE_DECLARATION; CANDIDATE_MAPPING_ONLY
NREQ-9187118f7b09bef886f677cfc943c664	14.6	1117	IMPLEMENTED_UNPROVEN	NO_CURRENT_FULL_CLAUSE_DECLARATION; CANDIDATE_MAPPING_ONLY
NREQ-e0ac2bdb6a34d7397fd795e2224f90ca	14.6	1118	IMPLEMENTED_UNPROVEN	NO_CURRENT_FULL_CLAUSE_DECLARATION; CANDIDATE_MAPPING_ONLY
NREQ-783bcf8809fe976e05fb69110a32c90b	14.6	1120	IMPLEMENTED_UNPROVEN	NO_CURRENT_FULL_CLAUSE_DECLARATION; CANDIDATE_MAPPING_ONLY
NREQ-8caea80433c88cddd5eecab0efc42360	14.7	1124	IMPLEMENTED_UNPROVEN	NO_CURRENT_FULL_CLAUSE_DECLARATION; CANDIDATE_MAPPING_ONLY
NREQ-6fccdd1c03a0fe75111f73e921dce8d0	14.7	1126	IMPLEMENTED_UNPROVEN	NO_CURRENT_FULL_CLAUSE_DECLARATION; CANDIDATE_MAPPING_ONLY
NREQ-fabbc9fbf2802e8fc4c9db3d10c587f8	14.7	1127	IMPLEMENTED_UNPROVEN	NO_CURRENT_FULL_CLAUSE_DECLARATION; CANDIDATE_MAPPING_ONLY
NREQ-ac853580300f62e4140e366d6fa9f53d	14.7	1128	IMPLEMENTED_UNPROVEN	NO_CURRENT_FULL_CLAUSE_DECLARATION; CANDIDATE_MAPPING_ONLY
NREQ-9a718bb1a6c0a5fb04d27edd996e842f	14.7	1129	IMPLEMENTED_UNPROVEN	NO_CURRENT_FULL_CLAUSE_DECLARATION; CANDIDATE_MAPPING_ONLY
NREQ-3c0f6b42ede279e17a266c9431d68569	14.7	1130	IMPLEMENTED_UNPROVEN	NO_CURRENT_FULL_CLAUSE_DECLARATION; CANDIDATE_MAPPING_ONLY
NREQ-bb2a33f05de61455954e34edd4ff4b3a	14.7	1131	IMPLEMENTED_UNPROVEN	NO_CURRENT_FULL_CLAUSE_DECLARATION; CANDIDATE_MAPPING_ONLY
NREQ-0eccbe761ebf8940ea19e758e27b8a61	14.7	1132	IMPLEMENTED_UNPROVEN	NO_CURRENT_FULL_CLAUSE_DECLARATION; CANDIDATE_MAPPING_ONLY
NREQ-c02d5efc31db9c3fa5eae6c7e9e9a383	14.7	1133	IMPLEMENTED_UNPROVEN	NO_CURRENT_FULL_CLAUSE_DECLARATION; CANDIDATE_MAPPING_ONLY
NREQ-2432be4f5c6d59ead6e24096757f1908	14.7	1134	IMPLEMENTED_UNPROVEN	NO_CURRENT_FULL_CLAUSE_DECLARATION; CANDIDATE_MAPPING_ONLY
NREQ-604779f52c7f87af5bb005cc88fc1c2e	14.7	1135	IMPLEMENTED_UNPROVEN	NO_CURRENT_FULL_CLAUSE_DECLARATION; CANDIDATE_MAPPING_ONLY
NREQ-8f75bc6876e91116f8c42be6e029693a	14.7	1136	IMPLEMENTED_UNPROVEN	NO_CURRENT_FULL_CLAUSE_DECLARATION; CANDIDATE_MAPPING_ONLY
NREQ-3a337d9fa1fda1e097ed0d0bca4a0d75	14.7	1137	IMPLEMENTED_UNPROVEN	NO_CURRENT_FULL_CLAUSE_DECLARATION; CANDIDATE_MAPPING_ONLY
NREQ-3389188651d82c8186283e0cf311e97e	14.7	1138	IMPLEMENTED_UNPROVEN	NO_CURRENT_FULL_CLAUSE_DECLARATION; CANDIDATE_MAPPING_ONLY
NREQ-3375b4242c8394b99632a3c45303266d	14.7	1139	IMPLEMENTED_UNPROVEN	NO_CURRENT_FULL_CLAUSE_DECLARATION; CANDIDATE_MAPPING_ONLY
NREQ-db6565c1a64c4e5753ba1ec3b28c0676	14.7	1140	IMPLEMENTED_UNPROVEN	NO_CURRENT_FULL_CLAUSE_DECLARATION; CANDIDATE_MAPPING_ONLY
NREQ-890c834821ed933cb514c657694a6c89	14.7	1141	IMPLEMENTED_UNPROVEN	NO_CURRENT_FULL_CLAUSE_DECLARATION; CANDIDATE_MAPPING_ONLY
NREQ-d5006f79761bf9242fdd68420097d70c	14.7	1142	IMPLEMENTED_UNPROVEN	NO_CURRENT_FULL_CLAUSE_DECLARATION; CANDIDATE_MAPPING_ONLY
NREQ-dd1b8baa62e8efd2ca4f2f17749e34ed	14.7	1143	IMPLEMENTED_UNPROVEN	NO_CURRENT_FULL_CLAUSE_DECLARATION; CANDIDATE_MAPPING_ONLY
NREQ-0e558833c080b7e8b35ba87966a934ee	14.7	1144	IMPLEMENTED_UNPROVEN	NO_CURRENT_FULL_CLAUSE_DECLARATION; CANDIDATE_MAPPING_ONLY
NREQ-969a305d8cba17bc0cf5053e20910511	14.7	1145	IMPLEMENTED_UNPROVEN	NO_CURRENT_FULL_CLAUSE_DECLARATION; CANDIDATE_MAPPING_ONLY
NREQ-d8f130b0f046dbbfb0a33818b12b7996	14.7	1147	IMPLEMENTED_UNPROVEN	NO_CURRENT_FULL_CLAUSE_DECLARATION; CANDIDATE_MAPPING_ONLY
NREQ-3b145b2cd375fef8cbc4927ba8d6a97d	14.7	1149	IMPLEMENTED_UNPROVEN	NO_CURRENT_FULL_CLAUSE_DECLARATION; CANDIDATE_MAPPING_ONLY
NREQ-87ff012415b2bdd854c5865e3619691c	14.8	1153	IMPLEMENTED_UNPROVEN	NO_CURRENT_FULL_CLAUSE_DECLARATION; CANDIDATE_MAPPING_ONLY
NREQ-d8aefefc587bc24578e77b141b99d408	14.8	1155	IMPLEMENTED_UNPROVEN	NO_CURRENT_FULL_CLAUSE_DECLARATION; CANDIDATE_MAPPING_ONLY
NREQ-eb53ff0efe7cbabdd3cbcde5d4d38806	14.8	1156	IMPLEMENTED_UNPROVEN	NO_CURRENT_FULL_CLAUSE_DECLARATION; CANDIDATE_MAPPING_ONLY
NREQ-cb5de340ae09d8e6b1967ba1ad938474	14.8	1157	IMPLEMENTED_UNPROVEN	NO_CURRENT_FULL_CLAUSE_DECLARATION; CANDIDATE_MAPPING_ONLY
NREQ-9a6388b5598e2cc013cc45adf263da9b	14.8	1158	IMPLEMENTED_UNPROVEN	NO_CURRENT_FULL_CLAUSE_DECLARATION; CANDIDATE_MAPPING_ONLY
NREQ-7e8184135f02b2506542a2e27b82ea40	14.8	1160	IMPLEMENTED_UNPROVEN	NO_CURRENT_FULL_CLAUSE_DECLARATION; CANDIDATE_MAPPING_ONLY
NREQ-2eda4f41b65187dddb96d68135a7fe03	14.9	1164	IMPLEMENTED_UNPROVEN	NO_CURRENT_FULL_CLAUSE_DECLARATION; CANDIDATE_MAPPING_ONLY
NREQ-0a5586532096bb03cdac1adbf68b91be	14.10	1168	IMPLEMENTED_UNPROVEN	NO_CURRENT_FULL_CLAUSE_DECLARATION; CANDIDATE_MAPPING_ONLY
NREQ-3fb66bc9804ccbe18425f72ed108eb84	14.10	1170	UNKNOWN	NO_CURRENT_FULL_CLAUSE_DECLARATION; CANDIDATE_MAPPING_ONLY
NREQ-4a5e1f9b36618389f163dc85551633c5	15	1176	IMPLEMENTED_UNPROVEN	NO_CURRENT_FULL_CLAUSE_DECLARATION; CANDIDATE_MAPPING_ONLY
NREQ-baf1b69254fc22f7699d9d14486e8e78	15	1178	IMPLEMENTED_UNPROVEN	NO_CURRENT_FULL_CLAUSE_DECLARATION; CANDIDATE_MAPPING_ONLY
NREQ-54789b14fefc0d3bd85c0b32cda54926	15	1179	IMPLEMENTED_UNPROVEN	NO_CURRENT_FULL_CLAUSE_DECLARATION; CANDIDATE_MAPPING_ONLY
NREQ-f8a678e66c9f241c32db8ce3d47ea2e0	15	1180	IMPLEMENTED_UNPROVEN	NO_CURRENT_FULL_CLAUSE_DECLARATION; CANDIDATE_MAPPING_ONLY
NREQ-ca0d6e67118993e5a3445ef3d16db9ee	15	1181	IMPLEMENTED_UNPROVEN	NO_CURRENT_FULL_CLAUSE_DECLARATION; CANDIDATE_MAPPING_ONLY
NREQ-3a03c636827801463ba4b77fa0ddf9b2	15	1182	IMPLEMENTED_UNPROVEN	NO_CURRENT_FULL_CLAUSE_DECLARATION; CANDIDATE_MAPPING_ONLY
NREQ-594d49576b846434817f524dbc657a83	15	1183	IMPLEMENTED_UNPROVEN	NO_CURRENT_FULL_CLAUSE_DECLARATION; CANDIDATE_MAPPING_ONLY
NREQ-9480a9ae6253188507f70af2faaff937	15	1184	IMPLEMENTED_UNPROVEN	NO_CURRENT_FULL_CLAUSE_DECLARATION; CANDIDATE_MAPPING_ONLY
NREQ-6f91cc7a23775eb3e568517b82e44acb	15	1185	IMPLEMENTED_UNPROVEN	NO_CURRENT_FULL_CLAUSE_DECLARATION; CANDIDATE_MAPPING_ONLY
NREQ-9d73260bbe94bf9197b2f1a030069c8a	15	1186	IMPLEMENTED_UNPROVEN	NO_CURRENT_FULL_CLAUSE_DECLARATION; CANDIDATE_MAPPING_ONLY
NREQ-73467c3039bff55439056478573ac388	15	1187	IMPLEMENTED_UNPROVEN	NO_CURRENT_FULL_CLAUSE_DECLARATION; CANDIDATE_MAPPING_ONLY
NREQ-f45f0a2f064c45227a63272c0b91e1c6	15	1188	IMPLEMENTED_UNPROVEN	NO_CURRENT_FULL_CLAUSE_DECLARATION; CANDIDATE_MAPPING_ONLY
NREQ-62c0dcf288f9c8d3eac8a7c8e67b770c	15	1189	IMPLEMENTED_UNPROVEN	NO_CURRENT_FULL_CLAUSE_DECLARATION; CANDIDATE_MAPPING_ONLY
NREQ-ce78ae70266193d0e43b0d5cb6731b33	15	1190	IMPLEMENTED_UNPROVEN	NO_CURRENT_FULL_CLAUSE_DECLARATION; CANDIDATE_MAPPING_ONLY
NREQ-7bcbaf802c8340be8fcf1e0ab222de65	15	1191	IMPLEMENTED_UNPROVEN	NO_CURRENT_FULL_CLAUSE_DECLARATION; CANDIDATE_MAPPING_ONLY
NREQ-f54d423061927a1a1cf8a1cdf89fa43d	15	1192	IMPLEMENTED_UNPROVEN	NO_CURRENT_FULL_CLAUSE_DECLARATION; CANDIDATE_MAPPING_ONLY
NREQ-eea4ee60d3ac4dd8baf39b7c0aca7acb	15	1193	IMPLEMENTED_UNPROVEN	NO_CURRENT_FULL_CLAUSE_DECLARATION; CANDIDATE_MAPPING_ONLY
NREQ-98eb725cbc63b9642aabcaee5c7145dc	15	1194	IMPLEMENTED_UNPROVEN	NO_CURRENT_FULL_CLAUSE_DECLARATION; CANDIDATE_MAPPING_ONLY
NREQ-4013909e8c35f5060b5c79120ce910d1	15	1195	IMPLEMENTED_UNPROVEN	NO_CURRENT_FULL_CLAUSE_DECLARATION; CANDIDATE_MAPPING_ONLY
NREQ-eca82a5f1a01f60f185677064c63c8fb	15	1196	IMPLEMENTED_UNPROVEN	NO_CURRENT_FULL_CLAUSE_DECLARATION; CANDIDATE_MAPPING_ONLY
NREQ-d9fc8de34e13c18d11889dce353d4ae4	15	1197	IMPLEMENTED_UNPROVEN	NO_CURRENT_FULL_CLAUSE_DECLARATION; CANDIDATE_MAPPING_ONLY
NREQ-f157a890f5b03c867f671a787baa1f51	15	1198	IMPLEMENTED_UNPROVEN	NO_CURRENT_FULL_CLAUSE_DECLARATION; CANDIDATE_MAPPING_ONLY
NREQ-0567566e174f36595f4d60263a4403a6	15	1199	IMPLEMENTED_UNPROVEN	NO_CURRENT_FULL_CLAUSE_DECLARATION; CANDIDATE_MAPPING_ONLY
NREQ-5d294592d36b45548cdd74f5542c4bfa	15	1200	IMPLEMENTED_UNPROVEN	NO_CURRENT_FULL_CLAUSE_DECLARATION; CANDIDATE_MAPPING_ONLY
NREQ-cfe7536adc88904a3511aa312af0c0c1	15	1201	IMPLEMENTED_UNPROVEN	NO_CURRENT_FULL_CLAUSE_DECLARATION; CANDIDATE_MAPPING_ONLY
NREQ-6da5773f89440aa1a1e8509316ca43ad	15	1202	IMPLEMENTED_UNPROVEN	NO_CURRENT_FULL_CLAUSE_DECLARATION; CANDIDATE_MAPPING_ONLY
NREQ-aca25108369771ba0ea3db6db390ea65	15	1203	IMPLEMENTED_UNPROVEN	NO_CURRENT_FULL_CLAUSE_DECLARATION; CANDIDATE_MAPPING_ONLY
NREQ-0c7a8c0df777ffacf72cc6c1fcf3d503	15	1204	IMPLEMENTED_UNPROVEN	NO_CURRENT_FULL_CLAUSE_DECLARATION; CANDIDATE_MAPPING_ONLY
NREQ-bcc0d9b59c32eafdb5ac35ad78d71eb5	15	1205	IMPLEMENTED_UNPROVEN	NO_CURRENT_FULL_CLAUSE_DECLARATION; CANDIDATE_MAPPING_ONLY
NREQ-bba8589485ca9ff128c806f31e6b2114	15	1206	IMPLEMENTED_UNPROVEN	NO_CURRENT_FULL_CLAUSE_DECLARATION; CANDIDATE_MAPPING_ONLY
NREQ-39a60fb0e0ff887c556c61ecc6d7b0fc	15	1207	IMPLEMENTED_UNPROVEN	NO_CURRENT_FULL_CLAUSE_DECLARATION; CANDIDATE_MAPPING_ONLY
NREQ-9a9e4fac6eee25a3c0265cdd8fefc129	15	1208	IMPLEMENTED_UNPROVEN	NO_CURRENT_FULL_CLAUSE_DECLARATION; CANDIDATE_MAPPING_ONLY
NREQ-28e1f84ea52ab56720a9338155a3abc5	15	1209	IMPLEMENTED_UNPROVEN	NO_CURRENT_FULL_CLAUSE_DECLARATION; CANDIDATE_MAPPING_ONLY
NREQ-4586089e8aae2ca6fb7b93eec52b037b	15	1210	IMPLEMENTED_UNPROVEN	NO_CURRENT_FULL_CLAUSE_DECLARATION; CANDIDATE_MAPPING_ONLY
NREQ-9efd180fd74037de9e406563760c0e3d	15	1211	IMPLEMENTED_UNPROVEN	NO_CURRENT_FULL_CLAUSE_DECLARATION; CANDIDATE_MAPPING_ONLY
NREQ-5ebcec84609b6f55d7f80d0de3756d2c	15	1212	IMPLEMENTED_UNPROVEN	NO_CURRENT_FULL_CLAUSE_DECLARATION; CANDIDATE_MAPPING_ONLY
NREQ-6bc2da25d930c9d4eed1f87453b70a0f	15	1213	IMPLEMENTED_UNPROVEN	NO_CURRENT_FULL_CLAUSE_DECLARATION; CANDIDATE_MAPPING_ONLY
NREQ-0fba01b31c4603ba32f3de6e098f2a3b	15	1214	IMPLEMENTED_UNPROVEN	NO_CURRENT_FULL_CLAUSE_DECLARATION; CANDIDATE_MAPPING_ONLY
NREQ-66a289007955604ad7c47483f0930d40	15	1215	IMPLEMENTED_UNPROVEN	NO_CURRENT_FULL_CLAUSE_DECLARATION; CANDIDATE_MAPPING_ONLY
NREQ-0400dc6ad06dac75b26194300ef3ebb7	15	1216	IMPLEMENTED_UNPROVEN	NO_CURRENT_FULL_CLAUSE_DECLARATION; CANDIDATE_MAPPING_ONLY
NREQ-a74991cc605e4280dad03df12b438a83	15	1217	IMPLEMENTED_UNPROVEN	NO_CURRENT_FULL_CLAUSE_DECLARATION; CANDIDATE_MAPPING_ONLY
NREQ-16fb71b20a4ce6627e03b9ff9a038262	15	1218	IMPLEMENTED_UNPROVEN	NO_CURRENT_FULL_CLAUSE_DECLARATION; CANDIDATE_MAPPING_ONLY
NREQ-7eb20ec04dc0ac3bca786dee5432f7ac	15	1219	IMPLEMENTED_UNPROVEN	NO_CURRENT_FULL_CLAUSE_DECLARATION; CANDIDATE_MAPPING_ONLY
NREQ-b746d4c4d408a6c11dce5dfae0597bf2	15	1220	IMPLEMENTED_UNPROVEN	NO_CURRENT_FULL_CLAUSE_DECLARATION; CANDIDATE_MAPPING_ONLY
NREQ-5f11bbc58ebeb66ee9ecd523b055f94a	15	1221	IMPLEMENTED_UNPROVEN	NO_CURRENT_FULL_CLAUSE_DECLARATION; CANDIDATE_MAPPING_ONLY
NREQ-f32b362ba53612731f089e701090181e	15	1224	IMPLEMENTED_UNPROVEN	NO_CURRENT_FULL_CLAUSE_DECLARATION; CANDIDATE_MAPPING_ONLY
NREQ-64a09e44573d3ab7d1fc67d6ccfc1c69	15	1225	IMPLEMENTED_UNPROVEN	NO_CURRENT_FULL_CLAUSE_DECLARATION; CANDIDATE_MAPPING_ONLY
NREQ-aa2230258b815ca58c0c4b84d552b817	15	1226	IMPLEMENTED_UNPROVEN	NO_CURRENT_FULL_CLAUSE_DECLARATION; CANDIDATE_MAPPING_ONLY
NREQ-78f236997fb2f7a53456adb56545b2a2	15	1227	IMPLEMENTED_UNPROVEN	NO_CURRENT_FULL_CLAUSE_DECLARATION; CANDIDATE_MAPPING_ONLY
NREQ-9df98b58511fa6836fbcd01a904aef9d	15	1228	IMPLEMENTED_UNPROVEN	NO_CURRENT_FULL_CLAUSE_DECLARATION; CANDIDATE_MAPPING_ONLY
NREQ-117c9e3a51ddff71d041b6bff2d13994	15	1229	IMPLEMENTED_UNPROVEN	NO_CURRENT_FULL_CLAUSE_DECLARATION; CANDIDATE_MAPPING_ONLY
NREQ-9ae072f0ec457694701fd988b7078773	15	1230	IMPLEMENTED_UNPROVEN	NO_CURRENT_FULL_CLAUSE_DECLARATION; CANDIDATE_MAPPING_ONLY
NREQ-d2f22ff5515714a97cd1452ded0de887	16	1236	UNKNOWN	NO_CURRENT_FULL_CLAUSE_DECLARATION; CANDIDATE_MAPPING_ONLY
NREQ-2e5d86d2654c14f64a9c182bef629769	16	1237	IMPLEMENTED_UNPROVEN	NO_CURRENT_FULL_CLAUSE_DECLARATION; CANDIDATE_MAPPING_ONLY
NREQ-5fb231e73e40d77328dfeec9fd4d0c0b	16	1238	IMPLEMENTED_UNPROVEN	NO_CURRENT_FULL_CLAUSE_DECLARATION; CANDIDATE_MAPPING_ONLY
NREQ-b767e2b3dccfbf88ecf6fef6266d52d7	16	1239	IMPLEMENTED_UNPROVEN	NO_CURRENT_FULL_CLAUSE_DECLARATION; CANDIDATE_MAPPING_ONLY
NREQ-d9bfa43ffadd2f49d20a5cd96840b477	16	1240	IMPLEMENTED_UNPROVEN	NO_CURRENT_FULL_CLAUSE_DECLARATION; CANDIDATE_MAPPING_ONLY
NREQ-248c0fb9f156ff83c34873828606a12f	16	1241	IMPLEMENTED_UNPROVEN	NO_CURRENT_FULL_CLAUSE_DECLARATION; CANDIDATE_MAPPING_ONLY
NREQ-c1ce2c6b4d7b6ce6670ee1be1b70dd1e	16	1242	IMPLEMENTED_UNPROVEN	NO_CURRENT_FULL_CLAUSE_DECLARATION; CANDIDATE_MAPPING_ONLY
NREQ-1400c377f2632f9a79c622c77969cccb	16	1243	IMPLEMENTED_UNPROVEN	NO_CURRENT_FULL_CLAUSE_DECLARATION; CANDIDATE_MAPPING_ONLY
NREQ-18817b09b1aa294d588ee65d51c63915	16	1244	IMPLEMENTED_UNPROVEN	NO_CURRENT_FULL_CLAUSE_DECLARATION; CANDIDATE_MAPPING_ONLY
NREQ-ba6fe236f3678526d16762eb4b0b5a02	16	1245	IMPLEMENTED_UNPROVEN	NO_CURRENT_FULL_CLAUSE_DECLARATION; CANDIDATE_MAPPING_ONLY
NREQ-871b8d81fb369e2d4a0a27aae442db65	16	1247	UNKNOWN	NO_CURRENT_FULL_CLAUSE_DECLARATION; CANDIDATE_MAPPING_ONLY
NREQ-f51a0017a91f4e4d58fbe6539c07ed77	16	1248	IMPLEMENTED_UNPROVEN	NO_CURRENT_FULL_CLAUSE_DECLARATION; CANDIDATE_MAPPING_ONLY
NREQ-dc207a5a2949020d0df41de3b9ae461a	16	1251	IMPLEMENTED_UNPROVEN	NO_CURRENT_FULL_CLAUSE_DECLARATION; CANDIDATE_MAPPING_ONLY
NREQ-aa0bc9b1d9709ffcf28f74b9a4b36e55	16	1252	IMPLEMENTED_UNPROVEN	NO_CURRENT_FULL_CLAUSE_DECLARATION; CANDIDATE_MAPPING_ONLY
NREQ-95c26b98ab31a152204d400b90706c96	16	1253	IMPLEMENTED_UNPROVEN	NO_CURRENT_FULL_CLAUSE_DECLARATION; CANDIDATE_MAPPING_ONLY
NREQ-878422f4e6f0be42c02b96edb160b998	16	1254	IMPLEMENTED_UNPROVEN	NO_CURRENT_FULL_CLAUSE_DECLARATION; CANDIDATE_MAPPING_ONLY
NREQ-06c36c6e96e2ad58c3feebc1bafab211	16	1255	IMPLEMENTED_UNPROVEN	NO_CURRENT_FULL_CLAUSE_DECLARATION; CANDIDATE_MAPPING_ONLY
NREQ-b037b2b6a4eab26bb00c0821b0a9e5b9	16	1256	IMPLEMENTED_UNPROVEN	NO_CURRENT_FULL_CLAUSE_DECLARATION; CANDIDATE_MAPPING_ONLY
NREQ-2c287c5709cf0c8736ba39df3037ef4f	16	1257	IMPLEMENTED_UNPROVEN	NO_CURRENT_FULL_CLAUSE_DECLARATION; CANDIDATE_MAPPING_ONLY
NREQ-19da09e43b9388b83ef34ad1b9eb3c8a	16	1258	IMPLEMENTED_UNPROVEN	NO_CURRENT_FULL_CLAUSE_DECLARATION; CANDIDATE_MAPPING_ONLY
NREQ-ef16ff865404ccc9d380f2faae984e4f	16	1259	IMPLEMENTED_UNPROVEN	NO_CURRENT_FULL_CLAUSE_DECLARATION; CANDIDATE_MAPPING_ONLY
NREQ-be219201fe12ef922c678c714af9ff5b	16	1260	IMPLEMENTED_UNPROVEN	NO_CURRENT_FULL_CLAUSE_DECLARATION; CANDIDATE_MAPPING_ONLY
NREQ-957ef8be7cbb57b08a61f038a800838a	16	1262	IMPLEMENTED_UNPROVEN	NO_CURRENT_FULL_CLAUSE_DECLARATION; CANDIDATE_MAPPING_ONLY
NREQ-b6c59f9417a6a40c7aee067b456a2a81	16	1263	IMPLEMENTED_UNPROVEN	NO_CURRENT_FULL_CLAUSE_DECLARATION; CANDIDATE_MAPPING_ONLY
NREQ-1b25964ca659327d24191510b245e7ec	16.1	1269	IMPLEMENTED_UNPROVEN	NO_CURRENT_FULL_CLAUSE_DECLARATION; CANDIDATE_MAPPING_ONLY
NREQ-11d63ed76830d3e08e4b2d44673fe212	16.1	1270	IMPLEMENTED_UNPROVEN	NO_CURRENT_FULL_CLAUSE_DECLARATION; CANDIDATE_MAPPING_ONLY
NREQ-ef0078c7b3377a489acdcdd4a3731669	16.1	1271	IMPLEMENTED_UNPROVEN	NO_CURRENT_FULL_CLAUSE_DECLARATION; CANDIDATE_MAPPING_ONLY
NREQ-9ac0d1ea13bf3666b9e027c65cd10756	16.1	1272	IMPLEMENTED_UNPROVEN	NO_CURRENT_FULL_CLAUSE_DECLARATION; CANDIDATE_MAPPING_ONLY
NREQ-e884eea4674ce893cb2aa062e22caaf6	16.1	1273	IMPLEMENTED_UNPROVEN	NO_CURRENT_FULL_CLAUSE_DECLARATION; CANDIDATE_MAPPING_ONLY
NREQ-e6833735de2b208cf0d6141212abd922	16.1	1274	IMPLEMENTED_UNPROVEN	NO_CURRENT_FULL_CLAUSE_DECLARATION; CANDIDATE_MAPPING_ONLY
NREQ-8fd9b9e97514c5eafc609fafed4e7ff1	16.1	1275	IMPLEMENTED_UNPROVEN	NO_CURRENT_FULL_CLAUSE_DECLARATION; CANDIDATE_MAPPING_ONLY
NREQ-c5a1fcaa9a3ae27294d96a9b8d81f3e9	16.1	1277	IMPLEMENTED_UNPROVEN	NO_CURRENT_FULL_CLAUSE_DECLARATION; CANDIDATE_MAPPING_ONLY
NREQ-0cdd16eab673f9f947badd22aadb36f8	16.1	1279	IMPLEMENTED_UNPROVEN	NO_CURRENT_FULL_CLAUSE_DECLARATION; CANDIDATE_MAPPING_ONLY
NREQ-6a142ca68ed12ae90fa26155eac94735	16.1	1281	IMPLEMENTED_UNPROVEN	NO_CURRENT_FULL_CLAUSE_DECLARATION; CANDIDATE_MAPPING_ONLY
NREQ-1aeb7dd8ae713edac9f8734b2c990510	16.2	1349	IMPLEMENTED_UNPROVEN	NO_CURRENT_FULL_CLAUSE_DECLARATION; CANDIDATE_MAPPING_ONLY
NREQ-f5b369e8736ca8921ac71524d7de2038	17.1	1357	IMPLEMENTED_UNPROVEN	NO_CURRENT_FULL_CLAUSE_DECLARATION; CANDIDATE_MAPPING_ONLY
NREQ-504c5e21f45759bff717ab8f79a36def	17.1	1359	IMPLEMENTED_UNPROVEN	NO_CURRENT_FULL_CLAUSE_DECLARATION; CANDIDATE_MAPPING_ONLY
NREQ-7005eb04ec2192459b2d00e048fd8f09	17.1	1360	IMPLEMENTED_UNPROVEN	NO_CURRENT_FULL_CLAUSE_DECLARATION; CANDIDATE_MAPPING_ONLY
NREQ-561746d592d4624ab910436632e1b924	17.1	1361	IMPLEMENTED_UNPROVEN	NO_CURRENT_FULL_CLAUSE_DECLARATION; CANDIDATE_MAPPING_ONLY
NREQ-e0d558d84e511c3d9a3987421f11e4c6	17.1	1362	IMPLEMENTED_UNPROVEN	NO_CURRENT_FULL_CLAUSE_DECLARATION; CANDIDATE_MAPPING_ONLY
NREQ-388afe70b22139aca5d7c8b3c2a24f69	17.1	1363	IMPLEMENTED_UNPROVEN	NO_CURRENT_FULL_CLAUSE_DECLARATION; CANDIDATE_MAPPING_ONLY
NREQ-4cc1ac2a643dcd8446535cf7d8b040e1	17.1	1364	IMPLEMENTED_UNPROVEN	NO_CURRENT_FULL_CLAUSE_DECLARATION; CANDIDATE_MAPPING_ONLY
NREQ-b38ce58df817bb0d7a9874e04514daab	17.1	1365	IMPLEMENTED_UNPROVEN	NO_CURRENT_FULL_CLAUSE_DECLARATION; CANDIDATE_MAPPING_ONLY
NREQ-46f811d10d0433817675640c21e0f1d2	17.1	1366	IMPLEMENTED_UNPROVEN	NO_CURRENT_FULL_CLAUSE_DECLARATION; CANDIDATE_MAPPING_ONLY
NREQ-b17f6362190c16fca8c63237123daf2f	17.1	1367	IMPLEMENTED_UNPROVEN	NO_CURRENT_FULL_CLAUSE_DECLARATION; CANDIDATE_MAPPING_ONLY
NREQ-ded4462b78a26ebdba3c3bbd47ba30aa	17.1	1368	IMPLEMENTED_UNPROVEN	NO_CURRENT_FULL_CLAUSE_DECLARATION; CANDIDATE_MAPPING_ONLY
NREQ-8094168278ab616ef9722bf3db4d6ea6	17.1	1369	IMPLEMENTED_UNPROVEN	NO_CURRENT_FULL_CLAUSE_DECLARATION; CANDIDATE_MAPPING_ONLY
NREQ-2fcd379d67cccca1abbda212bc63003b	17.1	1370	IMPLEMENTED_UNPROVEN	NO_CURRENT_FULL_CLAUSE_DECLARATION; CANDIDATE_MAPPING_ONLY
NREQ-8ae22eeb54a36a3eba235349aa45b14f	17.1	1371	IMPLEMENTED_UNPROVEN	NO_CURRENT_FULL_CLAUSE_DECLARATION; CANDIDATE_MAPPING_ONLY
NREQ-838d4d8d63004c774d73ffd4dbefd013	17.1	1372	IMPLEMENTED_UNPROVEN	NO_CURRENT_FULL_CLAUSE_DECLARATION; CANDIDATE_MAPPING_ONLY
NREQ-8f59c3b2cd7425009e3d828698db5e9a	17.1	1373	IMPLEMENTED_UNPROVEN	NO_CURRENT_FULL_CLAUSE_DECLARATION; CANDIDATE_MAPPING_ONLY
NREQ-007a837015a478286840d809cf516b9b	17.1	1374	IMPLEMENTED_UNPROVEN	NO_CURRENT_FULL_CLAUSE_DECLARATION; CANDIDATE_MAPPING_ONLY
NREQ-7ac31405156ae84da5c611eb1134613c	17.1	1375	IMPLEMENTED_UNPROVEN	NO_CURRENT_FULL_CLAUSE_DECLARATION; CANDIDATE_MAPPING_ONLY
NREQ-9bde9415174c61e106aff024bb3b9e86	17.1	1376	IMPLEMENTED_UNPROVEN	NO_CURRENT_FULL_CLAUSE_DECLARATION; CANDIDATE_MAPPING_ONLY
NREQ-06b05c761fa90e94092a5424904d3db8	17.1	1377	IMPLEMENTED_UNPROVEN	NO_CURRENT_FULL_CLAUSE_DECLARATION; CANDIDATE_MAPPING_ONLY
NREQ-44a405660064a23a7c7616b9f5e72d3e	17.1	1379	IMPLEMENTED_UNPROVEN	NO_CURRENT_FULL_CLAUSE_DECLARATION; CANDIDATE_MAPPING_ONLY
NREQ-3d970b189a73c621ac6387effb01b7fe	17.1	1381	IMPLEMENTED_UNPROVEN	NO_CURRENT_FULL_CLAUSE_DECLARATION; CANDIDATE_MAPPING_ONLY
NREQ-2878b5c42d5eeb7a9f6d60003b67be0b	17.2	1385	UNKNOWN	NO_CURRENT_FULL_CLAUSE_DECLARATION; CANDIDATE_MAPPING_ONLY
NREQ-6d49a2d63cd48a8528402548ef1470f0	17.2	1386	UNKNOWN	NO_CURRENT_FULL_CLAUSE_DECLARATION; CANDIDATE_MAPPING_ONLY
NREQ-ccb78c4c4d8b47fe77c627fa615b1005	17.2	1387	UNKNOWN	NO_CURRENT_FULL_CLAUSE_DECLARATION; CANDIDATE_MAPPING_ONLY
NREQ-9b3612c122fbc887c1e9d54bdd874da3	17.2	1388	UNKNOWN	NO_CURRENT_FULL_CLAUSE_DECLARATION; CANDIDATE_MAPPING_ONLY
NREQ-e6c8de9e56b2c12ba552d466ffcbd0e9	17.2	1390	UNKNOWN	NO_CURRENT_FULL_CLAUSE_DECLARATION; CANDIDATE_MAPPING_ONLY
NREQ-7f5716a50bee4ab4bfb086a6068a9362	17.3	1394	IMPLEMENTED_UNPROVEN	NO_CURRENT_FULL_CLAUSE_DECLARATION; CANDIDATE_MAPPING_ONLY
NREQ-59e4125750e21788536c2822af9ed849	17.3	1395	IMPLEMENTED_UNPROVEN	NO_CURRENT_FULL_CLAUSE_DECLARATION; CANDIDATE_MAPPING_ONLY
NREQ-e066644322457bf24eacbec22ee0f63d	17.3	1396	IMPLEMENTED_UNPROVEN	NO_CURRENT_FULL_CLAUSE_DECLARATION; CANDIDATE_MAPPING_ONLY
NREQ-2e626c9dd0e8b2af2c9a67332b359c00	17.3	1397	IMPLEMENTED_UNPROVEN	NO_CURRENT_FULL_CLAUSE_DECLARATION; CANDIDATE_MAPPING_ONLY
NREQ-1226edd4d8f335680edaf102c135b769	17.3	1398	IMPLEMENTED_UNPROVEN	NO_CURRENT_FULL_CLAUSE_DECLARATION; CANDIDATE_MAPPING_ONLY
NREQ-01010353b1bb55d7960e1f13d47789df	17.3	1400	UNKNOWN	NO_CURRENT_FULL_CLAUSE_DECLARATION; CANDIDATE_MAPPING_ONLY
NREQ-da98d0c9a96cde93959bce0d99a2f3e0	17.3	1401	UNKNOWN	NO_CURRENT_FULL_CLAUSE_DECLARATION; CANDIDATE_MAPPING_ONLY
NREQ-18e68abf726b08a110e0b3b61a1173f6	17.4	1403	IMPLEMENTED_UNPROVEN	REVIEWED_CONTEXT_LINKED_TO_MANDATORY_CLAUSES
NREQ-d6cda383f20022313b42975e825bdd70	17.4	1405	IMPLEMENTED_UNPROVEN	NO_CURRENT_FULL_CLAUSE_DECLARATION; CANDIDATE_MAPPING_ONLY
NREQ-25466da4cd6d5330a98e0301e71b5852	17.4	1406	IMPLEMENTED_UNPROVEN	NO_CURRENT_FULL_CLAUSE_DECLARATION; CANDIDATE_MAPPING_ONLY
NREQ-9d49dc099dd99cae5705bf9ba274a366	17.4	1407	IMPLEMENTED_UNPROVEN	NO_CURRENT_FULL_CLAUSE_DECLARATION; CANDIDATE_MAPPING_ONLY
NREQ-888299f5130d379b19b30946b84a4a0c	17.4	1409	IMPLEMENTED_UNPROVEN	NO_CURRENT_FULL_CLAUSE_DECLARATION; CANDIDATE_MAPPING_ONLY
NREQ-7f7162cb1c511471faea2e2c2c9ec9d1	17.4	1410	IMPLEMENTED_UNPROVEN	NO_CURRENT_FULL_CLAUSE_DECLARATION; CANDIDATE_MAPPING_ONLY
NREQ-c188d3af0dc80c45bb251fe42b9cd502	17.4	1411	IMPLEMENTED_UNPROVEN	NO_CURRENT_FULL_CLAUSE_DECLARATION; CANDIDATE_MAPPING_ONLY
NREQ-3c09015f54f5d2c1e55007185cef429c	17.4	1412	IMPLEMENTED_UNPROVEN	NO_CURRENT_FULL_CLAUSE_DECLARATION; CANDIDATE_MAPPING_ONLY
NREQ-1d8b4e80357f2a390679fcb268d7538b	17.4	1413	IMPLEMENTED_UNPROVEN	NO_CURRENT_FULL_CLAUSE_DECLARATION; CANDIDATE_MAPPING_ONLY
NREQ-ffb403fcc171db7693ec6de5688cf35c	17.4	1414	IMPLEMENTED_UNPROVEN	NO_CURRENT_FULL_CLAUSE_DECLARATION; CANDIDATE_MAPPING_ONLY
NREQ-b1e19db54095cd820118068c484544a0	17.4	1415	IMPLEMENTED_UNPROVEN	NO_CURRENT_FULL_CLAUSE_DECLARATION; CANDIDATE_MAPPING_ONLY
NREQ-7cdccfbcf696dbe0d6ef3e40515272a3	17.4	1417	IMPLEMENTED_UNPROVEN	NO_CURRENT_FULL_CLAUSE_DECLARATION; CANDIDATE_MAPPING_ONLY
NREQ-6c392009e2925e9e3e3baaf1e42cbc93	17.5	1419	IMPLEMENTED_UNPROVEN	REVIEWED_CONTEXT_LINKED_TO_MANDATORY_CLAUSES
NREQ-f3c76d5b2691175b5c4f18f5b12f2892	17.5	1421	IMPLEMENTED_UNPROVEN	NO_CURRENT_FULL_CLAUSE_DECLARATION; CANDIDATE_MAPPING_ONLY
NREQ-7a68fe07ee725cf205dd2102cd997b7f	17.5	1422	IMPLEMENTED_UNPROVEN	CURRENT_REVIEWED_DESIGN_REQUIRES_EXECUTED_OBSERVATIONS
NREQ-4bb86ccfacff0ea8bbbc59df67b0ca4f	17.5	1423	IMPLEMENTED_UNPROVEN	CURRENT_REVIEWED_DESIGN_REQUIRES_EXECUTED_OBSERVATIONS
NREQ-768d67996244254c83c0d11796f63912	17.5	1424	IMPLEMENTED_UNPROVEN	CURRENT_REVIEWED_DESIGN_REQUIRES_EXECUTED_OBSERVATIONS
NREQ-59d5854af99ac5a566eb61e978519b21	17.5	1425	IMPLEMENTED_UNPROVEN	CURRENT_REVIEWED_DESIGN_REQUIRES_EXECUTED_OBSERVATIONS
NREQ-75b670fc6ea047b7452b4148f12a30ba	17.5	1426	IMPLEMENTED_UNPROVEN	CURRENT_REVIEWED_DESIGN_REQUIRES_EXECUTED_OBSERVATIONS
NREQ-86651d173d1583e48cf6c03f9d486f4f	17.5	1427	IMPLEMENTED_UNPROVEN	CURRENT_REVIEWED_DESIGN_REQUIRES_EXECUTED_OBSERVATIONS
NREQ-1576e27fba46e1d68631bb2ade2e37f4	17.5	1428	IMPLEMENTED_UNPROVEN	CURRENT_REVIEWED_DESIGN_REQUIRES_EXECUTED_OBSERVATIONS
NREQ-5b036f8b1c0124cb731770c3e8d103f6	17.5	1429	IMPLEMENTED_UNPROVEN	NO_CURRENT_FULL_CLAUSE_DECLARATION; CANDIDATE_MAPPING_ONLY
NREQ-928a65a08b403be3edc8b160ef9cc53c	17.5	1430	IMPLEMENTED_UNPROVEN	CURRENT_REVIEWED_DESIGN_REQUIRES_EXECUTED_OBSERVATIONS
NREQ-cf25cf824db06866df51c0e538fcbc03	17.5	1431	IMPLEMENTED_UNPROVEN	CURRENT_REVIEWED_DESIGN_REQUIRES_EXECUTED_OBSERVATIONS
NREQ-41ab1c200b4ce5c9d1d96613a3e5b264	17.5	1432	IMPLEMENTED_UNPROVEN	CURRENT_REVIEWED_DESIGN_REQUIRES_EXECUTED_OBSERVATIONS
NREQ-0c973b955d61ee36887734df0ade5e69	17.5	1433	IMPLEMENTED_UNPROVEN	CURRENT_REVIEWED_DESIGN_REQUIRES_EXECUTED_OBSERVATIONS
NREQ-7801905b4b71b2b6605a2e7a117b5a39	17.5	1434	IMPLEMENTED_UNPROVEN	NO_CURRENT_FULL_CLAUSE_DECLARATION; CANDIDATE_MAPPING_ONLY
NREQ-971af7158d193e9b1d780c13b6c8e0ec	17.5	1435	IMPLEMENTED_UNPROVEN	CURRENT_REVIEWED_DESIGN_REQUIRES_EXECUTED_OBSERVATIONS
NREQ-360281bfdd66bed29237ed7202962808	17.5	1436	IMPLEMENTED_UNPROVEN	CURRENT_REVIEWED_DESIGN_REQUIRES_EXECUTED_OBSERVATIONS
NREQ-a0db6ddcb33d9af123b08d4d481c8ebd	17.5	1437	IMPLEMENTED_UNPROVEN	CURRENT_REVIEWED_DESIGN_REQUIRES_EXECUTED_OBSERVATIONS
NREQ-baa1c33b2e2490264f91881b06ff9da8	17.5	1438	IMPLEMENTED_UNPROVEN	CURRENT_REVIEWED_DESIGN_REQUIRES_EXECUTED_OBSERVATIONS
NREQ-f1919b51ebfc8561d0140c02cbf08abd	17.5	1439	IMPLEMENTED_UNPROVEN	CURRENT_REVIEWED_DESIGN_REQUIRES_EXECUTED_OBSERVATIONS
NREQ-4b27c9f604f44c29404eacc12a59fd68	17.5	1440	IMPLEMENTED_UNPROVEN	CURRENT_REVIEWED_DESIGN_REQUIRES_EXECUTED_OBSERVATIONS
NREQ-71896faa31bc64e94d98bc976e1e6f1d	17.5	1441	IMPLEMENTED_UNPROVEN	CURRENT_REVIEWED_DESIGN_REQUIRES_EXECUTED_OBSERVATIONS
NREQ-78fef21919bbd7bb3bafba6f62210631	17.5	1442	IMPLEMENTED_UNPROVEN	CURRENT_REVIEWED_DESIGN_REQUIRES_EXECUTED_OBSERVATIONS
NREQ-72aa03a305fb8893a65d384f41d86aeb	17.5	1443	IMPLEMENTED_UNPROVEN	CURRENT_REVIEWED_DESIGN_REQUIRES_EXECUTED_OBSERVATIONS
NREQ-848909d4b95219bdb481803a4b1b91c2	17.5	1444	IMPLEMENTED_UNPROVEN	CURRENT_REVIEWED_DESIGN_REQUIRES_EXECUTED_OBSERVATIONS
NREQ-601ec85ffefcffd713520f4067f7529c	17.5	1445	IMPLEMENTED_UNPROVEN	CURRENT_REVIEWED_DESIGN_REQUIRES_EXECUTED_OBSERVATIONS
NREQ-c0080ab56f40757c88225dc35a1f98f0	17.5	1446	IMPLEMENTED_UNPROVEN	CURRENT_REVIEWED_DESIGN_REQUIRES_EXECUTED_OBSERVATIONS
NREQ-a42ec803577aa8ccbe176ed8e20a8595	17.5	1447	IMPLEMENTED_UNPROVEN	CURRENT_REVIEWED_DESIGN_REQUIRES_EXECUTED_OBSERVATIONS
NREQ-40932758a8de1112d37864c66d03b7ec	17.5	1448	IMPLEMENTED_UNPROVEN	NO_CURRENT_FULL_CLAUSE_DECLARATION; CANDIDATE_MAPPING_ONLY
NREQ-486b3d356d1077e6a811948127d14ba7	17.5	1449	IMPLEMENTED_UNPROVEN	NO_CURRENT_FULL_CLAUSE_DECLARATION; CANDIDATE_MAPPING_ONLY
NREQ-54108df4b15bc3d6ce28c364da7a1e13	17.5	1450	IMPLEMENTED_UNPROVEN	NO_CURRENT_FULL_CLAUSE_DECLARATION; CANDIDATE_MAPPING_ONLY
NREQ-e31de1f4a6adb627d3fa7d45227ddbe1	17.5	1451	IMPLEMENTED_UNPROVEN	NO_CURRENT_FULL_CLAUSE_DECLARATION; CANDIDATE_MAPPING_ONLY
NREQ-b49c0aa202067a0945396558f406da8f	17.5	1452	IMPLEMENTED_UNPROVEN	NO_CURRENT_FULL_CLAUSE_DECLARATION; CANDIDATE_MAPPING_ONLY
NREQ-24fe60f1ddbdb7d6000f2d412632c59e	17.5	1453	IMPLEMENTED_UNPROVEN	NO_CURRENT_FULL_CLAUSE_DECLARATION; CANDIDATE_MAPPING_ONLY
NREQ-868e5e73b07e9567fced3551a7d56f4c	17.5	1454	IMPLEMENTED_UNPROVEN	NO_CURRENT_FULL_CLAUSE_DECLARATION; CANDIDATE_MAPPING_ONLY
NREQ-e29bf18c009595a8c9baa1b69cf9553b	17.5	1455	IMPLEMENTED_UNPROVEN	NO_CURRENT_FULL_CLAUSE_DECLARATION; CANDIDATE_MAPPING_ONLY
NREQ-b0f4f864f29d0cf690bf77a61de23e7f	17.5	1456	IMPLEMENTED_UNPROVEN	NO_CURRENT_FULL_CLAUSE_DECLARATION; CANDIDATE_MAPPING_ONLY
NREQ-3f6701006df4cc58b9ba7f1517ce3bf3	17.5	1457	IMPLEMENTED_UNPROVEN	NO_CURRENT_FULL_CLAUSE_DECLARATION; CANDIDATE_MAPPING_ONLY
NREQ-ede6419426a3f688dbcf46e6dfc8d12e	17.5	1458	IMPLEMENTED_UNPROVEN	NO_CURRENT_FULL_CLAUSE_DECLARATION; CANDIDATE_MAPPING_ONLY
NREQ-328ebefaa24eb1da6db91df40d28d966	17.5	1459	IMPLEMENTED_UNPROVEN	NO_CURRENT_FULL_CLAUSE_DECLARATION; CANDIDATE_MAPPING_ONLY
NREQ-93413216c8a9cc3e1e90d5fd9d0af667	17.5	1460	IMPLEMENTED_UNPROVEN	NO_CURRENT_FULL_CLAUSE_DECLARATION; CANDIDATE_MAPPING_ONLY
NREQ-af6b630214fb99faca274e8224164e08	17.5	1461	IMPLEMENTED_UNPROVEN	NO_CURRENT_FULL_CLAUSE_DECLARATION; CANDIDATE_MAPPING_ONLY
NREQ-a89842cec1c88969cc385cc1a6d1a692	17.5	1462	IMPLEMENTED_UNPROVEN	NO_CURRENT_FULL_CLAUSE_DECLARATION; CANDIDATE_MAPPING_ONLY
NREQ-afb2b21e7693135305832cb0aebdb949	17.5	1463	IMPLEMENTED_UNPROVEN	NO_CURRENT_FULL_CLAUSE_DECLARATION; CANDIDATE_MAPPING_ONLY
NREQ-76b55d1511a0a1fba19b88285f5688b9	17.5	1464	IMPLEMENTED_UNPROVEN	NO_CURRENT_FULL_CLAUSE_DECLARATION; CANDIDATE_MAPPING_ONLY
NREQ-854980f4779b09d687e8afcbdca21e0a	17.5	1465	IMPLEMENTED_UNPROVEN	NO_CURRENT_FULL_CLAUSE_DECLARATION; CANDIDATE_MAPPING_ONLY
NREQ-fed0934c9dd78529763b76ab0c6bbb45	17.5	1466	IMPLEMENTED_UNPROVEN	NO_CURRENT_FULL_CLAUSE_DECLARATION; CANDIDATE_MAPPING_ONLY
NREQ-db323bde7e0221aefda260503f00a789	17.5	1467	IMPLEMENTED_UNPROVEN	NO_CURRENT_FULL_CLAUSE_DECLARATION; CANDIDATE_MAPPING_ONLY
NREQ-389282eb305cf75565f215bca2faba3c	17.5	1468	IMPLEMENTED_UNPROVEN	NO_CURRENT_FULL_CLAUSE_DECLARATION; CANDIDATE_MAPPING_ONLY
NREQ-619939ffcf80d0edf64dad83ac8787cc	17.5	1469	IMPLEMENTED_UNPROVEN	NO_CURRENT_FULL_CLAUSE_DECLARATION; CANDIDATE_MAPPING_ONLY
NREQ-6cfce256a9198eaf5d9fb27a84b6576c	17.5	1470	IMPLEMENTED_UNPROVEN	NO_CURRENT_FULL_CLAUSE_DECLARATION; CANDIDATE_MAPPING_ONLY
NREQ-7977073773748bf68300633e74e0aeac	17.5	1471	IMPLEMENTED_UNPROVEN	NO_CURRENT_FULL_CLAUSE_DECLARATION; CANDIDATE_MAPPING_ONLY
NREQ-7eb84037fed3455d846ff41687ecf413	17.5	1472	IMPLEMENTED_UNPROVEN	NO_CURRENT_FULL_CLAUSE_DECLARATION; CANDIDATE_MAPPING_ONLY
NREQ-5aa99fd396ab7664f0f1253a4837a0eb	17.5	1473	IMPLEMENTED_UNPROVEN	NO_CURRENT_FULL_CLAUSE_DECLARATION; CANDIDATE_MAPPING_ONLY
NREQ-9049f8d065edf3281d25cf8bbd8633ef	17.5	1474	IMPLEMENTED_UNPROVEN	NO_CURRENT_FULL_CLAUSE_DECLARATION; CANDIDATE_MAPPING_ONLY
NREQ-cab155315d09897bdd74ffaa1d25fef3	17.5	1475	IMPLEMENTED_UNPROVEN	NO_CURRENT_FULL_CLAUSE_DECLARATION; CANDIDATE_MAPPING_ONLY
NREQ-380b0c159331bf582641120660ce4100	17.5	1476	IMPLEMENTED_UNPROVEN	NO_CURRENT_FULL_CLAUSE_DECLARATION; CANDIDATE_MAPPING_ONLY
NREQ-3335f9d07c9a41c2b25f1a30e7a70752	17.5	1477	IMPLEMENTED_UNPROVEN	NO_CURRENT_FULL_CLAUSE_DECLARATION; CANDIDATE_MAPPING_ONLY
NREQ-9a7e40ba9d7634df7bf25ea02185e86f	17.5	1478	IMPLEMENTED_UNPROVEN	NO_CURRENT_FULL_CLAUSE_DECLARATION; CANDIDATE_MAPPING_ONLY
NREQ-987c2b9bb0bc3c1575c5f109421bbcaf	17.5	1480	UNKNOWN	NO_CURRENT_FULL_CLAUSE_DECLARATION; CANDIDATE_MAPPING_ONLY
NREQ-095d1c3d68c0301f24eeb229a8a5b344	17.6	1484	UNKNOWN	NO_CURRENT_FULL_CLAUSE_DECLARATION; CANDIDATE_MAPPING_ONLY
NREQ-f5d29b007a8bbfb3aefd35df6250556f	17.6	1487	IMPLEMENTED_UNPROVEN	NO_CURRENT_FULL_CLAUSE_DECLARATION; CANDIDATE_MAPPING_ONLY
NREQ-482d1dade304bfeb8ab5bdd67db60db4	17.6	1488	IMPLEMENTED_UNPROVEN	NO_CURRENT_FULL_CLAUSE_DECLARATION; CANDIDATE_MAPPING_ONLY
NREQ-ae08af6116ed239c339339292128be4c	17.6	1489	IMPLEMENTED_UNPROVEN	NO_CURRENT_FULL_CLAUSE_DECLARATION; CANDIDATE_MAPPING_ONLY
NREQ-45544bcb4c30339899fe4199879fa5e0	17.6	1490	IMPLEMENTED_UNPROVEN	NO_CURRENT_FULL_CLAUSE_DECLARATION; CANDIDATE_MAPPING_ONLY
NREQ-6c677c004ed9f78a3c47cc2368b3b7cb	17.6	1491	IMPLEMENTED_UNPROVEN	NO_CURRENT_FULL_CLAUSE_DECLARATION; CANDIDATE_MAPPING_ONLY
NREQ-42622c5f4d4a71e2d96e2f306b24e220	17.6	1492	IMPLEMENTED_UNPROVEN	NO_CURRENT_FULL_CLAUSE_DECLARATION; CANDIDATE_MAPPING_ONLY
NREQ-954f139348c4caf97da03020b204efeb	17.6	1495	IMPLEMENTED_UNPROVEN	NO_CURRENT_FULL_CLAUSE_DECLARATION; CANDIDATE_MAPPING_ONLY
NREQ-509a0f6d106fade3e430e5285aaef925	17.6	1496	IMPLEMENTED_UNPROVEN	NO_CURRENT_FULL_CLAUSE_DECLARATION; CANDIDATE_MAPPING_ONLY
NREQ-8fe1bfd0e1bd9dcfb906edb36f78c438	17.6	1497	IMPLEMENTED_UNPROVEN	NO_CURRENT_FULL_CLAUSE_DECLARATION; CANDIDATE_MAPPING_ONLY
NREQ-b8561486350c0112370048374313fcfe	17.6	1498	IMPLEMENTED_UNPROVEN	NO_CURRENT_FULL_CLAUSE_DECLARATION; CANDIDATE_MAPPING_ONLY
NREQ-93c729b33968386453af5250e15f4ba6	17.6	1499	IMPLEMENTED_UNPROVEN	NO_CURRENT_FULL_CLAUSE_DECLARATION; CANDIDATE_MAPPING_ONLY
NREQ-8c446bb0f81585af8291c866b1d2ef37	17.6	1502	IMPLEMENTED_UNPROVEN	NO_CURRENT_FULL_CLAUSE_DECLARATION; CANDIDATE_MAPPING_ONLY
NREQ-d6be21916e3d29c42922719f2b17f4de	17.6	1503	IMPLEMENTED_UNPROVEN	NO_CURRENT_FULL_CLAUSE_DECLARATION; CANDIDATE_MAPPING_ONLY
NREQ-2fe2dbb65f0574ac88c12a60d4b27255	17.6	1504	IMPLEMENTED_UNPROVEN	NO_CURRENT_FULL_CLAUSE_DECLARATION; CANDIDATE_MAPPING_ONLY
NREQ-ad9a1721832ec7f40d71bd75bd8a7b8b	17.6	1505	IMPLEMENTED_UNPROVEN	NO_CURRENT_FULL_CLAUSE_DECLARATION; CANDIDATE_MAPPING_ONLY
NREQ-b701cf752c24ee8fd980f3bc330a4f45	17.6	1506	IMPLEMENTED_UNPROVEN	NO_CURRENT_FULL_CLAUSE_DECLARATION; CANDIDATE_MAPPING_ONLY
NREQ-d35e583b34fa30f78654283034f507e7	17.6	1507	IMPLEMENTED_UNPROVEN	NO_CURRENT_FULL_CLAUSE_DECLARATION; CANDIDATE_MAPPING_ONLY
NREQ-d0001a2f5206a23698c15e33973c7be5	17.6	1509	IMPLEMENTED_UNPROVEN	NO_CURRENT_FULL_CLAUSE_DECLARATION; CANDIDATE_MAPPING_ONLY
NREQ-eedebbb62445bc357690265d3dad39c0	17.7	1514	IMPLEMENTED_UNPROVEN	NO_CURRENT_FULL_CLAUSE_DECLARATION; CANDIDATE_MAPPING_ONLY
NREQ-5587097e6f38c4ebd63b45acc53049e4	17.7	1515	IMPLEMENTED_UNPROVEN	NO_CURRENT_FULL_CLAUSE_DECLARATION; CANDIDATE_MAPPING_ONLY
NREQ-92c98d337503cc6833f7b34b896afa00	17.7	1516	IMPLEMENTED_UNPROVEN	NO_CURRENT_FULL_CLAUSE_DECLARATION; CANDIDATE_MAPPING_ONLY
NREQ-53cba25ed9217f0e73651fa2c61364a5	17.7	1517	IMPLEMENTED_UNPROVEN	NO_CURRENT_FULL_CLAUSE_DECLARATION; CANDIDATE_MAPPING_ONLY
NREQ-cfeded273e1987e645c09660471cfc82	17.7	1518	IMPLEMENTED_UNPROVEN	NO_CURRENT_FULL_CLAUSE_DECLARATION; CANDIDATE_MAPPING_ONLY
NREQ-f7b3a80b5425f8b433b87f872c96c45e	17.7	1519	IMPLEMENTED_UNPROVEN	NO_CURRENT_FULL_CLAUSE_DECLARATION; CANDIDATE_MAPPING_ONLY
NREQ-b2e5de17c6bcaec94e69e93d4caf51de	17.7	1520	IMPLEMENTED_UNPROVEN	NO_CURRENT_FULL_CLAUSE_DECLARATION; CANDIDATE_MAPPING_ONLY
NREQ-aa69ede64e4ec4dd91561d63d9c4fa52	17.7	1521	IMPLEMENTED_UNPROVEN	NO_CURRENT_FULL_CLAUSE_DECLARATION; CANDIDATE_MAPPING_ONLY
NREQ-b0bca81e89ab8b247b9d9cffdb60b0ba	17.7	1522	IMPLEMENTED_UNPROVEN	NO_CURRENT_FULL_CLAUSE_DECLARATION; CANDIDATE_MAPPING_ONLY
NREQ-a946d4c1b38c7a4d5adbab21563ff2b5	17.7	1523	IMPLEMENTED_UNPROVEN	NO_CURRENT_FULL_CLAUSE_DECLARATION; CANDIDATE_MAPPING_ONLY
NREQ-d0198bbb827a10ee577feb78634e3866	17.7	1525	IMPLEMENTED_UNPROVEN	NO_CURRENT_FULL_CLAUSE_DECLARATION; CANDIDATE_MAPPING_ONLY
NREQ-fdd7816da509684a1c111a399187bb62	17.7	1526	IMPLEMENTED_UNPROVEN	NO_CURRENT_FULL_CLAUSE_DECLARATION; CANDIDATE_MAPPING_ONLY
NREQ-48711e553b4aa28506c32461308ed2c0	17.8	1531	IMPLEMENTED_UNPROVEN	NO_CURRENT_FULL_CLAUSE_DECLARATION; CANDIDATE_MAPPING_ONLY
NREQ-0502f55f099b025d348899755d3d141a	17.8	1532	IMPLEMENTED_UNPROVEN	NO_CURRENT_FULL_CLAUSE_DECLARATION; CANDIDATE_MAPPING_ONLY
NREQ-d051d9c78681d44e73e7645d20ecfee0	17.8	1533	IMPLEMENTED_UNPROVEN	NO_CURRENT_FULL_CLAUSE_DECLARATION; CANDIDATE_MAPPING_ONLY
NREQ-7666c815549ab0a26a5c574867b40653	17.8	1534	IMPLEMENTED_UNPROVEN	NO_CURRENT_FULL_CLAUSE_DECLARATION; CANDIDATE_MAPPING_ONLY
NREQ-bdb725b91eb0fd80d51dc263716c8554	17.8	1535	IMPLEMENTED_UNPROVEN	NO_CURRENT_FULL_CLAUSE_DECLARATION; CANDIDATE_MAPPING_ONLY
NREQ-b989b9415d494469b8c61ebaded3c551	17.8	1536	IMPLEMENTED_UNPROVEN	NO_CURRENT_FULL_CLAUSE_DECLARATION; CANDIDATE_MAPPING_ONLY
NREQ-a8717c27f36b733847861909b7031e0f	17.8	1537	IMPLEMENTED_UNPROVEN	NO_CURRENT_FULL_CLAUSE_DECLARATION; CANDIDATE_MAPPING_ONLY
NREQ-ec31429715c4e3449eeb92f87f6ece09	17.8	1538	IMPLEMENTED_UNPROVEN	NO_CURRENT_FULL_CLAUSE_DECLARATION; CANDIDATE_MAPPING_ONLY
NREQ-ce40da27d22a736c7216f8257dff0443	17.8	1539	IMPLEMENTED_UNPROVEN	NO_CURRENT_FULL_CLAUSE_DECLARATION; CANDIDATE_MAPPING_ONLY
NREQ-9f259260233cb2a01cfc0dac112bdd5f	17.8	1540	IMPLEMENTED_UNPROVEN	NO_CURRENT_FULL_CLAUSE_DECLARATION; CANDIDATE_MAPPING_ONLY
NREQ-da9b4a8c308ce418023f9db05c0ba18b	17.8	1541	IMPLEMENTED_UNPROVEN	NO_CURRENT_FULL_CLAUSE_DECLARATION; CANDIDATE_MAPPING_ONLY
NREQ-2fac061c96079b65b49793c755fb3ec1	17.8	1542	IMPLEMENTED_UNPROVEN	NO_CURRENT_FULL_CLAUSE_DECLARATION; CANDIDATE_MAPPING_ONLY
NREQ-c60c40d05105dd4f064c73285c4479f4	17.8	1543	IMPLEMENTED_UNPROVEN	NO_CURRENT_FULL_CLAUSE_DECLARATION; CANDIDATE_MAPPING_ONLY
NREQ-563b4016f8365ab3857b096cf188b51f	17.8	1544	IMPLEMENTED_UNPROVEN	NO_CURRENT_FULL_CLAUSE_DECLARATION; CANDIDATE_MAPPING_ONLY
NREQ-33fd81f5ac0ff9fd353b5260954325f3	17.8	1545	IMPLEMENTED_UNPROVEN	NO_CURRENT_FULL_CLAUSE_DECLARATION; CANDIDATE_MAPPING_ONLY
NREQ-265f34bffb16c82f64a127aa91decbcf	17.8	1546	IMPLEMENTED_UNPROVEN	NO_CURRENT_FULL_CLAUSE_DECLARATION; CANDIDATE_MAPPING_ONLY
NREQ-191ba6e58e608565554888fdc4765d70	17.8	1547	IMPLEMENTED_UNPROVEN	NO_CURRENT_FULL_CLAUSE_DECLARATION; CANDIDATE_MAPPING_ONLY
NREQ-390ea2e041fbcedb4b98dcc1635f569f	17.8	1548	IMPLEMENTED_UNPROVEN	NO_CURRENT_FULL_CLAUSE_DECLARATION; CANDIDATE_MAPPING_ONLY
NREQ-712ff0ede17c6a6ffed51aefb8318cd2	17.8	1549	IMPLEMENTED_UNPROVEN	NO_CURRENT_FULL_CLAUSE_DECLARATION; CANDIDATE_MAPPING_ONLY
NREQ-850c91720f23f1841c98cde9107cd4cf	17.8	1550	IMPLEMENTED_UNPROVEN	NO_CURRENT_FULL_CLAUSE_DECLARATION; CANDIDATE_MAPPING_ONLY
NREQ-6c5270c0eb4e007a6444566dc5c3a3e6	17.8	1551	IMPLEMENTED_UNPROVEN	NO_CURRENT_FULL_CLAUSE_DECLARATION; CANDIDATE_MAPPING_ONLY
NREQ-e02247bbfe98afa40dbb306adb462a63	17.8	1553	UNKNOWN	NO_CURRENT_FULL_CLAUSE_DECLARATION; CANDIDATE_MAPPING_ONLY
NREQ-e37f9f88045a9ddc9b4bbce14447f614	17.9	1557	IMPLEMENTED_UNPROVEN	NO_CURRENT_FULL_CLAUSE_DECLARATION; CANDIDATE_MAPPING_ONLY
NREQ-fc73ddc3ba9934e2d605107adca72254	17.10	1561	IMPLEMENTED_UNPROVEN	NO_CURRENT_FULL_CLAUSE_DECLARATION; CANDIDATE_MAPPING_ONLY
NREQ-51e872a7a046be9eeb955e757448b228	17.10	1563	IMPLEMENTED_UNPROVEN	NO_CURRENT_FULL_CLAUSE_DECLARATION; CANDIDATE_MAPPING_ONLY
NREQ-f6e8e2634e9c74e49758b7cd3894f65f	17.11	1567	IMPLEMENTED_UNPROVEN	NO_CURRENT_FULL_CLAUSE_DECLARATION; CANDIDATE_MAPPING_ONLY
NREQ-da3ad62643d2f4839e89504f38345c21	17.11	1569	IMPLEMENTED_UNPROVEN	NO_CURRENT_FULL_CLAUSE_DECLARATION; CANDIDATE_MAPPING_ONLY
NREQ-60165079bdb947ad00ffc25531580114	17.11	1571	UNKNOWN	NO_CURRENT_FULL_CLAUSE_DECLARATION; CANDIDATE_MAPPING_ONLY
NREQ-5fd38e249cabfceace66e3488d9bef39	17.12	1575	IMPLEMENTED_UNPROVEN	NO_CURRENT_FULL_CLAUSE_DECLARATION; CANDIDATE_MAPPING_ONLY
NREQ-be8170916c23d867812a1a5aeef1bcc0	17.12	1576	IMPLEMENTED_UNPROVEN	NO_CURRENT_FULL_CLAUSE_DECLARATION; CANDIDATE_MAPPING_ONLY
NREQ-3384d47694115cfdcaccafeda15e4aa9	17.12	1577	IMPLEMENTED_UNPROVEN	NO_CURRENT_FULL_CLAUSE_DECLARATION; CANDIDATE_MAPPING_ONLY
NREQ-aacd65892b3a5265252f8af8035bea8f	17.12	1579	IMPLEMENTED_UNPROVEN	NO_CURRENT_FULL_CLAUSE_DECLARATION; CANDIDATE_MAPPING_ONLY
NREQ-73afe4db9cec4f6aa0fcf61dafb1ca88	18	1585	UNKNOWN	NO_CURRENT_FULL_CLAUSE_DECLARATION; CANDIDATE_MAPPING_ONLY
NREQ-6267763502fe7e50361cd4c0ff7040bd	18	1586	IMPLEMENTED_UNPROVEN	NO_CURRENT_FULL_CLAUSE_DECLARATION; CANDIDATE_MAPPING_ONLY
NREQ-62837ece61b4a46dbf80e04e00e83dad	18	1589	IMPLEMENTED_UNPROVEN	NO_CURRENT_FULL_CLAUSE_DECLARATION; CANDIDATE_MAPPING_ONLY
NREQ-7f157fcf83373b29aa568e6c3ddd2271	18	1590	IMPLEMENTED_UNPROVEN	NO_CURRENT_FULL_CLAUSE_DECLARATION; CANDIDATE_MAPPING_ONLY
NREQ-b94ce41b6f057578cbf8ed56def6e553	18	1591	IMPLEMENTED_UNPROVEN	NO_CURRENT_FULL_CLAUSE_DECLARATION; CANDIDATE_MAPPING_ONLY
NREQ-b12b7b3bc9ab5731910a7b8a17889a27	18	1592	IMPLEMENTED_UNPROVEN	NO_CURRENT_FULL_CLAUSE_DECLARATION; CANDIDATE_MAPPING_ONLY
NREQ-577e01b790b75e4ec4d2867a0b1ae8c4	18	1593	IMPLEMENTED_UNPROVEN	NO_CURRENT_FULL_CLAUSE_DECLARATION; CANDIDATE_MAPPING_ONLY
NREQ-717be09458259d445545795007d5d537	18	1595	UNKNOWN	NO_CURRENT_FULL_CLAUSE_DECLARATION; CANDIDATE_MAPPING_ONLY
NREQ-26987f8909e1e21f51bb8aec4ec11ad0	18	1598	IMPLEMENTED_UNPROVEN	NO_CURRENT_FULL_CLAUSE_DECLARATION; CANDIDATE_MAPPING_ONLY
NREQ-8900e52a626074896907f9d0c2c8be8b	18	1599	IMPLEMENTED_UNPROVEN	NO_CURRENT_FULL_CLAUSE_DECLARATION; CANDIDATE_MAPPING_ONLY
NREQ-b032cdec8584aa7b76379f953d42aee2	18	1600	IMPLEMENTED_UNPROVEN	NO_CURRENT_FULL_CLAUSE_DECLARATION; CANDIDATE_MAPPING_ONLY
NREQ-6b631c4f193de8592e2b5da6f4631019	18	1601	IMPLEMENTED_UNPROVEN	NO_CURRENT_FULL_CLAUSE_DECLARATION; CANDIDATE_MAPPING_ONLY
NREQ-d5c134c8ff6226d9d472296eae4bfe8d	18	1602	IMPLEMENTED_UNPROVEN	NO_CURRENT_FULL_CLAUSE_DECLARATION; CANDIDATE_MAPPING_ONLY
NREQ-7dbcda9e603095af06037a6357b1c970	18	1603	IMPLEMENTED_UNPROVEN	NO_CURRENT_FULL_CLAUSE_DECLARATION; CANDIDATE_MAPPING_ONLY
NREQ-c7fbc4d45f7faed49f52781959db1ec3	18	1604	IMPLEMENTED_UNPROVEN	NO_CURRENT_FULL_CLAUSE_DECLARATION; CANDIDATE_MAPPING_ONLY
NREQ-d00ca1959a2b73302966ff3eee6fd5f7	18	1605	IMPLEMENTED_UNPROVEN	NO_CURRENT_FULL_CLAUSE_DECLARATION; CANDIDATE_MAPPING_ONLY
NREQ-021ff70d770881634d557bc66be43b78	18	1607	IMPLEMENTED_UNPROVEN	NO_CURRENT_FULL_CLAUSE_DECLARATION; CANDIDATE_MAPPING_ONLY
NREQ-c5e56cc45db68f18a1abb594bf5e2b6d	18	1609	IMPLEMENTED_UNPROVEN	NO_CURRENT_FULL_CLAUSE_DECLARATION; CANDIDATE_MAPPING_ONLY
NREQ-9f442e670af3790562c3ae3e432164b8	18	1610	IMPLEMENTED_UNPROVEN	NO_CURRENT_FULL_CLAUSE_DECLARATION; CANDIDATE_MAPPING_ONLY
NREQ-ee3f947ec306cd741afc4193391e5a9f	18	1611	IMPLEMENTED_UNPROVEN	NO_CURRENT_FULL_CLAUSE_DECLARATION; CANDIDATE_MAPPING_ONLY
NREQ-41b5179ad4607b16c2fe01766b6bd695	18	1612	IMPLEMENTED_UNPROVEN	NO_CURRENT_FULL_CLAUSE_DECLARATION; CANDIDATE_MAPPING_ONLY
NREQ-288a09a51e0d82dd2345b13b55fdc21d	18	1613	IMPLEMENTED_UNPROVEN	NO_CURRENT_FULL_CLAUSE_DECLARATION; CANDIDATE_MAPPING_ONLY
NREQ-bbbfc1960f9df0b3cc6c0df0c3d70a1a	18	1614	IMPLEMENTED_UNPROVEN	NO_CURRENT_FULL_CLAUSE_DECLARATION; CANDIDATE_MAPPING_ONLY
NREQ-3a6804aecbdff4da6052a717ff658007	18	1615	IMPLEMENTED_UNPROVEN	NO_CURRENT_FULL_CLAUSE_DECLARATION; CANDIDATE_MAPPING_ONLY
NREQ-29b2201dc5d00706278bc27c626759d1	18.1	1619	IMPLEMENTED_UNPROVEN	NO_CURRENT_FULL_CLAUSE_DECLARATION; CANDIDATE_MAPPING_ONLY
NREQ-7c2c80027cdb09d88bc78e790951ccf4	19.1	1627	UNKNOWN	NO_CURRENT_FULL_CLAUSE_DECLARATION; CANDIDATE_MAPPING_ONLY
NREQ-5c19486b5a635909c1a15f7e980ed47d	19.1	1628	UNKNOWN	NO_CURRENT_FULL_CLAUSE_DECLARATION; CANDIDATE_MAPPING_ONLY
NREQ-394e7c307a18028cf73081fb2e025ec8	19.1	1630	IMPLEMENTED_UNPROVEN	NO_CURRENT_FULL_CLAUSE_DECLARATION; CANDIDATE_MAPPING_ONLY
NREQ-ae8ac4951884c4e06554c4f558360423	19.1	1631	IMPLEMENTED_UNPROVEN	NO_CURRENT_FULL_CLAUSE_DECLARATION; CANDIDATE_MAPPING_ONLY
NREQ-d23f10992a06645b67d6bccb5d01c252	19.1	1632	IMPLEMENTED_UNPROVEN	NO_CURRENT_FULL_CLAUSE_DECLARATION; CANDIDATE_MAPPING_ONLY
NREQ-10a97183bd4a969f404d88def758f7d5	19.1	1633	IMPLEMENTED_UNPROVEN	NO_CURRENT_FULL_CLAUSE_DECLARATION; CANDIDATE_MAPPING_ONLY
NREQ-6df9c4d89eabcf2e23e0bbdd3350e693	19.1	1634	IMPLEMENTED_UNPROVEN	NO_CURRENT_FULL_CLAUSE_DECLARATION; CANDIDATE_MAPPING_ONLY
NREQ-55ac9f0d9d516f6cc67f16e626fa3649	19.1	1635	IMPLEMENTED_UNPROVEN	NO_CURRENT_FULL_CLAUSE_DECLARATION; CANDIDATE_MAPPING_ONLY
NREQ-11ad2b15a3cf7704d0da61a6c08593c9	19.2	1640	IMPLEMENTED_UNPROVEN	NO_CURRENT_FULL_CLAUSE_DECLARATION; CANDIDATE_MAPPING_ONLY
NREQ-75c15a9f025fa6d767df9ada715f1b44	19.2	1641	IMPLEMENTED_UNPROVEN	NO_CURRENT_FULL_CLAUSE_DECLARATION; CANDIDATE_MAPPING_ONLY
NREQ-4bdaed8086a96d1c18cfb68ce1f02e9a	19.2	1642	IMPLEMENTED_UNPROVEN	NO_CURRENT_FULL_CLAUSE_DECLARATION; CANDIDATE_MAPPING_ONLY
NREQ-b41a48ee7eda83367147f6bee57681e2	19.2	1643	IMPLEMENTED_UNPROVEN	NO_CURRENT_FULL_CLAUSE_DECLARATION; CANDIDATE_MAPPING_ONLY
NREQ-34ab7f8c947964c60575e6fb883db89b	19.2	1644	IMPLEMENTED_UNPROVEN	NO_CURRENT_FULL_CLAUSE_DECLARATION; CANDIDATE_MAPPING_ONLY
NREQ-8e1937dfbd00a2649d1d00aecaa7fe0e	19.2	1645	IMPLEMENTED_UNPROVEN	NO_CURRENT_FULL_CLAUSE_DECLARATION; CANDIDATE_MAPPING_ONLY
NREQ-26d761b12dfda9c5f201addea62a4e3b	19.2	1647	UNKNOWN	NO_CURRENT_FULL_CLAUSE_DECLARATION; CANDIDATE_MAPPING_ONLY
NREQ-b2a55c4ecb998c5be0931088c1da1397	19.3	1652	IMPLEMENTED_UNPROVEN	NO_CURRENT_FULL_CLAUSE_DECLARATION; CANDIDATE_MAPPING_ONLY
NREQ-e88a52eae80983f9d011ec1b3d4c5eff	19.3	1653	IMPLEMENTED_UNPROVEN	NO_CURRENT_FULL_CLAUSE_DECLARATION; CANDIDATE_MAPPING_ONLY
NREQ-99bf7f7afe5fcf3c6260d8bedabaea7a	19.3	1654	IMPLEMENTED_UNPROVEN	NO_CURRENT_FULL_CLAUSE_DECLARATION; CANDIDATE_MAPPING_ONLY
NREQ-894bf49ffe4f4fc96b545989d3df9969	19.3	1655	IMPLEMENTED_UNPROVEN	NO_CURRENT_FULL_CLAUSE_DECLARATION; CANDIDATE_MAPPING_ONLY
NREQ-f5165cd369fb27673638f70ea0c9d314	19.3	1656	IMPLEMENTED_UNPROVEN	NO_CURRENT_FULL_CLAUSE_DECLARATION; CANDIDATE_MAPPING_ONLY
NREQ-0b407704c6b296f1c28c8adc1f11eb9a	19.4	1661	IMPLEMENTED_UNPROVEN	NO_CURRENT_FULL_CLAUSE_DECLARATION; CANDIDATE_MAPPING_ONLY
NREQ-d987b14e7e3e64cf8dc80d4d4826fa5b	19.4	1662	IMPLEMENTED_UNPROVEN	NO_CURRENT_FULL_CLAUSE_DECLARATION; CANDIDATE_MAPPING_ONLY
NREQ-dcef75e4ef76fc0c3f82302472ccc689	19.4	1663	IMPLEMENTED_UNPROVEN	NO_CURRENT_FULL_CLAUSE_DECLARATION; CANDIDATE_MAPPING_ONLY
NREQ-3b3a4fdde03af85a1229ada6fa35a396	19.5	1668	IMPLEMENTED_UNPROVEN	NO_CURRENT_FULL_CLAUSE_DECLARATION; CANDIDATE_MAPPING_ONLY
NREQ-9a6b52d7a96bad5dc38d664887c4120b	19.5	1669	IMPLEMENTED_UNPROVEN	NO_CURRENT_FULL_CLAUSE_DECLARATION; CANDIDATE_MAPPING_ONLY
NREQ-1c8baeef313a79e6928679570c497d48	19.5	1670	IMPLEMENTED_UNPROVEN	NO_CURRENT_FULL_CLAUSE_DECLARATION; CANDIDATE_MAPPING_ONLY
NREQ-6a1cba0bffb66dd37d91503b29bc4cea	19.5	1671	IMPLEMENTED_UNPROVEN	NO_CURRENT_FULL_CLAUSE_DECLARATION; CANDIDATE_MAPPING_ONLY
NREQ-f07aa03d567c9484e69d5ea7ccc30925	19.5	1672	IMPLEMENTED_UNPROVEN	NO_CURRENT_FULL_CLAUSE_DECLARATION; CANDIDATE_MAPPING_ONLY
NREQ-679e2c5935365646b61c985465f31c04	19.5	1673	IMPLEMENTED_UNPROVEN	NO_CURRENT_FULL_CLAUSE_DECLARATION; CANDIDATE_MAPPING_ONLY
NREQ-cae549a6f4a8fe795f6051e6a1534b51	19.5	1674	IMPLEMENTED_UNPROVEN	NO_CURRENT_FULL_CLAUSE_DECLARATION; CANDIDATE_MAPPING_ONLY
NREQ-83c55e55dd96bc4b8c790bde83370d6f	19.5	1675	IMPLEMENTED_UNPROVEN	NO_CURRENT_FULL_CLAUSE_DECLARATION; CANDIDATE_MAPPING_ONLY
NREQ-71c13e8ba4e4a8050643dd3708c2fe61	19.5	1676	IMPLEMENTED_UNPROVEN	NO_CURRENT_FULL_CLAUSE_DECLARATION; CANDIDATE_MAPPING_ONLY
NREQ-9f15019b0e90cd31d7eacbaa0cecaf4b	19.5	1678	IMPLEMENTED_UNPROVEN	NO_CURRENT_FULL_CLAUSE_DECLARATION; CANDIDATE_MAPPING_ONLY
NREQ-f292ef26ce93ddc4b31b331d7cbe9b9f	19.5	1679	IMPLEMENTED_UNPROVEN	NO_CURRENT_FULL_CLAUSE_DECLARATION; CANDIDATE_MAPPING_ONLY
NREQ-e66b37762f898564442e0d240c2ee737	19.6	1684	IMPLEMENTED_UNPROVEN	NO_CURRENT_FULL_CLAUSE_DECLARATION; CANDIDATE_MAPPING_ONLY
NREQ-4254fe3c87d45f74425134dee3532e3a	19.6	1685	IMPLEMENTED_UNPROVEN	NO_CURRENT_FULL_CLAUSE_DECLARATION; CANDIDATE_MAPPING_ONLY
NREQ-ec672273f3ba68d470b0ce2907a81acc	19.6	1686	IMPLEMENTED_UNPROVEN	NO_CURRENT_FULL_CLAUSE_DECLARATION; CANDIDATE_MAPPING_ONLY
NREQ-5a1d17584040bf6f9a4090df7d25573d	19.6	1687	IMPLEMENTED_UNPROVEN	NO_CURRENT_FULL_CLAUSE_DECLARATION; CANDIDATE_MAPPING_ONLY
NREQ-fdb16dbc71a68b45a0f73d6986d5b336	19.6	1690	IMPLEMENTED_UNPROVEN	NO_CURRENT_FULL_CLAUSE_DECLARATION; CANDIDATE_MAPPING_ONLY
NREQ-76c50d6d560fe6f529c834ffa81ed717	19.6	1691	IMPLEMENTED_UNPROVEN	NO_CURRENT_FULL_CLAUSE_DECLARATION; CANDIDATE_MAPPING_ONLY
NREQ-5b9fe0fa340a8ad56a9c094c439fc89a	19.6	1693	IMPLEMENTED_UNPROVEN	NO_CURRENT_FULL_CLAUSE_DECLARATION; CANDIDATE_MAPPING_ONLY
NREQ-3c0d7f04b71d1e7a56b7464b47bda4a3	19.7	1697	UNKNOWN	NO_CURRENT_FULL_CLAUSE_DECLARATION; CANDIDATE_MAPPING_ONLY
NREQ-3a4b97bb6d98ee930866832102f1d544	19.7	1699	IMPLEMENTED_UNPROVEN	NO_CURRENT_FULL_CLAUSE_DECLARATION; CANDIDATE_MAPPING_ONLY
NREQ-5346f0fa42298a807f25886df39b41ca	19.7	1701	IMPLEMENTED_UNPROVEN	NO_CURRENT_FULL_CLAUSE_DECLARATION; CANDIDATE_MAPPING_ONLY
NREQ-3bd6ddb44410af0ce360674e456fec7a	19.7	1703	IMPLEMENTED_UNPROVEN	NO_CURRENT_FULL_CLAUSE_DECLARATION; CANDIDATE_MAPPING_ONLY
NREQ-df0939c42dacd8d296ed2fa0847f520e	19.7	1705	IMPLEMENTED_UNPROVEN	NO_CURRENT_FULL_CLAUSE_DECLARATION; CANDIDATE_MAPPING_ONLY
NREQ-0062ba4fa6e5f163cca70164dd9c5ea6	19.8	1709	IMPLEMENTED_UNPROVEN	NO_CURRENT_FULL_CLAUSE_DECLARATION; CANDIDATE_MAPPING_ONLY
NREQ-01764243de7807d20da1c57df07f98a2	19.9	1713	IMPLEMENTED_UNPROVEN	NO_CURRENT_FULL_CLAUSE_DECLARATION; CANDIDATE_MAPPING_ONLY
NREQ-77e00f278f438ebcd4b0e66d87a8abad	19.9	1715	UNKNOWN	NO_CURRENT_FULL_CLAUSE_DECLARATION; CANDIDATE_MAPPING_ONLY
NREQ-e42f7e110e7f6798a6a5cb7a44334934	19.9	1717	IMPLEMENTED_UNPROVEN	NO_CURRENT_FULL_CLAUSE_DECLARATION; CANDIDATE_MAPPING_ONLY
NREQ-232e3d6afe3850d6fb782b0840ed33a0	20	1724	IMPLEMENTED_UNPROVEN	NO_CURRENT_FULL_CLAUSE_DECLARATION; CANDIDATE_MAPPING_ONLY
NREQ-44d0e36315d9a8734eaa3a36e4aa0743	20	1725	IMPLEMENTED_UNPROVEN	NO_CURRENT_FULL_CLAUSE_DECLARATION; CANDIDATE_MAPPING_ONLY
NREQ-5cced37504f11842d4a49ab2b083b581	20	1726	IMPLEMENTED_UNPROVEN	NO_CURRENT_FULL_CLAUSE_DECLARATION; CANDIDATE_MAPPING_ONLY
NREQ-882e6efab7567e6a5315b6955748f794	20	1727	IMPLEMENTED_UNPROVEN	NO_CURRENT_FULL_CLAUSE_DECLARATION; CANDIDATE_MAPPING_ONLY
NREQ-bfa071ffe7fa2a6dca2c225354122065	20	1728	IMPLEMENTED_UNPROVEN	NO_CURRENT_FULL_CLAUSE_DECLARATION; CANDIDATE_MAPPING_ONLY
NREQ-c81bb3560b0bf4f17e50d0a5e565bd01	20	1729	IMPLEMENTED_UNPROVEN	NO_CURRENT_FULL_CLAUSE_DECLARATION; CANDIDATE_MAPPING_ONLY
NREQ-9028caa01da209427aae2b21dc2673b6	20	1731	IMPLEMENTED_UNPROVEN	NO_CURRENT_FULL_CLAUSE_DECLARATION; CANDIDATE_MAPPING_ONLY
NREQ-df8f402e41c9bdd576f20a56dddbb724	20	1733	UNKNOWN	NO_CURRENT_FULL_CLAUSE_DECLARATION; CANDIDATE_MAPPING_ONLY
NREQ-865b3aa0a2544e606a8d85ebf69fe08e	20	1734	UNKNOWN	NO_CURRENT_FULL_CLAUSE_DECLARATION; CANDIDATE_MAPPING_ONLY
NREQ-806b04832809e8ae25e623917dee9a50	21.1	1742	UNKNOWN	NO_CURRENT_FULL_CLAUSE_DECLARATION; CANDIDATE_MAPPING_ONLY
NREQ-2d19151b4d295e17f8486d68d2f909c8	21.1	1743	UNKNOWN	NO_CURRENT_FULL_CLAUSE_DECLARATION; CANDIDATE_MAPPING_ONLY
NREQ-e61cda734fb2bd78b881c7ebfdb4ef21	21.1	1744	UNKNOWN	NO_CURRENT_FULL_CLAUSE_DECLARATION; CANDIDATE_MAPPING_ONLY
NREQ-d8463dfff1b6adabc30cd27d25b2d3d4	21.1	1745	UNKNOWN	NO_CURRENT_FULL_CLAUSE_DECLARATION; CANDIDATE_MAPPING_ONLY
NREQ-c999161135d903d2d37cfadf7ea8542b	21.2	1751	IMPLEMENTED_UNPROVEN	NO_CURRENT_FULL_CLAUSE_DECLARATION; CANDIDATE_MAPPING_ONLY
NREQ-529b6f9b3c5b7ef1fd478fcbf72db819	21.2	1752	IMPLEMENTED_UNPROVEN	NO_CURRENT_FULL_CLAUSE_DECLARATION; CANDIDATE_MAPPING_ONLY
NREQ-5625bb896d8c8fdbc8816ab0006fb781	21.2	1753	IMPLEMENTED_UNPROVEN	NO_CURRENT_FULL_CLAUSE_DECLARATION; CANDIDATE_MAPPING_ONLY
NREQ-f394d58f4a40fdf8dab74f92be924c25	21.2	1755	IMPLEMENTED_UNPROVEN	NO_CURRENT_FULL_CLAUSE_DECLARATION; CANDIDATE_MAPPING_ONLY
NREQ-d92f2e4db0673115e267de2640c5d96f	21.2	1756	IMPLEMENTED_UNPROVEN	NO_CURRENT_FULL_CLAUSE_DECLARATION; CANDIDATE_MAPPING_ONLY
NREQ-c653910b9ad114f3957a994830c17d91	21.2	1757	IMPLEMENTED_UNPROVEN	NO_CURRENT_FULL_CLAUSE_DECLARATION; CANDIDATE_MAPPING_ONLY
NREQ-3cfb348c3b0a0f28ac42b5ef02fa217d	21.2	1759	IMPLEMENTED_UNPROVEN	NO_CURRENT_FULL_CLAUSE_DECLARATION; CANDIDATE_MAPPING_ONLY
NREQ-60e6bd411553d8951de0e1bbff5fe42a	21.2	1760	IMPLEMENTED_UNPROVEN	NO_CURRENT_FULL_CLAUSE_DECLARATION; CANDIDATE_MAPPING_ONLY
NREQ-5930e2002cf0063f192c9a8da089ac73	21.2	1761	IMPLEMENTED_UNPROVEN	NO_CURRENT_FULL_CLAUSE_DECLARATION; CANDIDATE_MAPPING_ONLY
NREQ-ed93a18f54bcdb7a74b8aa3c591bd4d8	21.2	1763	IMPLEMENTED_UNPROVEN	NO_CURRENT_FULL_CLAUSE_DECLARATION; CANDIDATE_MAPPING_ONLY
NREQ-3c6085e807a3789dc0eb874c4fef1787	21.2	1764	IMPLEMENTED_UNPROVEN	NO_CURRENT_FULL_CLAUSE_DECLARATION; CANDIDATE_MAPPING_ONLY
NREQ-621d5f7e000ff2bcf9b817b4229ba8e2	21.2	1765	IMPLEMENTED_UNPROVEN	NO_CURRENT_FULL_CLAUSE_DECLARATION; CANDIDATE_MAPPING_ONLY
NREQ-a54b3aecad7e04d33cf3e5bdc0734415	21.2	1768	IMPLEMENTED_UNPROVEN	NO_CURRENT_FULL_CLAUSE_DECLARATION; CANDIDATE_MAPPING_ONLY
NREQ-1483b28da6ff112dc9123e8455005fe9	21.2	1769	IMPLEMENTED_UNPROVEN	NO_CURRENT_FULL_CLAUSE_DECLARATION; CANDIDATE_MAPPING_ONLY
NREQ-37a2fe702063bfc126738fee8bcbd4da	21.2	1771	IMPLEMENTED_UNPROVEN	NO_CURRENT_FULL_CLAUSE_DECLARATION; CANDIDATE_MAPPING_ONLY
NREQ-7b5bab2e0dcf4ec2334d3a67f20fda46	21.2	1772	IMPLEMENTED_UNPROVEN	NO_CURRENT_FULL_CLAUSE_DECLARATION; CANDIDATE_MAPPING_ONLY
NREQ-5d9d976d449de0753c8c4f1692905b62	21.3	1776	IMPLEMENTED_UNPROVEN	NO_CURRENT_FULL_CLAUSE_DECLARATION; CANDIDATE_MAPPING_ONLY
NREQ-ac56cc341e3ff24380bef0ff95da8e45	21.3	1840	IMPLEMENTED_UNPROVEN	NO_CURRENT_FULL_CLAUSE_DECLARATION; CANDIDATE_MAPPING_ONLY
NREQ-658c71fb2e3992ee94fb6b4ecedc1681	21.4	1842	IMPLEMENTED_UNPROVEN	REVIEWED_CONTEXT_LINKED_TO_MANDATORY_CLAUSES
NREQ-9e0ad66ef878f9e97c909997e976cc13	21.4	1845	IMPLEMENTED_UNPROVEN	CURRENT_REVIEWED_DESIGN_REQUIRES_EXECUTED_OBSERVATIONS
NREQ-606a27b2b9b712e933dda6e0e7b0ce68	21.4	1846	IMPLEMENTED_UNPROVEN	CURRENT_REVIEWED_DESIGN_REQUIRES_EXECUTED_OBSERVATIONS
NREQ-a99b13aa6aa9c7ffa4b65010951f18ec	21.4	1847	IMPLEMENTED_UNPROVEN	CURRENT_REVIEWED_DESIGN_REQUIRES_EXECUTED_OBSERVATIONS
NREQ-178819f4c44ad7250656e79d18a8cae3	21.4	1848	IMPLEMENTED_UNPROVEN	CURRENT_REVIEWED_DESIGN_REQUIRES_EXECUTED_OBSERVATIONS
NREQ-6a5e773812226552e3448329be3966cd	21.4	1849	IMPLEMENTED_UNPROVEN	CURRENT_REVIEWED_DESIGN_REQUIRES_EXECUTED_OBSERVATIONS
NREQ-b67c348ca653ff5a19ba01272dfd4262	21.4	1850	IMPLEMENTED_UNPROVEN	CURRENT_REVIEWED_DESIGN_REQUIRES_EXECUTED_OBSERVATIONS
NREQ-4592c9487837c81077b166abf57bb4a7	21.4	1851	IMPLEMENTED_UNPROVEN	CURRENT_REVIEWED_DESIGN_REQUIRES_EXECUTED_OBSERVATIONS
NREQ-c0a2fa84e2aafe674742a0bb98c40e02	21.4	1852	IMPLEMENTED_UNPROVEN	CURRENT_REVIEWED_DESIGN_REQUIRES_EXECUTED_OBSERVATIONS
NREQ-f6e1df45974ccc5d32aafbc5f38dd535	21.4	1853	IMPLEMENTED_UNPROVEN	CURRENT_REVIEWED_DESIGN_REQUIRES_EXECUTED_OBSERVATIONS
NREQ-012f85cfd2196b3413752b3deb14edf0	21.4	1854	IMPLEMENTED_UNPROVEN	CURRENT_REVIEWED_DESIGN_REQUIRES_EXECUTED_OBSERVATIONS
NREQ-75151f881444015977da6a6d7d86cb1c	21.4	1855	IMPLEMENTED_UNPROVEN	CURRENT_REVIEWED_DESIGN_REQUIRES_EXECUTED_OBSERVATIONS
NREQ-595ff4d66406e3bd9529e12f036c882b	21.4	1856	IMPLEMENTED_UNPROVEN	CURRENT_REVIEWED_DESIGN_REQUIRES_EXECUTED_OBSERVATIONS
NREQ-d2fa27e805583d3a5c7d281ed7051950	21.4	1857	IMPLEMENTED_UNPROVEN	CURRENT_REVIEWED_DESIGN_REQUIRES_EXECUTED_OBSERVATIONS
NREQ-b366c2ac73e0e846627de23589a5a772	21.4	1858	IMPLEMENTED_UNPROVEN	CURRENT_REVIEWED_DESIGN_REQUIRES_EXECUTED_OBSERVATIONS
NREQ-e0b91994f249e0b795ab80a6e3f4a4a2	21.4	1859	IMPLEMENTED_UNPROVEN	CURRENT_REVIEWED_DESIGN_REQUIRES_EXECUTED_OBSERVATIONS
NREQ-bde18b0504b7485cf77fad020a4a494b	21.4	1860	IMPLEMENTED_UNPROVEN	CURRENT_REVIEWED_DESIGN_REQUIRES_EXECUTED_OBSERVATIONS
NREQ-1e002259d64a939cee2f2a41f4bf3515	21.4	1861	IMPLEMENTED_UNPROVEN	CURRENT_REVIEWED_DESIGN_REQUIRES_EXECUTED_OBSERVATIONS
NREQ-55f458162d319bfbb710223b3528ef9f	21.4	1862	IMPLEMENTED_UNPROVEN	CURRENT_REVIEWED_DESIGN_REQUIRES_EXECUTED_OBSERVATIONS
NREQ-d6eeb36f75c6f6f6854a2e3aa9ac2070	21.4	1863	IMPLEMENTED_UNPROVEN	CURRENT_REVIEWED_DESIGN_REQUIRES_EXECUTED_OBSERVATIONS
NREQ-1543275bf85c6f452bce3c65a31dd691	21.4	1864	IMPLEMENTED_UNPROVEN	CURRENT_REVIEWED_DESIGN_REQUIRES_EXECUTED_OBSERVATIONS
NREQ-2323c8d363fd8c29f965d8c0e67549ae	21.4	1865	IMPLEMENTED_UNPROVEN	CURRENT_REVIEWED_DESIGN_REQUIRES_EXECUTED_OBSERVATIONS
NREQ-7643f1fb351e295ecb8565583cb9a37f	21.4	1866	IMPLEMENTED_UNPROVEN	CURRENT_REVIEWED_DESIGN_REQUIRES_EXECUTED_OBSERVATIONS
NREQ-b04395198a63faa09666a1bfca300a1e	21.4	1867	IMPLEMENTED_UNPROVEN	CURRENT_REVIEWED_DESIGN_REQUIRES_EXECUTED_OBSERVATIONS
NREQ-bc997511e2328af90b68d1898bcf6ed7	21.4	1868	IMPLEMENTED_UNPROVEN	CURRENT_REVIEWED_DESIGN_REQUIRES_EXECUTED_OBSERVATIONS
NREQ-2969c103b4ac33435f1e5d6c258a7b7b	21.4	1869	IMPLEMENTED_UNPROVEN	CURRENT_REVIEWED_DESIGN_REQUIRES_EXECUTED_OBSERVATIONS
NREQ-ec756b9a468c4ea50f2d35c578a1a11a	21.4	1870	IMPLEMENTED_UNPROVEN	CURRENT_REVIEWED_DESIGN_REQUIRES_EXECUTED_OBSERVATIONS
NREQ-797b5fe50f9d13ae34d17cc98c7c8f24	21.4	1871	IMPLEMENTED_UNPROVEN	CURRENT_REVIEWED_DESIGN_REQUIRES_EXECUTED_OBSERVATIONS
NREQ-5dcc48766a8c419712125659b9328ed2	21.4	1873	IMPLEMENTED_UNPROVEN	NO_CURRENT_FULL_CLAUSE_DECLARATION; CANDIDATE_MAPPING_ONLY
NREQ-b7b0e1583bfaec986d6681628616f94d	21.5	1875	IMPLEMENTED_UNPROVEN	REVIEWED_CONTEXT_LINKED_TO_MANDATORY_CLAUSES
NREQ-fb704a73d42766fc421d61bf29fc9fae	21.5	1878	IMPLEMENTED_UNPROVEN	NO_CURRENT_FULL_CLAUSE_DECLARATION; CANDIDATE_MAPPING_ONLY
NREQ-62c99c2b72a9d8bd76ae77a0540f340f	21.5	1879	IMPLEMENTED_UNPROVEN	NO_CURRENT_FULL_CLAUSE_DECLARATION; CANDIDATE_MAPPING_ONLY
NREQ-ea3478ff4f44e2f6d381fdcd43954e59	21.5	1880	IMPLEMENTED_UNPROVEN	NO_CURRENT_FULL_CLAUSE_DECLARATION; CANDIDATE_MAPPING_ONLY
NREQ-8c41603ad62858c2a6e2fa6babd5d40d	21.5	1881	IMPLEMENTED_UNPROVEN	NO_CURRENT_FULL_CLAUSE_DECLARATION; CANDIDATE_MAPPING_ONLY
NREQ-42346e5b0c40cb0521d16109356000f7	21.5	1882	IMPLEMENTED_UNPROVEN	NO_CURRENT_FULL_CLAUSE_DECLARATION; CANDIDATE_MAPPING_ONLY
NREQ-75b53217a5923f55a27f875065b2c28f	21.5	1883	IMPLEMENTED_UNPROVEN	NO_CURRENT_FULL_CLAUSE_DECLARATION; CANDIDATE_MAPPING_ONLY
NREQ-867097323ae6ec454104216021739977	21.5	1884	IMPLEMENTED_UNPROVEN	NO_CURRENT_FULL_CLAUSE_DECLARATION; CANDIDATE_MAPPING_ONLY
NREQ-9816d18225e1fd1996c4ac00dadd9779	21.5	1885	IMPLEMENTED_UNPROVEN	NO_CURRENT_FULL_CLAUSE_DECLARATION; CANDIDATE_MAPPING_ONLY
NREQ-d4bfec4d44399b539e41e237d1803249	21.5	1886	IMPLEMENTED_UNPROVEN	NO_CURRENT_FULL_CLAUSE_DECLARATION; CANDIDATE_MAPPING_ONLY
NREQ-dce65b97f54aab94616709b06bf06414	21.5	1887	IMPLEMENTED_UNPROVEN	NO_CURRENT_FULL_CLAUSE_DECLARATION; CANDIDATE_MAPPING_ONLY
NREQ-f9b4405a3333215204129caed30dc5e7	21.5	1888	IMPLEMENTED_UNPROVEN	NO_CURRENT_FULL_CLAUSE_DECLARATION; CANDIDATE_MAPPING_ONLY
NREQ-14c34af7bb0535234f93fb004e0e9ef3	21.5	1890	UNKNOWN	NO_CURRENT_FULL_CLAUSE_DECLARATION; CANDIDATE_MAPPING_ONLY
NREQ-92b870d0d2245e99909d2de6229cf833	21.6	1894	IMPLEMENTED_UNPROVEN	NO_CURRENT_FULL_CLAUSE_DECLARATION; CANDIDATE_MAPPING_ONLY
NREQ-3773e3c09e77cc4938bda066a930e757	21.6	1895	IMPLEMENTED_UNPROVEN	NO_CURRENT_FULL_CLAUSE_DECLARATION; CANDIDATE_MAPPING_ONLY
NREQ-7d4fdaa179bd6f2bbf08e1c63b89519d	21.6	1896	UNKNOWN	NO_CURRENT_FULL_CLAUSE_DECLARATION; CANDIDATE_MAPPING_ONLY
NREQ-da451a908ba4a4b028e03107ca54afb2	21.6	1898	IMPLEMENTED_UNPROVEN	NO_CURRENT_FULL_CLAUSE_DECLARATION; CANDIDATE_MAPPING_ONLY
NREQ-92ddad11c3370531a5ecd18751d4bf77	21.7	1902	IMPLEMENTED_UNPROVEN	NO_CURRENT_FULL_CLAUSE_DECLARATION; CANDIDATE_MAPPING_ONLY
NREQ-6c9dbd622e90fb226f491908cfd50b97	21.7	1903	IMPLEMENTED_UNPROVEN	NO_CURRENT_FULL_CLAUSE_DECLARATION; CANDIDATE_MAPPING_ONLY
NREQ-79daf4b6f8791e36816380c9d96863ff	21.7	1904	IMPLEMENTED_UNPROVEN	NO_CURRENT_FULL_CLAUSE_DECLARATION; CANDIDATE_MAPPING_ONLY
NREQ-9094db38f0cd4bd83b5fedd5f24a71b9	21.7	1905	IMPLEMENTED_UNPROVEN	NO_CURRENT_FULL_CLAUSE_DECLARATION; CANDIDATE_MAPPING_ONLY
NREQ-ff6c454e36be6ed2e78201186509c537	21.7	1906	IMPLEMENTED_UNPROVEN	NO_CURRENT_FULL_CLAUSE_DECLARATION; CANDIDATE_MAPPING_ONLY
NREQ-9f719c41e067825af659aa6e3285d964	21.7	1907	IMPLEMENTED_UNPROVEN	NO_CURRENT_FULL_CLAUSE_DECLARATION; CANDIDATE_MAPPING_ONLY
NREQ-8253a88af292c64ab651c6a175ba19b0	21.7	1909	IMPLEMENTED_UNPROVEN	NO_CURRENT_FULL_CLAUSE_DECLARATION; CANDIDATE_MAPPING_ONLY
NREQ-0a4bd97708ec095260d15402b891ad2b	21.7	1911	IMPLEMENTED_UNPROVEN	NO_CURRENT_FULL_CLAUSE_DECLARATION; CANDIDATE_MAPPING_ONLY
NREQ-a7ce597403356aa919328f87611d9e30	21.8	1915	UNKNOWN	NO_CURRENT_FULL_CLAUSE_DECLARATION; CANDIDATE_MAPPING_ONLY
NREQ-0e5f6d324456aa0155e6a9a1b5232fa1	21.8	1916	UNKNOWN	NO_CURRENT_FULL_CLAUSE_DECLARATION; CANDIDATE_MAPPING_ONLY
NREQ-b2365a86e7b98a508600677609f37ac1	21.9	1920	UNKNOWN	NO_CURRENT_FULL_CLAUSE_DECLARATION; CANDIDATE_MAPPING_ONLY
NREQ-2b66925ed746f4edc554b6e9df9b98c4	21.9	1921	IMPLEMENTED_UNPROVEN	NO_CURRENT_FULL_CLAUSE_DECLARATION; CANDIDATE_MAPPING_ONLY
NREQ-6839238c5b7c2ac053fe90b061149fbe	21.9	1923	IMPLEMENTED_UNPROVEN	NO_CURRENT_FULL_CLAUSE_DECLARATION; CANDIDATE_MAPPING_ONLY
NREQ-092f78e488e6282f342b533fa7801e3e	21.10	1927	IMPLEMENTED_UNPROVEN	CURRENT_REVIEWED_DESIGN_REQUIRES_EXECUTED_OBSERVATIONS
NREQ-49c1165a0f1993e4db5d713a6e83e6d4	21.10	1928	IMPLEMENTED_UNPROVEN	NO_CURRENT_FULL_CLAUSE_DECLARATION; CANDIDATE_MAPPING_ONLY
NREQ-b0df53c5bb2160c660a516acf260b6c7	21.10	1929	IMPLEMENTED_UNPROVEN	NO_CURRENT_FULL_CLAUSE_DECLARATION; CANDIDATE_MAPPING_ONLY
NREQ-293834c0fdbefd981d71ac190fcc6b4e	21.10	1930	IMPLEMENTED_UNPROVEN	NO_CURRENT_FULL_CLAUSE_DECLARATION; CANDIDATE_MAPPING_ONLY
NREQ-285165a035577b2a782c67f7b0828a97	21.10	1931	IMPLEMENTED_UNPROVEN	NO_CURRENT_FULL_CLAUSE_DECLARATION; CANDIDATE_MAPPING_ONLY
NREQ-02b9539a860e41f9e27e943922a934e2	21.11	1936	IMPLEMENTED_UNPROVEN	NO_CURRENT_FULL_CLAUSE_DECLARATION; CANDIDATE_MAPPING_ONLY
NREQ-1955b1bb1e03b84195c1e5d992d14dab	21.11	1937	IMPLEMENTED_UNPROVEN	NO_CURRENT_FULL_CLAUSE_DECLARATION; CANDIDATE_MAPPING_ONLY
NREQ-1055bf0f9af71218ddcb98831d0cc1ce	21.11	1938	IMPLEMENTED_UNPROVEN	NO_CURRENT_FULL_CLAUSE_DECLARATION; CANDIDATE_MAPPING_ONLY
NREQ-7e5b8d3856903163ae39c604bca8b0d0	21.11	1939	IMPLEMENTED_UNPROVEN	NO_CURRENT_FULL_CLAUSE_DECLARATION; CANDIDATE_MAPPING_ONLY
NREQ-528601784324e58a4f2aea7f3f5ba442	21.11	1940	IMPLEMENTED_UNPROVEN	NO_CURRENT_FULL_CLAUSE_DECLARATION; CANDIDATE_MAPPING_ONLY
NREQ-fbe4969ff1caa51099274816bd850ae3	21.11	1941	IMPLEMENTED_UNPROVEN	NO_CURRENT_FULL_CLAUSE_DECLARATION; CANDIDATE_MAPPING_ONLY
NREQ-d997551de68e51d79301dd6ca02f9400	21.11	1943	IMPLEMENTED_UNPROVEN	NO_CURRENT_FULL_CLAUSE_DECLARATION; CANDIDATE_MAPPING_ONLY
NREQ-b90ffe9dda88a65597bacb9df43399e8	21.12	1947	UNKNOWN	NO_CURRENT_FULL_CLAUSE_DECLARATION; CANDIDATE_MAPPING_ONLY
NREQ-501038eb6cc780dc4b078142d11f3fee	21.12	1948	UNKNOWN	NO_CURRENT_FULL_CLAUSE_DECLARATION; CANDIDATE_MAPPING_ONLY
NREQ-47173220891e239ea7406cb0cca8eeee	21.12	1949	IMPLEMENTED_UNPROVEN	NO_CURRENT_FULL_CLAUSE_DECLARATION; CANDIDATE_MAPPING_ONLY
NREQ-173782598cd431ac918fa6fed756bf8d	21.13	1953	IMPLEMENTED_UNPROVEN	NO_CURRENT_FULL_CLAUSE_DECLARATION; CANDIDATE_MAPPING_ONLY
NREQ-a5fd95c7852c6faac85dd2f7718d27cd	21.13	1954	UNKNOWN	NO_CURRENT_FULL_CLAUSE_DECLARATION; CANDIDATE_MAPPING_ONLY
NREQ-fd11d32533eded72fb27014d349e4d37	21.14	1959	IMPLEMENTED_UNPROVEN	NO_CURRENT_FULL_CLAUSE_DECLARATION; CANDIDATE_MAPPING_ONLY
NREQ-562cc3b146ee6968933caa96c0e1e451	21.14	1960	IMPLEMENTED_UNPROVEN	NO_CURRENT_FULL_CLAUSE_DECLARATION; CANDIDATE_MAPPING_ONLY
NREQ-a4f69f7575172a4db3beba6ca124d519	21.14	1961	IMPLEMENTED_UNPROVEN	NO_CURRENT_FULL_CLAUSE_DECLARATION; CANDIDATE_MAPPING_ONLY
NREQ-5bfd36d24585188092b1adbaf0ea2b0b	21.14	1962	IMPLEMENTED_UNPROVEN	NO_CURRENT_FULL_CLAUSE_DECLARATION; CANDIDATE_MAPPING_ONLY
NREQ-6e876d599f54e03ca1f549cd870f4aa6	21.14	1963	IMPLEMENTED_UNPROVEN	NO_CURRENT_FULL_CLAUSE_DECLARATION; CANDIDATE_MAPPING_ONLY
NREQ-526d74bfb3b2ca602dcad65be8f7573c	21.14	1964	IMPLEMENTED_UNPROVEN	NO_CURRENT_FULL_CLAUSE_DECLARATION; CANDIDATE_MAPPING_ONLY
NREQ-f8b75e888278368c5e11f58cab3de3d1	21.14	1965	IMPLEMENTED_UNPROVEN	NO_CURRENT_FULL_CLAUSE_DECLARATION; CANDIDATE_MAPPING_ONLY
NREQ-49e02b9eebfdb4390d68439edad31cc5	21.14	1966	IMPLEMENTED_UNPROVEN	NO_CURRENT_FULL_CLAUSE_DECLARATION; CANDIDATE_MAPPING_ONLY
NREQ-c5bd4349c03ee0ebc0e8dff63e69a2e6	21.14	1967	IMPLEMENTED_UNPROVEN	NO_CURRENT_FULL_CLAUSE_DECLARATION; CANDIDATE_MAPPING_ONLY
NREQ-b096964c24a36180c014dd1aeb7cc683	21.14	1968	IMPLEMENTED_UNPROVEN	NO_CURRENT_FULL_CLAUSE_DECLARATION; CANDIDATE_MAPPING_ONLY
NREQ-10d2b22bed9baca81b559f6f6e4b3f34	21.14	1970	UNKNOWN	NO_CURRENT_FULL_CLAUSE_DECLARATION; CANDIDATE_MAPPING_ONLY
NREQ-d34bd5d239061f6baa622044707222d8	21.14	1971	IMPLEMENTED_UNPROVEN	NO_CURRENT_FULL_CLAUSE_DECLARATION; CANDIDATE_MAPPING_ONLY
NREQ-302e3a8509110ac903ccbf5df33442f2	21.15	1975	IMPLEMENTED_UNPROVEN	NO_CURRENT_FULL_CLAUSE_DECLARATION; CANDIDATE_MAPPING_ONLY
NREQ-5ef09e6a03791167b964394dbb9b515c	21.15	1976	IMPLEMENTED_UNPROVEN	NO_CURRENT_FULL_CLAUSE_DECLARATION; CANDIDATE_MAPPING_ONLY
NREQ-7a9f1234c0f5cb1e0eb0cad25ab477c7	21.15	1977	IMPLEMENTED_UNPROVEN	NO_CURRENT_FULL_CLAUSE_DECLARATION; CANDIDATE_MAPPING_ONLY
NREQ-20c023df2d8e2ab220adabd191231929	21.15	1978	IMPLEMENTED_UNPROVEN	NO_CURRENT_FULL_CLAUSE_DECLARATION; CANDIDATE_MAPPING_ONLY
NREQ-b6d9425315f51cd48db2416a28e8e87d	21.15	1979	IMPLEMENTED_UNPROVEN	NO_CURRENT_FULL_CLAUSE_DECLARATION; CANDIDATE_MAPPING_ONLY
NREQ-c5c388faca4975e21b73c14bffbcd6a0	21.16	1984	IMPLEMENTED_UNPROVEN	NO_CURRENT_FULL_CLAUSE_DECLARATION; CANDIDATE_MAPPING_ONLY
NREQ-e6083926e57a07795024b2e33f1fbc2a	21.16	1985	IMPLEMENTED_UNPROVEN	NO_CURRENT_FULL_CLAUSE_DECLARATION; CANDIDATE_MAPPING_ONLY
NREQ-6edd4c40bb7da31835669f3284130824	21.16	1986	IMPLEMENTED_UNPROVEN	NO_CURRENT_FULL_CLAUSE_DECLARATION; CANDIDATE_MAPPING_ONLY
NREQ-de3edd99eeda7ef4f7da0062049fb1d8	21.16	1987	IMPLEMENTED_UNPROVEN	NO_CURRENT_FULL_CLAUSE_DECLARATION; CANDIDATE_MAPPING_ONLY
NREQ-65584ce694c7d3349af6af4eeaa54392	21.16	1988	IMPLEMENTED_UNPROVEN	NO_CURRENT_FULL_CLAUSE_DECLARATION; CANDIDATE_MAPPING_ONLY
NREQ-2dcf35af81c79ae53a35f88575f715ab	21.16	1989	IMPLEMENTED_UNPROVEN	NO_CURRENT_FULL_CLAUSE_DECLARATION; CANDIDATE_MAPPING_ONLY
NREQ-16220cbed6692640830203fac95cc7ef	21.16	1990	IMPLEMENTED_UNPROVEN	NO_CURRENT_FULL_CLAUSE_DECLARATION; CANDIDATE_MAPPING_ONLY
NREQ-287f55c7f0456d0766d7045a3b21e15d	21.16	1992	IMPLEMENTED_UNPROVEN	NO_CURRENT_FULL_CLAUSE_DECLARATION; CANDIDATE_MAPPING_ONLY
NREQ-38cc440932653f635d781450303b4f7f	21.17	1996	IMPLEMENTED_UNPROVEN	NO_CURRENT_FULL_CLAUSE_DECLARATION; CANDIDATE_MAPPING_ONLY
NREQ-784bcf5a8250d9d61d37c905bd08ca34	22.1	2004	UNKNOWN	NO_CURRENT_FULL_CLAUSE_DECLARATION; CANDIDATE_MAPPING_ONLY
NREQ-c5d786cac4cc2acdd27d65fe2d4075bb	22.1	2011	UNKNOWN	NO_CURRENT_FULL_CLAUSE_DECLARATION; CANDIDATE_MAPPING_ONLY
NREQ-1cb8c122e35c6f4e36f01c95ea0d02c9	22.1	2012	IMPLEMENTED_UNPROVEN	CURRENT_REVIEWED_DESIGN_REQUIRES_EXECUTED_OBSERVATIONS
NREQ-6014534da33f56898fd6acd6fd09543e	22.1	2013	UNKNOWN	NO_CURRENT_FULL_CLAUSE_DECLARATION; CANDIDATE_MAPPING_ONLY
NREQ-35d9c1ca4fb77884f113523d73cf900b	22.2	2017	UNKNOWN	NO_CURRENT_FULL_CLAUSE_DECLARATION; CANDIDATE_MAPPING_ONLY
NREQ-dfdd7bfb57617ffa34f7edc6448b8efa	22.2	2020	IMPLEMENTED_UNPROVEN	NO_CURRENT_FULL_CLAUSE_DECLARATION; CANDIDATE_MAPPING_ONLY
NREQ-fdfa1e5720eb2d1a75f642d1c0172b1d	22.2	2021	IMPLEMENTED_UNPROVEN	NO_CURRENT_FULL_CLAUSE_DECLARATION; CANDIDATE_MAPPING_ONLY
NREQ-f6d62c28756308ef7a3ccb65ff4013da	22.2	2022	IMPLEMENTED_UNPROVEN	NO_CURRENT_FULL_CLAUSE_DECLARATION; CANDIDATE_MAPPING_ONLY
NREQ-ed4ab9a42ff9c532fc7c2ce5f9320a2d	22.2	2023	IMPLEMENTED_UNPROVEN	NO_CURRENT_FULL_CLAUSE_DECLARATION; CANDIDATE_MAPPING_ONLY
NREQ-dfbad625ef051ef7edd77d9385d000d1	22.2	2024	IMPLEMENTED_UNPROVEN	NO_CURRENT_FULL_CLAUSE_DECLARATION; CANDIDATE_MAPPING_ONLY
NREQ-a2d6e875fc4e01f36605291a5b183362	22.2	2025	IMPLEMENTED_UNPROVEN	NO_CURRENT_FULL_CLAUSE_DECLARATION; CANDIDATE_MAPPING_ONLY
NREQ-810c651c993343aa7342f925f00b7819	22.2	2026	IMPLEMENTED_UNPROVEN	NO_CURRENT_FULL_CLAUSE_DECLARATION; CANDIDATE_MAPPING_ONLY
NREQ-5a52c726dee6a4d1e2888e2900cf1a9e	22.2	2027	IMPLEMENTED_UNPROVEN	NO_CURRENT_FULL_CLAUSE_DECLARATION; CANDIDATE_MAPPING_ONLY
NREQ-9c3b7c983e04a3bdaf03e0a70c54292d	22.2	2028	IMPLEMENTED_UNPROVEN	NO_CURRENT_FULL_CLAUSE_DECLARATION; CANDIDATE_MAPPING_ONLY
NREQ-42c21b952ce94405751eda0c2a8ccbf1	22.3	2033	IMPLEMENTED_UNPROVEN	NO_CURRENT_FULL_CLAUSE_DECLARATION; CANDIDATE_MAPPING_ONLY
NREQ-670c4952afdbd9bbfd731c44f77584d0	22.3	2034	IMPLEMENTED_UNPROVEN	NO_CURRENT_FULL_CLAUSE_DECLARATION; CANDIDATE_MAPPING_ONLY
NREQ-6992ff3f4adc1d2d16a89346ac5c30ae	22.3	2035	IMPLEMENTED_UNPROVEN	NO_CURRENT_FULL_CLAUSE_DECLARATION; CANDIDATE_MAPPING_ONLY
NREQ-3d6c0996b40b0d302da0e9250afa4f36	22.3	2036	IMPLEMENTED_UNPROVEN	NO_CURRENT_FULL_CLAUSE_DECLARATION; CANDIDATE_MAPPING_ONLY
NREQ-def76a6016b0fc8b63318273e0a0237f	22.3	2037	IMPLEMENTED_UNPROVEN	NO_CURRENT_FULL_CLAUSE_DECLARATION; CANDIDATE_MAPPING_ONLY
NREQ-332527ffee66a91f9f2ec623d94c06cb	22.3	2038	IMPLEMENTED_UNPROVEN	NO_CURRENT_FULL_CLAUSE_DECLARATION; CANDIDATE_MAPPING_ONLY
NREQ-dd70efa14bf1575a6558aeb9f1224c9e	22.3	2039	IMPLEMENTED_UNPROVEN	NO_CURRENT_FULL_CLAUSE_DECLARATION; CANDIDATE_MAPPING_ONLY
NREQ-a09e1be6adbef7a839dcdff462ee2e9f	22.3	2040	IMPLEMENTED_UNPROVEN	NO_CURRENT_FULL_CLAUSE_DECLARATION; CANDIDATE_MAPPING_ONLY
NREQ-2902a237c74734439ab7b6572a716608	22.3	2041	IMPLEMENTED_UNPROVEN	NO_CURRENT_FULL_CLAUSE_DECLARATION; CANDIDATE_MAPPING_ONLY
NREQ-ee14e03c5470101aef78646cbad96ac4	22.3	2042	IMPLEMENTED_UNPROVEN	NO_CURRENT_FULL_CLAUSE_DECLARATION; CANDIDATE_MAPPING_ONLY
NREQ-f14102507bc9637f7a0b2a5a83daa483	22.3	2043	IMPLEMENTED_UNPROVEN	NO_CURRENT_FULL_CLAUSE_DECLARATION; CANDIDATE_MAPPING_ONLY
NREQ-ae579880e7105ef2c57301e310dd86fe	22.3	2044	IMPLEMENTED_UNPROVEN	NO_CURRENT_FULL_CLAUSE_DECLARATION; CANDIDATE_MAPPING_ONLY
NREQ-dc62b94fc382862176fd1eb5137cc238	22.3	2045	IMPLEMENTED_UNPROVEN	NO_CURRENT_FULL_CLAUSE_DECLARATION; CANDIDATE_MAPPING_ONLY
NREQ-8b7691e3fb9b7445dec083212c3b2b96	22.3	2047	UNKNOWN	NO_CURRENT_FULL_CLAUSE_DECLARATION; CANDIDATE_MAPPING_ONLY
NREQ-e9fa75ac680d5b2c3abbcab9d4e8d038	22.4	2051	UNKNOWN	NO_CURRENT_FULL_CLAUSE_DECLARATION; CANDIDATE_MAPPING_ONLY
NREQ-de33aab7c1103be779617c7fccd8e1a7	22.4	2052	UNKNOWN	NO_CURRENT_FULL_CLAUSE_DECLARATION; CANDIDATE_MAPPING_ONLY
NREQ-d5105b1bb6981fb89f2d3bd032f56067	22.4	2053	UNKNOWN	NO_CURRENT_FULL_CLAUSE_DECLARATION; CANDIDATE_MAPPING_ONLY
NREQ-f7f1c1ec121c9325a1e0a092ec997a71	22.4	2054	IMPLEMENTED_UNPROVEN	NO_CURRENT_FULL_CLAUSE_DECLARATION; CANDIDATE_MAPPING_ONLY
NREQ-ac7c922befffd2b8aca9abb2b086b24f	22.4	2057	IMPLEMENTED_UNPROVEN	NO_CURRENT_FULL_CLAUSE_DECLARATION; CANDIDATE_MAPPING_ONLY
NREQ-b7c81153ca425845f50cefec26226320	22.4	2058	IMPLEMENTED_UNPROVEN	NO_CURRENT_FULL_CLAUSE_DECLARATION; CANDIDATE_MAPPING_ONLY
NREQ-2ee87bf708a5fd3ad5c4fa2973f7c861	22.4	2059	IMPLEMENTED_UNPROVEN	NO_CURRENT_FULL_CLAUSE_DECLARATION; CANDIDATE_MAPPING_ONLY
NREQ-739b49599128260e88d3590e0031c2d9	22.4	2060	IMPLEMENTED_UNPROVEN	NO_CURRENT_FULL_CLAUSE_DECLARATION; CANDIDATE_MAPPING_ONLY
NREQ-4d3383ec4adcbe235c1bb1d7256261dd	22.4	2061	IMPLEMENTED_UNPROVEN	NO_CURRENT_FULL_CLAUSE_DECLARATION; CANDIDATE_MAPPING_ONLY
NREQ-5d45ffeab7ed8a7ca3477b5e540c20cd	22.4	2062	IMPLEMENTED_UNPROVEN	NO_CURRENT_FULL_CLAUSE_DECLARATION; CANDIDATE_MAPPING_ONLY
NREQ-dd187470f17179181dab7a59b3ffa675	22.4	2063	IMPLEMENTED_UNPROVEN	NO_CURRENT_FULL_CLAUSE_DECLARATION; CANDIDATE_MAPPING_ONLY
NREQ-95b36636561c1c3d8b72bc5f4ba22f3a	22.4	2064	IMPLEMENTED_UNPROVEN	NO_CURRENT_FULL_CLAUSE_DECLARATION; CANDIDATE_MAPPING_ONLY
NREQ-8162f194286a82a247318bdfc3e44191	22.4	2065	IMPLEMENTED_UNPROVEN	NO_CURRENT_FULL_CLAUSE_DECLARATION; CANDIDATE_MAPPING_ONLY
NREQ-595267dd7a2236f9763ef16f4f959b11	22.4	2066	IMPLEMENTED_UNPROVEN	NO_CURRENT_FULL_CLAUSE_DECLARATION; CANDIDATE_MAPPING_ONLY
NREQ-df9a021aac5799d4d006ce11a1a2d150	22.4	2067	IMPLEMENTED_UNPROVEN	NO_CURRENT_FULL_CLAUSE_DECLARATION; CANDIDATE_MAPPING_ONLY
NREQ-e5c530e19e5dc1d47066f2a5390e9bd0	22.4	2068	IMPLEMENTED_UNPROVEN	NO_CURRENT_FULL_CLAUSE_DECLARATION; CANDIDATE_MAPPING_ONLY
NREQ-5593f5ae7124c14de5c9cb15dbf25ca8	22.5	2072	IMPLEMENTED_UNPROVEN	NO_CURRENT_FULL_CLAUSE_DECLARATION; CANDIDATE_MAPPING_ONLY
NREQ-e2ed622c739e2f6d9363c6e83cd5e405	22.5	2075	IMPLEMENTED_UNPROVEN	NO_CURRENT_FULL_CLAUSE_DECLARATION; CANDIDATE_MAPPING_ONLY
NREQ-4091538496d3daca32e50d478a54c22f	22.5	2076	IMPLEMENTED_UNPROVEN	NO_CURRENT_FULL_CLAUSE_DECLARATION; CANDIDATE_MAPPING_ONLY
NREQ-cbe2dc1b9ad9ba2fa13adf5db4f8c2a1	22.5	2077	IMPLEMENTED_UNPROVEN	NO_CURRENT_FULL_CLAUSE_DECLARATION; CANDIDATE_MAPPING_ONLY
NREQ-a2b18af1f40e73f0419121ec0294036d	22.5	2078	IMPLEMENTED_UNPROVEN	NO_CURRENT_FULL_CLAUSE_DECLARATION; CANDIDATE_MAPPING_ONLY
NREQ-058f638d77596b62f5e9a2b30032430a	22.5	2080	UNKNOWN	NO_CURRENT_FULL_CLAUSE_DECLARATION; CANDIDATE_MAPPING_ONLY
NREQ-9610d13ba962a637c87a08f9046c57ab	22.5	2081	UNKNOWN	NO_CURRENT_FULL_CLAUSE_DECLARATION; CANDIDATE_MAPPING_ONLY
NREQ-c1879fc63de504e2efe17be8df27dcae	22.6	2085	IMPLEMENTED_UNPROVEN	NO_CURRENT_FULL_CLAUSE_DECLARATION; CANDIDATE_MAPPING_ONLY
NREQ-7bb2350ae5c822de251d6fa5684f48ff	22.6	2087	IMPLEMENTED_UNPROVEN	NO_CURRENT_FULL_CLAUSE_DECLARATION; CANDIDATE_MAPPING_ONLY
NREQ-fab105d7c43a8dbf22b325427c7c09c6	23	2093	UNKNOWN	NO_CURRENT_FULL_CLAUSE_DECLARATION; CANDIDATE_MAPPING_ONLY
NREQ-f361ef7968fd5ea8fadfeccd97a2ddf0	23	2094	UNKNOWN	NO_CURRENT_FULL_CLAUSE_DECLARATION; CANDIDATE_MAPPING_ONLY
NREQ-64c4e69f5856eb077acaa76d3c132888	23	2097	IMPLEMENTED_UNPROVEN	NO_CURRENT_FULL_CLAUSE_DECLARATION; CANDIDATE_MAPPING_ONLY
NREQ-38b76d06af894cd7aa0bfaa46c3c8415	23	2098	IMPLEMENTED_UNPROVEN	NO_CURRENT_FULL_CLAUSE_DECLARATION; CANDIDATE_MAPPING_ONLY
NREQ-c1dc57f16b5130fbf19a871beac89c2e	23	2099	IMPLEMENTED_UNPROVEN	NO_CURRENT_FULL_CLAUSE_DECLARATION; CANDIDATE_MAPPING_ONLY
NREQ-b70df0ca6a69ae83a0a50b535ed69c72	23	2100	IMPLEMENTED_UNPROVEN	NO_CURRENT_FULL_CLAUSE_DECLARATION; CANDIDATE_MAPPING_ONLY
NREQ-a745fd70bc81cb02c85915b1e03105a9	23	2101	IMPLEMENTED_UNPROVEN	NO_CURRENT_FULL_CLAUSE_DECLARATION; CANDIDATE_MAPPING_ONLY
NREQ-7faf6a5b4d2162c518be52b970b763f5	23	2102	IMPLEMENTED_UNPROVEN	NO_CURRENT_FULL_CLAUSE_DECLARATION; CANDIDATE_MAPPING_ONLY
NREQ-5bb78f3633e53618391bd45242ea11dd	23	2103	IMPLEMENTED_UNPROVEN	NO_CURRENT_FULL_CLAUSE_DECLARATION; CANDIDATE_MAPPING_ONLY
NREQ-2743b55ca34e246190cf27da56d73590	23	2104	IMPLEMENTED_UNPROVEN	NO_CURRENT_FULL_CLAUSE_DECLARATION; CANDIDATE_MAPPING_ONLY
NREQ-4c76095c185599d03961c8e826454465	23	2105	IMPLEMENTED_UNPROVEN	NO_CURRENT_FULL_CLAUSE_DECLARATION; CANDIDATE_MAPPING_ONLY
NREQ-39d7bd039b8aea8c9c26cb7f39155033	23	2106	IMPLEMENTED_UNPROVEN	NO_CURRENT_FULL_CLAUSE_DECLARATION; CANDIDATE_MAPPING_ONLY
NREQ-1d239197f285aa0db924409b75d926f0	23	2107	IMPLEMENTED_UNPROVEN	NO_CURRENT_FULL_CLAUSE_DECLARATION; CANDIDATE_MAPPING_ONLY
NREQ-9a6a5aa9bc07610b2b46e2359831cddc	23	2108	IMPLEMENTED_UNPROVEN	NO_CURRENT_FULL_CLAUSE_DECLARATION; CANDIDATE_MAPPING_ONLY
NREQ-02581bba0675afc37cc46d259a597f3c	23	2109	IMPLEMENTED_UNPROVEN	NO_CURRENT_FULL_CLAUSE_DECLARATION; CANDIDATE_MAPPING_ONLY
NREQ-b27be3a6256f1376a7e07114645f9833	23	2110	IMPLEMENTED_UNPROVEN	NO_CURRENT_FULL_CLAUSE_DECLARATION; CANDIDATE_MAPPING_ONLY
NREQ-2abc382ab31596f97fdd854e27e90755	23	2114	IMPLEMENTED_UNPROVEN	NO_CURRENT_FULL_CLAUSE_DECLARATION; CANDIDATE_MAPPING_ONLY
NREQ-10aa16c294d2ebe58f46d1f98a153965	23	2115	IMPLEMENTED_UNPROVEN	NO_CURRENT_FULL_CLAUSE_DECLARATION; CANDIDATE_MAPPING_ONLY
NREQ-05c67b41f64001163eac51dfdd59e137	23	2116	IMPLEMENTED_UNPROVEN	NO_CURRENT_FULL_CLAUSE_DECLARATION; CANDIDATE_MAPPING_ONLY
NREQ-25fe800007f06f46da2ad50f9a068001	23	2117	IMPLEMENTED_UNPROVEN	NO_CURRENT_FULL_CLAUSE_DECLARATION; CANDIDATE_MAPPING_ONLY
NREQ-9d06abe0afaf0e3ef3b2a63c3432b1c3	23	2118	IMPLEMENTED_UNPROVEN	NO_CURRENT_FULL_CLAUSE_DECLARATION; CANDIDATE_MAPPING_ONLY
NREQ-5e6317680c7d45131e41e6f82f9c6205	23	2119	IMPLEMENTED_UNPROVEN	NO_CURRENT_FULL_CLAUSE_DECLARATION; CANDIDATE_MAPPING_ONLY
NREQ-d1524bfd7f1fcbca06c171893462189a	23	2122	IMPLEMENTED_UNPROVEN	NO_CURRENT_FULL_CLAUSE_DECLARATION; CANDIDATE_MAPPING_ONLY
NREQ-315efc7d0f95eae4d7d5ee06ca056508	23	2123	IMPLEMENTED_UNPROVEN	NO_CURRENT_FULL_CLAUSE_DECLARATION; CANDIDATE_MAPPING_ONLY
NREQ-e53bb0addbaec1c8dfbfb4476a32f77a	23	2124	IMPLEMENTED_UNPROVEN	NO_CURRENT_FULL_CLAUSE_DECLARATION; CANDIDATE_MAPPING_ONLY
NREQ-28a9e12aa5c6223ab7f74290ed9bc6ab	23	2125	IMPLEMENTED_UNPROVEN	NO_CURRENT_FULL_CLAUSE_DECLARATION; CANDIDATE_MAPPING_ONLY
NREQ-6c8253e019060f1c9650d3c5ffcce4fe	23	2126	IMPLEMENTED_UNPROVEN	NO_CURRENT_FULL_CLAUSE_DECLARATION; CANDIDATE_MAPPING_ONLY
NREQ-2c551ad03f33461a94151581bc2c29c9	23	2127	IMPLEMENTED_UNPROVEN	NO_CURRENT_FULL_CLAUSE_DECLARATION; CANDIDATE_MAPPING_ONLY
NREQ-af28761d8f3cd0b23610a002890fb88e	23	2130	IMPLEMENTED_UNPROVEN	NO_CURRENT_FULL_CLAUSE_DECLARATION; CANDIDATE_MAPPING_ONLY
NREQ-a53f32c29f35ce145e9d2d5e02016048	23	2131	IMPLEMENTED_UNPROVEN	NO_CURRENT_FULL_CLAUSE_DECLARATION; CANDIDATE_MAPPING_ONLY
NREQ-48c131e6c61f594760fa90c0abda30e3	23	2132	IMPLEMENTED_UNPROVEN	NO_CURRENT_FULL_CLAUSE_DECLARATION; CANDIDATE_MAPPING_ONLY
NREQ-1e132e2232c894c77b11ea6fa3281b1d	23	2133	IMPLEMENTED_UNPROVEN	NO_CURRENT_FULL_CLAUSE_DECLARATION; CANDIDATE_MAPPING_ONLY
NREQ-27ffd41c650f9fd07d98d4fa29cd9149	23	2134	IMPLEMENTED_UNPROVEN	NO_CURRENT_FULL_CLAUSE_DECLARATION; CANDIDATE_MAPPING_ONLY
NREQ-a7f171a24fe60ba45274d2515e466430	23	2135	IMPLEMENTED_UNPROVEN	NO_CURRENT_FULL_CLAUSE_DECLARATION; CANDIDATE_MAPPING_ONLY
NREQ-e8a85b35eede0150dc9432ea9f4bacc3	23	2136	IMPLEMENTED_UNPROVEN	NO_CURRENT_FULL_CLAUSE_DECLARATION; CANDIDATE_MAPPING_ONLY
NREQ-068947f646dc9afdecb159ed6f2e1cac	23	2138	UNKNOWN	NO_CURRENT_FULL_CLAUSE_DECLARATION; CANDIDATE_MAPPING_ONLY
NREQ-19cc87af707c764a27296cf8d4ff203e	23	2139	UNKNOWN	NO_CURRENT_FULL_CLAUSE_DECLARATION; CANDIDATE_MAPPING_ONLY
NREQ-b0fd0ee704899b4c70014d19430937da	23.1	2141	IMPLEMENTED_UNPROVEN	REVIEWED_CONTEXT_LINKED_TO_MANDATORY_CLAUSES
NREQ-5ba8088e5ba045d7110e256658291d31	23.1	2143	IMPLEMENTED_UNPROVEN	NO_CURRENT_FULL_CLAUSE_DECLARATION; CANDIDATE_MAPPING_ONLY
NREQ-782182cd185f1fb2a315077cbfa7285d	23.1	2145	IMPLEMENTED_UNPROVEN	NO_CURRENT_FULL_CLAUSE_DECLARATION; CANDIDATE_MAPPING_ONLY
NREQ-89e3189833a977585fa94c6574ba95f0	23.1	2146	IMPLEMENTED_UNPROVEN	NO_CURRENT_FULL_CLAUSE_DECLARATION; CANDIDATE_MAPPING_ONLY
NREQ-41e3ae3ab3f53b3e42a69d428ed7f6a2	23.1	2148	IMPLEMENTED_UNPROVEN	NO_CURRENT_FULL_CLAUSE_DECLARATION; CANDIDATE_MAPPING_ONLY
NREQ-da20d10785d223cd0a2d36767881e533	23.1	2149	IMPLEMENTED_UNPROVEN	NO_CURRENT_FULL_CLAUSE_DECLARATION; CANDIDATE_MAPPING_ONLY
NREQ-b6ab12fa568256c5943ab2ad4af2e1be	23.1	2150	IMPLEMENTED_UNPROVEN	NO_CURRENT_FULL_CLAUSE_DECLARATION; CANDIDATE_MAPPING_ONLY
NREQ-eba187e127113120592f8525ebfd19df	23.1	2152	IMPLEMENTED_UNPROVEN	NO_CURRENT_FULL_CLAUSE_DECLARATION; CANDIDATE_MAPPING_ONLY
NREQ-425e13bd16b68fb2d375cdb063c484fc	23.1	2153	IMPLEMENTED_UNPROVEN	NO_CURRENT_FULL_CLAUSE_DECLARATION; CANDIDATE_MAPPING_ONLY
NREQ-1e682722e76fd1a5686f3a39c89f48cc	23.1	2154	IMPLEMENTED_UNPROVEN	NO_CURRENT_FULL_CLAUSE_DECLARATION; CANDIDATE_MAPPING_ONLY
NREQ-1a1f6c98bc61139c2ed923a518df8110	23.1	2155	IMPLEMENTED_UNPROVEN	NO_CURRENT_FULL_CLAUSE_DECLARATION; CANDIDATE_MAPPING_ONLY
NREQ-515a3211b04a1bb92f4836b686d288f3	23.1	2156	IMPLEMENTED_UNPROVEN	NO_CURRENT_FULL_CLAUSE_DECLARATION; CANDIDATE_MAPPING_ONLY
NREQ-d3813127798f22241c513b8c54f4267f	23.1	2158	IMPLEMENTED_UNPROVEN	NO_CURRENT_FULL_CLAUSE_DECLARATION; CANDIDATE_MAPPING_ONLY
NREQ-32ae9285ad4bc762ab040d4c291eae66	23.1	2160	IMPLEMENTED_UNPROVEN	NO_CURRENT_FULL_CLAUSE_DECLARATION; CANDIDATE_MAPPING_ONLY
NREQ-3115a9a38d4de3e71ed7e1770bc87fd7	23.1	2162	IMPLEMENTED_UNPROVEN	NO_CURRENT_FULL_CLAUSE_DECLARATION; CANDIDATE_MAPPING_ONLY
NREQ-0fd3e8425fe2735000791e93d830bc32	23.1	2163	IMPLEMENTED_UNPROVEN	NO_CURRENT_FULL_CLAUSE_DECLARATION; CANDIDATE_MAPPING_ONLY
NREQ-e3c21e26c3a6da896a7bb4c99758e25e	23.1	2165	IMPLEMENTED_UNPROVEN	NO_CURRENT_FULL_CLAUSE_DECLARATION; CANDIDATE_MAPPING_ONLY
NREQ-2049f15054bb961f63be4bc51febf8d6	23.1	2166	IMPLEMENTED_UNPROVEN	NO_CURRENT_FULL_CLAUSE_DECLARATION; CANDIDATE_MAPPING_ONLY
NREQ-90e7be25f7e8f155d0e8867d18e7e7a3	23.1	2168	IMPLEMENTED_UNPROVEN	NO_CURRENT_FULL_CLAUSE_DECLARATION; CANDIDATE_MAPPING_ONLY
NREQ-36e237085b5885a77bd62de2871687e2	23.1	2169	IMPLEMENTED_UNPROVEN	NO_CURRENT_FULL_CLAUSE_DECLARATION; CANDIDATE_MAPPING_ONLY
NREQ-f05965b2715169215490db8fe81e0b83	23.1	2171	IMPLEMENTED_UNPROVEN	NO_CURRENT_FULL_CLAUSE_DECLARATION; CANDIDATE_MAPPING_ONLY
NREQ-4faf13f714902946ae085042849bb18b	23.1	2172	IMPLEMENTED_UNPROVEN	NO_CURRENT_FULL_CLAUSE_DECLARATION; CANDIDATE_MAPPING_ONLY
NREQ-5ab7993ba892381c34f2a0350219256e	23.1	2174	IMPLEMENTED_UNPROVEN	NO_CURRENT_FULL_CLAUSE_DECLARATION; CANDIDATE_MAPPING_ONLY
NREQ-284534b98b5fc01308689353f4138638	23.2	2179	IMPLEMENTED_UNPROVEN	NO_CURRENT_FULL_CLAUSE_DECLARATION; CANDIDATE_MAPPING_ONLY
NREQ-312efdbd2089dd18f2a0ea2491f2f599	23.2	2180	IMPLEMENTED_UNPROVEN	NO_CURRENT_FULL_CLAUSE_DECLARATION; CANDIDATE_MAPPING_ONLY
NREQ-10dce36c6a1326d4b38df70f571ebe8d	23.2	2181	IMPLEMENTED_UNPROVEN	NO_CURRENT_FULL_CLAUSE_DECLARATION; CANDIDATE_MAPPING_ONLY
NREQ-787531976e47bfef7cda92b1705ca92e	23.2	2182	IMPLEMENTED_UNPROVEN	NO_CURRENT_FULL_CLAUSE_DECLARATION; CANDIDATE_MAPPING_ONLY
NREQ-c33072b8c34b31a0bd2da50c5a251ff6	23.2	2183	IMPLEMENTED_UNPROVEN	NO_CURRENT_FULL_CLAUSE_DECLARATION; CANDIDATE_MAPPING_ONLY
NREQ-144b4154b7d23c16f74f10c0c4c53e22	23.2	2184	IMPLEMENTED_UNPROVEN	NO_CURRENT_FULL_CLAUSE_DECLARATION; CANDIDATE_MAPPING_ONLY
NREQ-f8b5e2fe11c5ebf5a162db90a3afda93	23.2	2185	IMPLEMENTED_UNPROVEN	NO_CURRENT_FULL_CLAUSE_DECLARATION; CANDIDATE_MAPPING_ONLY
NREQ-9f83e814f8ad8a75e9aa690449617bde	23.2	2186	IMPLEMENTED_UNPROVEN	NO_CURRENT_FULL_CLAUSE_DECLARATION; CANDIDATE_MAPPING_ONLY
NREQ-10c95729f09a107732fe364ba011c06a	23.2	2187	IMPLEMENTED_UNPROVEN	NO_CURRENT_FULL_CLAUSE_DECLARATION; CANDIDATE_MAPPING_ONLY
NREQ-9522a3263396ea3633d8782d9422ff24	23.2	2189	IMPLEMENTED_UNPROVEN	NO_CURRENT_FULL_CLAUSE_DECLARATION; CANDIDATE_MAPPING_ONLY
NREQ-6e4170e7c389e5b953572a3e819aadd9	23.2	2190	IMPLEMENTED_UNPROVEN	NO_CURRENT_FULL_CLAUSE_DECLARATION; CANDIDATE_MAPPING_ONLY
NREQ-4600a903968bfedda8821eb0d09a1ba1	23.2	2191	UNKNOWN	NO_CURRENT_FULL_CLAUSE_DECLARATION; CANDIDATE_MAPPING_ONLY
NREQ-1d4547ddb9f2a6afb13407ecfa914446	23.2	2193	IMPLEMENTED_UNPROVEN	NO_CURRENT_FULL_CLAUSE_DECLARATION; CANDIDATE_MAPPING_ONLY
NREQ-748441938bd8d831d4985f5c8d60f42d	23.3	2197	UNKNOWN	NO_CURRENT_FULL_CLAUSE_DECLARATION; CANDIDATE_MAPPING_ONLY
NREQ-2d02675a08facd3b220a8e6e5b39e0d2	23.3	2198	UNKNOWN	NO_CURRENT_FULL_CLAUSE_DECLARATION; CANDIDATE_MAPPING_ONLY
NREQ-6a7d7e48357d003e19c720acc3c1b159	23.3	2200	IMPLEMENTED_UNPROVEN	NO_CURRENT_FULL_CLAUSE_DECLARATION; CANDIDATE_MAPPING_ONLY
NREQ-726fd888aaa2d48bcbc850933cef62d1	23.3	2202	UNKNOWN	NO_CURRENT_FULL_CLAUSE_DECLARATION; CANDIDATE_MAPPING_ONLY
NREQ-aa1b41ffe88d6525ec6159b6b1bb7a81	24	2209	IMPLEMENTED_UNPROVEN	NO_CURRENT_FULL_CLAUSE_DECLARATION; CANDIDATE_MAPPING_ONLY
NREQ-14cabca0b16e90d5184f1582af4e5753	24	2210	IMPLEMENTED_UNPROVEN	NO_CURRENT_FULL_CLAUSE_DECLARATION; CANDIDATE_MAPPING_ONLY
NREQ-4f31cba1e5172d1d85a05f2d5e401efe	24	2211	IMPLEMENTED_UNPROVEN	NO_CURRENT_FULL_CLAUSE_DECLARATION; CANDIDATE_MAPPING_ONLY
NREQ-86eb3baa3e9ada8290034fd3ad600865	24	2212	IMPLEMENTED_UNPROVEN	NO_CURRENT_FULL_CLAUSE_DECLARATION; CANDIDATE_MAPPING_ONLY
NREQ-afe888d4ad119309e924a88a20d7ff39	24	2213	IMPLEMENTED_UNPROVEN	NO_CURRENT_FULL_CLAUSE_DECLARATION; CANDIDATE_MAPPING_ONLY
NREQ-6c30aa6244700b3da690d75adad1b3f2	24	2214	IMPLEMENTED_UNPROVEN	NO_CURRENT_FULL_CLAUSE_DECLARATION; CANDIDATE_MAPPING_ONLY
NREQ-e2c6b0ac87e23a3f36fe620da97878dc	24	2216	UNKNOWN	NO_CURRENT_FULL_CLAUSE_DECLARATION; CANDIDATE_MAPPING_ONLY
NREQ-3cac51251c1c25492faf2f4f7fd7abf4	24	2217	UNKNOWN	NO_CURRENT_FULL_CLAUSE_DECLARATION; CANDIDATE_MAPPING_ONLY
NREQ-486ac6fd78e7f80c5cb6b7205191019c	24	2220	IMPLEMENTED_UNPROVEN	NO_CURRENT_FULL_CLAUSE_DECLARATION; CANDIDATE_MAPPING_ONLY
NREQ-37cbccc7f96709c7c596339e688edcd3	24	2221	IMPLEMENTED_UNPROVEN	NO_CURRENT_FULL_CLAUSE_DECLARATION; CANDIDATE_MAPPING_ONLY
NREQ-be98d95e13287635fd52e77c3e2b03ed	24	2222	IMPLEMENTED_UNPROVEN	NO_CURRENT_FULL_CLAUSE_DECLARATION; CANDIDATE_MAPPING_ONLY
NREQ-008bba7f1d60e2a85edfd92e3d4eb0a0	24	2223	IMPLEMENTED_UNPROVEN	NO_CURRENT_FULL_CLAUSE_DECLARATION; CANDIDATE_MAPPING_ONLY
NREQ-32a3941e8eed6e75ab2c6e89f0033d08	24	2224	IMPLEMENTED_UNPROVEN	NO_CURRENT_FULL_CLAUSE_DECLARATION; CANDIDATE_MAPPING_ONLY
NREQ-a6120ecaa2de699014b87533baff4d16	24	2225	IMPLEMENTED_UNPROVEN	NO_CURRENT_FULL_CLAUSE_DECLARATION; CANDIDATE_MAPPING_ONLY
NREQ-2f5977e137773ea001efc4cd88cbfd1b	24	2226	IMPLEMENTED_UNPROVEN	NO_CURRENT_FULL_CLAUSE_DECLARATION; CANDIDATE_MAPPING_ONLY
NREQ-7be9ed01003afaf0c0e3694ef8bba0f4	24	2229	IMPLEMENTED_UNPROVEN	NO_CURRENT_FULL_CLAUSE_DECLARATION; CANDIDATE_MAPPING_ONLY
NREQ-38b4ce6182122bfa674f2d7ee9d123b0	24	2230	IMPLEMENTED_UNPROVEN	NO_CURRENT_FULL_CLAUSE_DECLARATION; CANDIDATE_MAPPING_ONLY
NREQ-a4324d28cf8604bf1b10bdb109fbd9b6	24	2231	IMPLEMENTED_UNPROVEN	NO_CURRENT_FULL_CLAUSE_DECLARATION; CANDIDATE_MAPPING_ONLY
NREQ-77a94b6c59ff592473c548bedfcbd7fc	24	2232	IMPLEMENTED_UNPROVEN	NO_CURRENT_FULL_CLAUSE_DECLARATION; CANDIDATE_MAPPING_ONLY
NREQ-4a19859b6f949f62bbd6bf58a8a62c85	24	2233	IMPLEMENTED_UNPROVEN	NO_CURRENT_FULL_CLAUSE_DECLARATION; CANDIDATE_MAPPING_ONLY
NREQ-070854cf3abc4dcbb9561ad3f3b27dd7	24	2236	IMPLEMENTED_UNPROVEN	NO_CURRENT_FULL_CLAUSE_DECLARATION; CANDIDATE_MAPPING_ONLY
NREQ-6b7dc93f3232bfe10c10c4e8fc0b8661	24	2237	IMPLEMENTED_UNPROVEN	NO_CURRENT_FULL_CLAUSE_DECLARATION; CANDIDATE_MAPPING_ONLY
NREQ-9d45bb73fe144990b70004aa9d664b6d	24	2240	IMPLEMENTED_UNPROVEN	NO_CURRENT_FULL_CLAUSE_DECLARATION; CANDIDATE_MAPPING_ONLY
NREQ-1661317928e8f8cce438c80fb38538fb	24	2241	IMPLEMENTED_UNPROVEN	NO_CURRENT_FULL_CLAUSE_DECLARATION; CANDIDATE_MAPPING_ONLY
NREQ-55323d1124c882ad46627701b2c436a4	24	2242	IMPLEMENTED_UNPROVEN	NO_CURRENT_FULL_CLAUSE_DECLARATION; CANDIDATE_MAPPING_ONLY
NREQ-5b09e942a75469c7f630943bd1b5f610	24	2245	IMPLEMENTED_UNPROVEN	NO_CURRENT_FULL_CLAUSE_DECLARATION; CANDIDATE_MAPPING_ONLY
NREQ-88eebcf27fa754718bd8262cb256bff1	24	2246	IMPLEMENTED_UNPROVEN	NO_CURRENT_FULL_CLAUSE_DECLARATION; CANDIDATE_MAPPING_ONLY
NREQ-955b599b0b547c80b08fe8ff478c59d5	24	2247	IMPLEMENTED_UNPROVEN	NO_CURRENT_FULL_CLAUSE_DECLARATION; CANDIDATE_MAPPING_ONLY
NREQ-e3acdab1068aceec0fa6f0d5f22a2cec	24	2249	IMPLEMENTED_UNPROVEN	NO_CURRENT_FULL_CLAUSE_DECLARATION; CANDIDATE_MAPPING_ONLY
NREQ-edd7888e33bd2e5d625b05e1d2b352a2	24	2250	IMPLEMENTED_UNPROVEN	NO_CURRENT_FULL_CLAUSE_DECLARATION; CANDIDATE_MAPPING_ONLY
NREQ-a9e4fee76435c3c36eefe92d6c148fd4	24	2252	IMPLEMENTED_UNPROVEN	NO_CURRENT_FULL_CLAUSE_DECLARATION; CANDIDATE_MAPPING_ONLY
NREQ-e37583d64c9ef84138b095a056017aac	24.1	2257	IMPLEMENTED_UNPROVEN	NO_CURRENT_FULL_CLAUSE_DECLARATION; CANDIDATE_MAPPING_ONLY
NREQ-d488835eb5e480c31ad6c216b41d8ca9	24.1	2258	IMPLEMENTED_UNPROVEN	NO_CURRENT_FULL_CLAUSE_DECLARATION; CANDIDATE_MAPPING_ONLY
NREQ-6d46f3a01b0e732bc21a6b3bb49e7554	24.1	2259	IMPLEMENTED_UNPROVEN	NO_CURRENT_FULL_CLAUSE_DECLARATION; CANDIDATE_MAPPING_ONLY
NREQ-b71c0c2359d02b3e52b480db68d5840d	24.1	2260	IMPLEMENTED_UNPROVEN	NO_CURRENT_FULL_CLAUSE_DECLARATION; CANDIDATE_MAPPING_ONLY
NREQ-acadc9f72fa45d786dd2d1824213d307	24.1	2261	IMPLEMENTED_UNPROVEN	NO_CURRENT_FULL_CLAUSE_DECLARATION; CANDIDATE_MAPPING_ONLY
NREQ-c43208bb30ace31358113eff263ab57d	24.1	2262	IMPLEMENTED_UNPROVEN	NO_CURRENT_FULL_CLAUSE_DECLARATION; CANDIDATE_MAPPING_ONLY
NREQ-fffed7796c57acdffa0a83c34066b451	24.1	2263	IMPLEMENTED_UNPROVEN	NO_CURRENT_FULL_CLAUSE_DECLARATION; CANDIDATE_MAPPING_ONLY
NREQ-8e81a95b026feb7b1c79fe7ca67814de	24.1	2264	IMPLEMENTED_UNPROVEN	NO_CURRENT_FULL_CLAUSE_DECLARATION; CANDIDATE_MAPPING_ONLY
NREQ-ad1e39246573d30e8a01562d159421bc	24.1	2265	IMPLEMENTED_UNPROVEN	NO_CURRENT_FULL_CLAUSE_DECLARATION; CANDIDATE_MAPPING_ONLY
NREQ-cd2e0b41334c1319830464fdbef08819	24.1	2266	IMPLEMENTED_UNPROVEN	NO_CURRENT_FULL_CLAUSE_DECLARATION; CANDIDATE_MAPPING_ONLY
NREQ-afc67b9dca7a9d3fadb3c4bfcf6ce8e4	24.1	2267	IMPLEMENTED_UNPROVEN	NO_CURRENT_FULL_CLAUSE_DECLARATION; CANDIDATE_MAPPING_ONLY
NREQ-aae33509243b5d9ba8e64aa690ba0193	24.1	2268	IMPLEMENTED_UNPROVEN	NO_CURRENT_FULL_CLAUSE_DECLARATION; CANDIDATE_MAPPING_ONLY
NREQ-0633385d1ac3faa034a49bca2fe34de5	24.1	2270	IMPLEMENTED_UNPROVEN	NO_CURRENT_FULL_CLAUSE_DECLARATION; CANDIDATE_MAPPING_ONLY
NREQ-2376f2220054471b278de6b6f72e8067	24.2	2274	IMPLEMENTED_UNPROVEN	NO_CURRENT_FULL_CLAUSE_DECLARATION; CANDIDATE_MAPPING_ONLY
NREQ-34f4ab762c2ee52cf3808ac246db89bc	25	2280	UNKNOWN	NO_CURRENT_FULL_CLAUSE_DECLARATION; CANDIDATE_MAPPING_ONLY
NREQ-0a26b20365dcffbd00ab9ecd7f0aa1f8	25	2282	UNKNOWN	NO_CURRENT_FULL_CLAUSE_DECLARATION; CANDIDATE_MAPPING_ONLY
NREQ-2721c5a7047ce4837daf88f34534835f	25	2292	IMPLEMENTED_UNPROVEN	NO_CURRENT_FULL_CLAUSE_DECLARATION; CANDIDATE_MAPPING_ONLY
NREQ-4569cb23f0998046d7a974b195e47a7f	25	2295	IMPLEMENTED_UNPROVEN	NO_CURRENT_FULL_CLAUSE_DECLARATION; CANDIDATE_MAPPING_ONLY
NREQ-ffb9a0834622b521879db88e9d57bf56	25	2297	IMPLEMENTED_UNPROVEN	NO_CURRENT_FULL_CLAUSE_DECLARATION; CANDIDATE_MAPPING_ONLY
NREQ-3f308f7bb85292bf3953b5810e6636cb	25	2298	IMPLEMENTED_UNPROVEN	NO_CURRENT_FULL_CLAUSE_DECLARATION; CANDIDATE_MAPPING_ONLY
NREQ-eae36ca2f25aef8e8adc11c69083d467	25	2299	IMPLEMENTED_UNPROVEN	NO_CURRENT_FULL_CLAUSE_DECLARATION; CANDIDATE_MAPPING_ONLY
NREQ-b96eaf009968c72f99a140c3fe2d5737	25	2300	IMPLEMENTED_UNPROVEN	NO_CURRENT_FULL_CLAUSE_DECLARATION; CANDIDATE_MAPPING_ONLY
NREQ-dc68bad699e08567b73a310253f90be7	25	2301	IMPLEMENTED_UNPROVEN	NO_CURRENT_FULL_CLAUSE_DECLARATION; CANDIDATE_MAPPING_ONLY
NREQ-5a41dd236f45bcbe59bee5e9e2fc687c	25	2302	IMPLEMENTED_UNPROVEN	NO_CURRENT_FULL_CLAUSE_DECLARATION; CANDIDATE_MAPPING_ONLY
NREQ-aa7c2e4bce8921023b271d5b3f81e966	25	2303	IMPLEMENTED_UNPROVEN	NO_CURRENT_FULL_CLAUSE_DECLARATION; CANDIDATE_MAPPING_ONLY
NREQ-7a65f12f5e6d01592079f64c16a0ba58	25	2304	IMPLEMENTED_UNPROVEN	NO_CURRENT_FULL_CLAUSE_DECLARATION; CANDIDATE_MAPPING_ONLY
NREQ-94ef943eb2874191405e85052a863d53	25	2305	IMPLEMENTED_UNPROVEN	NO_CURRENT_FULL_CLAUSE_DECLARATION; CANDIDATE_MAPPING_ONLY
NREQ-fd2a00f3e77eaa664da9e6176d9f82ed	25	2306	IMPLEMENTED_UNPROVEN	NO_CURRENT_FULL_CLAUSE_DECLARATION; CANDIDATE_MAPPING_ONLY
NREQ-adf2d32c59cfed765f56460aa1ad1c41	25	2307	IMPLEMENTED_UNPROVEN	NO_CURRENT_FULL_CLAUSE_DECLARATION; CANDIDATE_MAPPING_ONLY
NREQ-2dee327be1adc7ba381b486921507783	25	2308	IMPLEMENTED_UNPROVEN	NO_CURRENT_FULL_CLAUSE_DECLARATION; CANDIDATE_MAPPING_ONLY
NREQ-7da44dd522273d6f9611baa4ada20135	25	2309	IMPLEMENTED_UNPROVEN	NO_CURRENT_FULL_CLAUSE_DECLARATION; CANDIDATE_MAPPING_ONLY
NREQ-b8e00afd4d0804a7f5ea18066bfc7764	25	2310	IMPLEMENTED_UNPROVEN	NO_CURRENT_FULL_CLAUSE_DECLARATION; CANDIDATE_MAPPING_ONLY
NREQ-44a66ab1484ba232fb5c610f47d24947	25	2311	IMPLEMENTED_UNPROVEN	NO_CURRENT_FULL_CLAUSE_DECLARATION; CANDIDATE_MAPPING_ONLY
NREQ-3a766d10cc5478254cfb51f414468ff4	25	2312	IMPLEMENTED_UNPROVEN	NO_CURRENT_FULL_CLAUSE_DECLARATION; CANDIDATE_MAPPING_ONLY
NREQ-243887cac49f6111163ef90d2d73d881	25	2313	IMPLEMENTED_UNPROVEN	NO_CURRENT_FULL_CLAUSE_DECLARATION; CANDIDATE_MAPPING_ONLY
NREQ-ed36036b69448991f17a65932ea99f22	25	2314	IMPLEMENTED_UNPROVEN	NO_CURRENT_FULL_CLAUSE_DECLARATION; CANDIDATE_MAPPING_ONLY
NREQ-38152c7fc91cb2bd1352d15eb664cf3b	25	2315	IMPLEMENTED_UNPROVEN	NO_CURRENT_FULL_CLAUSE_DECLARATION; CANDIDATE_MAPPING_ONLY
NREQ-565340ef17dd5d435a9b60253a2e3680	25	2317	IMPLEMENTED_UNPROVEN	NO_CURRENT_FULL_CLAUSE_DECLARATION; CANDIDATE_MAPPING_ONLY
NREQ-2dd1db06ef1d50afe2650ffc207183e4	25	2319	IMPLEMENTED_UNPROVEN	NO_CURRENT_FULL_CLAUSE_DECLARATION; CANDIDATE_MAPPING_ONLY
NREQ-53ba467545effc4fc63c93119acaed3c	25	2321	IMPLEMENTED_UNPROVEN	NO_CURRENT_FULL_CLAUSE_DECLARATION; CANDIDATE_MAPPING_ONLY
NREQ-10058b3220d8aa7bade4c4dbf7de71fd	25.1	2325	IMPLEMENTED_UNPROVEN	NO_CURRENT_FULL_CLAUSE_DECLARATION; CANDIDATE_MAPPING_ONLY
NREQ-c8f92d9887c4dfc8c86c4441331e3846	25.2	2329	IMPLEMENTED_UNPROVEN	NO_CURRENT_FULL_CLAUSE_DECLARATION; CANDIDATE_MAPPING_ONLY
NREQ-785c18addfdad50b324fd96004bc3884	25.2	2331	IMPLEMENTED_UNPROVEN	NO_CURRENT_FULL_CLAUSE_DECLARATION; CANDIDATE_MAPPING_ONLY
NREQ-2378befdeaf2a292f1decd96b4d6d292	25.2	2333	IMPLEMENTED_UNPROVEN	NO_CURRENT_FULL_CLAUSE_DECLARATION; CANDIDATE_MAPPING_ONLY
NREQ-142b394c82704ad1d1755089fce20e4d	26	2339	UNKNOWN	NO_CURRENT_FULL_CLAUSE_DECLARATION; CANDIDATE_MAPPING_ONLY
NREQ-6b0ea92de0e49bb298bf7c05dd584f17	26	2346	IMPLEMENTED_UNPROVEN	NO_CURRENT_FULL_CLAUSE_DECLARATION; CANDIDATE_MAPPING_ONLY
NREQ-53107fce2a3a405404129e2e219effb0	26	2351	IMPLEMENTED_UNPROVEN	NO_CURRENT_FULL_CLAUSE_DECLARATION; CANDIDATE_MAPPING_ONLY
NREQ-95c45d525b698bf4b212f9eb9a466aec	26	2352	IMPLEMENTED_UNPROVEN	NO_CURRENT_FULL_CLAUSE_DECLARATION; CANDIDATE_MAPPING_ONLY
NREQ-d20f1da39680363e0633c83d05b107b2	26	2353	IMPLEMENTED_UNPROVEN	NO_CURRENT_FULL_CLAUSE_DECLARATION; CANDIDATE_MAPPING_ONLY
NREQ-a3a38499425d4cf4b0c6b1ae6a8a4ea5	26	2354	IMPLEMENTED_UNPROVEN	NO_CURRENT_FULL_CLAUSE_DECLARATION; CANDIDATE_MAPPING_ONLY
NREQ-11ac25bf314c0d48c80deb0ed6d9516b	26	2355	IMPLEMENTED_UNPROVEN	NO_CURRENT_FULL_CLAUSE_DECLARATION; CANDIDATE_MAPPING_ONLY
NREQ-e138f6181df8d68d2cf057b5fc698a32	26	2357	IMPLEMENTED_UNPROVEN	NO_CURRENT_FULL_CLAUSE_DECLARATION; CANDIDATE_MAPPING_ONLY
NREQ-7cc401ce81b6af56582c90450f2d9688	26	2358	IMPLEMENTED_UNPROVEN	NO_CURRENT_FULL_CLAUSE_DECLARATION; CANDIDATE_MAPPING_ONLY
NREQ-9db55c6dbe500e68b8639f2470a1319b	26.1	2363	IMPLEMENTED_UNPROVEN	NO_CURRENT_FULL_CLAUSE_DECLARATION; CANDIDATE_MAPPING_ONLY
NREQ-f8514074d453d8b00b5d4ae84eae543e	26.1	2364	IMPLEMENTED_UNPROVEN	NO_CURRENT_FULL_CLAUSE_DECLARATION; CANDIDATE_MAPPING_ONLY
NREQ-1871ede1ff9652670f6d99f992eca62a	26.1	2365	IMPLEMENTED_UNPROVEN	NO_CURRENT_FULL_CLAUSE_DECLARATION; CANDIDATE_MAPPING_ONLY
NREQ-3cf9a033287daa4b310ec7a94c164112	26.1	2366	IMPLEMENTED_UNPROVEN	NO_CURRENT_FULL_CLAUSE_DECLARATION; CANDIDATE_MAPPING_ONLY
NREQ-5e294007d858f201aed0f75d1dc9206c	26.1	2367	IMPLEMENTED_UNPROVEN	NO_CURRENT_FULL_CLAUSE_DECLARATION; CANDIDATE_MAPPING_ONLY
NREQ-4cac4d7a2c9db4a02334c021b7e3e165	26.1	2368	IMPLEMENTED_UNPROVEN	NO_CURRENT_FULL_CLAUSE_DECLARATION; CANDIDATE_MAPPING_ONLY
NREQ-2e2491349594b9fb315a441ee1a25f51	26.1	2369	IMPLEMENTED_UNPROVEN	NO_CURRENT_FULL_CLAUSE_DECLARATION; CANDIDATE_MAPPING_ONLY
NREQ-888a8112706b75d21541150beef64198	26.1	2370	IMPLEMENTED_UNPROVEN	NO_CURRENT_FULL_CLAUSE_DECLARATION; CANDIDATE_MAPPING_ONLY
NREQ-1b312d3a16eef4daa3eb29ce86b61a0b	26.1	2371	IMPLEMENTED_UNPROVEN	NO_CURRENT_FULL_CLAUSE_DECLARATION; CANDIDATE_MAPPING_ONLY
NREQ-1f55ffae15c8166f410c4b1af8f590e6	26.1	2372	IMPLEMENTED_UNPROVEN	NO_CURRENT_FULL_CLAUSE_DECLARATION; CANDIDATE_MAPPING_ONLY
NREQ-29fab91518bd9f2bdd154361320618e9	26.1	2373	IMPLEMENTED_UNPROVEN	NO_CURRENT_FULL_CLAUSE_DECLARATION; CANDIDATE_MAPPING_ONLY
NREQ-ef253280b65f8d206564467253baf12e	26.1	2374	IMPLEMENTED_UNPROVEN	NO_CURRENT_FULL_CLAUSE_DECLARATION; CANDIDATE_MAPPING_ONLY
NREQ-292c6d46c88f28c38c81b6e0926d1c1e	26.1	2375	IMPLEMENTED_UNPROVEN	NO_CURRENT_FULL_CLAUSE_DECLARATION; CANDIDATE_MAPPING_ONLY
NREQ-20c6397550373d28eb5058a6d9bc4c88	26.2	2380	IMPLEMENTED_UNPROVEN	NO_CURRENT_FULL_CLAUSE_DECLARATION; CANDIDATE_MAPPING_ONLY
NREQ-7ebc6f29563ca656fef5aa9188216a6a	26.2	2381	IMPLEMENTED_UNPROVEN	NO_CURRENT_FULL_CLAUSE_DECLARATION; CANDIDATE_MAPPING_ONLY
NREQ-454d21497d496f5076e7b49153ea3783	26.2	2382	IMPLEMENTED_UNPROVEN	NO_CURRENT_FULL_CLAUSE_DECLARATION; CANDIDATE_MAPPING_ONLY
NREQ-6bb7eabc50f073e9544bb68d954ae143	26.2	2383	IMPLEMENTED_UNPROVEN	NO_CURRENT_FULL_CLAUSE_DECLARATION; CANDIDATE_MAPPING_ONLY
NREQ-2ed408d3ea25e12571b3b03a2bee6fd7	26.2	2384	IMPLEMENTED_UNPROVEN	NO_CURRENT_FULL_CLAUSE_DECLARATION; CANDIDATE_MAPPING_ONLY
NREQ-ba51450ea5abedf45b0ac34c487d33f4	26.2	2385	IMPLEMENTED_UNPROVEN	NO_CURRENT_FULL_CLAUSE_DECLARATION; CANDIDATE_MAPPING_ONLY
NREQ-2cd9e8878c3a9ad8984db313c298133a	26.2	2386	IMPLEMENTED_UNPROVEN	NO_CURRENT_FULL_CLAUSE_DECLARATION; CANDIDATE_MAPPING_ONLY
NREQ-cecf2dc74a28ebf1966f71aecfccf7a9	26.2	2387	IMPLEMENTED_UNPROVEN	NO_CURRENT_FULL_CLAUSE_DECLARATION; CANDIDATE_MAPPING_ONLY
NREQ-cb8f4a40e000fae2b455e05e4de71830	26.3	2392	IMPLEMENTED_UNPROVEN	NO_CURRENT_FULL_CLAUSE_DECLARATION; CANDIDATE_MAPPING_ONLY
NREQ-d0659a9eac14494a00d264419efd817d	26.3	2393	IMPLEMENTED_UNPROVEN	NO_CURRENT_FULL_CLAUSE_DECLARATION; CANDIDATE_MAPPING_ONLY
NREQ-ff7bfbebba45d010613ec4f10b060ba8	26.3	2394	IMPLEMENTED_UNPROVEN	NO_CURRENT_FULL_CLAUSE_DECLARATION; CANDIDATE_MAPPING_ONLY
NREQ-13e9be296f2284c100eaaa98d53f6092	26.3	2395	IMPLEMENTED_UNPROVEN	NO_CURRENT_FULL_CLAUSE_DECLARATION; CANDIDATE_MAPPING_ONLY
NREQ-6cc1234ce6ce8e67b2a4be46f80878f8	26.3	2396	IMPLEMENTED_UNPROVEN	NO_CURRENT_FULL_CLAUSE_DECLARATION; CANDIDATE_MAPPING_ONLY
NREQ-99884c8fefd21f5a6ba52a3121c70fd6	26.4	2401	IMPLEMENTED_UNPROVEN	NO_CURRENT_FULL_CLAUSE_DECLARATION; CANDIDATE_MAPPING_ONLY
NREQ-4a3b7a39f7183d2400faff0a0cd021f1	26.4	2402	IMPLEMENTED_UNPROVEN	NO_CURRENT_FULL_CLAUSE_DECLARATION; CANDIDATE_MAPPING_ONLY
NREQ-247d1e8b6f0c043672c3e20c414f6d97	26.4	2403	IMPLEMENTED_UNPROVEN	NO_CURRENT_FULL_CLAUSE_DECLARATION; CANDIDATE_MAPPING_ONLY
NREQ-3f0c762e600eceaf4486f19682ab5f8f	26.4	2404	IMPLEMENTED_UNPROVEN	NO_CURRENT_FULL_CLAUSE_DECLARATION; CANDIDATE_MAPPING_ONLY
NREQ-0dccff93636cba344edf36addb62282f	26.4	2405	IMPLEMENTED_UNPROVEN	NO_CURRENT_FULL_CLAUSE_DECLARATION; CANDIDATE_MAPPING_ONLY
NREQ-9c5ea6c5055d86bdafbe7e46af628ca0	26.4	2407	UNKNOWN	NO_CURRENT_FULL_CLAUSE_DECLARATION; CANDIDATE_MAPPING_ONLY
NREQ-8f4da1b33a2b17c12e4f8ae872f834d0	26.4	2408	UNKNOWN	NO_CURRENT_FULL_CLAUSE_DECLARATION; CANDIDATE_MAPPING_ONLY
NREQ-fee657633036c6613d819b61d7325c86	26.4	2409	UNKNOWN	NO_CURRENT_FULL_CLAUSE_DECLARATION; CANDIDATE_MAPPING_ONLY
NREQ-de7780c3dba4d73a401bf6b6d1954c6c	26.4	2410	IMPLEMENTED_UNPROVEN	NO_CURRENT_FULL_CLAUSE_DECLARATION; CANDIDATE_MAPPING_ONLY
NREQ-703c69d350d3da62011c05675d00efef	26.5	2415	IMPLEMENTED_UNPROVEN	NO_CURRENT_FULL_CLAUSE_DECLARATION; CANDIDATE_MAPPING_ONLY
NREQ-cd5bf8364f5c40ffe96641607787f17b	26.5	2416	IMPLEMENTED_UNPROVEN	NO_CURRENT_FULL_CLAUSE_DECLARATION; CANDIDATE_MAPPING_ONLY
NREQ-825b08d1ae8688a26e666653cf56743d	26.5	2417	IMPLEMENTED_UNPROVEN	NO_CURRENT_FULL_CLAUSE_DECLARATION; CANDIDATE_MAPPING_ONLY
NREQ-334112db271f1503d9f22dff71f4caad	26.5	2418	IMPLEMENTED_UNPROVEN	NO_CURRENT_FULL_CLAUSE_DECLARATION; CANDIDATE_MAPPING_ONLY
NREQ-2cd600fce3f2060c4c3cdc05fb6be9cf	26.5	2419	IMPLEMENTED_UNPROVEN	NO_CURRENT_FULL_CLAUSE_DECLARATION; CANDIDATE_MAPPING_ONLY
NREQ-c7b83b57557d3f930bedd1aae7e46f28	26.5	2420	IMPLEMENTED_UNPROVEN	NO_CURRENT_FULL_CLAUSE_DECLARATION; CANDIDATE_MAPPING_ONLY
NREQ-9b329d13135072811b88635e06197e2f	26.5	2421	IMPLEMENTED_UNPROVEN	NO_CURRENT_FULL_CLAUSE_DECLARATION; CANDIDATE_MAPPING_ONLY
NREQ-9b15a2e782dbd513c2402de7ca51d377	26.5	2422	IMPLEMENTED_UNPROVEN	NO_CURRENT_FULL_CLAUSE_DECLARATION; CANDIDATE_MAPPING_ONLY
NREQ-0976390e36344f350a078d8317728b17	26.5	2424	IMPLEMENTED_UNPROVEN	NO_CURRENT_FULL_CLAUSE_DECLARATION; CANDIDATE_MAPPING_ONLY
NREQ-e9d5712032eb2a98c807a1e52cb04c69	26.5	2426	IMPLEMENTED_UNPROVEN	NO_CURRENT_FULL_CLAUSE_DECLARATION; CANDIDATE_MAPPING_ONLY
NREQ-66a7ba350a4bba46bb678f982e931182	26.6	2430	IMPLEMENTED_UNPROVEN	NO_CURRENT_FULL_CLAUSE_DECLARATION; CANDIDATE_MAPPING_ONLY
NREQ-5f1bc883d00962185e79c37a7d5465b8	26.6	2432	IMPLEMENTED_UNPROVEN	NO_CURRENT_FULL_CLAUSE_DECLARATION; CANDIDATE_MAPPING_ONLY
NREQ-19842cd02f840a4a7d0c51d69fb9f1bd	27	2439	IMPLEMENTED_UNPROVEN	NO_CURRENT_FULL_CLAUSE_DECLARATION; CANDIDATE_MAPPING_ONLY
NREQ-c50fa689b1c075418f2fbe811aa5134a	27	2440	IMPLEMENTED_UNPROVEN	NO_CURRENT_FULL_CLAUSE_DECLARATION; CANDIDATE_MAPPING_ONLY
NREQ-5c3003cf6fd559e92834aade7f85a89d	27	2441	IMPLEMENTED_UNPROVEN	NO_CURRENT_FULL_CLAUSE_DECLARATION; CANDIDATE_MAPPING_ONLY
NREQ-fda740aa55483e15f7fccbcb18cbe733	27	2444	IMPLEMENTED_UNPROVEN	NO_CURRENT_FULL_CLAUSE_DECLARATION; CANDIDATE_MAPPING_ONLY
NREQ-558db7e8fe6081ff0a110b31f8e988a9	27	2445	IMPLEMENTED_UNPROVEN	NO_CURRENT_FULL_CLAUSE_DECLARATION; CANDIDATE_MAPPING_ONLY
NREQ-33b46c021a0e0027b91d6e5bbfc0dec3	27	2446	IMPLEMENTED_UNPROVEN	NO_CURRENT_FULL_CLAUSE_DECLARATION; CANDIDATE_MAPPING_ONLY
NREQ-7f57509eb59ac2a358e635baff29badd	27	2447	IMPLEMENTED_UNPROVEN	NO_CURRENT_FULL_CLAUSE_DECLARATION; CANDIDATE_MAPPING_ONLY
NREQ-5f039d794f25fe9a0ba8168ea6266171	27	2449	UNKNOWN	NO_CURRENT_FULL_CLAUSE_DECLARATION; CANDIDATE_MAPPING_ONLY
NREQ-c6b8c399e71e1473c96b2b5a4d3b6b93	27	2452	IMPLEMENTED_UNPROVEN	NO_CURRENT_FULL_CLAUSE_DECLARATION; CANDIDATE_MAPPING_ONLY
NREQ-9003b3502150147eee4fe1d5e06f28bf	27	2453	IMPLEMENTED_UNPROVEN	NO_CURRENT_FULL_CLAUSE_DECLARATION; CANDIDATE_MAPPING_ONLY
NREQ-7f612b8320b703a98a7e9e7173b0814b	27	2454	IMPLEMENTED_UNPROVEN	NO_CURRENT_FULL_CLAUSE_DECLARATION; CANDIDATE_MAPPING_ONLY
NREQ-7852a1c090441c1148f67f6c370ddf10	27	2455	IMPLEMENTED_UNPROVEN	NO_CURRENT_FULL_CLAUSE_DECLARATION; CANDIDATE_MAPPING_ONLY
NREQ-4dca506d5d34a249239c624e390cb73f	27	2456	IMPLEMENTED_UNPROVEN	NO_CURRENT_FULL_CLAUSE_DECLARATION; CANDIDATE_MAPPING_ONLY
NREQ-f76c16f3cfcd1384b9c12698bc960fdb	27	2457	IMPLEMENTED_UNPROVEN	NO_CURRENT_FULL_CLAUSE_DECLARATION; CANDIDATE_MAPPING_ONLY
NREQ-df3613ee03dfe05e7a02b8cad0e81c2e	27	2458	IMPLEMENTED_UNPROVEN	NO_CURRENT_FULL_CLAUSE_DECLARATION; CANDIDATE_MAPPING_ONLY
NREQ-23b628b265a64f4b8a377eb5d9d71f57	27	2460	UNKNOWN	NO_CURRENT_FULL_CLAUSE_DECLARATION; CANDIDATE_MAPPING_ONLY
NREQ-4fe3ebbc713419904b04a6d253575905	28	2466	IMPLEMENTED_UNPROVEN	NO_CURRENT_FULL_CLAUSE_DECLARATION; CANDIDATE_MAPPING_ONLY
NREQ-f6e3ba924a56f856bf2788a5c35037f5	28	2467	UNKNOWN	NO_CURRENT_FULL_CLAUSE_DECLARATION; CANDIDATE_MAPPING_ONLY
NREQ-03f38d98992527a14c3b5931e292a7f6	28	2470	IMPLEMENTED_UNPROVEN	NO_CURRENT_FULL_CLAUSE_DECLARATION; CANDIDATE_MAPPING_ONLY
NREQ-2413b89235db5cf7c9f60a5d8acffd98	28	2471	IMPLEMENTED_UNPROVEN	NO_CURRENT_FULL_CLAUSE_DECLARATION; CANDIDATE_MAPPING_ONLY
NREQ-db407e97872f2167b5f37888582648ca	28	2472	IMPLEMENTED_UNPROVEN	NO_CURRENT_FULL_CLAUSE_DECLARATION; CANDIDATE_MAPPING_ONLY
NREQ-cd70e34170c8901705c6f4584b129e37	28	2473	IMPLEMENTED_UNPROVEN	NO_CURRENT_FULL_CLAUSE_DECLARATION; CANDIDATE_MAPPING_ONLY
NREQ-e9ab75bde355efc09a2d90520f75c41c	28	2474	IMPLEMENTED_UNPROVEN	NO_CURRENT_FULL_CLAUSE_DECLARATION; CANDIDATE_MAPPING_ONLY
NREQ-4c9f7cef723b13cb585b0b5455665fa7	28	2477	IMPLEMENTED_UNPROVEN	NO_CURRENT_FULL_CLAUSE_DECLARATION; CANDIDATE_MAPPING_ONLY
NREQ-26ea4ca477e6b9d1cd9abc22cd3d71d3	28	2478	IMPLEMENTED_UNPROVEN	NO_CURRENT_FULL_CLAUSE_DECLARATION; CANDIDATE_MAPPING_ONLY
NREQ-9a0db2b7f0f4d2213137b146524ec289	28	2479	IMPLEMENTED_UNPROVEN	NO_CURRENT_FULL_CLAUSE_DECLARATION; CANDIDATE_MAPPING_ONLY
NREQ-5e235b4b006732a4c137dac625823e1e	28	2480	IMPLEMENTED_UNPROVEN	NO_CURRENT_FULL_CLAUSE_DECLARATION; CANDIDATE_MAPPING_ONLY
NREQ-881242dd71f9bcc6273be293a11a35aa	28	2481	IMPLEMENTED_UNPROVEN	NO_CURRENT_FULL_CLAUSE_DECLARATION; CANDIDATE_MAPPING_ONLY
NREQ-7ea48f8bd043afaed2e022996cbdfceb	28	2482	IMPLEMENTED_UNPROVEN	NO_CURRENT_FULL_CLAUSE_DECLARATION; CANDIDATE_MAPPING_ONLY
NREQ-962dd8a07e86559a99521cedfcf3ff0d	28	2483	IMPLEMENTED_UNPROVEN	NO_CURRENT_FULL_CLAUSE_DECLARATION; CANDIDATE_MAPPING_ONLY
NREQ-14b585a976992e561e52c8262ef4eee3	28	2486	IMPLEMENTED_UNPROVEN	NO_CURRENT_FULL_CLAUSE_DECLARATION; CANDIDATE_MAPPING_ONLY
NREQ-aa4e1175041bb97ecbb4147123b84404	28	2487	IMPLEMENTED_UNPROVEN	NO_CURRENT_FULL_CLAUSE_DECLARATION; CANDIDATE_MAPPING_ONLY
NREQ-02f9c20d344693bf330fa7209b2bea7e	28	2488	IMPLEMENTED_UNPROVEN	NO_CURRENT_FULL_CLAUSE_DECLARATION; CANDIDATE_MAPPING_ONLY
NREQ-b8263a43f86001aae492251cb634b086	28	2489	IMPLEMENTED_UNPROVEN	NO_CURRENT_FULL_CLAUSE_DECLARATION; CANDIDATE_MAPPING_ONLY
NREQ-37e569bd20de32198b7fe74733a7dc57	28	2490	IMPLEMENTED_UNPROVEN	NO_CURRENT_FULL_CLAUSE_DECLARATION; CANDIDATE_MAPPING_ONLY
NREQ-27ab257c38f09a1a58a1aa253b060bc9	28	2493	IMPLEMENTED_UNPROVEN	NO_CURRENT_FULL_CLAUSE_DECLARATION; CANDIDATE_MAPPING_ONLY
NREQ-58ba112b376dd45e207a5d5dcd864413	28	2494	IMPLEMENTED_UNPROVEN	NO_CURRENT_FULL_CLAUSE_DECLARATION; CANDIDATE_MAPPING_ONLY
NREQ-f96328c6a2aa1157eb39ebf430ebc33e	28	2495	IMPLEMENTED_UNPROVEN	NO_CURRENT_FULL_CLAUSE_DECLARATION; CANDIDATE_MAPPING_ONLY
NREQ-6531681f5c4ff4a8a973f67e891bba56	28	2496	IMPLEMENTED_UNPROVEN	NO_CURRENT_FULL_CLAUSE_DECLARATION; CANDIDATE_MAPPING_ONLY
NREQ-bb9420b9c454b4df121e3e69f318d296	28	2497	IMPLEMENTED_UNPROVEN	NO_CURRENT_FULL_CLAUSE_DECLARATION; CANDIDATE_MAPPING_ONLY
NREQ-c38cd2c4c84b329540c3edc4ad8eea25	28	2500	IMPLEMENTED_UNPROVEN	NO_CURRENT_FULL_CLAUSE_DECLARATION; CANDIDATE_MAPPING_ONLY
NREQ-05b4b9ffbc0aae82083dfd29cf4d9632	28	2501	IMPLEMENTED_UNPROVEN	NO_CURRENT_FULL_CLAUSE_DECLARATION; CANDIDATE_MAPPING_ONLY
NREQ-d2e080083bec38aa35e7a5199028a38f	28	2502	IMPLEMENTED_UNPROVEN	NO_CURRENT_FULL_CLAUSE_DECLARATION; CANDIDATE_MAPPING_ONLY
NREQ-25bee07b9a5f8699b204c369d06fe221	28	2503	IMPLEMENTED_UNPROVEN	NO_CURRENT_FULL_CLAUSE_DECLARATION; CANDIDATE_MAPPING_ONLY
NREQ-d5221c7467b1b555f0ad617f87a9ec8c	28	2506	IMPLEMENTED_UNPROVEN	NO_CURRENT_FULL_CLAUSE_DECLARATION; CANDIDATE_MAPPING_ONLY
NREQ-f8a892e16c85aa1efbaa45b5ee98be5e	28	2507	IMPLEMENTED_UNPROVEN	NO_CURRENT_FULL_CLAUSE_DECLARATION; CANDIDATE_MAPPING_ONLY
NREQ-b6f1224fd1beee8d6ced85d1f48b77b8	28	2508	IMPLEMENTED_UNPROVEN	NO_CURRENT_FULL_CLAUSE_DECLARATION; CANDIDATE_MAPPING_ONLY
NREQ-1fd5f005e54f67802137b9566763138b	28	2509	IMPLEMENTED_UNPROVEN	NO_CURRENT_FULL_CLAUSE_DECLARATION; CANDIDATE_MAPPING_ONLY
NREQ-054790e38bc3fed296a5df618e7a8a81	28	2512	IMPLEMENTED_UNPROVEN	NO_CURRENT_FULL_CLAUSE_DECLARATION; CANDIDATE_MAPPING_ONLY
NREQ-4b604f366d95db263bde4006e0020b60	28	2513	IMPLEMENTED_UNPROVEN	NO_CURRENT_FULL_CLAUSE_DECLARATION; CANDIDATE_MAPPING_ONLY
NREQ-9e5bdde6b5811b7661bc6268b64886f6	28	2514	IMPLEMENTED_UNPROVEN	NO_CURRENT_FULL_CLAUSE_DECLARATION; CANDIDATE_MAPPING_ONLY
NREQ-ef7e4fb55c1d7ed5d2f41bda904599c4	28	2515	IMPLEMENTED_UNPROVEN	NO_CURRENT_FULL_CLAUSE_DECLARATION; CANDIDATE_MAPPING_ONLY
NREQ-d92e0038d93c16434916952ce9cd9a49	28	2518	IMPLEMENTED_UNPROVEN	NO_CURRENT_FULL_CLAUSE_DECLARATION; CANDIDATE_MAPPING_ONLY
NREQ-43e1967f12a5ea9831570d0a6a935bc9	28	2519	IMPLEMENTED_UNPROVEN	NO_CURRENT_FULL_CLAUSE_DECLARATION; CANDIDATE_MAPPING_ONLY
NREQ-f065ac723cdf1c204755672c8f3800c8	28	2520	IMPLEMENTED_UNPROVEN	NO_CURRENT_FULL_CLAUSE_DECLARATION; CANDIDATE_MAPPING_ONLY
NREQ-9de72b1ad767b32303efc37fd3c3e096	28	2521	IMPLEMENTED_UNPROVEN	NO_CURRENT_FULL_CLAUSE_DECLARATION; CANDIDATE_MAPPING_ONLY
NREQ-62eb0ff068afa88bbf155073b63f29dd	29	2527	UNKNOWN	NO_CURRENT_FULL_CLAUSE_DECLARATION; CANDIDATE_MAPPING_ONLY
NREQ-448df4814730596863f1e5bae3577e64	29	2532	IMPLEMENTED_UNPROVEN	NO_CURRENT_FULL_CLAUSE_DECLARATION; CANDIDATE_MAPPING_ONLY
NREQ-02555050a65c48419e4ff403b1292eb9	29	2536	IMPLEMENTED_UNPROVEN	NO_CURRENT_FULL_CLAUSE_DECLARATION; CANDIDATE_MAPPING_ONLY
NREQ-f987bbec50c8840dc94567aca2b89945	29	2537	IMPLEMENTED_UNPROVEN	NO_CURRENT_FULL_CLAUSE_DECLARATION; CANDIDATE_MAPPING_ONLY
NREQ-54bfa1a836ec536e3ce76d24769d497f	29	2538	IMPLEMENTED_UNPROVEN	NO_CURRENT_FULL_CLAUSE_DECLARATION; CANDIDATE_MAPPING_ONLY
NREQ-a17fcd2aa50ef5b72f9206ed99536d47	29	2539	IMPLEMENTED_UNPROVEN	NO_CURRENT_FULL_CLAUSE_DECLARATION; CANDIDATE_MAPPING_ONLY
NREQ-4574e3dbe382b197b5e6b35995ba5ed7	29	2540	IMPLEMENTED_UNPROVEN	NO_CURRENT_FULL_CLAUSE_DECLARATION; CANDIDATE_MAPPING_ONLY
NREQ-39ed3adcb98e31aeb7172a452d5c56a0	29.1	2545	IMPLEMENTED_UNPROVEN	NO_CURRENT_FULL_CLAUSE_DECLARATION; CANDIDATE_MAPPING_ONLY
NREQ-b807fcc003ec5bc541881c0e919a965a	29.1	2546	IMPLEMENTED_UNPROVEN	NO_CURRENT_FULL_CLAUSE_DECLARATION; CANDIDATE_MAPPING_ONLY
NREQ-38c56f2afbb5be8fa7dfdb50b58fadc0	29.1	2547	IMPLEMENTED_UNPROVEN	NO_CURRENT_FULL_CLAUSE_DECLARATION; CANDIDATE_MAPPING_ONLY
NREQ-29bc7e8f11fca2aff2c762c5741ed760	29.1	2548	IMPLEMENTED_UNPROVEN	NO_CURRENT_FULL_CLAUSE_DECLARATION; CANDIDATE_MAPPING_ONLY
NREQ-2cf9e00514486c3536ff545ba2130ae4	29.1	2550	UNKNOWN	NO_CURRENT_FULL_CLAUSE_DECLARATION; CANDIDATE_MAPPING_ONLY
NREQ-1f885c83ae6887efc0e25f059e7b2334	29.2	2555	IMPLEMENTED_UNPROVEN	NO_CURRENT_FULL_CLAUSE_DECLARATION; CANDIDATE_MAPPING_ONLY
NREQ-4dd46adaee772c1ef4330312a9dcbaa8	29.2	2556	IMPLEMENTED_UNPROVEN	NO_CURRENT_FULL_CLAUSE_DECLARATION; CANDIDATE_MAPPING_ONLY
NREQ-6b057338996579dd02dfc60ea4fd914c	29.2	2557	IMPLEMENTED_UNPROVEN	NO_CURRENT_FULL_CLAUSE_DECLARATION; CANDIDATE_MAPPING_ONLY
NREQ-2de1e6f36854a54c3fa5d8fa6d444a19	29.2	2558	IMPLEMENTED_UNPROVEN	NO_CURRENT_FULL_CLAUSE_DECLARATION; CANDIDATE_MAPPING_ONLY
NREQ-dcd22ed71034ab5781a6e89c97120821	29.2	2559	IMPLEMENTED_UNPROVEN	NO_CURRENT_FULL_CLAUSE_DECLARATION; CANDIDATE_MAPPING_ONLY
NREQ-6b76dfb7635ffac6c64ca47823db812b	29.2	2560	IMPLEMENTED_UNPROVEN	NO_CURRENT_FULL_CLAUSE_DECLARATION; CANDIDATE_MAPPING_ONLY
NREQ-6387c47feb44dc038dce458a608042dc	29.3	2565	IMPLEMENTED_UNPROVEN	NO_CURRENT_FULL_CLAUSE_DECLARATION; CANDIDATE_MAPPING_ONLY
NREQ-c3a05bd35ec23cba43a4510880003692	29.3	2566	IMPLEMENTED_UNPROVEN	NO_CURRENT_FULL_CLAUSE_DECLARATION; CANDIDATE_MAPPING_ONLY
NREQ-4883ca37031d797b389580d68881e716	29.3	2567	IMPLEMENTED_UNPROVEN	NO_CURRENT_FULL_CLAUSE_DECLARATION; CANDIDATE_MAPPING_ONLY
NREQ-0e8b823e720dc71502aa2d5a2b2144bf	29.3	2568	IMPLEMENTED_UNPROVEN	NO_CURRENT_FULL_CLAUSE_DECLARATION; CANDIDATE_MAPPING_ONLY
NREQ-fe6ee8ca26fad830977bbd62dd5fe632	29.3	2569	IMPLEMENTED_UNPROVEN	NO_CURRENT_FULL_CLAUSE_DECLARATION; CANDIDATE_MAPPING_ONLY
NREQ-2770e9ecdc67c4877ae82e1a7f642628	29.3	2571	UNKNOWN	NO_CURRENT_FULL_CLAUSE_DECLARATION; CANDIDATE_MAPPING_ONLY
NREQ-8c1937a64bf6df060564510282f927c6	29.4	2575	UNKNOWN	NO_CURRENT_FULL_CLAUSE_DECLARATION; CANDIDATE_MAPPING_ONLY
NREQ-8a379613c64e06d280af668509e91ec1	29.4	2576	UNKNOWN	NO_CURRENT_FULL_CLAUSE_DECLARATION; CANDIDATE_MAPPING_ONLY
NREQ-9b0eb16d8263883f34df8eda1dd3c584	29.5	2580	UNKNOWN	NO_CURRENT_FULL_CLAUSE_DECLARATION; CANDIDATE_MAPPING_ONLY
NREQ-8538a39cdd2569c7dee75d43ba932989	29.5	2581	UNKNOWN	NO_CURRENT_FULL_CLAUSE_DECLARATION; CANDIDATE_MAPPING_ONLY
NREQ-83b48e951765077ef8c56eaef9d04790	29.6	2585	IMPLEMENTED_UNPROVEN	NO_CURRENT_FULL_CLAUSE_DECLARATION; CANDIDATE_MAPPING_ONLY
NREQ-27a216a0f36b4ee369d3ec69d9fe8440	29.7	2589	UNKNOWN	NO_CURRENT_FULL_CLAUSE_DECLARATION; CANDIDATE_MAPPING_ONLY
NREQ-bff7371e2690c9018d58610d03c6cff6	29.7	2590	UNKNOWN	NO_CURRENT_FULL_CLAUSE_DECLARATION; CANDIDATE_MAPPING_ONLY
NREQ-3a47466d7c878f1376c3b32f781a0559	29.8	2594	UNKNOWN	NO_CURRENT_FULL_CLAUSE_DECLARATION; CANDIDATE_MAPPING_ONLY
NREQ-f8938f67377bc6db0742047f1482e613	29.8	2595	UNKNOWN	NO_CURRENT_FULL_CLAUSE_DECLARATION; CANDIDATE_MAPPING_ONLY
NREQ-1c390edf28b76c6f077de1f77378d515	29.9	2600	IMPLEMENTED_UNPROVEN	NO_CURRENT_FULL_CLAUSE_DECLARATION; CANDIDATE_MAPPING_ONLY
NREQ-b1cd79f8f6c995cbb8fe379f475f2b22	29.9	2601	IMPLEMENTED_UNPROVEN	NO_CURRENT_FULL_CLAUSE_DECLARATION; CANDIDATE_MAPPING_ONLY
NREQ-2bbd122d6eddba96dbac6860fe3a9a7c	29.9	2602	IMPLEMENTED_UNPROVEN	NO_CURRENT_FULL_CLAUSE_DECLARATION; CANDIDATE_MAPPING_ONLY
NREQ-74661fb8fe3c39424803fdb7e80fa8e3	29.9	2603	IMPLEMENTED_UNPROVEN	NO_CURRENT_FULL_CLAUSE_DECLARATION; CANDIDATE_MAPPING_ONLY
NREQ-b9b8f7420bcf219e3e232952347c9727	29.9	2604	IMPLEMENTED_UNPROVEN	NO_CURRENT_FULL_CLAUSE_DECLARATION; CANDIDATE_MAPPING_ONLY
NREQ-b506e0ab4c4f9cfd679debafaa2fb0d5	29.9	2605	IMPLEMENTED_UNPROVEN	NO_CURRENT_FULL_CLAUSE_DECLARATION; CANDIDATE_MAPPING_ONLY
NREQ-fd6a3fbcc957c1dbd28e74d34e7d7f63	29.9	2606	IMPLEMENTED_UNPROVEN	NO_CURRENT_FULL_CLAUSE_DECLARATION; CANDIDATE_MAPPING_ONLY
NREQ-61deeba2d787be62c09aec7c99c519f8	29.9	2607	IMPLEMENTED_UNPROVEN	NO_CURRENT_FULL_CLAUSE_DECLARATION; CANDIDATE_MAPPING_ONLY
NREQ-872fca3a48eac29f6024146bb4d6682d	29.9	2608	IMPLEMENTED_UNPROVEN	NO_CURRENT_FULL_CLAUSE_DECLARATION; CANDIDATE_MAPPING_ONLY
NREQ-1c41e5c6274369a876185677a7a8e967	29.9	2609	IMPLEMENTED_UNPROVEN	NO_CURRENT_FULL_CLAUSE_DECLARATION; CANDIDATE_MAPPING_ONLY
NREQ-eb79d5ca3185c879985f168715c7a4cf	29.9	2610	IMPLEMENTED_UNPROVEN	NO_CURRENT_FULL_CLAUSE_DECLARATION; CANDIDATE_MAPPING_ONLY
NREQ-b50511b0bec75267d49d5d3e4fe63c0c	29.9	2612	UNKNOWN	NO_CURRENT_FULL_CLAUSE_DECLARATION; CANDIDATE_MAPPING_ONLY
NREQ-282ce0f6e3bf215ccb15afd7cdb77fa3	29.10	2616	IMPLEMENTED_UNPROVEN	NO_CURRENT_FULL_CLAUSE_DECLARATION; CANDIDATE_MAPPING_ONLY
NREQ-0935bdd666f0bb2c7264e51d45ad67ce	29.10	2618	IMPLEMENTED_UNPROVEN	NO_CURRENT_FULL_CLAUSE_DECLARATION; CANDIDATE_MAPPING_ONLY
NREQ-bf34fdbf7035432eacf5b29a472119a3	29.11	2622	IMPLEMENTED_UNPROVEN	NO_CURRENT_FULL_CLAUSE_DECLARATION; CANDIDATE_MAPPING_ONLY
NREQ-852539ae8a657244366126b11b538c7b	29.12	2626	IMPLEMENTED_UNPROVEN	NO_CURRENT_FULL_CLAUSE_DECLARATION; CANDIDATE_MAPPING_ONLY
NREQ-586c7239525fc49657cbea6c505f432c	29.12	2628	IMPLEMENTED_UNPROVEN	NO_CURRENT_FULL_CLAUSE_DECLARATION; CANDIDATE_MAPPING_ONLY
NREQ-5364b9a933b45e3f9e9d3d825b66631e	29.13	2632	IMPLEMENTED_UNPROVEN	NO_CURRENT_FULL_CLAUSE_DECLARATION; CANDIDATE_MAPPING_ONLY
NREQ-17e9fcfc6ae15d210aa3de51b9644377	29.13	2634	IMPLEMENTED_UNPROVEN	NO_CURRENT_FULL_CLAUSE_DECLARATION; CANDIDATE_MAPPING_ONLY
NREQ-2eb7c4bf653b73a37d70235ed1d7232f	29.13	2636	IMPLEMENTED_UNPROVEN	NO_CURRENT_FULL_CLAUSE_DECLARATION; CANDIDATE_MAPPING_ONLY
NREQ-19b09d8ac32718e4ba1a28318469f8da	29.13	2638	IMPLEMENTED_UNPROVEN	NO_CURRENT_FULL_CLAUSE_DECLARATION; CANDIDATE_MAPPING_ONLY
NREQ-de2163b6823fd4090507dfbc5e73774a	29.14	2642	IMPLEMENTED_UNPROVEN	NO_CURRENT_FULL_CLAUSE_DECLARATION; CANDIDATE_MAPPING_ONLY
NREQ-9aac96ceeca05a83b61b47e2523c2fdb	29.14	2644	IMPLEMENTED_UNPROVEN	NO_CURRENT_FULL_CLAUSE_DECLARATION; CANDIDATE_MAPPING_ONLY
NREQ-356bfa8299f40ac1f7dfd76092cb4067	29.14	2646	IMPLEMENTED_UNPROVEN	NO_CURRENT_FULL_CLAUSE_DECLARATION; CANDIDATE_MAPPING_ONLY
NREQ-aaa3bb24cc1b2019e4f6c0433bec2801	29.14	2648	IMPLEMENTED_UNPROVEN	NO_CURRENT_FULL_CLAUSE_DECLARATION; CANDIDATE_MAPPING_ONLY
NREQ-0b6fed57abd3fba742e4a4a79c19bcf2	29.15	2652	IMPLEMENTED_UNPROVEN	NO_CURRENT_FULL_CLAUSE_DECLARATION; CANDIDATE_MAPPING_ONLY
NREQ-ac2d5aec4ee193f2b8bb2b1d3aca83af	29.15	2654	IMPLEMENTED_UNPROVEN	NO_CURRENT_FULL_CLAUSE_DECLARATION; CANDIDATE_MAPPING_ONLY
NREQ-961b45d70e744170c311c10af2fd545b	29.15	2656	IMPLEMENTED_UNPROVEN	NO_CURRENT_FULL_CLAUSE_DECLARATION; CANDIDATE_MAPPING_ONLY
NREQ-1126421373496db4a5b96b755fb2b49c	29.15	2658	IMPLEMENTED_UNPROVEN	NO_CURRENT_FULL_CLAUSE_DECLARATION; CANDIDATE_MAPPING_ONLY
NREQ-5134f7adbb0f9390d0074dd005dd8508	30	2664	UNKNOWN	NO_CURRENT_FULL_CLAUSE_DECLARATION; CANDIDATE_MAPPING_ONLY
NREQ-ac079b738f96ea609396cc89c8803dad	30	2667	UNKNOWN	NO_CURRENT_FULL_CLAUSE_DECLARATION; CANDIDATE_MAPPING_ONLY
NREQ-ee2ad1ddc16498b2e1037381c174b227	30	2668	UNKNOWN	NO_CURRENT_FULL_CLAUSE_DECLARATION; CANDIDATE_MAPPING_ONLY
NREQ-cba0ac6ba3103729f9f35f19f039d99c	30	2669	UNKNOWN	NO_CURRENT_FULL_CLAUSE_DECLARATION; CANDIDATE_MAPPING_ONLY
NREQ-165abce3e48ae4b7f7a5d7110e8ee11e	30	2671	IMPLEMENTED_UNPROVEN	NO_CURRENT_FULL_CLAUSE_DECLARATION; CANDIDATE_MAPPING_ONLY
NREQ-bd3a88c98f98f22febe14c56f4aeb079	30.1	2676	IMPLEMENTED_UNPROVEN	NO_CURRENT_FULL_CLAUSE_DECLARATION; CANDIDATE_MAPPING_ONLY
NREQ-08a8e613afe8e13e66df96acc60989f9	30.1	2679	IMPLEMENTED_UNPROVEN	NO_CURRENT_FULL_CLAUSE_DECLARATION; CANDIDATE_MAPPING_ONLY
NREQ-1736c81b0b429bdf48a41fc2f680de28	30.1	2680	UNKNOWN	NO_CURRENT_FULL_CLAUSE_DECLARATION; CANDIDATE_MAPPING_ONLY
NREQ-9ddb559935204893bd54f385042d3bde	30.2	2684	UNKNOWN	NO_CURRENT_FULL_CLAUSE_DECLARATION; CANDIDATE_MAPPING_ONLY
NREQ-318bf7dff7400dbe282a7d233744e8ab	30.2	2685	UNKNOWN	NO_CURRENT_FULL_CLAUSE_DECLARATION; CANDIDATE_MAPPING_ONLY
NREQ-b6fedc2e0cfe3f6cb983a0361e5ca774	30.2	2686	UNKNOWN	NO_CURRENT_FULL_CLAUSE_DECLARATION; CANDIDATE_MAPPING_ONLY
NREQ-9c528e425bc524094900f59471cd2f9b	30.3	2691	IMPLEMENTED_UNPROVEN	NO_CURRENT_FULL_CLAUSE_DECLARATION; CANDIDATE_MAPPING_ONLY
NREQ-34e95761334f6f2d0db3464fea1f83de	30.3	2692	IMPLEMENTED_UNPROVEN	NO_CURRENT_FULL_CLAUSE_DECLARATION; CANDIDATE_MAPPING_ONLY
NREQ-74d5b61f3614c4227f93fea4997553e7	30.3	2694	UNKNOWN	NO_CURRENT_FULL_CLAUSE_DECLARATION; CANDIDATE_MAPPING_ONLY
NREQ-1b37154aedf345688393859074b4cd62	30.4	2699	IMPLEMENTED_UNPROVEN	NO_CURRENT_FULL_CLAUSE_DECLARATION; CANDIDATE_MAPPING_ONLY
NREQ-9b5eadf3591c35781a52ac727995257f	30.4	2700	IMPLEMENTED_UNPROVEN	NO_CURRENT_FULL_CLAUSE_DECLARATION; CANDIDATE_MAPPING_ONLY
NREQ-f4bc7842a2dc5225acddacc0651cdc8b	30.4	2701	IMPLEMENTED_UNPROVEN	NO_CURRENT_FULL_CLAUSE_DECLARATION; CANDIDATE_MAPPING_ONLY
NREQ-8cb0cab1fc4468426fa977c520b5f9a0	30.4	2702	IMPLEMENTED_UNPROVEN	NO_CURRENT_FULL_CLAUSE_DECLARATION; CANDIDATE_MAPPING_ONLY
NREQ-beaf90ca6a83c8c3f1684060eab17211	30.4	2704	UNKNOWN	NO_CURRENT_FULL_CLAUSE_DECLARATION; CANDIDATE_MAPPING_ONLY
NREQ-108da6880ac945a91faeaec0bbcbcae1	30.5	2708	UNKNOWN	NO_CURRENT_FULL_CLAUSE_DECLARATION; CANDIDATE_MAPPING_ONLY
NREQ-bb1e22ae0e7f0ee2df6ebfde6733d22b	30.6	2713	IMPLEMENTED_UNPROVEN	NO_CURRENT_FULL_CLAUSE_DECLARATION; CANDIDATE_MAPPING_ONLY
NREQ-698c8f4bff987681cfc3bb8d8b6d49a4	30.6	2714	IMPLEMENTED_UNPROVEN	NO_CURRENT_FULL_CLAUSE_DECLARATION; CANDIDATE_MAPPING_ONLY
NREQ-030b9a4504d1e0e86ba514b88f33ea87	30.6	2715	IMPLEMENTED_UNPROVEN	NO_CURRENT_FULL_CLAUSE_DECLARATION; CANDIDATE_MAPPING_ONLY
NREQ-bdfeef87748c3e3d5f93eb27d43d178d	30.6	2716	IMPLEMENTED_UNPROVEN	NO_CURRENT_FULL_CLAUSE_DECLARATION; CANDIDATE_MAPPING_ONLY
NREQ-9f6fccc2abaa44dd34c1ef29a796ec2c	30.7	2720	IMPLEMENTED_UNPROVEN	NO_CURRENT_FULL_CLAUSE_DECLARATION; CANDIDATE_MAPPING_ONLY
NREQ-be6b732dc4c63e56ab63a00039971dba	30.7	2721	IMPLEMENTED_UNPROVEN	NO_CURRENT_FULL_CLAUSE_DECLARATION; CANDIDATE_MAPPING_ONLY
NREQ-d35bbc7c97ecdde70bf1ab432b14824f	30.7	2725	IMPLEMENTED_UNPROVEN	NO_CURRENT_FULL_CLAUSE_DECLARATION; CANDIDATE_MAPPING_ONLY
NREQ-31172e91f0e26d4abc4264357b00c55e	30.8	2730	IMPLEMENTED_UNPROVEN	NO_CURRENT_FULL_CLAUSE_DECLARATION; CANDIDATE_MAPPING_ONLY
NREQ-ff092f8e449734e7c01eb06e4568fd9b	30.8	2731	IMPLEMENTED_UNPROVEN	NO_CURRENT_FULL_CLAUSE_DECLARATION; CANDIDATE_MAPPING_ONLY
NREQ-460a7eb796cde8c375c63386af6dc02e	30.8	2732	IMPLEMENTED_UNPROVEN	NO_CURRENT_FULL_CLAUSE_DECLARATION; CANDIDATE_MAPPING_ONLY
NREQ-2603fe1019e43e5fdc264525e8268845	30.8	2733	IMPLEMENTED_UNPROVEN	NO_CURRENT_FULL_CLAUSE_DECLARATION; CANDIDATE_MAPPING_ONLY
NREQ-88619a2fcb07ccf8bc3669cfdf2dcb3c	30.8	2734	IMPLEMENTED_UNPROVEN	NO_CURRENT_FULL_CLAUSE_DECLARATION; CANDIDATE_MAPPING_ONLY
NREQ-eeb935d4b9bea4a52437017522e92e85	30.8	2736	IMPLEMENTED_UNPROVEN	NO_CURRENT_FULL_CLAUSE_DECLARATION; CANDIDATE_MAPPING_ONLY
NREQ-e7dcf30a497ab9a4f1ca4d96d1eb74fc	31	2742	IMPLEMENTED_UNPROVEN	NO_CURRENT_FULL_CLAUSE_DECLARATION; CANDIDATE_MAPPING_ONLY
NREQ-c6ef9702256c53e1ce9615d73d6ba511	31	2749	IMPLEMENTED_UNPROVEN	NO_CURRENT_FULL_CLAUSE_DECLARATION; CANDIDATE_MAPPING_ONLY
NREQ-44ff4326169994d8f0e762f181de15da	31	2750	IMPLEMENTED_UNPROVEN	NO_CURRENT_FULL_CLAUSE_DECLARATION; CANDIDATE_MAPPING_ONLY
NREQ-427197d53850732461cac644865753c7	31	2751	IMPLEMENTED_UNPROVEN	NO_CURRENT_FULL_CLAUSE_DECLARATION; CANDIDATE_MAPPING_ONLY
NREQ-3a6b86b10e8353e1a86aa057946ccca8	31	2752	IMPLEMENTED_UNPROVEN	NO_CURRENT_FULL_CLAUSE_DECLARATION; CANDIDATE_MAPPING_ONLY
NREQ-60801f39c49f71e24cd684e974b9c7ea	31	2755	IMPLEMENTED_UNPROVEN	NO_CURRENT_FULL_CLAUSE_DECLARATION; CANDIDATE_MAPPING_ONLY
NREQ-d7d89ca600a76f2a387af1d71556886d	31	2756	IMPLEMENTED_UNPROVEN	NO_CURRENT_FULL_CLAUSE_DECLARATION; CANDIDATE_MAPPING_ONLY
NREQ-1c378a3fd4b0adbc5457c479c0acc155	31	2757	IMPLEMENTED_UNPROVEN	NO_CURRENT_FULL_CLAUSE_DECLARATION; CANDIDATE_MAPPING_ONLY
NREQ-ef2db02689d13b8eb8feb05ced6d0197	31	2758	IMPLEMENTED_UNPROVEN	NO_CURRENT_FULL_CLAUSE_DECLARATION; CANDIDATE_MAPPING_ONLY
NREQ-6c965d8edee591d23bce487da4a09a9c	31	2760	IMPLEMENTED_UNPROVEN	NO_CURRENT_FULL_CLAUSE_DECLARATION; CANDIDATE_MAPPING_ONLY
NREQ-0736518e0aef6dbf8f34d0058d97bc78	31	2761	IMPLEMENTED_UNPROVEN	NO_CURRENT_FULL_CLAUSE_DECLARATION; CANDIDATE_MAPPING_ONLY
NREQ-1bd399c5252d680fc6fb47df955053c4	31	2762	IMPLEMENTED_UNPROVEN	NO_CURRENT_FULL_CLAUSE_DECLARATION; CANDIDATE_MAPPING_ONLY
NREQ-0beb3d8a22f3d15490a9bf5a6de2b0d7	31	2764	IMPLEMENTED_UNPROVEN	NO_CURRENT_FULL_CLAUSE_DECLARATION; CANDIDATE_MAPPING_ONLY
NREQ-183f46f6684602ee7ea57142ba48b5c4	31	2765	IMPLEMENTED_UNPROVEN	NO_CURRENT_FULL_CLAUSE_DECLARATION; CANDIDATE_MAPPING_ONLY
NREQ-42ea3fe6e4644307f09bf14ee28e2cae	31	2766	IMPLEMENTED_UNPROVEN	NO_CURRENT_FULL_CLAUSE_DECLARATION; CANDIDATE_MAPPING_ONLY
NREQ-1e280009ceb32b0cd3ef7a08569fd631	31	2768	UNKNOWN	NO_CURRENT_FULL_CLAUSE_DECLARATION; CANDIDATE_MAPPING_ONLY
NREQ-1644ba83a9fb160e0887bb1f968093d0	31	2769	UNKNOWN	NO_CURRENT_FULL_CLAUSE_DECLARATION; CANDIDATE_MAPPING_ONLY
NREQ-fb4cfdfbe61cc2f25d2d721eb5f881c3	31	2772	IMPLEMENTED_UNPROVEN	NO_CURRENT_FULL_CLAUSE_DECLARATION; CANDIDATE_MAPPING_ONLY
NREQ-57137de89132af78bcaf73af752c01d8	31	2773	IMPLEMENTED_UNPROVEN	NO_CURRENT_FULL_CLAUSE_DECLARATION; CANDIDATE_MAPPING_ONLY
NREQ-9f26bff8e6f7de969ed28398a68c867a	31	2774	IMPLEMENTED_UNPROVEN	NO_CURRENT_FULL_CLAUSE_DECLARATION; CANDIDATE_MAPPING_ONLY
NREQ-0af855b897bbfc663b4f7ca568087bfc	31	2775	IMPLEMENTED_UNPROVEN	NO_CURRENT_FULL_CLAUSE_DECLARATION; CANDIDATE_MAPPING_ONLY
NREQ-1bca0a1849e7ead7bfe8e9d760917e47	31	2776	IMPLEMENTED_UNPROVEN	NO_CURRENT_FULL_CLAUSE_DECLARATION; CANDIDATE_MAPPING_ONLY
NREQ-87b5418ac419a043919737273dc9859e	31	2778	IMPLEMENTED_UNPROVEN	NO_CURRENT_FULL_CLAUSE_DECLARATION; CANDIDATE_MAPPING_ONLY
NREQ-030c4c2774d2802d6009db314a8dc98d	31	2781	IMPLEMENTED_UNPROVEN	NO_CURRENT_FULL_CLAUSE_DECLARATION; CANDIDATE_MAPPING_ONLY
NREQ-cd450154228ade7c42964fb447c71825	31	2782	IMPLEMENTED_UNPROVEN	NO_CURRENT_FULL_CLAUSE_DECLARATION; CANDIDATE_MAPPING_ONLY
NREQ-12611c922c086b03f386b2c5e7cb3e19	31	2783	IMPLEMENTED_UNPROVEN	NO_CURRENT_FULL_CLAUSE_DECLARATION; CANDIDATE_MAPPING_ONLY
NREQ-ee1f593ac734ca0725aa02053e6052e3	31	2784	IMPLEMENTED_UNPROVEN	NO_CURRENT_FULL_CLAUSE_DECLARATION; CANDIDATE_MAPPING_ONLY
NREQ-ec167bae351e0ee9bb47b7097fa65aed	31	2785	IMPLEMENTED_UNPROVEN	NO_CURRENT_FULL_CLAUSE_DECLARATION; CANDIDATE_MAPPING_ONLY
NREQ-cb73e20c4cf1d82546995a7409914c1b	31	2786	IMPLEMENTED_UNPROVEN	NO_CURRENT_FULL_CLAUSE_DECLARATION; CANDIDATE_MAPPING_ONLY
NREQ-94ecbec529d9b5cc4dcdbde197af0120	31	2787	IMPLEMENTED_UNPROVEN	NO_CURRENT_FULL_CLAUSE_DECLARATION; CANDIDATE_MAPPING_ONLY
NREQ-f7af8ab4c6f9e643ff0a20239ba7b589	31	2788	IMPLEMENTED_UNPROVEN	NO_CURRENT_FULL_CLAUSE_DECLARATION; CANDIDATE_MAPPING_ONLY
NREQ-f3833871a731233cefb9a677d586f979	31	2789	IMPLEMENTED_UNPROVEN	NO_CURRENT_FULL_CLAUSE_DECLARATION; CANDIDATE_MAPPING_ONLY
NREQ-c2cd163b762363b4e9c4d1be05d5ce69	31	2790	IMPLEMENTED_UNPROVEN	NO_CURRENT_FULL_CLAUSE_DECLARATION; CANDIDATE_MAPPING_ONLY
NREQ-f8a46d343417831b0223d15b9bd62c3d	31	2791	IMPLEMENTED_UNPROVEN	NO_CURRENT_FULL_CLAUSE_DECLARATION; CANDIDATE_MAPPING_ONLY
NREQ-0b917ca4689b30acf9bd200f59df49ec	31	2792	IMPLEMENTED_UNPROVEN	NO_CURRENT_FULL_CLAUSE_DECLARATION; CANDIDATE_MAPPING_ONLY
NREQ-220fb40a12e38f5fdcaf751803b1763b	31	2793	IMPLEMENTED_UNPROVEN	NO_CURRENT_FULL_CLAUSE_DECLARATION; CANDIDATE_MAPPING_ONLY
NREQ-98c3117d0fe232f85b933b09e1957913	31	2794	IMPLEMENTED_UNPROVEN	NO_CURRENT_FULL_CLAUSE_DECLARATION; CANDIDATE_MAPPING_ONLY
NREQ-d3c6e171f6cae81aa08e1b77492077cb	31	2795	IMPLEMENTED_UNPROVEN	NO_CURRENT_FULL_CLAUSE_DECLARATION; CANDIDATE_MAPPING_ONLY
NREQ-51b98cdba97ed18e643bf6a312714b93	31	2796	IMPLEMENTED_UNPROVEN	NO_CURRENT_FULL_CLAUSE_DECLARATION; CANDIDATE_MAPPING_ONLY
NREQ-aadb80842945bc20ca45ee909ca727b2	31	2797	IMPLEMENTED_UNPROVEN	NO_CURRENT_FULL_CLAUSE_DECLARATION; CANDIDATE_MAPPING_ONLY
NREQ-47c61bba8fa0d6134bc2fb4c74fb9b13	31	2799	IMPLEMENTED_UNPROVEN	NO_CURRENT_FULL_CLAUSE_DECLARATION; CANDIDATE_MAPPING_ONLY
NREQ-7742eb1861b4fce2dc7c3a7474f0ca0a	31.1	2803	IMPLEMENTED_UNPROVEN	NO_CURRENT_FULL_CLAUSE_DECLARATION; CANDIDATE_MAPPING_ONLY
NREQ-38ae114de18224612a16b893169b1cac	31.1	2804	IMPLEMENTED_UNPROVEN	NO_CURRENT_FULL_CLAUSE_DECLARATION; CANDIDATE_MAPPING_ONLY
NREQ-2ab2fc8e76fdc79221f9a56c53db5200	31.1	2805	IMPLEMENTED_UNPROVEN	NO_CURRENT_FULL_CLAUSE_DECLARATION; CANDIDATE_MAPPING_ONLY
NREQ-747ce45aa601b6c71d6fd07677675996	31.1	2806	IMPLEMENTED_UNPROVEN	NO_CURRENT_FULL_CLAUSE_DECLARATION; CANDIDATE_MAPPING_ONLY
NREQ-70667072d7acd65f71b46601d9d4ad8e	31.1	2807	IMPLEMENTED_UNPROVEN	NO_CURRENT_FULL_CLAUSE_DECLARATION; CANDIDATE_MAPPING_ONLY
NREQ-e6fe715b8a8d5d4bd96a5040de4cf88a	31.1	2808	IMPLEMENTED_UNPROVEN	NO_CURRENT_FULL_CLAUSE_DECLARATION; CANDIDATE_MAPPING_ONLY
NREQ-8da50c4664f545cff56b889dcf186463	31.1	2809	IMPLEMENTED_UNPROVEN	NO_CURRENT_FULL_CLAUSE_DECLARATION; CANDIDATE_MAPPING_ONLY
NREQ-e070e325b25ada9cbe9b4dfb3538f9e0	31.1	2810	IMPLEMENTED_UNPROVEN	NO_CURRENT_FULL_CLAUSE_DECLARATION; CANDIDATE_MAPPING_ONLY
NREQ-a6b60fd638bbe1bd0c331336922cc615	31.1	2811	IMPLEMENTED_UNPROVEN	NO_CURRENT_FULL_CLAUSE_DECLARATION; CANDIDATE_MAPPING_ONLY
NREQ-a43c9db6fe648ba2cd018b2b00c75be8	31.1	2812	IMPLEMENTED_UNPROVEN	NO_CURRENT_FULL_CLAUSE_DECLARATION; CANDIDATE_MAPPING_ONLY
NREQ-89d8bf0c68922a67dfd370e6e49b740d	31.1	2814	IMPLEMENTED_UNPROVEN	NO_CURRENT_FULL_CLAUSE_DECLARATION; CANDIDATE_MAPPING_ONLY
NREQ-231885ba46ead935bf919d9f1df68932	32.1	2823	IMPLEMENTED_UNPROVEN	NO_CURRENT_FULL_CLAUSE_DECLARATION; CANDIDATE_MAPPING_ONLY
NREQ-9abf0310cf3f22a55a867423a0391e42	32.1	2824	IMPLEMENTED_UNPROVEN	NO_CURRENT_FULL_CLAUSE_DECLARATION; CANDIDATE_MAPPING_ONLY
NREQ-a3ca07311ef67b6cfdba40e030e44201	32.1	2825	IMPLEMENTED_UNPROVEN	NO_CURRENT_FULL_CLAUSE_DECLARATION; CANDIDATE_MAPPING_ONLY
NREQ-6fcea689143b43419c4a26addf66e799	32.1	2826	IMPLEMENTED_UNPROVEN	NO_CURRENT_FULL_CLAUSE_DECLARATION; CANDIDATE_MAPPING_ONLY
NREQ-a1549de8115d82037d3b76691770adec	32.1	2827	IMPLEMENTED_UNPROVEN	NO_CURRENT_FULL_CLAUSE_DECLARATION; CANDIDATE_MAPPING_ONLY
NREQ-a63d27dee9c74d29b71bd5ba717fa3a8	32.1	2828	IMPLEMENTED_UNPROVEN	NO_CURRENT_FULL_CLAUSE_DECLARATION; CANDIDATE_MAPPING_ONLY
NREQ-16db3ba231fbdaf91ad7ed2eaf237f7b	32.1	2829	IMPLEMENTED_UNPROVEN	NO_CURRENT_FULL_CLAUSE_DECLARATION; CANDIDATE_MAPPING_ONLY
NREQ-f750ce224762076489621e8f8b8efc5a	32.1	2830	IMPLEMENTED_UNPROVEN	NO_CURRENT_FULL_CLAUSE_DECLARATION; CANDIDATE_MAPPING_ONLY
NREQ-2f271812cf008f42e7752b3120708f94	32.1	2832	UNKNOWN	NO_CURRENT_FULL_CLAUSE_DECLARATION; CANDIDATE_MAPPING_ONLY
NREQ-b820dfd35041d54b2f441b39d1bab685	32.2	2834	IMPLEMENTED_UNPROVEN	REVIEWED_CONTEXT_LINKED_TO_MANDATORY_CLAUSES
NREQ-dbee71e64104225811e672eb6e6f8741	32.2	2837	IMPLEMENTED_UNPROVEN	NO_CURRENT_FULL_CLAUSE_DECLARATION; CANDIDATE_MAPPING_ONLY
NREQ-9562a8252e6f1e5193840c0788749540	32.2	2838	IMPLEMENTED_UNPROVEN	NO_CURRENT_FULL_CLAUSE_DECLARATION; CANDIDATE_MAPPING_ONLY
NREQ-e8478093aeb43f35d4b8f09e30f9b0b1	32.2	2839	IMPLEMENTED_UNPROVEN	NO_CURRENT_FULL_CLAUSE_DECLARATION; CANDIDATE_MAPPING_ONLY
NREQ-c444b4e030e8fa8d909aaacda840afae	32.2	2840	IMPLEMENTED_UNPROVEN	NO_CURRENT_FULL_CLAUSE_DECLARATION; CANDIDATE_MAPPING_ONLY
NREQ-649ba03cc81484afc8e59bf09ffbeb22	32.2	2841	IMPLEMENTED_UNPROVEN	NO_CURRENT_FULL_CLAUSE_DECLARATION; CANDIDATE_MAPPING_ONLY
NREQ-6c7c32f5c4dec9d366ce4bd67dcaa8ae	32.2	2842	IMPLEMENTED_UNPROVEN	NO_CURRENT_FULL_CLAUSE_DECLARATION; CANDIDATE_MAPPING_ONLY
NREQ-3419b3271f8c15dbc43f542d5c987ef8	32.2	2843	IMPLEMENTED_UNPROVEN	NO_CURRENT_FULL_CLAUSE_DECLARATION; CANDIDATE_MAPPING_ONLY
NREQ-05251990eea25e7cb5f6558b9cc8a746	32.2	2844	IMPLEMENTED_UNPROVEN	NO_CURRENT_FULL_CLAUSE_DECLARATION; CANDIDATE_MAPPING_ONLY
NREQ-02667cb8997819d83090c75ebf15168f	32.2	2846	UNKNOWN	NO_CURRENT_FULL_CLAUSE_DECLARATION; CANDIDATE_MAPPING_ONLY
NREQ-7470076d2a7e03f5bf547c3ac10ce440	32.3	2851	IMPLEMENTED_UNPROVEN	NO_CURRENT_FULL_CLAUSE_DECLARATION; CANDIDATE_MAPPING_ONLY
NREQ-ba171af2ccc6c2d4e08fd9c17c7415c9	32.3	2852	IMPLEMENTED_UNPROVEN	NO_CURRENT_FULL_CLAUSE_DECLARATION; CANDIDATE_MAPPING_ONLY
NREQ-a90abb2bde47045d5f4232a12de97f37	32.3	2853	IMPLEMENTED_UNPROVEN	NO_CURRENT_FULL_CLAUSE_DECLARATION; CANDIDATE_MAPPING_ONLY
NREQ-bfc29a2f0c1137c851cbd0c2bdc970ec	32.3	2854	IMPLEMENTED_UNPROVEN	NO_CURRENT_FULL_CLAUSE_DECLARATION; CANDIDATE_MAPPING_ONLY
NREQ-0a9bc8fed048af34e3601feb3a4ee090	32.3	2855	IMPLEMENTED_UNPROVEN	NO_CURRENT_FULL_CLAUSE_DECLARATION; CANDIDATE_MAPPING_ONLY
NREQ-7f957ed42da46a5726f135a01f0c59a1	32.3	2856	IMPLEMENTED_UNPROVEN	NO_CURRENT_FULL_CLAUSE_DECLARATION; CANDIDATE_MAPPING_ONLY
NREQ-aa75dc8426adc783d08c8a6460bc77c2	32.3	2857	IMPLEMENTED_UNPROVEN	NO_CURRENT_FULL_CLAUSE_DECLARATION; CANDIDATE_MAPPING_ONLY
NREQ-30281815d7494abadec9f5418e6c362b	32.3	2858	IMPLEMENTED_UNPROVEN	NO_CURRENT_FULL_CLAUSE_DECLARATION; CANDIDATE_MAPPING_ONLY
NREQ-2508a2e77989711b6bc5438ef54de001	32.3	2859	IMPLEMENTED_UNPROVEN	NO_CURRENT_FULL_CLAUSE_DECLARATION; CANDIDATE_MAPPING_ONLY
NREQ-7d0f189cb26be2e01cae6b5cf1e297d3	32.3	2860	IMPLEMENTED_UNPROVEN	NO_CURRENT_FULL_CLAUSE_DECLARATION; CANDIDATE_MAPPING_ONLY
NREQ-e50ef96da58f02f80029addfae5aa65e	32.3	2861	IMPLEMENTED_UNPROVEN	NO_CURRENT_FULL_CLAUSE_DECLARATION; CANDIDATE_MAPPING_ONLY
NREQ-2af0c9e3c9bf053e4c6f04bb8b225757	32.3	2863	UNKNOWN	NO_CURRENT_FULL_CLAUSE_DECLARATION; CANDIDATE_MAPPING_ONLY
NREQ-13f4db1d7d8c29bf4f5843bb6ef52dc8	32.3	2864	IMPLEMENTED_UNPROVEN	NO_CURRENT_FULL_CLAUSE_DECLARATION; CANDIDATE_MAPPING_ONLY
NREQ-c5c82a5cce0d08af43e0c6cb6e8cebd4	32.4	2868	IMPLEMENTED_UNPROVEN	NO_CURRENT_FULL_CLAUSE_DECLARATION; CANDIDATE_MAPPING_ONLY
NREQ-d135d2e2e26f8f7b33988b0ec83e3912	32.4	2870	IMPLEMENTED_UNPROVEN	NO_CURRENT_FULL_CLAUSE_DECLARATION; CANDIDATE_MAPPING_ONLY
NREQ-d38a25eec7f66e0a7a83f4b37583fdb1	32.4A	2894	UNKNOWN	NO_CURRENT_FULL_CLAUSE_DECLARATION; CANDIDATE_MAPPING_ONLY
NREQ-ce18eabd52e8eeb241c6e5eec3d9a88f	32.4A	2898	UNKNOWN	NO_CURRENT_FULL_CLAUSE_DECLARATION; CANDIDATE_MAPPING_ONLY
NREQ-4606b89e2aebbdf24c5daff6d4bcf503	32.4A	2899	UNKNOWN	NO_CURRENT_FULL_CLAUSE_DECLARATION; CANDIDATE_MAPPING_ONLY
NREQ-f0621acd0b33f63e3ae41e59910aea7f	32.4A	2901	UNKNOWN	NO_CURRENT_FULL_CLAUSE_DECLARATION; CANDIDATE_MAPPING_ONLY
NREQ-0d06556a3e2fdb55cd32cf6dff08e6ef	32.4A	2903	UNKNOWN	NO_CURRENT_FULL_CLAUSE_DECLARATION; CANDIDATE_MAPPING_ONLY
NREQ-b5d1f042c63c3ef8a9eea7e8f48eff2e	32.4A	2907	UNKNOWN	NO_CURRENT_FULL_CLAUSE_DECLARATION; CANDIDATE_MAPPING_ONLY
NREQ-b4fbccee8a54255c751ac74e517f14f7	32.4A	2908	UNKNOWN	NO_CURRENT_FULL_CLAUSE_DECLARATION; CANDIDATE_MAPPING_ONLY
NREQ-a142ebd6c4a8605156f4c175f1fbd8c4	32.4A	2909	UNKNOWN	NO_CURRENT_FULL_CLAUSE_DECLARATION; CANDIDATE_MAPPING_ONLY
NREQ-af49c46415a8fd468e85f22b5ddda69c	32.4A	2910	UNKNOWN	NO_CURRENT_FULL_CLAUSE_DECLARATION; CANDIDATE_MAPPING_ONLY
NREQ-96ef0803939101bed7c65b60eb56184d	32.4A	2912	UNKNOWN	NO_CURRENT_FULL_CLAUSE_DECLARATION; CANDIDATE_MAPPING_ONLY
NREQ-c8cea7de0b14ff0671492e5b96f21bfa	32.4A	2914	UNKNOWN	NO_CURRENT_FULL_CLAUSE_DECLARATION; CANDIDATE_MAPPING_ONLY
NREQ-a950a1d3c27f5b487df2027c22f78a84	32.4A	2916	UNKNOWN	NO_CURRENT_FULL_CLAUSE_DECLARATION; CANDIDATE_MAPPING_ONLY
NREQ-4e0d960d854118f0b9c587c57364856a	32.4A	2920	UNKNOWN	NO_CURRENT_FULL_CLAUSE_DECLARATION; CANDIDATE_MAPPING_ONLY
NREQ-481684059f9776eabb4dba31db23633d	32.4A	2922	UNKNOWN	NO_CURRENT_FULL_CLAUSE_DECLARATION; CANDIDATE_MAPPING_ONLY
NREQ-8959629ad950b40a209bbed0ecaef749	32.4A	2923	UNKNOWN	NO_CURRENT_FULL_CLAUSE_DECLARATION; CANDIDATE_MAPPING_ONLY
NREQ-87adcdcfb8665f49932144deb66a6b64	32.4A	2924	UNKNOWN	NO_CURRENT_FULL_CLAUSE_DECLARATION; CANDIDATE_MAPPING_ONLY
NREQ-477f467365d5aa6c7c5abe3e58f8c4dd	32.4A	2925	UNKNOWN	NO_CURRENT_FULL_CLAUSE_DECLARATION; CANDIDATE_MAPPING_ONLY
NREQ-dde43437b3177c80c1a5935f8849f7ce	32.4A	2926	UNKNOWN	NO_CURRENT_FULL_CLAUSE_DECLARATION; CANDIDATE_MAPPING_ONLY
NREQ-8c713b95f5fa0d5ae4a6468d728f6e0b	32.4A	2927	UNKNOWN	NO_CURRENT_FULL_CLAUSE_DECLARATION; CANDIDATE_MAPPING_ONLY
NREQ-1894a58359ffcd79a2a16226be46f287	32.4A	2928	UNKNOWN	NO_CURRENT_FULL_CLAUSE_DECLARATION; CANDIDATE_MAPPING_ONLY
NREQ-f00c06871164da464ebc41c0a615dce6	32.4A	2930	UNKNOWN	NO_CURRENT_FULL_CLAUSE_DECLARATION; CANDIDATE_MAPPING_ONLY
NREQ-f60d4edb0b8e072502ff70b267ea3af8	32.4A	2932	UNKNOWN	NO_CURRENT_FULL_CLAUSE_DECLARATION; CANDIDATE_MAPPING_ONLY
NREQ-d68c8b72b7e5b4f23f540bb2e1fe6c95	32.4A	2936	UNKNOWN	NO_CURRENT_FULL_CLAUSE_DECLARATION; CANDIDATE_MAPPING_ONLY
NREQ-268ec9325ca1c19f512642bd07521a9e	32.4A	2940	UNKNOWN	NO_CURRENT_FULL_CLAUSE_DECLARATION; CANDIDATE_MAPPING_ONLY
NREQ-631c956e53efdc1a0dbacfb77f13d4ca	32.4A	2941	UNKNOWN	NO_CURRENT_FULL_CLAUSE_DECLARATION; CANDIDATE_MAPPING_ONLY
NREQ-781ad33dcd66067ce874eff26d051163	32.4A	2942	UNKNOWN	NO_CURRENT_FULL_CLAUSE_DECLARATION; CANDIDATE_MAPPING_ONLY
NREQ-7114c604f0700dd686a10d8a0ce3aef5	32.4A	2943	UNKNOWN	NO_CURRENT_FULL_CLAUSE_DECLARATION; CANDIDATE_MAPPING_ONLY
NREQ-3c016cfe515062ab98901562047dd04f	32.4A	2944	UNKNOWN	NO_CURRENT_FULL_CLAUSE_DECLARATION; CANDIDATE_MAPPING_ONLY
NREQ-f123d3c73e3cc2311855bbccce44f2d8	32.4A	2945	UNKNOWN	NO_CURRENT_FULL_CLAUSE_DECLARATION; CANDIDATE_MAPPING_ONLY
NREQ-8c1b199d709f10a1f77532bddc1177de	32.4A	2946	UNKNOWN	NO_CURRENT_FULL_CLAUSE_DECLARATION; CANDIDATE_MAPPING_ONLY
NREQ-014015d25fe4c9d85890f9fb4d291af5	32.4A	2947	UNKNOWN	NO_CURRENT_FULL_CLAUSE_DECLARATION; CANDIDATE_MAPPING_ONLY
NREQ-8a74add4749e818086978559ed5b7f65	32.4A	2948	UNKNOWN	NO_CURRENT_FULL_CLAUSE_DECLARATION; CANDIDATE_MAPPING_ONLY
NREQ-e3bbc4aa94e164493b57c6bce8bca5b6	32.4A	2949	UNKNOWN	NO_CURRENT_FULL_CLAUSE_DECLARATION; CANDIDATE_MAPPING_ONLY
NREQ-5b3e5dce6a0bd0abad85a4d9a291a8f1	32.4A	2953	UNKNOWN	NO_CURRENT_FULL_CLAUSE_DECLARATION; CANDIDATE_MAPPING_ONLY
NREQ-a5f9ca17905ad9f5ed9b83ee7037e51e	32.4A	2955	UNKNOWN	NO_CURRENT_FULL_CLAUSE_DECLARATION; CANDIDATE_MAPPING_ONLY
NREQ-455a9a95202f62abe46a5c0507687c75	32.4A	2957	UNKNOWN	NO_CURRENT_FULL_CLAUSE_DECLARATION; CANDIDATE_MAPPING_ONLY
NREQ-037724ad084b3965984dea9793799411	32.5	2961	IMPLEMENTED_UNPROVEN	NO_CURRENT_FULL_CLAUSE_DECLARATION; CANDIDATE_MAPPING_ONLY
NREQ-c070ebe40833d0893db26b0741e53d1d	33	2968	IMPLEMENTED_UNPROVEN	NO_CURRENT_FULL_CLAUSE_DECLARATION; CANDIDATE_MAPPING_ONLY
NREQ-d03eed203937406b33ee6f94d272e66b	33	2971	IMPLEMENTED_UNPROVEN	NO_CURRENT_FULL_CLAUSE_DECLARATION; CANDIDATE_MAPPING_ONLY
NREQ-bc99f14436618d4d63122555786e5328	33	2973	UNKNOWN	NO_CURRENT_FULL_CLAUSE_DECLARATION; CANDIDATE_MAPPING_ONLY
NREQ-c18b639b16b85f126bd7ec8b281f9f99	33	2976	IMPLEMENTED_UNPROVEN	NO_CURRENT_FULL_CLAUSE_DECLARATION; CANDIDATE_MAPPING_ONLY
NREQ-124b612a8013a2a3bf11d113b0e857e5	33	2977	IMPLEMENTED_UNPROVEN	NO_CURRENT_FULL_CLAUSE_DECLARATION; CANDIDATE_MAPPING_ONLY
NREQ-712536b974c95fb1116eaeb629ec8477	33	2978	IMPLEMENTED_UNPROVEN	NO_CURRENT_FULL_CLAUSE_DECLARATION; CANDIDATE_MAPPING_ONLY
NREQ-fccc66c2ab30a5427d7fbc20660696e4	33	2979	IMPLEMENTED_UNPROVEN	NO_CURRENT_FULL_CLAUSE_DECLARATION; CANDIDATE_MAPPING_ONLY
NREQ-1cdb1aa3471aadc0588c8668ec43d79d	33	2980	IMPLEMENTED_UNPROVEN	NO_CURRENT_FULL_CLAUSE_DECLARATION; CANDIDATE_MAPPING_ONLY
NREQ-75d53d09a9604715e8d3ff970e95f0a0	33	2983	IMPLEMENTED_UNPROVEN	NO_CURRENT_FULL_CLAUSE_DECLARATION; CANDIDATE_MAPPING_ONLY
NREQ-038e3c0dc8ad2145d5b682caa70c1633	33	2984	IMPLEMENTED_UNPROVEN	NO_CURRENT_FULL_CLAUSE_DECLARATION; CANDIDATE_MAPPING_ONLY
NREQ-8df64d128647c72fcdc3f3576ec9d17a	33	2985	IMPLEMENTED_UNPROVEN	NO_CURRENT_FULL_CLAUSE_DECLARATION; CANDIDATE_MAPPING_ONLY
NREQ-dddb3ea45808e4a76613b89012b11db7	33	2986	IMPLEMENTED_UNPROVEN	NO_CURRENT_FULL_CLAUSE_DECLARATION; CANDIDATE_MAPPING_ONLY
NREQ-3d18207d0a0e959d90863fe0b4023912	33	2987	IMPLEMENTED_UNPROVEN	NO_CURRENT_FULL_CLAUSE_DECLARATION; CANDIDATE_MAPPING_ONLY
NREQ-fdbbe825fc36e3a87e96757eb14de4e3	33	2988	IMPLEMENTED_UNPROVEN	NO_CURRENT_FULL_CLAUSE_DECLARATION; CANDIDATE_MAPPING_ONLY
NREQ-8d4eaf2fafb89d82f3c2e215db57c885	33	2990	IMPLEMENTED_UNPROVEN	NO_CURRENT_FULL_CLAUSE_DECLARATION; CANDIDATE_MAPPING_ONLY
NREQ-1fb0f1b8fa539b1cd11a482823311c10	33	2993	IMPLEMENTED_UNPROVEN	NO_CURRENT_FULL_CLAUSE_DECLARATION; CANDIDATE_MAPPING_ONLY
NREQ-ea10246fb3fe0a13524d7f60cf1c50bf	33	2994	IMPLEMENTED_UNPROVEN	NO_CURRENT_FULL_CLAUSE_DECLARATION; CANDIDATE_MAPPING_ONLY
NREQ-de139d9d1cc5bf9fa48cea8a25b7ad0b	33	2995	IMPLEMENTED_UNPROVEN	NO_CURRENT_FULL_CLAUSE_DECLARATION; CANDIDATE_MAPPING_ONLY
NREQ-d16407a954dc52fd40d5fd6969674816	33	2996	IMPLEMENTED_UNPROVEN	NO_CURRENT_FULL_CLAUSE_DECLARATION; CANDIDATE_MAPPING_ONLY
NREQ-2798f33de07cd2099e70bd48f4930fb6	33	2997	IMPLEMENTED_UNPROVEN	NO_CURRENT_FULL_CLAUSE_DECLARATION; CANDIDATE_MAPPING_ONLY
NREQ-77212f82dd6b2d1558ae65d008b7c100	33	2998	IMPLEMENTED_UNPROVEN	NO_CURRENT_FULL_CLAUSE_DECLARATION; CANDIDATE_MAPPING_ONLY
NREQ-376b7436631904e13320f9a522e93a5d	33	2999	IMPLEMENTED_UNPROVEN	NO_CURRENT_FULL_CLAUSE_DECLARATION; CANDIDATE_MAPPING_ONLY
NREQ-d156488334b6cd6ead7d6b80edda1adc	34	3005	IMPLEMENTED_UNPROVEN	NO_CURRENT_FULL_CLAUSE_DECLARATION; CANDIDATE_MAPPING_ONLY
NREQ-06622203b5a31cffc587f0e1624a3664	34	3006	IMPLEMENTED_UNPROVEN	NO_CURRENT_FULL_CLAUSE_DECLARATION; CANDIDATE_MAPPING_ONLY
NREQ-38b66152ce9667368365ae38763c8666	34	3007	IMPLEMENTED_UNPROVEN	NO_CURRENT_FULL_CLAUSE_DECLARATION; CANDIDATE_MAPPING_ONLY
NREQ-9fe14303b487669bf6eff3fce894dddb	34	3008	IMPLEMENTED_UNPROVEN	NO_CURRENT_FULL_CLAUSE_DECLARATION; CANDIDATE_MAPPING_ONLY
NREQ-f5c12bda433b2b2a4a8015b5fd00d4c7	34	3009	IMPLEMENTED_UNPROVEN	NO_CURRENT_FULL_CLAUSE_DECLARATION; CANDIDATE_MAPPING_ONLY
NREQ-b4f925a06ee628c353befd4f7bc9b951	34	3010	IMPLEMENTED_UNPROVEN	NO_CURRENT_FULL_CLAUSE_DECLARATION; CANDIDATE_MAPPING_ONLY
NREQ-834d0033216c58b81b06a4cce6422551	34	3012	UNKNOWN	NO_CURRENT_FULL_CLAUSE_DECLARATION; CANDIDATE_MAPPING_ONLY
NREQ-f2d40bc4f2ff3d4aa98d53ec037cd503	34	3013	UNKNOWN	NO_CURRENT_FULL_CLAUSE_DECLARATION; CANDIDATE_MAPPING_ONLY
NREQ-7b1cd2debadb570b49fe041bd444592f	34	3014	UNKNOWN	NO_CURRENT_FULL_CLAUSE_DECLARATION; CANDIDATE_MAPPING_ONLY
NREQ-7d28ec40f18e22b7dde5feb06453ebe0	34	3015	UNKNOWN	NO_CURRENT_FULL_CLAUSE_DECLARATION; CANDIDATE_MAPPING_ONLY
NREQ-fc1c817a3dc5d2f6afd5b06f1426df68	34	3016	UNKNOWN	NO_CURRENT_FULL_CLAUSE_DECLARATION; CANDIDATE_MAPPING_ONLY
NREQ-be0ecfa19d607c0df242b048d6ef63bf	34.1	3021	IMPLEMENTED_UNPROVEN	NO_CURRENT_FULL_CLAUSE_DECLARATION; CANDIDATE_MAPPING_ONLY
NREQ-2bf4248eaeff507c8ae287556074d93b	34.1	3022	IMPLEMENTED_UNPROVEN	NO_CURRENT_FULL_CLAUSE_DECLARATION; CANDIDATE_MAPPING_ONLY
NREQ-ab9ab7c7ba110dfd3e0a5f8f5c9908cb	34.1	3023	IMPLEMENTED_UNPROVEN	CURRENT_REVIEWED_DESIGN_REQUIRES_EXECUTED_OBSERVATIONS
NREQ-853a934199459ed6bf419687ca08ba34	34.1	3024	IMPLEMENTED_UNPROVEN	CURRENT_REVIEWED_DESIGN_REQUIRES_EXECUTED_OBSERVATIONS
NREQ-7add6f24a57198b72b500e5a2acf1ca6	34.1	3025	IMPLEMENTED_UNPROVEN	CURRENT_REVIEWED_DESIGN_REQUIRES_EXECUTED_OBSERVATIONS
NREQ-d6f8519fc2d36e59e4eba26af0442d14	34.1	3026	IMPLEMENTED_UNPROVEN	CURRENT_REVIEWED_DESIGN_REQUIRES_EXECUTED_OBSERVATIONS
NREQ-dba22c5f93e4359c4b7d4ebdd9799dbf	34.1	3027	IMPLEMENTED_UNPROVEN	CURRENT_REVIEWED_DESIGN_REQUIRES_EXECUTED_OBSERVATIONS
NREQ-27f437fe3040767de849d06a48cdb3c3	34.1	3028	IMPLEMENTED_UNPROVEN	CURRENT_REVIEWED_DESIGN_REQUIRES_EXECUTED_OBSERVATIONS
NREQ-c756b0b15119dd819444cd7212bdad56	34.1	3029	IMPLEMENTED_UNPROVEN	CURRENT_REVIEWED_DESIGN_REQUIRES_EXECUTED_OBSERVATIONS
NREQ-cbdfb0c4ac8a74238425d4be1e4b89c4	34.1	3031	IMPLEMENTED_UNPROVEN	NO_CURRENT_FULL_CLAUSE_DECLARATION; CANDIDATE_MAPPING_ONLY
NREQ-fbbdbf6147bdacd44e4b8c4a637ba501	34.1	3033	IMPLEMENTED_UNPROVEN	NO_CURRENT_FULL_CLAUSE_DECLARATION; CANDIDATE_MAPPING_ONLY
NREQ-081a506fd55bb12e9c1e6822bed626a3	34.2	3037	IMPLEMENTED_UNPROVEN	NO_CURRENT_FULL_CLAUSE_DECLARATION; CANDIDATE_MAPPING_ONLY
NREQ-e74693ce28b14adb92ef359ccec7bb2b	34.2	3039	IMPLEMENTED_UNPROVEN	NO_CURRENT_FULL_CLAUSE_DECLARATION; CANDIDATE_MAPPING_ONLY
NREQ-c67d13efe04179a55f4dfac201c39dbd	34.2	3052	IMPLEMENTED_UNPROVEN	NO_CURRENT_FULL_CLAUSE_DECLARATION; CANDIDATE_MAPPING_ONLY
NREQ-0fc9b83ea9eb5b2014fea8af11d5000e	34.2	3054	IMPLEMENTED_UNPROVEN	NO_CURRENT_FULL_CLAUSE_DECLARATION; CANDIDATE_MAPPING_ONLY
NREQ-cde34b8d123be8006aa2d49b8cd1c876	34.3	3058	IMPLEMENTED_UNPROVEN	NO_CURRENT_FULL_CLAUSE_DECLARATION; CANDIDATE_MAPPING_ONLY
NREQ-eecccd22fbd6aba5a9a4e1c77e8d3a41	34.3	3060	IMPLEMENTED_UNPROVEN	NO_CURRENT_FULL_CLAUSE_DECLARATION; CANDIDATE_MAPPING_ONLY
NREQ-47f5c87db9c495717f635a3a2690878e	35	3066	UNKNOWN	NO_CURRENT_FULL_CLAUSE_DECLARATION; CANDIDATE_MAPPING_ONLY
NREQ-718f7a2d5b585a65eba4af891ce336d4	35	3067	UNKNOWN	NO_CURRENT_FULL_CLAUSE_DECLARATION; CANDIDATE_MAPPING_ONLY
NREQ-d79cd83a2734e459b3f903d8425cbb26	35	3068	UNKNOWN	NO_CURRENT_FULL_CLAUSE_DECLARATION; CANDIDATE_MAPPING_ONLY
NREQ-2782d9ffebe3a79637b31fc8b6b4ecdb	35.1	3070	IMPLEMENTED_UNPROVEN	REVIEWED_CONTEXT_LINKED_TO_MANDATORY_CLAUSES
NREQ-f2b99356377ab41376516cc4472310fd	35.1	3073	IMPLEMENTED_UNPROVEN	NO_CURRENT_FULL_CLAUSE_DECLARATION; CANDIDATE_MAPPING_ONLY
NREQ-0c554afaaaaebb938aad54162261ba7e	35.1	3074	IMPLEMENTED_UNPROVEN	NO_CURRENT_FULL_CLAUSE_DECLARATION; CANDIDATE_MAPPING_ONLY
NREQ-b87c1bb411497c28fb9cd62688e62d6e	35.1	3075	IMPLEMENTED_UNPROVEN	NO_CURRENT_FULL_CLAUSE_DECLARATION; CANDIDATE_MAPPING_ONLY
NREQ-7fd6468be7c2025464c306ec2169edd7	35.1	3076	IMPLEMENTED_UNPROVEN	NO_CURRENT_FULL_CLAUSE_DECLARATION; CANDIDATE_MAPPING_ONLY
NREQ-d3bab570435a34a6b4d2731937043724	35.1	3077	IMPLEMENTED_UNPROVEN	NO_CURRENT_FULL_CLAUSE_DECLARATION; CANDIDATE_MAPPING_ONLY
NREQ-eceadfbd3efe6d19867238a79dd05cf2	35.1	3078	IMPLEMENTED_UNPROVEN	NO_CURRENT_FULL_CLAUSE_DECLARATION; CANDIDATE_MAPPING_ONLY
NREQ-bd516085422525d408a24dbfff7758c3	35.1	3079	IMPLEMENTED_UNPROVEN	NO_CURRENT_FULL_CLAUSE_DECLARATION; CANDIDATE_MAPPING_ONLY
NREQ-f37769b9aa8211853353d5ecfc62c5d7	35.1	3080	IMPLEMENTED_UNPROVEN	NO_CURRENT_FULL_CLAUSE_DECLARATION; CANDIDATE_MAPPING_ONLY
NREQ-5003532a6cda7a68c13be508fbf4d723	35.1	3082	IMPLEMENTED_UNPROVEN	CURRENT_REVIEWED_DESIGN_REQUIRES_EXECUTED_OBSERVATIONS
NREQ-5a45a634a91dfc5bbbfc6d2880d7aab2	35.1	3083	IMPLEMENTED_UNPROVEN	NO_CURRENT_FULL_CLAUSE_DECLARATION; CANDIDATE_MAPPING_ONLY
NREQ-7c6165582b8ddae4e124c2db6ed6f966	35.2	3087	UNKNOWN	NO_CURRENT_FULL_CLAUSE_DECLARATION; CANDIDATE_MAPPING_ONLY
NREQ-c94c878ef2cf8c6a35b0985da91c0c85	35.2	3088	UNKNOWN	CURRENT_REVIEWED_DESIGN_REQUIRES_EXECUTED_OBSERVATIONS
NREQ-a5be515530a4736a534a4ca3cd843377	35.2	3089	IMPLEMENTED_UNPROVEN	NO_CURRENT_FULL_CLAUSE_DECLARATION; CANDIDATE_MAPPING_ONLY
NREQ-7e417b328764aaf6033114c36450ef9c	35.2	3090	IMPLEMENTED_UNPROVEN	NO_CURRENT_FULL_CLAUSE_DECLARATION; CANDIDATE_MAPPING_ONLY
NREQ-72ba9c97f91e20a56d469fe3d4acf669	35.3	3095	IMPLEMENTED_UNPROVEN	CURRENT_REVIEWED_DESIGN_REQUIRES_EXECUTED_OBSERVATIONS
NREQ-d3216139914fb4c3ec1d54819ee18890	35.3	3096	IMPLEMENTED_UNPROVEN	CURRENT_REVIEWED_DESIGN_REQUIRES_EXECUTED_OBSERVATIONS
NREQ-949f1919a3c7d66486dd74bbd084b71a	35.3	3097	IMPLEMENTED_UNPROVEN	CURRENT_REVIEWED_DESIGN_REQUIRES_EXECUTED_OBSERVATIONS
NREQ-a7139de247d6263164ddc139ec1fe2ce	35.3	3098	IMPLEMENTED_UNPROVEN	CURRENT_REVIEWED_DESIGN_REQUIRES_EXECUTED_OBSERVATIONS
NREQ-87e7a29563e2235e49d5eea31da7db0c	35.3	3099	IMPLEMENTED_UNPROVEN	CURRENT_REVIEWED_DESIGN_REQUIRES_EXECUTED_OBSERVATIONS
NREQ-09e4b9e81da30fa1aa662044d79fb608	35.3	3101	IMPLEMENTED_UNPROVEN	NO_CURRENT_FULL_CLAUSE_DECLARATION; CANDIDATE_MAPPING_ONLY
NREQ-ede209d137166396e9e8d53e227b0f6b	35.4	3106	UNKNOWN	NO_CURRENT_FULL_CLAUSE_DECLARATION; CANDIDATE_MAPPING_ONLY
NREQ-b332d855920b170469133d806beb1924	35.4	3107	UNKNOWN	NO_CURRENT_FULL_CLAUSE_DECLARATION; CANDIDATE_MAPPING_ONLY
NREQ-3140c1e4ff7ae54bca60fbc69f817271	35.5	3112	IMPLEMENTED_UNPROVEN	NO_CURRENT_FULL_CLAUSE_DECLARATION; CANDIDATE_MAPPING_ONLY
NREQ-ac1547d5c66a755d9eee61d9f99a4e76	35.5	3113	IMPLEMENTED_UNPROVEN	NO_CURRENT_FULL_CLAUSE_DECLARATION; CANDIDATE_MAPPING_ONLY
NREQ-4eaa9b928e57703f76066a160c6e7161	35.5	3114	IMPLEMENTED_UNPROVEN	NO_CURRENT_FULL_CLAUSE_DECLARATION; CANDIDATE_MAPPING_ONLY
NREQ-c926b55ede1b00e6bf9d8b754f232b77	35.5	3115	IMPLEMENTED_UNPROVEN	NO_CURRENT_FULL_CLAUSE_DECLARATION; CANDIDATE_MAPPING_ONLY
NREQ-0098ec74cabc7fd7fa10ef32139e912c	35.5	3116	IMPLEMENTED_UNPROVEN	NO_CURRENT_FULL_CLAUSE_DECLARATION; CANDIDATE_MAPPING_ONLY
NREQ-3609be6ec4dd158303ff1cd49449d896	35.5	3117	IMPLEMENTED_UNPROVEN	NO_CURRENT_FULL_CLAUSE_DECLARATION; CANDIDATE_MAPPING_ONLY
NREQ-5d1a9d3acc2c91c228528273276da7a3	35.5	3118	IMPLEMENTED_UNPROVEN	NO_CURRENT_FULL_CLAUSE_DECLARATION; CANDIDATE_MAPPING_ONLY
NREQ-d39082bda80e0c07d36c2fcec4182ab8	35.5	3119	IMPLEMENTED_UNPROVEN	NO_CURRENT_FULL_CLAUSE_DECLARATION; CANDIDATE_MAPPING_ONLY
NREQ-0829692ff5cd51950b1df7d7853390b1	35.5	3120	IMPLEMENTED_UNPROVEN	NO_CURRENT_FULL_CLAUSE_DECLARATION; CANDIDATE_MAPPING_ONLY
NREQ-4b3c639c54d28770997117cab0f51c9f	35.5	3121	IMPLEMENTED_UNPROVEN	NO_CURRENT_FULL_CLAUSE_DECLARATION; CANDIDATE_MAPPING_ONLY
NREQ-b1e19a0a683031e7ec45685110cbf0f9	35.5	3122	IMPLEMENTED_UNPROVEN	NO_CURRENT_FULL_CLAUSE_DECLARATION; CANDIDATE_MAPPING_ONLY
NREQ-704ba4ecf868fba0d5cb3b26af18e534	35.5	3123	IMPLEMENTED_UNPROVEN	NO_CURRENT_FULL_CLAUSE_DECLARATION; CANDIDATE_MAPPING_ONLY
NREQ-84c2302d90282984272ef96fffe71232	35.5	3124	IMPLEMENTED_UNPROVEN	NO_CURRENT_FULL_CLAUSE_DECLARATION; CANDIDATE_MAPPING_ONLY
NREQ-d8364b451e9bacebe247eb7156b4cca1	35.5	3125	IMPLEMENTED_UNPROVEN	NO_CURRENT_FULL_CLAUSE_DECLARATION; CANDIDATE_MAPPING_ONLY
NREQ-9d24cb0d2daab9f1168e84c503e311d3	35.5	3126	IMPLEMENTED_UNPROVEN	NO_CURRENT_FULL_CLAUSE_DECLARATION; CANDIDATE_MAPPING_ONLY
NREQ-565a4e32ba059a7f2bb12136d5300025	35.5	3127	IMPLEMENTED_UNPROVEN	NO_CURRENT_FULL_CLAUSE_DECLARATION; CANDIDATE_MAPPING_ONLY
NREQ-e930db71215117ddfb5e78fefcfac07c	35.5	3128	IMPLEMENTED_UNPROVEN	NO_CURRENT_FULL_CLAUSE_DECLARATION; CANDIDATE_MAPPING_ONLY
NREQ-5fe399cb17e5ef4e71d7789bc46f9694	35.5	3130	IMPLEMENTED_UNPROVEN	NO_CURRENT_FULL_CLAUSE_DECLARATION; CANDIDATE_MAPPING_ONLY
NREQ-f3a162780b1c810f1a98f9a34500e0ea	35.5	3131	IMPLEMENTED_UNPROVEN	NO_CURRENT_FULL_CLAUSE_DECLARATION; CANDIDATE_MAPPING_ONLY
NREQ-fabbbeb60c27fb96682539f4ecfa9f4d	35.6	3136	IMPLEMENTED_UNPROVEN	NO_CURRENT_FULL_CLAUSE_DECLARATION; CANDIDATE_MAPPING_ONLY
NREQ-bf30354a6e86f4a8395e7cfb3f4e1411	35.6	3137	IMPLEMENTED_UNPROVEN	NO_CURRENT_FULL_CLAUSE_DECLARATION; CANDIDATE_MAPPING_ONLY
NREQ-b1d0e31837378f055cb6b15dc6407f67	35.6	3138	IMPLEMENTED_UNPROVEN	NO_CURRENT_FULL_CLAUSE_DECLARATION; CANDIDATE_MAPPING_ONLY
NREQ-2e0963ffebc7eb7c9ef273fa45fe674a	35.6	3139	IMPLEMENTED_UNPROVEN	NO_CURRENT_FULL_CLAUSE_DECLARATION; CANDIDATE_MAPPING_ONLY
NREQ-9046fb433cc8b18a1b86b7e75b9ed327	35.6	3140	IMPLEMENTED_UNPROVEN	NO_CURRENT_FULL_CLAUSE_DECLARATION; CANDIDATE_MAPPING_ONLY
NREQ-5022ec545220355803081d46aed6dfc0	35.6	3141	IMPLEMENTED_UNPROVEN	NO_CURRENT_FULL_CLAUSE_DECLARATION; CANDIDATE_MAPPING_ONLY
NREQ-a10c0c999e95845c5195f2a2426b6975	35.6	3143	IMPLEMENTED_UNPROVEN	NO_CURRENT_FULL_CLAUSE_DECLARATION; CANDIDATE_MAPPING_ONLY
NREQ-8cb17179a8502e7f44be4c4504bf266c	35.6	3145	IMPLEMENTED_UNPROVEN	NO_CURRENT_FULL_CLAUSE_DECLARATION; CANDIDATE_MAPPING_ONLY
NREQ-0108a1dba534bdc92d29b26019d57b4c	35.6	3147	IMPLEMENTED_UNPROVEN	NO_CURRENT_FULL_CLAUSE_DECLARATION; CANDIDATE_MAPPING_ONLY
NREQ-7b6af1a78d6da97bb647ba88c7ad6971	35.7	3151	UNKNOWN	NO_CURRENT_FULL_CLAUSE_DECLARATION; CANDIDATE_MAPPING_ONLY
NREQ-c631efaa9d040dde2eb5c006afa321a6	35.7	3153	IMPLEMENTED_UNPROVEN	NO_CURRENT_FULL_CLAUSE_DECLARATION; CANDIDATE_MAPPING_ONLY
NREQ-44fd18cf9801f02c34f8820d2a3acb34	35.8	3157	IMPLEMENTED_UNPROVEN	NO_CURRENT_FULL_CLAUSE_DECLARATION; CANDIDATE_MAPPING_ONLY
NREQ-664f5c5b72efea7443b8f478ff4973df	35.8	3158	IMPLEMENTED_UNPROVEN	NO_CURRENT_FULL_CLAUSE_DECLARATION; CANDIDATE_MAPPING_ONLY
NREQ-568c874e5bc2e40448edcbe19d2fb8f4	35.8	3159	IMPLEMENTED_UNPROVEN	NO_CURRENT_FULL_CLAUSE_DECLARATION; CANDIDATE_MAPPING_ONLY
NREQ-e27f616490036d42b6051729088d2fc7	35.8	3160	IMPLEMENTED_UNPROVEN	NO_CURRENT_FULL_CLAUSE_DECLARATION; CANDIDATE_MAPPING_ONLY
NREQ-c66f5606d354d43bfbd3be6980e56365	35.8	3161	IMPLEMENTED_UNPROVEN	NO_CURRENT_FULL_CLAUSE_DECLARATION; CANDIDATE_MAPPING_ONLY
NREQ-ea453611a3a1f48cdd2fbfbe946d7ac7	35.8	3162	IMPLEMENTED_UNPROVEN	CURRENT_REVIEWED_DESIGN_REQUIRES_EXECUTED_OBSERVATIONS
NREQ-7d1a2b6f6871fd61e3b088fd77a27542	35.8	3164	UNKNOWN	NO_CURRENT_FULL_CLAUSE_DECLARATION; CANDIDATE_MAPPING_ONLY
NREQ-a9af9685ef7fd2384d28804e32d9141c	35.9	3169	IMPLEMENTED_UNPROVEN	NO_CURRENT_FULL_CLAUSE_DECLARATION; CANDIDATE_MAPPING_ONLY
NREQ-c2743911b764b82fd6e0d178742228d4	35.9	3170	IMPLEMENTED_UNPROVEN	NO_CURRENT_FULL_CLAUSE_DECLARATION; CANDIDATE_MAPPING_ONLY
NREQ-be82132dbcfdfc197cc6c222b833832d	35.9	3171	IMPLEMENTED_UNPROVEN	NO_CURRENT_FULL_CLAUSE_DECLARATION; CANDIDATE_MAPPING_ONLY
NREQ-1f3f1a81c5f6dafab440b566e3208251	35.9	3172	IMPLEMENTED_UNPROVEN	NO_CURRENT_FULL_CLAUSE_DECLARATION; CANDIDATE_MAPPING_ONLY
NREQ-a855fdffbf43ae80dc0d26784d1e8980	35.9	3174	UNKNOWN	NO_CURRENT_FULL_CLAUSE_DECLARATION; CANDIDATE_MAPPING_ONLY
NREQ-f254e026ab8f45c6963a38ee35cdd4ba	35.9	3176	IMPLEMENTED_UNPROVEN	NO_CURRENT_FULL_CLAUSE_DECLARATION; CANDIDATE_MAPPING_ONLY
NREQ-beb4196b7545250fc4a06d8289f54078	35.9	3178	IMPLEMENTED_UNPROVEN	NO_CURRENT_FULL_CLAUSE_DECLARATION; CANDIDATE_MAPPING_ONLY
NREQ-1096a56af1ea51fc0081ded2d594896f	35.10	3182	IMPLEMENTED_UNPROVEN	NO_CURRENT_FULL_CLAUSE_DECLARATION; CANDIDATE_MAPPING_ONLY
NREQ-4bd5b261df7ce905df018a6d95770689	35.11	3186	IMPLEMENTED_UNPROVEN	NO_CURRENT_FULL_CLAUSE_DECLARATION; CANDIDATE_MAPPING_ONLY
NREQ-b3fab75b1d4f48b8795827fa76432f3e	35.12	3190	UNKNOWN	NO_CURRENT_FULL_CLAUSE_DECLARATION; CANDIDATE_MAPPING_ONLY
NREQ-e7a54258f08361e07cbe0f5cc2a10024	35.12	3192	UNKNOWN	NO_CURRENT_FULL_CLAUSE_DECLARATION; CANDIDATE_MAPPING_ONLY
NREQ-f5b781f739a3864b480e98a609ccede0	36.1	3201	IMPLEMENTED_UNPROVEN	NO_CURRENT_FULL_CLAUSE_DECLARATION; CANDIDATE_MAPPING_ONLY
NREQ-2974199511a3c8777230c9d07391bb03	36.1	3202	IMPLEMENTED_UNPROVEN	NO_CURRENT_FULL_CLAUSE_DECLARATION; CANDIDATE_MAPPING_ONLY
NREQ-5d9437925e6a03826f1baf6c63a9acd4	36.1	3203	IMPLEMENTED_UNPROVEN	NO_CURRENT_FULL_CLAUSE_DECLARATION; CANDIDATE_MAPPING_ONLY
NREQ-e81cac1f3702fd9a4ab19e8133d95b6b	36.1	3204	IMPLEMENTED_UNPROVEN	NO_CURRENT_FULL_CLAUSE_DECLARATION; CANDIDATE_MAPPING_ONLY
NREQ-1f0a32e57245fa6656030020008c31dc	36.1	3205	IMPLEMENTED_UNPROVEN	NO_CURRENT_FULL_CLAUSE_DECLARATION; CANDIDATE_MAPPING_ONLY
NREQ-e6d6da3587065f9b49c86c98ed6b7dc6	36.1	3206	IMPLEMENTED_UNPROVEN	NO_CURRENT_FULL_CLAUSE_DECLARATION; CANDIDATE_MAPPING_ONLY
NREQ-8ade28a54653b2e15a794fb0185ef5b4	36.1	3207	IMPLEMENTED_UNPROVEN	NO_CURRENT_FULL_CLAUSE_DECLARATION; CANDIDATE_MAPPING_ONLY
NREQ-f015efbb23a8a6185c7432f6c6a7d2b8	36.1	3208	IMPLEMENTED_UNPROVEN	NO_CURRENT_FULL_CLAUSE_DECLARATION; CANDIDATE_MAPPING_ONLY
NREQ-be6368966bbd1bcba46180c5647fcc7f	36.1	3209	IMPLEMENTED_UNPROVEN	NO_CURRENT_FULL_CLAUSE_DECLARATION; CANDIDATE_MAPPING_ONLY
NREQ-34720aaee7606dcaca06e7b749496445	36.1	3210	IMPLEMENTED_UNPROVEN	NO_CURRENT_FULL_CLAUSE_DECLARATION; CANDIDATE_MAPPING_ONLY
NREQ-c1ab8432f193fb2fdfee377d3077efcd	36.1	3212	UNKNOWN	NO_CURRENT_FULL_CLAUSE_DECLARATION; CANDIDATE_MAPPING_ONLY
NREQ-3d61fd16d8c67d4de7128f2019b41972	36.2	3217	IMPLEMENTED_UNPROVEN	NO_CURRENT_FULL_CLAUSE_DECLARATION; CANDIDATE_MAPPING_ONLY
NREQ-770d81b975209d03659d6ec3f13a207b	36.2	3218	IMPLEMENTED_UNPROVEN	NO_CURRENT_FULL_CLAUSE_DECLARATION; CANDIDATE_MAPPING_ONLY
NREQ-5278c3a6b7d847c13909188bd57c95fc	36.2	3219	IMPLEMENTED_UNPROVEN	NO_CURRENT_FULL_CLAUSE_DECLARATION; CANDIDATE_MAPPING_ONLY
NREQ-480ba85c7eb5b21f3765c0696bc2117a	36.2	3220	IMPLEMENTED_UNPROVEN	NO_CURRENT_FULL_CLAUSE_DECLARATION; CANDIDATE_MAPPING_ONLY
NREQ-26ce0e3cedf7a0ec2d2675fe1321dc8a	36.2	3221	IMPLEMENTED_UNPROVEN	NO_CURRENT_FULL_CLAUSE_DECLARATION; CANDIDATE_MAPPING_ONLY
NREQ-a9c83fc529e829270e4a86a9259bacea	36.2	3222	IMPLEMENTED_UNPROVEN	NO_CURRENT_FULL_CLAUSE_DECLARATION; CANDIDATE_MAPPING_ONLY
NREQ-1f77df5d5fe90e77fc0fe4e764791335	36.2	3223	IMPLEMENTED_UNPROVEN	NO_CURRENT_FULL_CLAUSE_DECLARATION; CANDIDATE_MAPPING_ONLY
NREQ-7e8a839ea4eca6aaf988636f215f4244	36.2	3224	IMPLEMENTED_UNPROVEN	NO_CURRENT_FULL_CLAUSE_DECLARATION; CANDIDATE_MAPPING_ONLY
NREQ-234ac5f70be4f50559f89e581e3cbf1a	36.2	3225	IMPLEMENTED_UNPROVEN	NO_CURRENT_FULL_CLAUSE_DECLARATION; CANDIDATE_MAPPING_ONLY
NREQ-5f13c204f11385bf8c4b926a0ef41a4e	36.2	3226	IMPLEMENTED_UNPROVEN	NO_CURRENT_FULL_CLAUSE_DECLARATION; CANDIDATE_MAPPING_ONLY
NREQ-29747b07fbaf57d64d0cb6f6a7ea6714	36.2	3227	IMPLEMENTED_UNPROVEN	NO_CURRENT_FULL_CLAUSE_DECLARATION; CANDIDATE_MAPPING_ONLY
NREQ-22acd42c9a12f5e53c2b02bc58d6b28f	36.2	3228	IMPLEMENTED_UNPROVEN	NO_CURRENT_FULL_CLAUSE_DECLARATION; CANDIDATE_MAPPING_ONLY
NREQ-118720721db7113770c737f78bb1f7c1	36.2	3229	IMPLEMENTED_UNPROVEN	NO_CURRENT_FULL_CLAUSE_DECLARATION; CANDIDATE_MAPPING_ONLY
NREQ-587a7b7babedc8ba61d221aa1ea5f7a8	36.2	3230	IMPLEMENTED_UNPROVEN	NO_CURRENT_FULL_CLAUSE_DECLARATION; CANDIDATE_MAPPING_ONLY
NREQ-6ead3cd96387f301a2ec96f7e8e6c761	36.2	3231	IMPLEMENTED_UNPROVEN	NO_CURRENT_FULL_CLAUSE_DECLARATION; CANDIDATE_MAPPING_ONLY
NREQ-6e272a3fb818304b18eb10f7743a5d3e	36.2	3232	IMPLEMENTED_UNPROVEN	NO_CURRENT_FULL_CLAUSE_DECLARATION; CANDIDATE_MAPPING_ONLY
NREQ-e0f14a81c0a1e10a6e6a7ed538b24ee6	36.2	3233	IMPLEMENTED_UNPROVEN	NO_CURRENT_FULL_CLAUSE_DECLARATION; CANDIDATE_MAPPING_ONLY
NREQ-e5bafa91c465bede810c7d9721cba31b	36.2	3235	IMPLEMENTED_UNPROVEN	NO_CURRENT_FULL_CLAUSE_DECLARATION; CANDIDATE_MAPPING_ONLY
NREQ-a0e2a56c3eb0d79abd298a0836ceda19	36.2	3237	IMPLEMENTED_UNPROVEN	NO_CURRENT_FULL_CLAUSE_DECLARATION; CANDIDATE_MAPPING_ONLY
NREQ-b5c6b482f9c3eeb8d76dd06262ddd791	36.3	3242	IMPLEMENTED_UNPROVEN	NO_CURRENT_FULL_CLAUSE_DECLARATION; CANDIDATE_MAPPING_ONLY
NREQ-9732ffe47d6f5726e01217bf371a3c0e	36.3	3244	IMPLEMENTED_UNPROVEN	NO_CURRENT_FULL_CLAUSE_DECLARATION; CANDIDATE_MAPPING_ONLY
NREQ-54d90afccaf3107e058e3aadee0ed144	36.3	3245	IMPLEMENTED_UNPROVEN	NO_CURRENT_FULL_CLAUSE_DECLARATION; CANDIDATE_MAPPING_ONLY
NREQ-3c8e48f84265669251fab8bb5abd2663	36.3	3246	IMPLEMENTED_UNPROVEN	NO_CURRENT_FULL_CLAUSE_DECLARATION; CANDIDATE_MAPPING_ONLY
NREQ-078dd25e67435b625cb5150a25122b61	36.3	3247	IMPLEMENTED_UNPROVEN	NO_CURRENT_FULL_CLAUSE_DECLARATION; CANDIDATE_MAPPING_ONLY
NREQ-83fccc6108c5439a8004d2d0df98a416	36.3	3248	IMPLEMENTED_UNPROVEN	NO_CURRENT_FULL_CLAUSE_DECLARATION; CANDIDATE_MAPPING_ONLY
NREQ-082a8f01f4d80541ff1a80197a3f2ce0	36.3	3249	IMPLEMENTED_UNPROVEN	NO_CURRENT_FULL_CLAUSE_DECLARATION; CANDIDATE_MAPPING_ONLY
NREQ-e42de6776212539b9edf718459910ba3	36.3	3250	IMPLEMENTED_UNPROVEN	NO_CURRENT_FULL_CLAUSE_DECLARATION; CANDIDATE_MAPPING_ONLY
NREQ-b726a52652469c5c14b230e8c0855e18	36.4	3256	IMPLEMENTED_UNPROVEN	NO_CURRENT_FULL_CLAUSE_DECLARATION; CANDIDATE_MAPPING_ONLY
NREQ-9ff31256356fa0aa78b2fae87c722577	36.4	3257	IMPLEMENTED_UNPROVEN	NO_CURRENT_FULL_CLAUSE_DECLARATION; CANDIDATE_MAPPING_ONLY
NREQ-43440c9a1f934539bfcd92eeb6f76f9d	36.4	3258	IMPLEMENTED_UNPROVEN	NO_CURRENT_FULL_CLAUSE_DECLARATION; CANDIDATE_MAPPING_ONLY
NREQ-14e20575e7ea36c64e61373e24d55bef	36.4	3259	IMPLEMENTED_UNPROVEN	NO_CURRENT_FULL_CLAUSE_DECLARATION; CANDIDATE_MAPPING_ONLY
NREQ-c37cf1b2b53ad3aaaca3009f89c78324	36.4	3261	IMPLEMENTED_UNPROVEN	NO_CURRENT_FULL_CLAUSE_DECLARATION; CANDIDATE_MAPPING_ONLY
NREQ-ffeb0fd1fd6c48eab443e1b58fec6408	36.5	3265	IMPLEMENTED_UNPROVEN	NO_CURRENT_FULL_CLAUSE_DECLARATION; CANDIDATE_MAPPING_ONLY
NREQ-2eeb6318105bd61a4118b2d13ff477b1	36.5	3267	IMPLEMENTED_UNPROVEN	NO_CURRENT_FULL_CLAUSE_DECLARATION; CANDIDATE_MAPPING_ONLY
NREQ-5cec9636af41d348f81fef68505af5c8	36.5	3268	IMPLEMENTED_UNPROVEN	NO_CURRENT_FULL_CLAUSE_DECLARATION; CANDIDATE_MAPPING_ONLY
NREQ-8801d253fd4bcf498230ed08953c293b	36.5	3269	IMPLEMENTED_UNPROVEN	NO_CURRENT_FULL_CLAUSE_DECLARATION; CANDIDATE_MAPPING_ONLY
NREQ-07563cf0725aa996357867b41ae01b97	36.5	3270	IMPLEMENTED_UNPROVEN	NO_CURRENT_FULL_CLAUSE_DECLARATION; CANDIDATE_MAPPING_ONLY
NREQ-dd1aeac6b6d223424140c0cf58ff0902	36.5	3271	IMPLEMENTED_UNPROVEN	NO_CURRENT_FULL_CLAUSE_DECLARATION; CANDIDATE_MAPPING_ONLY
NREQ-e5f7ccd0cf767bd3353b0ee8a817b5d1	36.5	3273	IMPLEMENTED_UNPROVEN	NO_CURRENT_FULL_CLAUSE_DECLARATION; CANDIDATE_MAPPING_ONLY
NREQ-06fa0cb16950c5a6c2add664d159fda5	36.5	3274	IMPLEMENTED_UNPROVEN	NO_CURRENT_FULL_CLAUSE_DECLARATION; CANDIDATE_MAPPING_ONLY
NREQ-60c4d92bd2e1c1645e55b7bdf5a33db7	36.5	3275	IMPLEMENTED_UNPROVEN	NO_CURRENT_FULL_CLAUSE_DECLARATION; CANDIDATE_MAPPING_ONLY
NREQ-f59fe0630cde5301879cd83a32fb4b0f	36.5	3276	IMPLEMENTED_UNPROVEN	NO_CURRENT_FULL_CLAUSE_DECLARATION; CANDIDATE_MAPPING_ONLY
NREQ-d322b00d7f1a2c4e3524c0bba33fa2a5	36.5	3277	IMPLEMENTED_UNPROVEN	NO_CURRENT_FULL_CLAUSE_DECLARATION; CANDIDATE_MAPPING_ONLY
NREQ-5fb1ee5e961ad9002b1642422b027b1b	36.5	3278	IMPLEMENTED_UNPROVEN	NO_CURRENT_FULL_CLAUSE_DECLARATION; CANDIDATE_MAPPING_ONLY
NREQ-fb6472342e656971102bf22af646b8a6	36.5	3279	IMPLEMENTED_UNPROVEN	NO_CURRENT_FULL_CLAUSE_DECLARATION; CANDIDATE_MAPPING_ONLY
NREQ-8b015b2bd912d27b7354b1435b414af9	36.5	3280	IMPLEMENTED_UNPROVEN	NO_CURRENT_FULL_CLAUSE_DECLARATION; CANDIDATE_MAPPING_ONLY
NREQ-1b042bcdbe97882c87b994747bc90450	36.6	3286	IMPLEMENTED_UNPROVEN	NO_CURRENT_FULL_CLAUSE_DECLARATION; CANDIDATE_MAPPING_ONLY
NREQ-24901518e6edd4d26d2e6ed0865b8be6	36.6	3287	IMPLEMENTED_UNPROVEN	NO_CURRENT_FULL_CLAUSE_DECLARATION; CANDIDATE_MAPPING_ONLY
NREQ-aa2d5cb1155f677877c5a04382af9685	36.6	3288	IMPLEMENTED_UNPROVEN	NO_CURRENT_FULL_CLAUSE_DECLARATION; CANDIDATE_MAPPING_ONLY
NREQ-829c4d79c293304b6c07f561a5430eab	36.6	3289	IMPLEMENTED_UNPROVEN	NO_CURRENT_FULL_CLAUSE_DECLARATION; CANDIDATE_MAPPING_ONLY
NREQ-72e9c2ca7584eafb5ec65b88ae6a7e9e	36.6	3290	IMPLEMENTED_UNPROVEN	NO_CURRENT_FULL_CLAUSE_DECLARATION; CANDIDATE_MAPPING_ONLY
NREQ-0f23ca0f52e8cae4334ad7203ed7cd6c	36.6	3291	IMPLEMENTED_UNPROVEN	NO_CURRENT_FULL_CLAUSE_DECLARATION; CANDIDATE_MAPPING_ONLY
NREQ-16932ed3d38f1bee2956e2c7957b9440	36.6	3292	IMPLEMENTED_UNPROVEN	NO_CURRENT_FULL_CLAUSE_DECLARATION; CANDIDATE_MAPPING_ONLY
NREQ-3af5441d8c83b2d91eca5d5c53cc202a	36.6	3293	IMPLEMENTED_UNPROVEN	NO_CURRENT_FULL_CLAUSE_DECLARATION; CANDIDATE_MAPPING_ONLY
NREQ-639ca8cd216a23a8c3f92dee8733b6ae	36.6	3295	UNKNOWN	NO_CURRENT_FULL_CLAUSE_DECLARATION; CANDIDATE_MAPPING_ONLY
NREQ-ada3eaea69c3ccb1d49c69b2e8b5a002	36.6	3298	IMPLEMENTED_UNPROVEN	NO_CURRENT_FULL_CLAUSE_DECLARATION; CANDIDATE_MAPPING_ONLY
NREQ-26cc94050a695ef53067ca041a954259	36.6	3299	IMPLEMENTED_UNPROVEN	NO_CURRENT_FULL_CLAUSE_DECLARATION; CANDIDATE_MAPPING_ONLY
NREQ-57ad0b141f1b2f34d8d3b07f424fc717	36.6	3300	IMPLEMENTED_UNPROVEN	NO_CURRENT_FULL_CLAUSE_DECLARATION; CANDIDATE_MAPPING_ONLY
NREQ-b5991a388be93c7bde865864efca58c9	36.6	3301	IMPLEMENTED_UNPROVEN	NO_CURRENT_FULL_CLAUSE_DECLARATION; CANDIDATE_MAPPING_ONLY
NREQ-f5ea5907bb4f24e3719ecfede192bde9	36.7	3310	IMPLEMENTED_UNPROVEN	NO_CURRENT_FULL_CLAUSE_DECLARATION; CANDIDATE_MAPPING_ONLY
NREQ-41833a72f380444b01185b76973422e7	36.7	3311	IMPLEMENTED_UNPROVEN	NO_CURRENT_FULL_CLAUSE_DECLARATION; CANDIDATE_MAPPING_ONLY
NREQ-99f13e20bdba44edb8e937a8a9e08007	36.7	3312	IMPLEMENTED_UNPROVEN	NO_CURRENT_FULL_CLAUSE_DECLARATION; CANDIDATE_MAPPING_ONLY
NREQ-375bd7af5b0b342e6f3ec35081e833d6	36.7	3313	IMPLEMENTED_UNPROVEN	NO_CURRENT_FULL_CLAUSE_DECLARATION; CANDIDATE_MAPPING_ONLY
NREQ-d6c080274eecc9806e0a00249034c0db	36.7	3314	IMPLEMENTED_UNPROVEN	NO_CURRENT_FULL_CLAUSE_DECLARATION; CANDIDATE_MAPPING_ONLY
NREQ-f049e3f0b207ea69f274ad536dc220a8	36.7	3320	UNKNOWN	NO_CURRENT_FULL_CLAUSE_DECLARATION; CANDIDATE_MAPPING_ONLY
NREQ-37e0f8a89b27894ec5fa57d70f603f9c	36.8	3324	IMPLEMENTED_UNPROVEN	NO_CURRENT_FULL_CLAUSE_DECLARATION; CANDIDATE_MAPPING_ONLY
NREQ-5655e60dfb0ae3f47ab84c25a9e1379c	36.8	3326	IMPLEMENTED_UNPROVEN	NO_CURRENT_FULL_CLAUSE_DECLARATION; CANDIDATE_MAPPING_ONLY
NREQ-75ffcf77676378743d6de276c461f7e4	36.9	3330	UNKNOWN	NO_CURRENT_FULL_CLAUSE_DECLARATION; CANDIDATE_MAPPING_ONLY
NREQ-5cb7b5aa165507a437706b329dc40d1f	36.9	3331	IMPLEMENTED_UNPROVEN	NO_CURRENT_FULL_CLAUSE_DECLARATION; CANDIDATE_MAPPING_ONLY
NREQ-0916933b9c552d8b22c8170bd65d35cd	36.9	3332	IMPLEMENTED_UNPROVEN	NO_CURRENT_FULL_CLAUSE_DECLARATION; CANDIDATE_MAPPING_ONLY
NREQ-7725b2c560859d862b5d0a7eece34231	36.9	3333	IMPLEMENTED_UNPROVEN	NO_CURRENT_FULL_CLAUSE_DECLARATION; CANDIDATE_MAPPING_ONLY
NREQ-61c8d2f4ba0e18c19345a035cf4fe9e4	36.9	3334	IMPLEMENTED_UNPROVEN	NO_CURRENT_FULL_CLAUSE_DECLARATION; CANDIDATE_MAPPING_ONLY
NREQ-edca3ec50cfa86fcc596fb5d77e9155a	36.9	3335	IMPLEMENTED_UNPROVEN	NO_CURRENT_FULL_CLAUSE_DECLARATION; CANDIDATE_MAPPING_ONLY
NREQ-25e84c937a9fc4631f5da48e7e3439a0	36.9	3336	IMPLEMENTED_UNPROVEN	NO_CURRENT_FULL_CLAUSE_DECLARATION; CANDIDATE_MAPPING_ONLY
NREQ-1eef899b48b2eda796c337c6d41840d0	36.9	3337	IMPLEMENTED_UNPROVEN	NO_CURRENT_FULL_CLAUSE_DECLARATION; CANDIDATE_MAPPING_ONLY
NREQ-dcac41ee2030450852d0a8a4a67c8458	36.9	3338	IMPLEMENTED_UNPROVEN	NO_CURRENT_FULL_CLAUSE_DECLARATION; CANDIDATE_MAPPING_ONLY
NREQ-0afaf711d84c893a067c81ee3816d7a1	36.9	3339	IMPLEMENTED_UNPROVEN	NO_CURRENT_FULL_CLAUSE_DECLARATION; CANDIDATE_MAPPING_ONLY
NREQ-6d7927898da7bb4a361cb4f8fce666ab	36.9	3341	IMPLEMENTED_UNPROVEN	NO_CURRENT_FULL_CLAUSE_DECLARATION; CANDIDATE_MAPPING_ONLY
NREQ-f5098b69b4344d323ed5653c6e651247	36.9	3343	IMPLEMENTED_UNPROVEN	NO_CURRENT_FULL_CLAUSE_DECLARATION; CANDIDATE_MAPPING_ONLY
NREQ-09ad512e5aca0f31e81aa5083535af3e	36.9	3345	IMPLEMENTED_UNPROVEN	NO_CURRENT_FULL_CLAUSE_DECLARATION; CANDIDATE_MAPPING_ONLY
NREQ-69e8eb29a77575000e6097063fed59c8	36.10	3350	IMPLEMENTED_UNPROVEN	NO_CURRENT_FULL_CLAUSE_DECLARATION; CANDIDATE_MAPPING_ONLY
NREQ-e7b553381401fee6fcb4c7e8e798f20f	36.10	3351	IMPLEMENTED_UNPROVEN	NO_CURRENT_FULL_CLAUSE_DECLARATION; CANDIDATE_MAPPING_ONLY
NREQ-e354f655e24708c56aa92b7bd50e110e	36.10	3352	IMPLEMENTED_UNPROVEN	NO_CURRENT_FULL_CLAUSE_DECLARATION; CANDIDATE_MAPPING_ONLY
NREQ-94c978915cf3cc3fdeeda66b10f6333f	36.10	3353	IMPLEMENTED_UNPROVEN	NO_CURRENT_FULL_CLAUSE_DECLARATION; CANDIDATE_MAPPING_ONLY
NREQ-4a9b71f270da5d1c90556235205ab9a4	36.10	3354	IMPLEMENTED_UNPROVEN	NO_CURRENT_FULL_CLAUSE_DECLARATION; CANDIDATE_MAPPING_ONLY
NREQ-c5988260426f1d4a7716ee54bf18f8e7	36.10	3355	IMPLEMENTED_UNPROVEN	NO_CURRENT_FULL_CLAUSE_DECLARATION; CANDIDATE_MAPPING_ONLY
NREQ-f8ef022ca9bf6f71bfbb88f2548b4a37	36.10	3356	IMPLEMENTED_UNPROVEN	NO_CURRENT_FULL_CLAUSE_DECLARATION; CANDIDATE_MAPPING_ONLY
NREQ-4f02089e411a482686c88808d9f8a44f	36.10	3357	IMPLEMENTED_UNPROVEN	NO_CURRENT_FULL_CLAUSE_DECLARATION; CANDIDATE_MAPPING_ONLY
NREQ-4e4e326399e82e8df63776ea82d0c844	36.10	3358	IMPLEMENTED_UNPROVEN	NO_CURRENT_FULL_CLAUSE_DECLARATION; CANDIDATE_MAPPING_ONLY
NREQ-ac282c53a9c0eed2e6498e7c93f1abf7	36.10	3359	IMPLEMENTED_UNPROVEN	NO_CURRENT_FULL_CLAUSE_DECLARATION; CANDIDATE_MAPPING_ONLY
NREQ-581756d7ea6d91fca6a0548142715565	36.10	3361	IMPLEMENTED_UNPROVEN	NO_CURRENT_FULL_CLAUSE_DECLARATION; CANDIDATE_MAPPING_ONLY
NREQ-01f6eb6f22ca5fe4b6e2f9f401b157ad	36.10	3363	IMPLEMENTED_UNPROVEN	NO_CURRENT_FULL_CLAUSE_DECLARATION; CANDIDATE_MAPPING_ONLY
NREQ-4eb953c1661f433106baf5f5081f245f	36.11	3367	IMPLEMENTED_UNPROVEN	NO_CURRENT_FULL_CLAUSE_DECLARATION; CANDIDATE_MAPPING_ONLY
NREQ-09852d85a8e2de15f8a15fbd663018f4	36.11	3369	IMPLEMENTED_UNPROVEN	NO_CURRENT_FULL_CLAUSE_DECLARATION; CANDIDATE_MAPPING_ONLY
NREQ-a1fc0ba5dce2a21712e905ca48d2ac4e	36.12	3373	IMPLEMENTED_UNPROVEN	NO_CURRENT_FULL_CLAUSE_DECLARATION; CANDIDATE_MAPPING_ONLY
NREQ-ca1881e2147860bad9fb1f6de8df247f	37.0	3381	IMPLEMENTED_UNPROVEN	NO_CURRENT_FULL_CLAUSE_DECLARATION; CANDIDATE_MAPPING_ONLY
NREQ-a10b32f05e2c972097d40d0bda5644b8	37.0	3383	IMPLEMENTED_UNPROVEN	NO_CURRENT_FULL_CLAUSE_DECLARATION; CANDIDATE_MAPPING_ONLY
NREQ-00589ac7ea403394eff5f3f58cd27738	37.0	3384	IMPLEMENTED_UNPROVEN	NO_CURRENT_FULL_CLAUSE_DECLARATION; CANDIDATE_MAPPING_ONLY
NREQ-6ebe8000126594de69d61ec071c602ad	37.0	3385	IMPLEMENTED_UNPROVEN	NO_CURRENT_FULL_CLAUSE_DECLARATION; CANDIDATE_MAPPING_ONLY
NREQ-e0c37cf3fa343cac9c0a1ce128777412	37.0	3386	IMPLEMENTED_UNPROVEN	NO_CURRENT_FULL_CLAUSE_DECLARATION; CANDIDATE_MAPPING_ONLY
NREQ-c8ba5a71cb2af537383865c1aa88a220	37.0	3387	IMPLEMENTED_UNPROVEN	NO_CURRENT_FULL_CLAUSE_DECLARATION; CANDIDATE_MAPPING_ONLY
NREQ-8952abd4c622222d6628127d4e544e1b	37.0	3388	IMPLEMENTED_UNPROVEN	NO_CURRENT_FULL_CLAUSE_DECLARATION; CANDIDATE_MAPPING_ONLY
NREQ-77ed5807868eb2343d96ba9058c997bf	37.0	3389	IMPLEMENTED_UNPROVEN	NO_CURRENT_FULL_CLAUSE_DECLARATION; CANDIDATE_MAPPING_ONLY
NREQ-b1bb4bdb0a9ebbcf9874522b889885ff	37.0	3390	IMPLEMENTED_UNPROVEN	NO_CURRENT_FULL_CLAUSE_DECLARATION; CANDIDATE_MAPPING_ONLY
NREQ-734540e95bffea8499a42856af260111	37.0	3391	IMPLEMENTED_UNPROVEN	NO_CURRENT_FULL_CLAUSE_DECLARATION; CANDIDATE_MAPPING_ONLY
NREQ-71cdb1d1deb57c9a12ca9caeb5347264	37.0	3392	IMPLEMENTED_UNPROVEN	NO_CURRENT_FULL_CLAUSE_DECLARATION; CANDIDATE_MAPPING_ONLY
NREQ-376b157add16bbf7d03cc84ac40a87d3	37.0	3394	IMPLEMENTED_UNPROVEN	NO_CURRENT_FULL_CLAUSE_DECLARATION; CANDIDATE_MAPPING_ONLY
NREQ-427f0fb0dd0c2264bbd7b69842eba179	37.0	3395	IMPLEMENTED_UNPROVEN	NO_CURRENT_FULL_CLAUSE_DECLARATION; CANDIDATE_MAPPING_ONLY
NREQ-2b14774ffd65e947a3d3deae3ad09c92	37.0	3396	IMPLEMENTED_UNPROVEN	CURRENT_REVIEWED_DESIGN_REQUIRES_EXECUTED_OBSERVATIONS
NREQ-dda3530445e4799bca316daadcc638c6	37.0	3397	IMPLEMENTED_UNPROVEN	NO_CURRENT_FULL_CLAUSE_DECLARATION; CANDIDATE_MAPPING_ONLY
NREQ-2733c3a99fab89ee9ad549f575b06cce	37.0	3398	IMPLEMENTED_UNPROVEN	NO_CURRENT_FULL_CLAUSE_DECLARATION; CANDIDATE_MAPPING_ONLY
NREQ-126b447e91819c7ab5b16afc8f8e41e8	37.0	3399	IMPLEMENTED_UNPROVEN	NO_CURRENT_FULL_CLAUSE_DECLARATION; CANDIDATE_MAPPING_ONLY
NREQ-1106feeb97b9275d11c77c4f7bb00023	37.0	3400	IMPLEMENTED_UNPROVEN	NO_CURRENT_FULL_CLAUSE_DECLARATION; CANDIDATE_MAPPING_ONLY
NREQ-6d7b1aba77ee886c4fb8fdd1d5e469a6	37.0	3401	IMPLEMENTED_UNPROVEN	NO_CURRENT_FULL_CLAUSE_DECLARATION; CANDIDATE_MAPPING_ONLY
NREQ-d7b485c687f939de32701e4fe8821ea2	37.0	3402	IMPLEMENTED_UNPROVEN	NO_CURRENT_FULL_CLAUSE_DECLARATION; CANDIDATE_MAPPING_ONLY
NREQ-7fcc71b73f824fd87534ade29b14001f	37.0	3404	IMPLEMENTED_UNPROVEN	NO_CURRENT_FULL_CLAUSE_DECLARATION; CANDIDATE_MAPPING_ONLY
NREQ-f519a715c4ce0b702fcf4f432a2f3e24	37.0	3405	IMPLEMENTED_UNPROVEN	NO_CURRENT_FULL_CLAUSE_DECLARATION; CANDIDATE_MAPPING_ONLY
NREQ-c6ad5908eba2e59771e74f2ceebc5077	37.0	3406	IMPLEMENTED_UNPROVEN	CURRENT_REVIEWED_DESIGN_REQUIRES_EXECUTED_OBSERVATIONS
NREQ-340e09adace02cda2d66d56bbe84adff	37.0	3407	IMPLEMENTED_UNPROVEN	NO_CURRENT_FULL_CLAUSE_DECLARATION; CANDIDATE_MAPPING_ONLY
NREQ-73ac5e989520b63799c50b2c936aed6a	37.0	3408	IMPLEMENTED_UNPROVEN	NO_CURRENT_FULL_CLAUSE_DECLARATION; CANDIDATE_MAPPING_ONLY
NREQ-7966a5734f7ca601aa9422ba07a2000f	37.0	3409	IMPLEMENTED_UNPROVEN	NO_CURRENT_FULL_CLAUSE_DECLARATION; CANDIDATE_MAPPING_ONLY
NREQ-8710dff721db3503b0e77b676ab5a14a	37.0	3410	IMPLEMENTED_UNPROVEN	NO_CURRENT_FULL_CLAUSE_DECLARATION; CANDIDATE_MAPPING_ONLY
NREQ-467579c64692ee82773036e43045b2e9	37.0	3411	IMPLEMENTED_UNPROVEN	NO_CURRENT_FULL_CLAUSE_DECLARATION; CANDIDATE_MAPPING_ONLY
NREQ-1dba5e807a93a288f023a7c04d0c1616	37.0	3413	IMPLEMENTED_UNPROVEN	NO_CURRENT_FULL_CLAUSE_DECLARATION; CANDIDATE_MAPPING_ONLY
NREQ-cecb8ce5bce13cbdb99027efa0fc1af0	37.0	3414	IMPLEMENTED_UNPROVEN	NO_CURRENT_FULL_CLAUSE_DECLARATION; CANDIDATE_MAPPING_ONLY
NREQ-5fe6282f6c99d8d0f13fdf06bb5317fa	37.0	3415	IMPLEMENTED_UNPROVEN	CURRENT_REVIEWED_DESIGN_REQUIRES_EXECUTED_OBSERVATIONS
NREQ-22e3b86e4c0e0731750988dd8c60a024	37.0	3416	IMPLEMENTED_UNPROVEN	NO_CURRENT_FULL_CLAUSE_DECLARATION; CANDIDATE_MAPPING_ONLY
NREQ-0d1c017fdcbf7e5e58827ecfb57fe12c	37.0	3417	IMPLEMENTED_UNPROVEN	NO_CURRENT_FULL_CLAUSE_DECLARATION; CANDIDATE_MAPPING_ONLY
NREQ-1b852ae7dbd0f8f891a0e00f21460901	37.0	3418	IMPLEMENTED_UNPROVEN	NO_CURRENT_FULL_CLAUSE_DECLARATION; CANDIDATE_MAPPING_ONLY
NREQ-f046614d74df88dbd996f6e52295c8b5	37.0	3419	IMPLEMENTED_UNPROVEN	NO_CURRENT_FULL_CLAUSE_DECLARATION; CANDIDATE_MAPPING_ONLY
NREQ-67a835f06e0c6275e8e6d364778f0c95	37.0	3420	IMPLEMENTED_UNPROVEN	NO_CURRENT_FULL_CLAUSE_DECLARATION; CANDIDATE_MAPPING_ONLY
NREQ-7c1c06695b3acc34cb9807608e563de7	37.0	3421	IMPLEMENTED_UNPROVEN	NO_CURRENT_FULL_CLAUSE_DECLARATION; CANDIDATE_MAPPING_ONLY
NREQ-9fc62cc192be6d08a047904761385447	37.0	3423	IMPLEMENTED_UNPROVEN	NO_CURRENT_FULL_CLAUSE_DECLARATION; CANDIDATE_MAPPING_ONLY
NREQ-4c47880c9ca5429f400dc34ceae3043e	37.0	3424	IMPLEMENTED_UNPROVEN	NO_CURRENT_FULL_CLAUSE_DECLARATION; CANDIDATE_MAPPING_ONLY
NREQ-18edc302ca3fad90513b66c585e688e6	37.0	3425	IMPLEMENTED_UNPROVEN	CURRENT_REVIEWED_DESIGN_REQUIRES_EXECUTED_OBSERVATIONS
NREQ-1d2c13cd7ba57022bb227b87781dcc8e	37.0	3426	IMPLEMENTED_UNPROVEN	NO_CURRENT_FULL_CLAUSE_DECLARATION; CANDIDATE_MAPPING_ONLY
NREQ-f443ec60f122bfa1b264eef9374e54f5	37.0	3427	IMPLEMENTED_UNPROVEN	NO_CURRENT_FULL_CLAUSE_DECLARATION; CANDIDATE_MAPPING_ONLY
NREQ-dc837376d3efbb526b062a67ad654e89	37.0	3428	IMPLEMENTED_UNPROVEN	NO_CURRENT_FULL_CLAUSE_DECLARATION; CANDIDATE_MAPPING_ONLY
NREQ-3ce0ef53b79abb83b699440e4730a881	37.0	3429	IMPLEMENTED_UNPROVEN	NO_CURRENT_FULL_CLAUSE_DECLARATION; CANDIDATE_MAPPING_ONLY
NREQ-db71c631906fb4c5c432bf01ae5b8b0f	37.0	3431	IMPLEMENTED_UNPROVEN	NO_CURRENT_FULL_CLAUSE_DECLARATION; CANDIDATE_MAPPING_ONLY
NREQ-fa538df94482d0550096ae456a4acc4d	37.0	3432	IMPLEMENTED_UNPROVEN	NO_CURRENT_FULL_CLAUSE_DECLARATION; CANDIDATE_MAPPING_ONLY
NREQ-26b8cfa830777dd2bfa4c8aac620403c	37.0	3433	IMPLEMENTED_UNPROVEN	CURRENT_REVIEWED_DESIGN_REQUIRES_EXECUTED_OBSERVATIONS
NREQ-24e6069a277ef302124bf0ad269f477a	37.0	3434	IMPLEMENTED_UNPROVEN	NO_CURRENT_FULL_CLAUSE_DECLARATION; CANDIDATE_MAPPING_ONLY
NREQ-308f834df0e7b00dacfce99b30c2bd95	37.0	3435	IMPLEMENTED_UNPROVEN	NO_CURRENT_FULL_CLAUSE_DECLARATION; CANDIDATE_MAPPING_ONLY
NREQ-df144f7172903577a99dd753b6cc49ad	37.0	3436	IMPLEMENTED_UNPROVEN	NO_CURRENT_FULL_CLAUSE_DECLARATION; CANDIDATE_MAPPING_ONLY
NREQ-660ddf778897eaa4db6a425c84138183	37.0	3437	IMPLEMENTED_UNPROVEN	NO_CURRENT_FULL_CLAUSE_DECLARATION; CANDIDATE_MAPPING_ONLY
NREQ-966ea487724da1acef761947bfe304be	37.0	3438	IMPLEMENTED_UNPROVEN	NO_CURRENT_FULL_CLAUSE_DECLARATION; CANDIDATE_MAPPING_ONLY
NREQ-9576819f1e3fb55f40809cb4443da2a2	37.0	3439	IMPLEMENTED_UNPROVEN	NO_CURRENT_FULL_CLAUSE_DECLARATION; CANDIDATE_MAPPING_ONLY
NREQ-32e0432b991bf6b17b16f8faa2cf1a30	37.0	3440	IMPLEMENTED_UNPROVEN	NO_CURRENT_FULL_CLAUSE_DECLARATION; CANDIDATE_MAPPING_ONLY
NREQ-1144345982c1cdb0eaf3ac21226b5646	37.0	3441	IMPLEMENTED_UNPROVEN	NO_CURRENT_FULL_CLAUSE_DECLARATION; CANDIDATE_MAPPING_ONLY
NREQ-d2aa6c1021f4d78478919d484b1ae853	37.0	3442	IMPLEMENTED_UNPROVEN	NO_CURRENT_FULL_CLAUSE_DECLARATION; CANDIDATE_MAPPING_ONLY
NREQ-a96b0068a391e24691be806831c2ad94	37.0	3443	IMPLEMENTED_UNPROVEN	NO_CURRENT_FULL_CLAUSE_DECLARATION; CANDIDATE_MAPPING_ONLY
NREQ-be89fc9d4f060f40c26a091b898335c6	37.0	3444	IMPLEMENTED_UNPROVEN	NO_CURRENT_FULL_CLAUSE_DECLARATION; CANDIDATE_MAPPING_ONLY
NREQ-a59cd84bf20c32645ebdc37f931fe8ed	37.0	3445	IMPLEMENTED_UNPROVEN	NO_CURRENT_FULL_CLAUSE_DECLARATION; CANDIDATE_MAPPING_ONLY
NREQ-c316a1957940f8e7d4bae2e5f09b01c0	37.0	3446	IMPLEMENTED_UNPROVEN	NO_CURRENT_FULL_CLAUSE_DECLARATION; CANDIDATE_MAPPING_ONLY
NREQ-85798402f2e0261f50449ee75b0c65e1	37.0	3448	IMPLEMENTED_UNPROVEN	NO_CURRENT_FULL_CLAUSE_DECLARATION; CANDIDATE_MAPPING_ONLY
NREQ-86fafbed2d6b79f634e7ee47e980d54b	37.0	3449	IMPLEMENTED_UNPROVEN	NO_CURRENT_FULL_CLAUSE_DECLARATION; CANDIDATE_MAPPING_ONLY
NREQ-04e156310ae4ecdd6915448e3f30e047	37.0	3450	IMPLEMENTED_UNPROVEN	CURRENT_REVIEWED_DESIGN_REQUIRES_EXECUTED_OBSERVATIONS
NREQ-804783f8a5edc1e25d4e4b8a0761310d	37.0	3451	IMPLEMENTED_UNPROVEN	NO_CURRENT_FULL_CLAUSE_DECLARATION; CANDIDATE_MAPPING_ONLY
NREQ-3cfd48140742e2dcd09b9f954d23f998	37.0	3452	IMPLEMENTED_UNPROVEN	NO_CURRENT_FULL_CLAUSE_DECLARATION; CANDIDATE_MAPPING_ONLY
NREQ-e2d97fa047ce58206f6b89bdfd5d05d7	37.0	3453	IMPLEMENTED_UNPROVEN	NO_CURRENT_FULL_CLAUSE_DECLARATION; CANDIDATE_MAPPING_ONLY
NREQ-c7593b87381f725bfabcdb7250ff3ac8	37.0	3454	IMPLEMENTED_UNPROVEN	NO_CURRENT_FULL_CLAUSE_DECLARATION; CANDIDATE_MAPPING_ONLY
NREQ-5b68536b2a979f011263deb6337e99a1	37.0	3455	IMPLEMENTED_UNPROVEN	NO_CURRENT_FULL_CLAUSE_DECLARATION; CANDIDATE_MAPPING_ONLY
NREQ-6e0599f660c3340d29893d8b49f1f98b	37.0	3457	IMPLEMENTED_UNPROVEN	NO_CURRENT_FULL_CLAUSE_DECLARATION; CANDIDATE_MAPPING_ONLY
NREQ-aa2a1d8c7c45e9c7f0bbea28fd9eb266	37.0	3458	IMPLEMENTED_UNPROVEN	NO_CURRENT_FULL_CLAUSE_DECLARATION; CANDIDATE_MAPPING_ONLY
NREQ-f0d3896f2d4c46e85ce52981147764ef	37.0	3459	IMPLEMENTED_UNPROVEN	CURRENT_REVIEWED_DESIGN_REQUIRES_EXECUTED_OBSERVATIONS
NREQ-32d91176f1f6e826d87da0fcafa6af30	37.0	3460	IMPLEMENTED_UNPROVEN	NO_CURRENT_FULL_CLAUSE_DECLARATION; CANDIDATE_MAPPING_ONLY
NREQ-c4dea27330561b8dc9b7c75d6a227669	37.0	3461	IMPLEMENTED_UNPROVEN	NO_CURRENT_FULL_CLAUSE_DECLARATION; CANDIDATE_MAPPING_ONLY
NREQ-7d533b02702822e487d35607c72765c8	37.0	3462	IMPLEMENTED_UNPROVEN	NO_CURRENT_FULL_CLAUSE_DECLARATION; CANDIDATE_MAPPING_ONLY
NREQ-0defb964124022bfd134e41cda0c4214	37.0	3463	IMPLEMENTED_UNPROVEN	NO_CURRENT_FULL_CLAUSE_DECLARATION; CANDIDATE_MAPPING_ONLY
NREQ-5a5e53a6e356f001fe6b9934ca497e73	37.0	3464	IMPLEMENTED_UNPROVEN	NO_CURRENT_FULL_CLAUSE_DECLARATION; CANDIDATE_MAPPING_ONLY
NREQ-8b4f33b34198fda737a86a2f91bde046	37.0	3466	IMPLEMENTED_UNPROVEN	NO_CURRENT_FULL_CLAUSE_DECLARATION; CANDIDATE_MAPPING_ONLY
NREQ-8c80bba7955aae714b1a5a1cf2398020	37.0	3467	IMPLEMENTED_UNPROVEN	NO_CURRENT_FULL_CLAUSE_DECLARATION; CANDIDATE_MAPPING_ONLY
NREQ-a8822e7da5b9525a6c3e097b71e59183	37.0	3468	IMPLEMENTED_UNPROVEN	CURRENT_REVIEWED_DESIGN_REQUIRES_EXECUTED_OBSERVATIONS
NREQ-50327f3f5eb324c68fce8489821f7c74	37.0	3469	IMPLEMENTED_UNPROVEN	NO_CURRENT_FULL_CLAUSE_DECLARATION; CANDIDATE_MAPPING_ONLY
NREQ-de4a420c7a0257dcf238d1746b33f172	37.0	3470	IMPLEMENTED_UNPROVEN	NO_CURRENT_FULL_CLAUSE_DECLARATION; CANDIDATE_MAPPING_ONLY
NREQ-df00619d758a4ddf9cdd07256a9777a3	37.0	3471	IMPLEMENTED_UNPROVEN	NO_CURRENT_FULL_CLAUSE_DECLARATION; CANDIDATE_MAPPING_ONLY
NREQ-68b1fdda428da9b5ef8383901bb06507	37.0	3472	IMPLEMENTED_UNPROVEN	NO_CURRENT_FULL_CLAUSE_DECLARATION; CANDIDATE_MAPPING_ONLY
NREQ-6419a67460d789c6185c74be533ad750	37.0	3473	IMPLEMENTED_UNPROVEN	NO_CURRENT_FULL_CLAUSE_DECLARATION; CANDIDATE_MAPPING_ONLY
NREQ-8f1d92e3618ae5faf05efbe1bb3bec76	37.0	3474	IMPLEMENTED_UNPROVEN	NO_CURRENT_FULL_CLAUSE_DECLARATION; CANDIDATE_MAPPING_ONLY
NREQ-0ccf872b15833c51abe7612a05b0a0b3	37.0	3476	IMPLEMENTED_UNPROVEN	NO_CURRENT_FULL_CLAUSE_DECLARATION; CANDIDATE_MAPPING_ONLY
NREQ-efb9653c51f466d131fe2fe2099fa9bc	37.0	3477	IMPLEMENTED_UNPROVEN	NO_CURRENT_FULL_CLAUSE_DECLARATION; CANDIDATE_MAPPING_ONLY
NREQ-8c2bdedb1f707a1a97695f7b0745365c	37.0	3478	IMPLEMENTED_UNPROVEN	CURRENT_REVIEWED_DESIGN_REQUIRES_EXECUTED_OBSERVATIONS
NREQ-27273749a1bfb5e53140b70e3a8d245a	37.0	3479	IMPLEMENTED_UNPROVEN	NO_CURRENT_FULL_CLAUSE_DECLARATION; CANDIDATE_MAPPING_ONLY
NREQ-e9b2f6db49d0f01030240e0bb25b614d	37.0	3480	IMPLEMENTED_UNPROVEN	NO_CURRENT_FULL_CLAUSE_DECLARATION; CANDIDATE_MAPPING_ONLY
NREQ-c479a4a3314545c7e23d15586aa63c02	37.0	3481	IMPLEMENTED_UNPROVEN	NO_CURRENT_FULL_CLAUSE_DECLARATION; CANDIDATE_MAPPING_ONLY
NREQ-15010b6d95c41a239e8dae0c04f38f76	37.0	3482	IMPLEMENTED_UNPROVEN	NO_CURRENT_FULL_CLAUSE_DECLARATION; CANDIDATE_MAPPING_ONLY
NREQ-0c7ac2cb1c8a7c7494f450524ce1fb52	37.0	3483	IMPLEMENTED_UNPROVEN	NO_CURRENT_FULL_CLAUSE_DECLARATION; CANDIDATE_MAPPING_ONLY
NREQ-0ef67940b6d92d4dfce0434607070306	37.0	3484	IMPLEMENTED_UNPROVEN	NO_CURRENT_FULL_CLAUSE_DECLARATION; CANDIDATE_MAPPING_ONLY
NREQ-2f1cd9900320ae32c09a1c5235658525	37.0	3486	IMPLEMENTED_UNPROVEN	NO_CURRENT_FULL_CLAUSE_DECLARATION; CANDIDATE_MAPPING_ONLY
NREQ-cdae1d95803c975e2b5817dcbc1acf43	37.0	3487	IMPLEMENTED_UNPROVEN	NO_CURRENT_FULL_CLAUSE_DECLARATION; CANDIDATE_MAPPING_ONLY
NREQ-a9ef7326ce64b6049b07bdddd8d9d024	37.0	3488	IMPLEMENTED_UNPROVEN	CURRENT_REVIEWED_DESIGN_REQUIRES_EXECUTED_OBSERVATIONS
NREQ-5fb114a9f3df0d4a47e7d40cc130d253	37.0	3489	IMPLEMENTED_UNPROVEN	NO_CURRENT_FULL_CLAUSE_DECLARATION; CANDIDATE_MAPPING_ONLY
NREQ-05082bc2bccf7e9618c355143801451a	37.0	3490	IMPLEMENTED_UNPROVEN	NO_CURRENT_FULL_CLAUSE_DECLARATION; CANDIDATE_MAPPING_ONLY
NREQ-7067b9928313b9998947160cd2b14ed6	37.0	3491	IMPLEMENTED_UNPROVEN	NO_CURRENT_FULL_CLAUSE_DECLARATION; CANDIDATE_MAPPING_ONLY
NREQ-d5407a1a135da5baeccde94368310850	37.0	3492	IMPLEMENTED_UNPROVEN	NO_CURRENT_FULL_CLAUSE_DECLARATION; CANDIDATE_MAPPING_ONLY
NREQ-04fdf6d90f105be7d7294e52e45309fb	37.0	3493	IMPLEMENTED_UNPROVEN	NO_CURRENT_FULL_CLAUSE_DECLARATION; CANDIDATE_MAPPING_ONLY
NREQ-eaaae9f12c428fd347d9d41a369c70c4	37.0	3494	IMPLEMENTED_UNPROVEN	NO_CURRENT_FULL_CLAUSE_DECLARATION; CANDIDATE_MAPPING_ONLY
NREQ-89f60d88fe0598f2f7fc4a886101d7a6	37.0	3496	IMPLEMENTED_UNPROVEN	NO_CURRENT_FULL_CLAUSE_DECLARATION; CANDIDATE_MAPPING_ONLY
NREQ-12dbcde7c6fb615b0ff78d471aaa3d08	37.0	3497	IMPLEMENTED_UNPROVEN	NO_CURRENT_FULL_CLAUSE_DECLARATION; CANDIDATE_MAPPING_ONLY
NREQ-f50ee5baca83ff85d962de77d313fda6	37.0	3498	IMPLEMENTED_UNPROVEN	CURRENT_REVIEWED_DESIGN_REQUIRES_EXECUTED_OBSERVATIONS
NREQ-321537d0e19dda97945429537926ebbc	37.0	3499	IMPLEMENTED_UNPROVEN	NO_CURRENT_FULL_CLAUSE_DECLARATION; CANDIDATE_MAPPING_ONLY
NREQ-b705c7438979272c468389217e73b64a	37.0	3500	IMPLEMENTED_UNPROVEN	NO_CURRENT_FULL_CLAUSE_DECLARATION; CANDIDATE_MAPPING_ONLY
NREQ-45728a05a28827de44d6870c7e8c4bae	37.0	3501	IMPLEMENTED_UNPROVEN	NO_CURRENT_FULL_CLAUSE_DECLARATION; CANDIDATE_MAPPING_ONLY
NREQ-fc41725d60babe77a21fcd71ee8c623d	37.0	3502	IMPLEMENTED_UNPROVEN	NO_CURRENT_FULL_CLAUSE_DECLARATION; CANDIDATE_MAPPING_ONLY
NREQ-0ceb7fed887b6964c85220200ee708aa	37.0	3503	IMPLEMENTED_UNPROVEN	NO_CURRENT_FULL_CLAUSE_DECLARATION; CANDIDATE_MAPPING_ONLY
NREQ-cd484505654befa476c0c4ec7d66aad8	37.0	3505	IMPLEMENTED_UNPROVEN	NO_CURRENT_FULL_CLAUSE_DECLARATION; CANDIDATE_MAPPING_ONLY
NREQ-bf4a2a2724397b7b5b06bf5a05bd94f3	37.0	3506	IMPLEMENTED_UNPROVEN	NO_CURRENT_FULL_CLAUSE_DECLARATION; CANDIDATE_MAPPING_ONLY
NREQ-7d91a0dd124e5a78fc01449f23a3e8fa	37.0	3507	IMPLEMENTED_UNPROVEN	CURRENT_REVIEWED_DESIGN_REQUIRES_EXECUTED_OBSERVATIONS
NREQ-4784312c4a064d843b7e1e7236b4de55	37.0	3508	IMPLEMENTED_UNPROVEN	NO_CURRENT_FULL_CLAUSE_DECLARATION; CANDIDATE_MAPPING_ONLY
NREQ-3b111c83e1306a0f687fe9e4c3616964	37.0	3509	IMPLEMENTED_UNPROVEN	NO_CURRENT_FULL_CLAUSE_DECLARATION; CANDIDATE_MAPPING_ONLY
NREQ-24125a6942b80a51ad27efed3c07e399	37.0	3510	IMPLEMENTED_UNPROVEN	NO_CURRENT_FULL_CLAUSE_DECLARATION; CANDIDATE_MAPPING_ONLY
NREQ-e5e661b0a7fd3e16ee6d54e62b13b8a8	37.0	3511	IMPLEMENTED_UNPROVEN	NO_CURRENT_FULL_CLAUSE_DECLARATION; CANDIDATE_MAPPING_ONLY
NREQ-ae5b8eef7847acc8f7088aab6f447e78	37.0	3512	IMPLEMENTED_UNPROVEN	NO_CURRENT_FULL_CLAUSE_DECLARATION; CANDIDATE_MAPPING_ONLY
NREQ-6c4919aaa922b5e75c8050e06b1461d8	37.0	3514	IMPLEMENTED_UNPROVEN	NO_CURRENT_FULL_CLAUSE_DECLARATION; CANDIDATE_MAPPING_ONLY
NREQ-f150e202fa4bae8ca5b9785736cf1b24	37.0	3515	IMPLEMENTED_UNPROVEN	NO_CURRENT_FULL_CLAUSE_DECLARATION; CANDIDATE_MAPPING_ONLY
NREQ-f9c8f3d1723060ee3fd3fa87ba2a4d75	37.0	3516	IMPLEMENTED_UNPROVEN	CURRENT_REVIEWED_DESIGN_REQUIRES_EXECUTED_OBSERVATIONS
NREQ-e9099b328f951b01664c29a0e97794b3	37.0	3517	IMPLEMENTED_UNPROVEN	NO_CURRENT_FULL_CLAUSE_DECLARATION; CANDIDATE_MAPPING_ONLY
NREQ-ac0efae2f3767f2d8a26f49f042ff674	37.0	3518	IMPLEMENTED_UNPROVEN	NO_CURRENT_FULL_CLAUSE_DECLARATION; CANDIDATE_MAPPING_ONLY
NREQ-eff76becf79b78608b7252d0c59eebed	37.0	3519	IMPLEMENTED_UNPROVEN	NO_CURRENT_FULL_CLAUSE_DECLARATION; CANDIDATE_MAPPING_ONLY
NREQ-dfb38d46c65ce5194eed04ef757ae056	37.0	3520	IMPLEMENTED_UNPROVEN	NO_CURRENT_FULL_CLAUSE_DECLARATION; CANDIDATE_MAPPING_ONLY
NREQ-3cb7e0b9702fa8a448eee250bc875332	37.0	3522	IMPLEMENTED_UNPROVEN	NO_CURRENT_FULL_CLAUSE_DECLARATION; CANDIDATE_MAPPING_ONLY
NREQ-0eb47ae8de2bfae12b06d84e3bc6de03	37.0	3523	IMPLEMENTED_UNPROVEN	NO_CURRENT_FULL_CLAUSE_DECLARATION; CANDIDATE_MAPPING_ONLY
NREQ-925405b741265dbbc292d4f3a74c2bd6	37.0	3524	IMPLEMENTED_UNPROVEN	CURRENT_REVIEWED_DESIGN_REQUIRES_EXECUTED_OBSERVATIONS
NREQ-77fc05bed2f6e7b6e683de1c2b102051	37.0	3525	IMPLEMENTED_UNPROVEN	NO_CURRENT_FULL_CLAUSE_DECLARATION; CANDIDATE_MAPPING_ONLY
NREQ-ce6df4e4c877469eb8170546e42eb1f3	37.0	3526	IMPLEMENTED_UNPROVEN	NO_CURRENT_FULL_CLAUSE_DECLARATION; CANDIDATE_MAPPING_ONLY
NREQ-7c4da7216ab15c9c77aa2fefd92a0f4c	37.0	3527	IMPLEMENTED_UNPROVEN	NO_CURRENT_FULL_CLAUSE_DECLARATION; CANDIDATE_MAPPING_ONLY
NREQ-882fa295e30a9b8d2044f07f8edff3ef	37.0	3528	IMPLEMENTED_UNPROVEN	NO_CURRENT_FULL_CLAUSE_DECLARATION; CANDIDATE_MAPPING_ONLY
NREQ-dfffa3cd8098c506018717b29b8ac8e1	37.0	3530	IMPLEMENTED_UNPROVEN	NO_CURRENT_FULL_CLAUSE_DECLARATION; CANDIDATE_MAPPING_ONLY
NREQ-fd0607224eb3b5176911a403d86e4034	37.0	3531	IMPLEMENTED_UNPROVEN	NO_CURRENT_FULL_CLAUSE_DECLARATION; CANDIDATE_MAPPING_ONLY
NREQ-4363c0420b1bd921591c1f2446cfb8eb	37.0	3532	IMPLEMENTED_UNPROVEN	CURRENT_REVIEWED_DESIGN_REQUIRES_EXECUTED_OBSERVATIONS
NREQ-c961f392d0edd06d462735be00feb369	37.0	3533	IMPLEMENTED_UNPROVEN	NO_CURRENT_FULL_CLAUSE_DECLARATION; CANDIDATE_MAPPING_ONLY
NREQ-2eadf7aa431600ec6d4f1092a60b7c05	37.0	3534	IMPLEMENTED_UNPROVEN	NO_CURRENT_FULL_CLAUSE_DECLARATION; CANDIDATE_MAPPING_ONLY
NREQ-56f4d5416702745fd08f6a3825a4c767	37.0	3535	IMPLEMENTED_UNPROVEN	NO_CURRENT_FULL_CLAUSE_DECLARATION; CANDIDATE_MAPPING_ONLY
NREQ-1d141876fb210c38779d3231ca783f7e	37.0	3536	IMPLEMENTED_UNPROVEN	NO_CURRENT_FULL_CLAUSE_DECLARATION; CANDIDATE_MAPPING_ONLY
NREQ-460ce0476994b90179daa2d968bd9a4a	37.0	3537	IMPLEMENTED_UNPROVEN	NO_CURRENT_FULL_CLAUSE_DECLARATION; CANDIDATE_MAPPING_ONLY
NREQ-a7a3d08e8ad642cf8620e551d2f233da	37.0	3539	IMPLEMENTED_UNPROVEN	NO_CURRENT_FULL_CLAUSE_DECLARATION; CANDIDATE_MAPPING_ONLY
NREQ-527722a8c538d094388563d1a6c01b52	37.0	3540	IMPLEMENTED_UNPROVEN	NO_CURRENT_FULL_CLAUSE_DECLARATION; CANDIDATE_MAPPING_ONLY
NREQ-2174af2894ceaa1acb9a032113db659d	37.0	3541	IMPLEMENTED_UNPROVEN	CURRENT_REVIEWED_DESIGN_REQUIRES_EXECUTED_OBSERVATIONS
NREQ-1ca1a99e86f24cb2690fc4663009c497	37.0	3542	IMPLEMENTED_UNPROVEN	NO_CURRENT_FULL_CLAUSE_DECLARATION; CANDIDATE_MAPPING_ONLY
NREQ-a058e46e71bbdce4c4efc74aa8a59743	37.0	3543	IMPLEMENTED_UNPROVEN	NO_CURRENT_FULL_CLAUSE_DECLARATION; CANDIDATE_MAPPING_ONLY
NREQ-9d702c5381d940c22b940c46c8be25bd	37.0	3544	IMPLEMENTED_UNPROVEN	NO_CURRENT_FULL_CLAUSE_DECLARATION; CANDIDATE_MAPPING_ONLY
NREQ-5e9ac776e5682695bbf280704f2fd122	37.0	3545	IMPLEMENTED_UNPROVEN	NO_CURRENT_FULL_CLAUSE_DECLARATION; CANDIDATE_MAPPING_ONLY
NREQ-7eebf6d11253517c217c350e4a9f4b7a	37.0	3547	IMPLEMENTED_UNPROVEN	NO_CURRENT_FULL_CLAUSE_DECLARATION; CANDIDATE_MAPPING_ONLY
NREQ-420c6b157ecd757f6a0cb77463de308e	37.0	3548	IMPLEMENTED_UNPROVEN	NO_CURRENT_FULL_CLAUSE_DECLARATION; CANDIDATE_MAPPING_ONLY
NREQ-a12012292224d4b4a0a9b1088c8c49d0	37.0	3549	IMPLEMENTED_UNPROVEN	CURRENT_REVIEWED_DESIGN_REQUIRES_EXECUTED_OBSERVATIONS
NREQ-32433e20d30c30ff22dd9b2031e81a50	37.0	3550	IMPLEMENTED_UNPROVEN	NO_CURRENT_FULL_CLAUSE_DECLARATION; CANDIDATE_MAPPING_ONLY
NREQ-97f0d562a87d2061bc82830de5640b9f	37.0	3551	IMPLEMENTED_UNPROVEN	NO_CURRENT_FULL_CLAUSE_DECLARATION; CANDIDATE_MAPPING_ONLY
NREQ-6f1cfb319a39cd7811f619bf8f89182a	37.0	3552	IMPLEMENTED_UNPROVEN	NO_CURRENT_FULL_CLAUSE_DECLARATION; CANDIDATE_MAPPING_ONLY
NREQ-94a591dbca264500840316c05e949e80	37.0	3553	IMPLEMENTED_UNPROVEN	NO_CURRENT_FULL_CLAUSE_DECLARATION; CANDIDATE_MAPPING_ONLY
NREQ-ac24e1787d16dd463b905b38acbe32fd	37.0	3555	IMPLEMENTED_UNPROVEN	NO_CURRENT_FULL_CLAUSE_DECLARATION; CANDIDATE_MAPPING_ONLY
NREQ-e4dac8e0912ddd4d1f86523d9d1560f9	37.0	3556	IMPLEMENTED_UNPROVEN	NO_CURRENT_FULL_CLAUSE_DECLARATION; CANDIDATE_MAPPING_ONLY
NREQ-255fe5112069486751f53087b1ab699e	37.0	3557	IMPLEMENTED_UNPROVEN	CURRENT_REVIEWED_DESIGN_REQUIRES_EXECUTED_OBSERVATIONS
NREQ-b8ff460c90ce9c09f2fd2e4093918c64	37.0	3558	IMPLEMENTED_UNPROVEN	NO_CURRENT_FULL_CLAUSE_DECLARATION; CANDIDATE_MAPPING_ONLY
NREQ-2bba5701828fdd920a6e54b63d2cf14f	37.0	3559	IMPLEMENTED_UNPROVEN	NO_CURRENT_FULL_CLAUSE_DECLARATION; CANDIDATE_MAPPING_ONLY
NREQ-0c2c1a37adc9a60677ac049c4fb928d6	37.0	3560	IMPLEMENTED_UNPROVEN	NO_CURRENT_FULL_CLAUSE_DECLARATION; CANDIDATE_MAPPING_ONLY
NREQ-68880f7a5c346210892d4f9732e36f9a	37.0	3561	IMPLEMENTED_UNPROVEN	NO_CURRENT_FULL_CLAUSE_DECLARATION; CANDIDATE_MAPPING_ONLY
NREQ-6ba6ea817bed3aa50ee877b4b80ca053	37.0	3562	IMPLEMENTED_UNPROVEN	NO_CURRENT_FULL_CLAUSE_DECLARATION; CANDIDATE_MAPPING_ONLY
NREQ-b46925e5e80dad1a33ffd4983b1ceedf	37.0	3564	IMPLEMENTED_UNPROVEN	NO_CURRENT_FULL_CLAUSE_DECLARATION; CANDIDATE_MAPPING_ONLY
NREQ-bbed713638d67f007309164b5a07a81c	37.0	3565	IMPLEMENTED_UNPROVEN	NO_CURRENT_FULL_CLAUSE_DECLARATION; CANDIDATE_MAPPING_ONLY
NREQ-6fe30b5cb969bf2fb9daaabc3422ac38	37.0	3566	IMPLEMENTED_UNPROVEN	CURRENT_REVIEWED_DESIGN_REQUIRES_EXECUTED_OBSERVATIONS
NREQ-759e5be89bdac105d19a483162adc7b6	37.0	3567	IMPLEMENTED_UNPROVEN	NO_CURRENT_FULL_CLAUSE_DECLARATION; CANDIDATE_MAPPING_ONLY
NREQ-00c8ee42fdc67e819aa9038fcb4e2292	37.0	3568	IMPLEMENTED_UNPROVEN	NO_CURRENT_FULL_CLAUSE_DECLARATION; CANDIDATE_MAPPING_ONLY
NREQ-e25a175bc4bacad063e2728f2b84d5a7	37.0	3569	IMPLEMENTED_UNPROVEN	NO_CURRENT_FULL_CLAUSE_DECLARATION; CANDIDATE_MAPPING_ONLY
NREQ-ccea4bd415a8833175a8c0faa0ef0e7c	37.0	3570	IMPLEMENTED_UNPROVEN	NO_CURRENT_FULL_CLAUSE_DECLARATION; CANDIDATE_MAPPING_ONLY
NREQ-1025f22975801b93210d8f9cb21a1b6d	37.0	3571	IMPLEMENTED_UNPROVEN	NO_CURRENT_FULL_CLAUSE_DECLARATION; CANDIDATE_MAPPING_ONLY
NREQ-ce756f05bd2615da244cbfa27f75441b	37.0	3573	IMPLEMENTED_UNPROVEN	NO_CURRENT_FULL_CLAUSE_DECLARATION; CANDIDATE_MAPPING_ONLY
NREQ-a3f44049c6c9f372f83fecd7e9841b0a	37.0	3574	IMPLEMENTED_UNPROVEN	NO_CURRENT_FULL_CLAUSE_DECLARATION; CANDIDATE_MAPPING_ONLY
NREQ-229f56cf458329f04d589d3aa92b95e5	37.0	3575	IMPLEMENTED_UNPROVEN	CURRENT_REVIEWED_DESIGN_REQUIRES_EXECUTED_OBSERVATIONS
NREQ-cb1734917ab51fda9d64f86f7f247925	37.0	3576	IMPLEMENTED_UNPROVEN	NO_CURRENT_FULL_CLAUSE_DECLARATION; CANDIDATE_MAPPING_ONLY
NREQ-d5852a1a2a58991a6653f2eaea9e9c02	37.0	3577	IMPLEMENTED_UNPROVEN	NO_CURRENT_FULL_CLAUSE_DECLARATION; CANDIDATE_MAPPING_ONLY
NREQ-4bd999e3fcd52a4137ec759a9af21d21	37.0	3578	IMPLEMENTED_UNPROVEN	NO_CURRENT_FULL_CLAUSE_DECLARATION; CANDIDATE_MAPPING_ONLY
NREQ-a3897e2ec42b6abed1e9559847c21353	37.0	3579	IMPLEMENTED_UNPROVEN	NO_CURRENT_FULL_CLAUSE_DECLARATION; CANDIDATE_MAPPING_ONLY
NREQ-959cc78e96ce47c2cbedfe6b4daca090	37.0	3580	IMPLEMENTED_UNPROVEN	NO_CURRENT_FULL_CLAUSE_DECLARATION; CANDIDATE_MAPPING_ONLY
NREQ-afb8a4323eb738bb901cd0bc36c4ba02	37.0	3582	IMPLEMENTED_UNPROVEN	NO_CURRENT_FULL_CLAUSE_DECLARATION; CANDIDATE_MAPPING_ONLY
NREQ-6199ac43aaadd4bbdee5e7bdd1ac6421	37.0	3583	IMPLEMENTED_UNPROVEN	NO_CURRENT_FULL_CLAUSE_DECLARATION; CANDIDATE_MAPPING_ONLY
NREQ-4d7b09d088c999d3c6e91a968cbe1a02	37.0	3584	IMPLEMENTED_UNPROVEN	CURRENT_REVIEWED_DESIGN_REQUIRES_EXECUTED_OBSERVATIONS
NREQ-62a7ed51e5192a6b11be2850b098da98	37.0	3585	IMPLEMENTED_UNPROVEN	NO_CURRENT_FULL_CLAUSE_DECLARATION; CANDIDATE_MAPPING_ONLY
NREQ-4506d1c5acd3b06f30df66c9315282f9	37.0	3586	IMPLEMENTED_UNPROVEN	NO_CURRENT_FULL_CLAUSE_DECLARATION; CANDIDATE_MAPPING_ONLY
NREQ-fc5daa788af1d6c1ba53a1268e50b454	37.0	3587	IMPLEMENTED_UNPROVEN	NO_CURRENT_FULL_CLAUSE_DECLARATION; CANDIDATE_MAPPING_ONLY
NREQ-5257ad7eb7a53029b771b775a07005d7	37.0	3588	IMPLEMENTED_UNPROVEN	NO_CURRENT_FULL_CLAUSE_DECLARATION; CANDIDATE_MAPPING_ONLY
NREQ-0e72c77c42498ea3f5525ff7c5184602	37.0	3589	IMPLEMENTED_UNPROVEN	NO_CURRENT_FULL_CLAUSE_DECLARATION; CANDIDATE_MAPPING_ONLY
NREQ-ee95a6c5cbd169fda27cf6e81420c1ca	37.0	3590	IMPLEMENTED_UNPROVEN	NO_CURRENT_FULL_CLAUSE_DECLARATION; CANDIDATE_MAPPING_ONLY
NREQ-bc5e7d0c195585e710a7ee6c00facaa1	37.0	3592	IMPLEMENTED_UNPROVEN	NO_CURRENT_FULL_CLAUSE_DECLARATION; CANDIDATE_MAPPING_ONLY
NREQ-49557d149933baccaf81eb90eb5e1717	37.0	3593	IMPLEMENTED_UNPROVEN	NO_CURRENT_FULL_CLAUSE_DECLARATION; CANDIDATE_MAPPING_ONLY
NREQ-55dce831e47c4a26e093cc6134572e8f	37.0	3594	IMPLEMENTED_UNPROVEN	CURRENT_REVIEWED_DESIGN_REQUIRES_EXECUTED_OBSERVATIONS
NREQ-b3b8074e42901ec598fe77099a811e63	37.0	3595	IMPLEMENTED_UNPROVEN	NO_CURRENT_FULL_CLAUSE_DECLARATION; CANDIDATE_MAPPING_ONLY
NREQ-7a1b11f31a1de955d930b753a4b1db45	37.0	3596	IMPLEMENTED_UNPROVEN	NO_CURRENT_FULL_CLAUSE_DECLARATION; CANDIDATE_MAPPING_ONLY
NREQ-4f86fb29bffd470f8d454e246648d608	37.0	3597	IMPLEMENTED_UNPROVEN	NO_CURRENT_FULL_CLAUSE_DECLARATION; CANDIDATE_MAPPING_ONLY
NREQ-3b44b7079f4eb172b73fa7f44ebbbc9b	37.0	3598	IMPLEMENTED_UNPROVEN	NO_CURRENT_FULL_CLAUSE_DECLARATION; CANDIDATE_MAPPING_ONLY
NREQ-192fbe0b322a5e826f4131c1631308f1	37.0	3599	IMPLEMENTED_UNPROVEN	NO_CURRENT_FULL_CLAUSE_DECLARATION; CANDIDATE_MAPPING_ONLY
NREQ-8bcb235087c2c8be0983ea73915c2c03	37.0	3601	IMPLEMENTED_UNPROVEN	NO_CURRENT_FULL_CLAUSE_DECLARATION; CANDIDATE_MAPPING_ONLY
NREQ-3fb148fc485595ad314466ee24e86991	37.0	3602	IMPLEMENTED_UNPROVEN	NO_CURRENT_FULL_CLAUSE_DECLARATION; CANDIDATE_MAPPING_ONLY
NREQ-2b6bba4196d8c4cd91c7630369be0b33	37.0	3603	IMPLEMENTED_UNPROVEN	NO_CURRENT_FULL_CLAUSE_DECLARATION; CANDIDATE_MAPPING_ONLY
NREQ-f5fbc421f0da0d6b66826b29ce420104	37.0	3604	IMPLEMENTED_UNPROVEN	NO_CURRENT_FULL_CLAUSE_DECLARATION; CANDIDATE_MAPPING_ONLY
NREQ-53936ac79d554b968cc4f095b84819db	37.0	3605	IMPLEMENTED_UNPROVEN	NO_CURRENT_FULL_CLAUSE_DECLARATION; CANDIDATE_MAPPING_ONLY
NREQ-1ec9f34080746ffb3e5324fecba16b8a	37.0	3606	IMPLEMENTED_UNPROVEN	NO_CURRENT_FULL_CLAUSE_DECLARATION; CANDIDATE_MAPPING_ONLY
NREQ-d799fb91f1dbb85c0729454da4d47768	37.0	3607	IMPLEMENTED_UNPROVEN	NO_CURRENT_FULL_CLAUSE_DECLARATION; CANDIDATE_MAPPING_ONLY
NREQ-6abf7b61b072c30c39f50f1ffe637b60	37.0	3609	IMPLEMENTED_UNPROVEN	NO_CURRENT_FULL_CLAUSE_DECLARATION; CANDIDATE_MAPPING_ONLY
NREQ-21e6acd689da49ef5794ed7b0da45b40	37.0	3610	IMPLEMENTED_UNPROVEN	NO_CURRENT_FULL_CLAUSE_DECLARATION; CANDIDATE_MAPPING_ONLY
NREQ-7542acad543ceb37f7fb325baac0d9d0	37.0	3611	IMPLEMENTED_UNPROVEN	CURRENT_REVIEWED_DESIGN_REQUIRES_EXECUTED_OBSERVATIONS
NREQ-58c866cace77de713ee9f5a87b0259fc	37.0	3612	IMPLEMENTED_UNPROVEN	NO_CURRENT_FULL_CLAUSE_DECLARATION; CANDIDATE_MAPPING_ONLY
NREQ-045d929fc50b7d6fbd16480328112227	37.0	3613	IMPLEMENTED_UNPROVEN	NO_CURRENT_FULL_CLAUSE_DECLARATION; CANDIDATE_MAPPING_ONLY
NREQ-3365ebf2d1c997ffe9607b32293c7b75	37.0	3614	IMPLEMENTED_UNPROVEN	NO_CURRENT_FULL_CLAUSE_DECLARATION; CANDIDATE_MAPPING_ONLY
NREQ-986b13282134a82c5164f344e7e4a295	37.0	3615	IMPLEMENTED_UNPROVEN	NO_CURRENT_FULL_CLAUSE_DECLARATION; CANDIDATE_MAPPING_ONLY
NREQ-eb02702c5dd52eb7e23ebe9fe71c86ed	37.0	3616	IMPLEMENTED_UNPROVEN	NO_CURRENT_FULL_CLAUSE_DECLARATION; CANDIDATE_MAPPING_ONLY
NREQ-b2a8766052753f6c0f0ed7ce8d10e0c3	37.0	3618	IMPLEMENTED_UNPROVEN	NO_CURRENT_FULL_CLAUSE_DECLARATION; CANDIDATE_MAPPING_ONLY
NREQ-8906f0d0b1cf7cf54cb4323ed2569940	37.0	3619	IMPLEMENTED_UNPROVEN	NO_CURRENT_FULL_CLAUSE_DECLARATION; CANDIDATE_MAPPING_ONLY
NREQ-292af594522de75d72b35851b9befed4	37.0	3620	IMPLEMENTED_UNPROVEN	CURRENT_REVIEWED_DESIGN_REQUIRES_EXECUTED_OBSERVATIONS
NREQ-25e91e450e724c8ac9d5b51a43867b67	37.0	3621	IMPLEMENTED_UNPROVEN	NO_CURRENT_FULL_CLAUSE_DECLARATION; CANDIDATE_MAPPING_ONLY
NREQ-f57d01bb6fe2d21f7d955ee41559ac5b	37.0	3622	IMPLEMENTED_UNPROVEN	NO_CURRENT_FULL_CLAUSE_DECLARATION; CANDIDATE_MAPPING_ONLY
NREQ-6273f8eeaa963ecc89d9833da153a49f	37.0	3623	IMPLEMENTED_UNPROVEN	NO_CURRENT_FULL_CLAUSE_DECLARATION; CANDIDATE_MAPPING_ONLY
NREQ-cbfdb7a0322e0904b0c813d06d809625	37.0	3624	IMPLEMENTED_UNPROVEN	NO_CURRENT_FULL_CLAUSE_DECLARATION; CANDIDATE_MAPPING_ONLY
NREQ-0da63be563404ab8daa1630fc944755c	37.0	3626	IMPLEMENTED_UNPROVEN	NO_CURRENT_FULL_CLAUSE_DECLARATION; CANDIDATE_MAPPING_ONLY
NREQ-a8cbcf1c749752d55c4731222628be6f	37.0	3627	IMPLEMENTED_UNPROVEN	NO_CURRENT_FULL_CLAUSE_DECLARATION; CANDIDATE_MAPPING_ONLY
NREQ-f295ec535d0d117429de1cced6886a6e	37.0	3628	IMPLEMENTED_UNPROVEN	CURRENT_REVIEWED_DESIGN_REQUIRES_EXECUTED_OBSERVATIONS
NREQ-57334ead2bc052e40b1c21436c935c28	37.0	3629	IMPLEMENTED_UNPROVEN	NO_CURRENT_FULL_CLAUSE_DECLARATION; CANDIDATE_MAPPING_ONLY
NREQ-19e5a75f714a080d68a4cd492062b9d3	37.0	3630	IMPLEMENTED_UNPROVEN	NO_CURRENT_FULL_CLAUSE_DECLARATION; CANDIDATE_MAPPING_ONLY
NREQ-955cb90210accd13bd164173f19008b5	37.0	3631	IMPLEMENTED_UNPROVEN	NO_CURRENT_FULL_CLAUSE_DECLARATION; CANDIDATE_MAPPING_ONLY
NREQ-bee05b05ba414a4d4f64e4890fe06494	37.0	3632	IMPLEMENTED_UNPROVEN	NO_CURRENT_FULL_CLAUSE_DECLARATION; CANDIDATE_MAPPING_ONLY
NREQ-555cd1a438066a858d9656ebb57718f9	37.0	3633	IMPLEMENTED_UNPROVEN	NO_CURRENT_FULL_CLAUSE_DECLARATION; CANDIDATE_MAPPING_ONLY
NREQ-5d8e94a7c2931da0281fdeb0d49ea303	37.0	3634	IMPLEMENTED_UNPROVEN	NO_CURRENT_FULL_CLAUSE_DECLARATION; CANDIDATE_MAPPING_ONLY
NREQ-3ad62d5930c3052365e7a6da1074cb51	37.0	3636	IMPLEMENTED_UNPROVEN	NO_CURRENT_FULL_CLAUSE_DECLARATION; CANDIDATE_MAPPING_ONLY
NREQ-604c2ea233a5b328c6cd6e33c6d681db	37.0	3637	IMPLEMENTED_UNPROVEN	NO_CURRENT_FULL_CLAUSE_DECLARATION; CANDIDATE_MAPPING_ONLY
NREQ-9b21240c5c27ee356dec92b459a0fcb9	37.0	3638	IMPLEMENTED_UNPROVEN	CURRENT_REVIEWED_DESIGN_REQUIRES_EXECUTED_OBSERVATIONS
NREQ-0fbfa4c3bf49fdd7aaab60935c9aad73	37.0	3639	IMPLEMENTED_UNPROVEN	NO_CURRENT_FULL_CLAUSE_DECLARATION; CANDIDATE_MAPPING_ONLY
NREQ-27451bf2056ead87a3f2d97d4dd540a8	37.0	3640	IMPLEMENTED_UNPROVEN	NO_CURRENT_FULL_CLAUSE_DECLARATION; CANDIDATE_MAPPING_ONLY
NREQ-eee52a75d00b406b0bae8430c1d05857	37.0	3641	IMPLEMENTED_UNPROVEN	NO_CURRENT_FULL_CLAUSE_DECLARATION; CANDIDATE_MAPPING_ONLY
NREQ-9926aa0a34d6fa19c49fdeb4b5879a45	37.0	3642	IMPLEMENTED_UNPROVEN	NO_CURRENT_FULL_CLAUSE_DECLARATION; CANDIDATE_MAPPING_ONLY
NREQ-87b2a2732a3baaa257f70a994564515c	37.0	3644	IMPLEMENTED_UNPROVEN	NO_CURRENT_FULL_CLAUSE_DECLARATION; CANDIDATE_MAPPING_ONLY
NREQ-38628cafed872262a9b8d9144f0da01f	37.0	3645	IMPLEMENTED_UNPROVEN	NO_CURRENT_FULL_CLAUSE_DECLARATION; CANDIDATE_MAPPING_ONLY
NREQ-0774fcb2b6e2510d755133d371474ec8	37.0	3646	IMPLEMENTED_UNPROVEN	CURRENT_REVIEWED_DESIGN_REQUIRES_EXECUTED_OBSERVATIONS
NREQ-831250724c9d58362ca4ecfd50d4fe89	37.0	3647	IMPLEMENTED_UNPROVEN	NO_CURRENT_FULL_CLAUSE_DECLARATION; CANDIDATE_MAPPING_ONLY
NREQ-0cd3cc407d6779a0aaa6eedbdc8a51d5	37.0	3648	IMPLEMENTED_UNPROVEN	NO_CURRENT_FULL_CLAUSE_DECLARATION; CANDIDATE_MAPPING_ONLY
NREQ-d75c789237281df5202d8335c8345d88	37.0	3649	IMPLEMENTED_UNPROVEN	NO_CURRENT_FULL_CLAUSE_DECLARATION; CANDIDATE_MAPPING_ONLY
NREQ-a8ddd183c645e83b6cb153f076b8008d	37.0	3650	IMPLEMENTED_UNPROVEN	NO_CURRENT_FULL_CLAUSE_DECLARATION; CANDIDATE_MAPPING_ONLY
NREQ-3b3f348757ad3a5d2e3a731f09275ff0	37.0	3651	IMPLEMENTED_UNPROVEN	NO_CURRENT_FULL_CLAUSE_DECLARATION; CANDIDATE_MAPPING_ONLY
NREQ-478619cb905ce6cf37134e946bc73fcb	37.0	3652	IMPLEMENTED_UNPROVEN	NO_CURRENT_FULL_CLAUSE_DECLARATION; CANDIDATE_MAPPING_ONLY
NREQ-39eba2aba9049ed18beade0c11e0c107	37.0	3654	IMPLEMENTED_UNPROVEN	CURRENT_REVIEWED_DESIGN_REQUIRES_EXECUTED_OBSERVATIONS
NREQ-0f5cdc9e49a6fb5b69455d4b2338448c	37.0	3655	IMPLEMENTED_UNPROVEN	CURRENT_REVIEWED_DESIGN_REQUIRES_EXECUTED_OBSERVATIONS
NREQ-a5e73329c9ae93f23b01a42d43179133	37.0	3656	IMPLEMENTED_UNPROVEN	CURRENT_REVIEWED_DESIGN_REQUIRES_EXECUTED_OBSERVATIONS
NREQ-04785265535dbd6ef92f51cd4846752e	37.0	3657	IMPLEMENTED_UNPROVEN	NO_CURRENT_FULL_CLAUSE_DECLARATION; CANDIDATE_MAPPING_ONLY
NREQ-90daf8da6572adb44fb73262a7f9f7f1	37.0	3658	IMPLEMENTED_UNPROVEN	NO_CURRENT_FULL_CLAUSE_DECLARATION; CANDIDATE_MAPPING_ONLY
NREQ-50b89d034ac0ef356895fe75ecfef7a6	37.0	3659	IMPLEMENTED_UNPROVEN	NO_CURRENT_FULL_CLAUSE_DECLARATION; CANDIDATE_MAPPING_ONLY
NREQ-d4684b9b83e57e9941ccb9859bc500bb	38	3665	IMPLEMENTED_UNPROVEN	NO_CURRENT_FULL_CLAUSE_DECLARATION; CANDIDATE_MAPPING_ONLY
NREQ-fac87128f25234b81622bd25fb16619b	38	3667	IMPLEMENTED_UNPROVEN	NO_CURRENT_FULL_CLAUSE_DECLARATION; CANDIDATE_MAPPING_ONLY
NREQ-b94121453aa8eb383e7de1f57a398282	38	3668	IMPLEMENTED_UNPROVEN	NO_CURRENT_FULL_CLAUSE_DECLARATION; CANDIDATE_MAPPING_ONLY
NREQ-956317853664567cd3998b3163ea5e9e	38	3669	IMPLEMENTED_UNPROVEN	NO_CURRENT_FULL_CLAUSE_DECLARATION; CANDIDATE_MAPPING_ONLY
NREQ-7988a197f4e6efa44d35f475a1a1befd	38	3670	IMPLEMENTED_UNPROVEN	NO_CURRENT_FULL_CLAUSE_DECLARATION; CANDIDATE_MAPPING_ONLY
NREQ-3cd89751b6fd622ab6b96b9b8a63bdf2	38	3671	IMPLEMENTED_UNPROVEN	NO_CURRENT_FULL_CLAUSE_DECLARATION; CANDIDATE_MAPPING_ONLY
NREQ-a1a075abb7324239a0ca540ee5f58651	38	3672	IMPLEMENTED_UNPROVEN	NO_CURRENT_FULL_CLAUSE_DECLARATION; CANDIDATE_MAPPING_ONLY
NREQ-f903e6c1eac3da44809fcc1e319c41c4	38	3674	IMPLEMENTED_UNPROVEN	NO_CURRENT_FULL_CLAUSE_DECLARATION; CANDIDATE_MAPPING_ONLY
NREQ-6d57a61bb43e030366244b6a44180359	38	3675	IMPLEMENTED_UNPROVEN	NO_CURRENT_FULL_CLAUSE_DECLARATION; CANDIDATE_MAPPING_ONLY
NREQ-6acb0be824834961c4587d9f0b130c1a	38	3676	IMPLEMENTED_UNPROVEN	NO_CURRENT_FULL_CLAUSE_DECLARATION; CANDIDATE_MAPPING_ONLY
NREQ-223af5469f7c5911f0280176a8061dbc	38	3677	IMPLEMENTED_UNPROVEN	NO_CURRENT_FULL_CLAUSE_DECLARATION; CANDIDATE_MAPPING_ONLY
NREQ-91b12ecd1e676f563f9727f92c2825c6	38	3678	IMPLEMENTED_UNPROVEN	NO_CURRENT_FULL_CLAUSE_DECLARATION; CANDIDATE_MAPPING_ONLY
NREQ-002bea727685b427048ec264bf8c4753	38	3679	IMPLEMENTED_UNPROVEN	NO_CURRENT_FULL_CLAUSE_DECLARATION; CANDIDATE_MAPPING_ONLY
NREQ-410971de5c4c01228391a147688a0bb5	38	3680	IMPLEMENTED_UNPROVEN	NO_CURRENT_FULL_CLAUSE_DECLARATION; CANDIDATE_MAPPING_ONLY
NREQ-3c55edcaa96f0c879e673ffd7242db45	38	3682	IMPLEMENTED_UNPROVEN	NO_CURRENT_FULL_CLAUSE_DECLARATION; CANDIDATE_MAPPING_ONLY
NREQ-0fd3c18761f93e91e071bdbaf95d9edb	38	3683	IMPLEMENTED_UNPROVEN	NO_CURRENT_FULL_CLAUSE_DECLARATION; CANDIDATE_MAPPING_ONLY
NREQ-cc111e780891f5b7b5cabb7c03952472	38	3684	IMPLEMENTED_UNPROVEN	NO_CURRENT_FULL_CLAUSE_DECLARATION; CANDIDATE_MAPPING_ONLY
NREQ-4d92e4b872c0a9a689dd3ba5c329d6d6	38	3685	IMPLEMENTED_UNPROVEN	NO_CURRENT_FULL_CLAUSE_DECLARATION; CANDIDATE_MAPPING_ONLY
NREQ-632a3d45160352312edbc35a91e9c298	38	3686	IMPLEMENTED_UNPROVEN	NO_CURRENT_FULL_CLAUSE_DECLARATION; CANDIDATE_MAPPING_ONLY
NREQ-2241dce32094fe22f403a5e2ce5f0e85	38	3687	IMPLEMENTED_UNPROVEN	NO_CURRENT_FULL_CLAUSE_DECLARATION; CANDIDATE_MAPPING_ONLY
NREQ-edf1b9d8103b4beab86ccc937bd0a829	38	3688	IMPLEMENTED_UNPROVEN	NO_CURRENT_FULL_CLAUSE_DECLARATION; CANDIDATE_MAPPING_ONLY
NREQ-92879ad8719d0c707d8af3c404d6f76e	38	3690	IMPLEMENTED_UNPROVEN	NO_CURRENT_FULL_CLAUSE_DECLARATION; CANDIDATE_MAPPING_ONLY
NREQ-9815181318d34c4dd59c4ae5ba1e0f9a	38	3691	IMPLEMENTED_UNPROVEN	NO_CURRENT_FULL_CLAUSE_DECLARATION; CANDIDATE_MAPPING_ONLY
NREQ-4da76c2bff2b0a17ac58acb700126aec	38	3692	IMPLEMENTED_UNPROVEN	NO_CURRENT_FULL_CLAUSE_DECLARATION; CANDIDATE_MAPPING_ONLY
NREQ-a5e6f148569fff6e95c62cc88d61e681	38	3693	IMPLEMENTED_UNPROVEN	NO_CURRENT_FULL_CLAUSE_DECLARATION; CANDIDATE_MAPPING_ONLY
NREQ-4d0c0bd1af08f856ccf99d450e990801	38	3694	IMPLEMENTED_UNPROVEN	NO_CURRENT_FULL_CLAUSE_DECLARATION; CANDIDATE_MAPPING_ONLY
NREQ-5ba3c21e3b8bbf9d96b239c51ae6bd9c	38	3695	IMPLEMENTED_UNPROVEN	NO_CURRENT_FULL_CLAUSE_DECLARATION; CANDIDATE_MAPPING_ONLY
NREQ-929483bc6facc1b03e6004c7fb4e31cb	38	3696	IMPLEMENTED_UNPROVEN	NO_CURRENT_FULL_CLAUSE_DECLARATION; CANDIDATE_MAPPING_ONLY
NREQ-eb84dd1480fabdee3036e5f4acdaadb2	38	3698	IMPLEMENTED_UNPROVEN	NO_CURRENT_FULL_CLAUSE_DECLARATION; CANDIDATE_MAPPING_ONLY
NREQ-6f75418b18a8b456f917d6e116cf7bbd	38	3699	IMPLEMENTED_UNPROVEN	NO_CURRENT_FULL_CLAUSE_DECLARATION; CANDIDATE_MAPPING_ONLY
NREQ-20b5c05ede0a6dc5703a9fd8b8d2f087	38	3700	IMPLEMENTED_UNPROVEN	NO_CURRENT_FULL_CLAUSE_DECLARATION; CANDIDATE_MAPPING_ONLY
NREQ-1bf35173df380c64b1777f04f1030b0e	38	3701	IMPLEMENTED_UNPROVEN	NO_CURRENT_FULL_CLAUSE_DECLARATION; CANDIDATE_MAPPING_ONLY
NREQ-7e6a62b7290c8fc5d85e4abd978525f1	38	3702	IMPLEMENTED_UNPROVEN	NO_CURRENT_FULL_CLAUSE_DECLARATION; CANDIDATE_MAPPING_ONLY
NREQ-9bb79521f987716742242ef6822b0df6	38	3703	IMPLEMENTED_UNPROVEN	NO_CURRENT_FULL_CLAUSE_DECLARATION; CANDIDATE_MAPPING_ONLY
NREQ-565d47892265e72fffe4911c04f2e0ad	38	3704	IMPLEMENTED_UNPROVEN	NO_CURRENT_FULL_CLAUSE_DECLARATION; CANDIDATE_MAPPING_ONLY
NREQ-4681d6be042a89bd9867a829af648863	38	3705	IMPLEMENTED_UNPROVEN	NO_CURRENT_FULL_CLAUSE_DECLARATION; CANDIDATE_MAPPING_ONLY
NREQ-404242e34a1f544905a5dc7375afd417	38	3707	IMPLEMENTED_UNPROVEN	NO_CURRENT_FULL_CLAUSE_DECLARATION; CANDIDATE_MAPPING_ONLY
NREQ-f86eb6d68d4523742cf8387e52a934a7	38	3708	IMPLEMENTED_UNPROVEN	NO_CURRENT_FULL_CLAUSE_DECLARATION; CANDIDATE_MAPPING_ONLY
NREQ-17a7b174235f68fed65a5e999e78ad9a	38	3709	IMPLEMENTED_UNPROVEN	NO_CURRENT_FULL_CLAUSE_DECLARATION; CANDIDATE_MAPPING_ONLY
NREQ-2473a8983fc090b8281d2f48949bc8c7	38	3710	IMPLEMENTED_UNPROVEN	NO_CURRENT_FULL_CLAUSE_DECLARATION; CANDIDATE_MAPPING_ONLY
NREQ-98c41063973b88782e0893581d7a7e84	38	3711	IMPLEMENTED_UNPROVEN	NO_CURRENT_FULL_CLAUSE_DECLARATION; CANDIDATE_MAPPING_ONLY
NREQ-156e4e578a41ba2f862c4458cf126653	38	3712	IMPLEMENTED_UNPROVEN	NO_CURRENT_FULL_CLAUSE_DECLARATION; CANDIDATE_MAPPING_ONLY
NREQ-c6b381ef6a73792d70de8b35906517e5	38	3714	IMPLEMENTED_UNPROVEN	NO_CURRENT_FULL_CLAUSE_DECLARATION; CANDIDATE_MAPPING_ONLY
NREQ-17d18cc791733db898fe9fda5a172be3	38	3715	IMPLEMENTED_UNPROVEN	NO_CURRENT_FULL_CLAUSE_DECLARATION; CANDIDATE_MAPPING_ONLY
NREQ-00aad758df974c726d5893e3936b7f0a	38	3716	IMPLEMENTED_UNPROVEN	NO_CURRENT_FULL_CLAUSE_DECLARATION; CANDIDATE_MAPPING_ONLY
NREQ-78d2671bd273ec446d4a61d0975efd01	38	3717	IMPLEMENTED_UNPROVEN	NO_CURRENT_FULL_CLAUSE_DECLARATION; CANDIDATE_MAPPING_ONLY
NREQ-99ed489f9c530e2af70c5cca25d3cebf	38	3718	IMPLEMENTED_UNPROVEN	NO_CURRENT_FULL_CLAUSE_DECLARATION; CANDIDATE_MAPPING_ONLY
NREQ-0ffe26336dfae12ea38014ba026af897	38	3719	IMPLEMENTED_UNPROVEN	NO_CURRENT_FULL_CLAUSE_DECLARATION; CANDIDATE_MAPPING_ONLY
NREQ-7e7a912eecbb5689bf26e05b471a07f9	38	3720	IMPLEMENTED_UNPROVEN	NO_CURRENT_FULL_CLAUSE_DECLARATION; CANDIDATE_MAPPING_ONLY
NREQ-3db19367b5d63b2f37e975dcb38a9f0d	38	3721	IMPLEMENTED_UNPROVEN	NO_CURRENT_FULL_CLAUSE_DECLARATION; CANDIDATE_MAPPING_ONLY
NREQ-eecf2e572c5a5a63ad79bb788a3e7453	38	3723	IMPLEMENTED_UNPROVEN	NO_CURRENT_FULL_CLAUSE_DECLARATION; CANDIDATE_MAPPING_ONLY
NREQ-85fc1fdc21775b52588ec4d6dea31522	38	3724	IMPLEMENTED_UNPROVEN	NO_CURRENT_FULL_CLAUSE_DECLARATION; CANDIDATE_MAPPING_ONLY
NREQ-d0042f13cee7c8bb89c0f850c27a829f	38	3725	IMPLEMENTED_UNPROVEN	NO_CURRENT_FULL_CLAUSE_DECLARATION; CANDIDATE_MAPPING_ONLY
NREQ-013f4619978d3a904b2c24853f766c9a	38	3726	IMPLEMENTED_UNPROVEN	NO_CURRENT_FULL_CLAUSE_DECLARATION; CANDIDATE_MAPPING_ONLY
NREQ-f6345fe48fc2f1c684ec22f4e19197db	38	3727	IMPLEMENTED_UNPROVEN	NO_CURRENT_FULL_CLAUSE_DECLARATION; CANDIDATE_MAPPING_ONLY
NREQ-e53a80b170754724bd4f2db4e554ed0f	38	3728	IMPLEMENTED_UNPROVEN	NO_CURRENT_FULL_CLAUSE_DECLARATION; CANDIDATE_MAPPING_ONLY
NREQ-947bcb375f6712263a8cd64e38286919	38	3730	IMPLEMENTED_UNPROVEN	NO_CURRENT_FULL_CLAUSE_DECLARATION; CANDIDATE_MAPPING_ONLY
NREQ-6566a805a5731bb83fd506b90ae76e6e	38	3731	IMPLEMENTED_UNPROVEN	NO_CURRENT_FULL_CLAUSE_DECLARATION; CANDIDATE_MAPPING_ONLY
NREQ-3161de77e332aa0f41ec2467f7feeec1	38	3732	IMPLEMENTED_UNPROVEN	NO_CURRENT_FULL_CLAUSE_DECLARATION; CANDIDATE_MAPPING_ONLY
NREQ-7777d16fc5397d86abb8b7ace359d8ce	38	3733	IMPLEMENTED_UNPROVEN	NO_CURRENT_FULL_CLAUSE_DECLARATION; CANDIDATE_MAPPING_ONLY
NREQ-faa382554fa192b42f768303167df1db	38	3734	IMPLEMENTED_UNPROVEN	NO_CURRENT_FULL_CLAUSE_DECLARATION; CANDIDATE_MAPPING_ONLY
NREQ-005b2dc9db0a2a637c34de9e2dac7fb4	38	3735	IMPLEMENTED_UNPROVEN	NO_CURRENT_FULL_CLAUSE_DECLARATION; CANDIDATE_MAPPING_ONLY
NREQ-3f5632835f0865eca3d03e9bff5819f0	38	3737	IMPLEMENTED_UNPROVEN	NO_CURRENT_FULL_CLAUSE_DECLARATION; CANDIDATE_MAPPING_ONLY
NREQ-3377975e1c58330e75ee3a072b40b153	38	3738	IMPLEMENTED_UNPROVEN	NO_CURRENT_FULL_CLAUSE_DECLARATION; CANDIDATE_MAPPING_ONLY
NREQ-fb62f0eb121483f61aa68afba967fd91	38	3739	IMPLEMENTED_UNPROVEN	NO_CURRENT_FULL_CLAUSE_DECLARATION; CANDIDATE_MAPPING_ONLY
NREQ-927b42845c956f8121bb30c58ea4da82	38	3740	IMPLEMENTED_UNPROVEN	NO_CURRENT_FULL_CLAUSE_DECLARATION; CANDIDATE_MAPPING_ONLY
NREQ-dffe70ed28fdfbc7a7f5437f9519aaae	38	3741	IMPLEMENTED_UNPROVEN	NO_CURRENT_FULL_CLAUSE_DECLARATION; CANDIDATE_MAPPING_ONLY
NREQ-69192d4759f38e7588988305ef3c6c40	38	3742	IMPLEMENTED_UNPROVEN	NO_CURRENT_FULL_CLAUSE_DECLARATION; CANDIDATE_MAPPING_ONLY
NREQ-5b468848ca56afbe01da8c13620b58d4	38	3743	IMPLEMENTED_UNPROVEN	NO_CURRENT_FULL_CLAUSE_DECLARATION; CANDIDATE_MAPPING_ONLY
NREQ-1d6b4db2900297c8d792546e116c6b6e	38	3745	IMPLEMENTED_UNPROVEN	NO_CURRENT_FULL_CLAUSE_DECLARATION; CANDIDATE_MAPPING_ONLY
NREQ-8108e33d17bf5fea072401b10d0c21a1	38	3746	IMPLEMENTED_UNPROVEN	NO_CURRENT_FULL_CLAUSE_DECLARATION; CANDIDATE_MAPPING_ONLY
NREQ-e28539cf768042ad8893820f95032bf3	38	3747	IMPLEMENTED_UNPROVEN	NO_CURRENT_FULL_CLAUSE_DECLARATION; CANDIDATE_MAPPING_ONLY
NREQ-e55356b66a751d148141cb876ce4c38a	38	3748	IMPLEMENTED_UNPROVEN	NO_CURRENT_FULL_CLAUSE_DECLARATION; CANDIDATE_MAPPING_ONLY
NREQ-dfafd74bcbd2765fa524f7af75636a0e	38	3749	IMPLEMENTED_UNPROVEN	NO_CURRENT_FULL_CLAUSE_DECLARATION; CANDIDATE_MAPPING_ONLY
NREQ-7f14826037224f358772b634d4023ef8	38	3751	IMPLEMENTED_UNPROVEN	NO_CURRENT_FULL_CLAUSE_DECLARATION; CANDIDATE_MAPPING_ONLY
NREQ-65ff574b79714df3134d3a8e8a1b1f42	38	3752	IMPLEMENTED_UNPROVEN	NO_CURRENT_FULL_CLAUSE_DECLARATION; CANDIDATE_MAPPING_ONLY
NREQ-def72d0e72fc21bbaeac77660674e764	38	3753	IMPLEMENTED_UNPROVEN	NO_CURRENT_FULL_CLAUSE_DECLARATION; CANDIDATE_MAPPING_ONLY
NREQ-7da4ef3f04559430c501f38c83174816	38	3754	IMPLEMENTED_UNPROVEN	NO_CURRENT_FULL_CLAUSE_DECLARATION; CANDIDATE_MAPPING_ONLY
NREQ-a53a2dca756d8b8c75754aec5ccabc2e	38	3755	IMPLEMENTED_UNPROVEN	NO_CURRENT_FULL_CLAUSE_DECLARATION; CANDIDATE_MAPPING_ONLY
NREQ-d7c47df67ea63d5855d7dfb913bb8781	38	3756	IMPLEMENTED_UNPROVEN	NO_CURRENT_FULL_CLAUSE_DECLARATION; CANDIDATE_MAPPING_ONLY
NREQ-a195f9f5a1d2d842a6e3902e7c90f489	38	3758	IMPLEMENTED_UNPROVEN	NO_CURRENT_FULL_CLAUSE_DECLARATION; CANDIDATE_MAPPING_ONLY
NREQ-af63093fadf8801261126747e868d460	38	3759	IMPLEMENTED_UNPROVEN	NO_CURRENT_FULL_CLAUSE_DECLARATION; CANDIDATE_MAPPING_ONLY
NREQ-763f715c03d1ecb8dcec9ab8601d0afb	38	3760	IMPLEMENTED_UNPROVEN	NO_CURRENT_FULL_CLAUSE_DECLARATION; CANDIDATE_MAPPING_ONLY
NREQ-57d43f14ab03f1e14dea6d1f90837af4	38	3761	IMPLEMENTED_UNPROVEN	NO_CURRENT_FULL_CLAUSE_DECLARATION; CANDIDATE_MAPPING_ONLY
NREQ-16e55f341fe39f8ef16beaca686bd8f5	38	3762	IMPLEMENTED_UNPROVEN	NO_CURRENT_FULL_CLAUSE_DECLARATION; CANDIDATE_MAPPING_ONLY
NREQ-3fa4ccbb04b8dbd3b8b17059a45168a2	38	3763	IMPLEMENTED_UNPROVEN	NO_CURRENT_FULL_CLAUSE_DECLARATION; CANDIDATE_MAPPING_ONLY
NREQ-fe702070c5074538d78e45ab8b4478e0	38	3764	IMPLEMENTED_UNPROVEN	NO_CURRENT_FULL_CLAUSE_DECLARATION; CANDIDATE_MAPPING_ONLY
NREQ-b46baaae3193686df5301023f9caffac	38	3766	IMPLEMENTED_UNPROVEN	NO_CURRENT_FULL_CLAUSE_DECLARATION; CANDIDATE_MAPPING_ONLY
NREQ-474cff0f08ff4a5d008c84ed731bd326	38	3767	IMPLEMENTED_UNPROVEN	NO_CURRENT_FULL_CLAUSE_DECLARATION; CANDIDATE_MAPPING_ONLY
NREQ-735dd06669599288decefe86d107a882	38	3768	IMPLEMENTED_UNPROVEN	NO_CURRENT_FULL_CLAUSE_DECLARATION; CANDIDATE_MAPPING_ONLY
NREQ-56dcceed0c17fe120ceb4e61f1ea77ae	38	3769	IMPLEMENTED_UNPROVEN	NO_CURRENT_FULL_CLAUSE_DECLARATION; CANDIDATE_MAPPING_ONLY
NREQ-678ae34f749d687cb04fa97260f20378	38	3770	IMPLEMENTED_UNPROVEN	NO_CURRENT_FULL_CLAUSE_DECLARATION; CANDIDATE_MAPPING_ONLY
NREQ-6863d7d230fe9bb4d7bc8a74bd6206db	38	3771	IMPLEMENTED_UNPROVEN	NO_CURRENT_FULL_CLAUSE_DECLARATION; CANDIDATE_MAPPING_ONLY
NREQ-f24204d6341dc7cc8f292097086b22f7	38	3772	IMPLEMENTED_UNPROVEN	NO_CURRENT_FULL_CLAUSE_DECLARATION; CANDIDATE_MAPPING_ONLY
NREQ-325ce674547e0d7168ab18797a147313	38	3774	IMPLEMENTED_UNPROVEN	NO_CURRENT_FULL_CLAUSE_DECLARATION; CANDIDATE_MAPPING_ONLY
NREQ-d2ce0e98ea7a1735f61d768ccecc7835	38	3775	IMPLEMENTED_UNPROVEN	NO_CURRENT_FULL_CLAUSE_DECLARATION; CANDIDATE_MAPPING_ONLY
NREQ-7cc9c3d8fb5b80edc872baa5d76dda17	38	3776	IMPLEMENTED_UNPROVEN	NO_CURRENT_FULL_CLAUSE_DECLARATION; CANDIDATE_MAPPING_ONLY
NREQ-387bae5c83ad04b046973d9e3e10640b	38	3777	IMPLEMENTED_UNPROVEN	NO_CURRENT_FULL_CLAUSE_DECLARATION; CANDIDATE_MAPPING_ONLY
NREQ-e00005aa2b8a75eb3905c9b76073f457	38	3778	IMPLEMENTED_UNPROVEN	NO_CURRENT_FULL_CLAUSE_DECLARATION; CANDIDATE_MAPPING_ONLY
NREQ-f7f3cdec3b864308433c69379bb99b16	38	3779	IMPLEMENTED_UNPROVEN	NO_CURRENT_FULL_CLAUSE_DECLARATION; CANDIDATE_MAPPING_ONLY
NREQ-0b6ce636120c65be502944575bdb3374	38	3781	IMPLEMENTED_UNPROVEN	NO_CURRENT_FULL_CLAUSE_DECLARATION; CANDIDATE_MAPPING_ONLY
NREQ-97d8c76d89f7b125328555c2350a406f	38	3782	IMPLEMENTED_UNPROVEN	NO_CURRENT_FULL_CLAUSE_DECLARATION; CANDIDATE_MAPPING_ONLY
NREQ-f49761d01c2a81a0937d246cc6d6db56	38	3783	IMPLEMENTED_UNPROVEN	NO_CURRENT_FULL_CLAUSE_DECLARATION; CANDIDATE_MAPPING_ONLY
NREQ-d905169d9d9e5f73a4d4c78eb0ea6e85	38	3784	IMPLEMENTED_UNPROVEN	NO_CURRENT_FULL_CLAUSE_DECLARATION; CANDIDATE_MAPPING_ONLY
NREQ-d86cc264eeba0ec74f3dd9243e5e3125	38	3785	IMPLEMENTED_UNPROVEN	NO_CURRENT_FULL_CLAUSE_DECLARATION; CANDIDATE_MAPPING_ONLY
NREQ-56bb60e597436fd7ff5c52ca9673df8c	38	3786	IMPLEMENTED_UNPROVEN	NO_CURRENT_FULL_CLAUSE_DECLARATION; CANDIDATE_MAPPING_ONLY
NREQ-b754b00e09bdd3f2c75e9bff41f357df	38	3788	IMPLEMENTED_UNPROVEN	NO_CURRENT_FULL_CLAUSE_DECLARATION; CANDIDATE_MAPPING_ONLY
NREQ-4c3ffe865aa63b7df0140b7008b41db3	38	3789	IMPLEMENTED_UNPROVEN	NO_CURRENT_FULL_CLAUSE_DECLARATION; CANDIDATE_MAPPING_ONLY
NREQ-7247db0cc5e1913037b25842b4fb8149	38	3790	IMPLEMENTED_UNPROVEN	NO_CURRENT_FULL_CLAUSE_DECLARATION; CANDIDATE_MAPPING_ONLY
NREQ-d5ae5339cf5bb9c0d597ef753ff458bf	38	3791	IMPLEMENTED_UNPROVEN	NO_CURRENT_FULL_CLAUSE_DECLARATION; CANDIDATE_MAPPING_ONLY
NREQ-cc583d87392bedcffcf8cc465d1e6e00	38	3792	IMPLEMENTED_UNPROVEN	NO_CURRENT_FULL_CLAUSE_DECLARATION; CANDIDATE_MAPPING_ONLY
NREQ-b222cd1f6946bb2111cfbe9a290baa2a	38	3793	IMPLEMENTED_UNPROVEN	NO_CURRENT_FULL_CLAUSE_DECLARATION; CANDIDATE_MAPPING_ONLY
NREQ-96e7c4fb25fc3173cc038ca12ba4c9f2	38	3795	IMPLEMENTED_UNPROVEN	NO_CURRENT_FULL_CLAUSE_DECLARATION; CANDIDATE_MAPPING_ONLY
NREQ-bd9ae8dbff3742d111ce474df9848455	38	3796	IMPLEMENTED_UNPROVEN	NO_CURRENT_FULL_CLAUSE_DECLARATION; CANDIDATE_MAPPING_ONLY
NREQ-803b4a192524f753853d276b3ab00ac8	38	3797	IMPLEMENTED_UNPROVEN	NO_CURRENT_FULL_CLAUSE_DECLARATION; CANDIDATE_MAPPING_ONLY
NREQ-276e171bf2e15663bf20ebc58575d857	38	3798	IMPLEMENTED_UNPROVEN	NO_CURRENT_FULL_CLAUSE_DECLARATION; CANDIDATE_MAPPING_ONLY
NREQ-6310af78160b0f6ab80e3a4642c9812b	38	3799	IMPLEMENTED_UNPROVEN	NO_CURRENT_FULL_CLAUSE_DECLARATION; CANDIDATE_MAPPING_ONLY
NREQ-4df9487a46db5836ec1bdf6e937bfe5f	38	3800	IMPLEMENTED_UNPROVEN	NO_CURRENT_FULL_CLAUSE_DECLARATION; CANDIDATE_MAPPING_ONLY
NREQ-5cac747415558860d505dcc477503920	38	3802	IMPLEMENTED_UNPROVEN	NO_CURRENT_FULL_CLAUSE_DECLARATION; CANDIDATE_MAPPING_ONLY
NREQ-8b820cc2c99db892a8742d04f544d77c	38	3803	IMPLEMENTED_UNPROVEN	NO_CURRENT_FULL_CLAUSE_DECLARATION; CANDIDATE_MAPPING_ONLY
NREQ-30129c921b281dab2ec0d6ca810406ea	38	3804	IMPLEMENTED_UNPROVEN	NO_CURRENT_FULL_CLAUSE_DECLARATION; CANDIDATE_MAPPING_ONLY
NREQ-9af662670cf46c2d8abfe6ecc6f7bd55	38	3805	IMPLEMENTED_UNPROVEN	NO_CURRENT_FULL_CLAUSE_DECLARATION; CANDIDATE_MAPPING_ONLY
NREQ-2606fb8d6d976ccf1949846935c51f4a	38	3806	IMPLEMENTED_UNPROVEN	NO_CURRENT_FULL_CLAUSE_DECLARATION; CANDIDATE_MAPPING_ONLY
NREQ-9e98cd8f641481b0190ee517e079ab21	38	3807	IMPLEMENTED_UNPROVEN	NO_CURRENT_FULL_CLAUSE_DECLARATION; CANDIDATE_MAPPING_ONLY
NREQ-6bb1e4041fef1deb2dde54ebcbb56c05	38	3809	IMPLEMENTED_UNPROVEN	NO_CURRENT_FULL_CLAUSE_DECLARATION; CANDIDATE_MAPPING_ONLY
NREQ-2230b04a176a134ee9e2da7afe0ed3ec	38	3810	IMPLEMENTED_UNPROVEN	NO_CURRENT_FULL_CLAUSE_DECLARATION; CANDIDATE_MAPPING_ONLY
NREQ-caa8a0d1b211d0840dfae6e736e354f9	38	3811	IMPLEMENTED_UNPROVEN	NO_CURRENT_FULL_CLAUSE_DECLARATION; CANDIDATE_MAPPING_ONLY
NREQ-0ffc6e8d3ec4c13676d80ae69df63158	38	3812	IMPLEMENTED_UNPROVEN	NO_CURRENT_FULL_CLAUSE_DECLARATION; CANDIDATE_MAPPING_ONLY
NREQ-8b0ea183db0ab5bc5c4415626d7feb12	38	3813	IMPLEMENTED_UNPROVEN	NO_CURRENT_FULL_CLAUSE_DECLARATION; CANDIDATE_MAPPING_ONLY
NREQ-657ce030818414da44aba143b96ca454	38	3814	IMPLEMENTED_UNPROVEN	NO_CURRENT_FULL_CLAUSE_DECLARATION; CANDIDATE_MAPPING_ONLY
NREQ-b872146aebb2c67d7a676227e0c02fd9	38	3816	IMPLEMENTED_UNPROVEN	NO_CURRENT_FULL_CLAUSE_DECLARATION; CANDIDATE_MAPPING_ONLY
NREQ-d663faf135a5a4819bd5a08f5de564f5	38	3817	IMPLEMENTED_UNPROVEN	NO_CURRENT_FULL_CLAUSE_DECLARATION; CANDIDATE_MAPPING_ONLY
NREQ-8f51eafa93ac92e90aa72e9a0283f900	38	3818	IMPLEMENTED_UNPROVEN	NO_CURRENT_FULL_CLAUSE_DECLARATION; CANDIDATE_MAPPING_ONLY
NREQ-2d31f94a961bc9fc2129c828bee4778d	38	3819	IMPLEMENTED_UNPROVEN	NO_CURRENT_FULL_CLAUSE_DECLARATION; CANDIDATE_MAPPING_ONLY
NREQ-bca35d587694a23fa81a7bf8141c15b7	38	3820	IMPLEMENTED_UNPROVEN	NO_CURRENT_FULL_CLAUSE_DECLARATION; CANDIDATE_MAPPING_ONLY
NREQ-d91ebf4f76b5500ebd100022217b5f41	38	3822	IMPLEMENTED_UNPROVEN	NO_CURRENT_FULL_CLAUSE_DECLARATION; CANDIDATE_MAPPING_ONLY
NREQ-bcc6c00269218db4b54f04afdc77dfee	38	3823	IMPLEMENTED_UNPROVEN	NO_CURRENT_FULL_CLAUSE_DECLARATION; CANDIDATE_MAPPING_ONLY
NREQ-140e5b4109f818907034091d3ff4c500	38	3824	IMPLEMENTED_UNPROVEN	NO_CURRENT_FULL_CLAUSE_DECLARATION; CANDIDATE_MAPPING_ONLY
NREQ-80e34f53ba491ed28979ffb59bc1f33b	38	3825	IMPLEMENTED_UNPROVEN	NO_CURRENT_FULL_CLAUSE_DECLARATION; CANDIDATE_MAPPING_ONLY
NREQ-144acd38c0ce3b361d2caaf5756a4a64	38	3826	IMPLEMENTED_UNPROVEN	NO_CURRENT_FULL_CLAUSE_DECLARATION; CANDIDATE_MAPPING_ONLY
NREQ-6bab96513a07820b489aa3c0f119747b	38	3827	IMPLEMENTED_UNPROVEN	NO_CURRENT_FULL_CLAUSE_DECLARATION; CANDIDATE_MAPPING_ONLY
NREQ-b568689f388190caecd779fcde85864f	38	3829	IMPLEMENTED_UNPROVEN	NO_CURRENT_FULL_CLAUSE_DECLARATION; CANDIDATE_MAPPING_ONLY
NREQ-66da86d682b10f5f2310aa4e35d6cc49	38	3830	IMPLEMENTED_UNPROVEN	NO_CURRENT_FULL_CLAUSE_DECLARATION; CANDIDATE_MAPPING_ONLY
NREQ-cb1ef9499de78fa1bf7b1a3d0ecfd821	38	3831	IMPLEMENTED_UNPROVEN	NO_CURRENT_FULL_CLAUSE_DECLARATION; CANDIDATE_MAPPING_ONLY
NREQ-f10b62bf140b81b9c40e907430cf4fbe	38	3832	IMPLEMENTED_UNPROVEN	NO_CURRENT_FULL_CLAUSE_DECLARATION; CANDIDATE_MAPPING_ONLY
NREQ-e5418d86d0fbe83790758d2266013c8d	38	3833	IMPLEMENTED_UNPROVEN	NO_CURRENT_FULL_CLAUSE_DECLARATION; CANDIDATE_MAPPING_ONLY
NREQ-2f01c67ea209c605131871b7c4d07e1e	38	3834	IMPLEMENTED_UNPROVEN	NO_CURRENT_FULL_CLAUSE_DECLARATION; CANDIDATE_MAPPING_ONLY
NREQ-b5f76105a7d6b3cc28fadccb3d5a5c70	38	3836	IMPLEMENTED_UNPROVEN	NO_CURRENT_FULL_CLAUSE_DECLARATION; CANDIDATE_MAPPING_ONLY
NREQ-2de1d25334f571fd5e34a42dec8b35e3	38	3837	IMPLEMENTED_UNPROVEN	NO_CURRENT_FULL_CLAUSE_DECLARATION; CANDIDATE_MAPPING_ONLY
NREQ-1bed8b8b0ac773b78decd494bb83b606	38	3838	IMPLEMENTED_UNPROVEN	NO_CURRENT_FULL_CLAUSE_DECLARATION; CANDIDATE_MAPPING_ONLY
NREQ-e851a5840d88daa0642643b50fbacbee	38	3839	IMPLEMENTED_UNPROVEN	NO_CURRENT_FULL_CLAUSE_DECLARATION; CANDIDATE_MAPPING_ONLY
NREQ-5e217544fd95f70a4fda42875af8852f	38	3840	IMPLEMENTED_UNPROVEN	NO_CURRENT_FULL_CLAUSE_DECLARATION; CANDIDATE_MAPPING_ONLY
NREQ-23c9c7a8828718759c2e7e4d2317f525	38	3841	IMPLEMENTED_UNPROVEN	NO_CURRENT_FULL_CLAUSE_DECLARATION; CANDIDATE_MAPPING_ONLY
NREQ-0d979e996a05605a7deb1a481776884f	38	3843	IMPLEMENTED_UNPROVEN	NO_CURRENT_FULL_CLAUSE_DECLARATION; CANDIDATE_MAPPING_ONLY
NREQ-69b9d5bfc6afa2df490c88b7c3245932	38	3844	IMPLEMENTED_UNPROVEN	NO_CURRENT_FULL_CLAUSE_DECLARATION; CANDIDATE_MAPPING_ONLY
NREQ-225cfc2b9aca7d5168c516b6f534ff52	38	3845	IMPLEMENTED_UNPROVEN	NO_CURRENT_FULL_CLAUSE_DECLARATION; CANDIDATE_MAPPING_ONLY
NREQ-b8a0b9821dc4b7ec9cbdd1cb6fb03bd8	38	3846	IMPLEMENTED_UNPROVEN	NO_CURRENT_FULL_CLAUSE_DECLARATION; CANDIDATE_MAPPING_ONLY
NREQ-dce8b2891aba0d417e0c5f99a53f4034	38	3847	IMPLEMENTED_UNPROVEN	NO_CURRENT_FULL_CLAUSE_DECLARATION; CANDIDATE_MAPPING_ONLY
NREQ-219e3e14dd2975f87acffc3ec1a1935e	38	3848	IMPLEMENTED_UNPROVEN	NO_CURRENT_FULL_CLAUSE_DECLARATION; CANDIDATE_MAPPING_ONLY
NREQ-abaeb5b7bc36e3c85dc9f497675641f2	38	3850	IMPLEMENTED_UNPROVEN	NO_CURRENT_FULL_CLAUSE_DECLARATION; CANDIDATE_MAPPING_ONLY
NREQ-ab5cebbd9a6376d7e8e3cca2077541f9	38	3851	IMPLEMENTED_UNPROVEN	NO_CURRENT_FULL_CLAUSE_DECLARATION; CANDIDATE_MAPPING_ONLY
NREQ-639683539cb7134e303cb9e0c7989b7c	38	3852	IMPLEMENTED_UNPROVEN	NO_CURRENT_FULL_CLAUSE_DECLARATION; CANDIDATE_MAPPING_ONLY
NREQ-e058fd6da88a8d1b5d08d32cb2c2c5f1	38	3853	IMPLEMENTED_UNPROVEN	NO_CURRENT_FULL_CLAUSE_DECLARATION; CANDIDATE_MAPPING_ONLY
NREQ-84df3bb11495bcbd9594a74b530bd2f9	38	3854	IMPLEMENTED_UNPROVEN	NO_CURRENT_FULL_CLAUSE_DECLARATION; CANDIDATE_MAPPING_ONLY
NREQ-5a4796a5635ad10b0d8d45ba211e5a6c	38	3855	IMPLEMENTED_UNPROVEN	NO_CURRENT_FULL_CLAUSE_DECLARATION; CANDIDATE_MAPPING_ONLY
NREQ-7c09205716c281ccdd4aaa1e649f7078	38	3857	IMPLEMENTED_UNPROVEN	NO_CURRENT_FULL_CLAUSE_DECLARATION; CANDIDATE_MAPPING_ONLY
NREQ-1252de80a141955d525fe24e8c7addf2	38	3858	IMPLEMENTED_UNPROVEN	NO_CURRENT_FULL_CLAUSE_DECLARATION; CANDIDATE_MAPPING_ONLY
NREQ-dbe09c479aedb63c4df6765dcc8a8765	38	3859	IMPLEMENTED_UNPROVEN	NO_CURRENT_FULL_CLAUSE_DECLARATION; CANDIDATE_MAPPING_ONLY
NREQ-df09f0edc429d0e2022bb2ee9bf5785b	38	3860	IMPLEMENTED_UNPROVEN	NO_CURRENT_FULL_CLAUSE_DECLARATION; CANDIDATE_MAPPING_ONLY
NREQ-6187a3e7a5d1b0eb96047fe89c8678be	38	3861	IMPLEMENTED_UNPROVEN	NO_CURRENT_FULL_CLAUSE_DECLARATION; CANDIDATE_MAPPING_ONLY
NREQ-917121db6f52efd3476b8e151bc97fb4	38	3862	IMPLEMENTED_UNPROVEN	NO_CURRENT_FULL_CLAUSE_DECLARATION; CANDIDATE_MAPPING_ONLY
NREQ-d7ac6ee146b8ff1f443548c27c858c54	38	3864	IMPLEMENTED_UNPROVEN	NO_CURRENT_FULL_CLAUSE_DECLARATION; CANDIDATE_MAPPING_ONLY
NREQ-0a2a9214a7fe329e8e579b34ca5cc059	38	3865	IMPLEMENTED_UNPROVEN	NO_CURRENT_FULL_CLAUSE_DECLARATION; CANDIDATE_MAPPING_ONLY
NREQ-c1c2e437517d827063ea64d0f980a3d8	38	3866	IMPLEMENTED_UNPROVEN	NO_CURRENT_FULL_CLAUSE_DECLARATION; CANDIDATE_MAPPING_ONLY
NREQ-5482346025f5d986f1a421105ba698f0	38	3867	IMPLEMENTED_UNPROVEN	NO_CURRENT_FULL_CLAUSE_DECLARATION; CANDIDATE_MAPPING_ONLY
NREQ-72810632bde9e8a1c3f4f439ee31b565	38	3868	IMPLEMENTED_UNPROVEN	NO_CURRENT_FULL_CLAUSE_DECLARATION; CANDIDATE_MAPPING_ONLY
NREQ-6b74bc2c7e0c876c681556c55c69d945	38	3869	IMPLEMENTED_UNPROVEN	NO_CURRENT_FULL_CLAUSE_DECLARATION; CANDIDATE_MAPPING_ONLY
NREQ-6143f8dd4d15db24f70e24471b7b4f24	38	3871	IMPLEMENTED_UNPROVEN	NO_CURRENT_FULL_CLAUSE_DECLARATION; CANDIDATE_MAPPING_ONLY
NREQ-f6140dbd895c92e61b9162dbcb2107d2	38	3872	IMPLEMENTED_UNPROVEN	NO_CURRENT_FULL_CLAUSE_DECLARATION; CANDIDATE_MAPPING_ONLY
NREQ-78f64be25e6311f1f263bcb88675948b	38	3873	IMPLEMENTED_UNPROVEN	NO_CURRENT_FULL_CLAUSE_DECLARATION; CANDIDATE_MAPPING_ONLY
NREQ-8f1ee0305db5f1ebde6ead6567d5af6d	38	3874	IMPLEMENTED_UNPROVEN	NO_CURRENT_FULL_CLAUSE_DECLARATION; CANDIDATE_MAPPING_ONLY
NREQ-ac0b8609708615a6da2cc031193f3084	38	3875	IMPLEMENTED_UNPROVEN	NO_CURRENT_FULL_CLAUSE_DECLARATION; CANDIDATE_MAPPING_ONLY
NREQ-2c417aafa4da37a6ddcad3707710fbcc	38	3876	IMPLEMENTED_UNPROVEN	NO_CURRENT_FULL_CLAUSE_DECLARATION; CANDIDATE_MAPPING_ONLY
NREQ-177df5a9c3e68667245aaeb9f07afeb5	38	3878	IMPLEMENTED_UNPROVEN	NO_CURRENT_FULL_CLAUSE_DECLARATION; CANDIDATE_MAPPING_ONLY
NREQ-bc99c1ec0372ed76bdbb42a854201796	38	3879	IMPLEMENTED_UNPROVEN	NO_CURRENT_FULL_CLAUSE_DECLARATION; CANDIDATE_MAPPING_ONLY
NREQ-107d62cb975c60489a5948fb1af8aa10	38	3880	IMPLEMENTED_UNPROVEN	NO_CURRENT_FULL_CLAUSE_DECLARATION; CANDIDATE_MAPPING_ONLY
NREQ-d68097b79ab8cf04a05080a18d88246c	38	3881	IMPLEMENTED_UNPROVEN	NO_CURRENT_FULL_CLAUSE_DECLARATION; CANDIDATE_MAPPING_ONLY
NREQ-69e2455da899709417b2cb35c1a2707f	38	3882	IMPLEMENTED_UNPROVEN	NO_CURRENT_FULL_CLAUSE_DECLARATION; CANDIDATE_MAPPING_ONLY
NREQ-9d48e8855b29a09dc70dc83a2075c6e8	38	3883	IMPLEMENTED_UNPROVEN	NO_CURRENT_FULL_CLAUSE_DECLARATION; CANDIDATE_MAPPING_ONLY
NREQ-0a637cae0ce60bf9bb5ffad749238437	38	3884	IMPLEMENTED_UNPROVEN	NO_CURRENT_FULL_CLAUSE_DECLARATION; CANDIDATE_MAPPING_ONLY
NREQ-7bd0d687104b5ede9c84b3503e308ebc	38	3886	IMPLEMENTED_UNPROVEN	NO_CURRENT_FULL_CLAUSE_DECLARATION; CANDIDATE_MAPPING_ONLY
NREQ-1c819124a1f364d6057de920af765bdf	38	3887	IMPLEMENTED_UNPROVEN	NO_CURRENT_FULL_CLAUSE_DECLARATION; CANDIDATE_MAPPING_ONLY
NREQ-b180757820bbe4f791c0d4cdee084b86	38	3888	IMPLEMENTED_UNPROVEN	NO_CURRENT_FULL_CLAUSE_DECLARATION; CANDIDATE_MAPPING_ONLY
NREQ-a40f8b2dda1b26931352d806b7f30493	38	3889	IMPLEMENTED_UNPROVEN	NO_CURRENT_FULL_CLAUSE_DECLARATION; CANDIDATE_MAPPING_ONLY
NREQ-99a9291fbe210e6989723b6b5e7cb281	38	3890	IMPLEMENTED_UNPROVEN	NO_CURRENT_FULL_CLAUSE_DECLARATION; CANDIDATE_MAPPING_ONLY
NREQ-03f8a994df310b145272d74ab00975a0	38	3892	IMPLEMENTED_UNPROVEN	NO_CURRENT_FULL_CLAUSE_DECLARATION; CANDIDATE_MAPPING_ONLY
NREQ-3d2c7f2008d4082d529e41393d9a4f16	38	3893	IMPLEMENTED_UNPROVEN	NO_CURRENT_FULL_CLAUSE_DECLARATION; CANDIDATE_MAPPING_ONLY
NREQ-98ba64d485dbc7e4bfcbfde6661cd193	38	3894	IMPLEMENTED_UNPROVEN	NO_CURRENT_FULL_CLAUSE_DECLARATION; CANDIDATE_MAPPING_ONLY
NREQ-a6a9d33b87ecf765deb0e18cf728d15c	38	3895	IMPLEMENTED_UNPROVEN	NO_CURRENT_FULL_CLAUSE_DECLARATION; CANDIDATE_MAPPING_ONLY
NREQ-1327e0645874657a213a56d0bd053b28	38	3896	IMPLEMENTED_UNPROVEN	NO_CURRENT_FULL_CLAUSE_DECLARATION; CANDIDATE_MAPPING_ONLY
NREQ-080f31c366746b5ecb2e8ffa7fc7ea15	38	3898	IMPLEMENTED_UNPROVEN	NO_CURRENT_FULL_CLAUSE_DECLARATION; CANDIDATE_MAPPING_ONLY
NREQ-1b666d586a9e515209d3b02dc428ef76	38	3899	IMPLEMENTED_UNPROVEN	NO_CURRENT_FULL_CLAUSE_DECLARATION; CANDIDATE_MAPPING_ONLY
NREQ-697ba03cec280ba194de171779055134	38	3900	IMPLEMENTED_UNPROVEN	NO_CURRENT_FULL_CLAUSE_DECLARATION; CANDIDATE_MAPPING_ONLY
NREQ-d3295dbd5ceadde815ac3b046aa83158	38	3901	IMPLEMENTED_UNPROVEN	NO_CURRENT_FULL_CLAUSE_DECLARATION; CANDIDATE_MAPPING_ONLY
NREQ-7f2eb5dfbea90ca567c362bc12037847	38	3902	IMPLEMENTED_UNPROVEN	NO_CURRENT_FULL_CLAUSE_DECLARATION; CANDIDATE_MAPPING_ONLY
NREQ-9a51fc0175b41b16a44534e8c61e402c	38	3903	IMPLEMENTED_UNPROVEN	NO_CURRENT_FULL_CLAUSE_DECLARATION; CANDIDATE_MAPPING_ONLY
NREQ-d0ea230357c7c108bf62947f856a4ff1	38	3905	IMPLEMENTED_UNPROVEN	NO_CURRENT_FULL_CLAUSE_DECLARATION; CANDIDATE_MAPPING_ONLY
NREQ-6d5e644f733a3795f6f998abb6e01b8f	38	3906	IMPLEMENTED_UNPROVEN	NO_CURRENT_FULL_CLAUSE_DECLARATION; CANDIDATE_MAPPING_ONLY
NREQ-8af3501ac0f53f064f138ee502d2c57f	38	3907	IMPLEMENTED_UNPROVEN	NO_CURRENT_FULL_CLAUSE_DECLARATION; CANDIDATE_MAPPING_ONLY
NREQ-3bd4ef26a172ec2c7675e0928924df58	38	3908	IMPLEMENTED_UNPROVEN	NO_CURRENT_FULL_CLAUSE_DECLARATION; CANDIDATE_MAPPING_ONLY
NREQ-6805108be3fc21df6182da038c84c678	38	3909	IMPLEMENTED_UNPROVEN	NO_CURRENT_FULL_CLAUSE_DECLARATION; CANDIDATE_MAPPING_ONLY
NREQ-82d8f737ac1446381c330b79295553ce	38	3911	IMPLEMENTED_UNPROVEN	NO_CURRENT_FULL_CLAUSE_DECLARATION; CANDIDATE_MAPPING_ONLY
NREQ-b08d087af9ce1e122a91b681b6115e8c	38	3912	IMPLEMENTED_UNPROVEN	NO_CURRENT_FULL_CLAUSE_DECLARATION; CANDIDATE_MAPPING_ONLY
NREQ-0181dfb8b66248b28833852e2194686f	38	3913	IMPLEMENTED_UNPROVEN	NO_CURRENT_FULL_CLAUSE_DECLARATION; CANDIDATE_MAPPING_ONLY
NREQ-93b2ce960cf3780f6224b21c08f297f6	38	3914	IMPLEMENTED_UNPROVEN	NO_CURRENT_FULL_CLAUSE_DECLARATION; CANDIDATE_MAPPING_ONLY
NREQ-e6f31cb92547cdb96e0c901725815a14	38	3915	IMPLEMENTED_UNPROVEN	NO_CURRENT_FULL_CLAUSE_DECLARATION; CANDIDATE_MAPPING_ONLY
NREQ-5e832559a01d85f54a35ec93aaba5835	38	3916	IMPLEMENTED_UNPROVEN	NO_CURRENT_FULL_CLAUSE_DECLARATION; CANDIDATE_MAPPING_ONLY
NREQ-7726a04aac520d8a5005a4516e03b57c	38	3918	IMPLEMENTED_UNPROVEN	NO_CURRENT_FULL_CLAUSE_DECLARATION; CANDIDATE_MAPPING_ONLY
NREQ-94600e67ce8048b2fa546fe569c166fe	38	3919	IMPLEMENTED_UNPROVEN	NO_CURRENT_FULL_CLAUSE_DECLARATION; CANDIDATE_MAPPING_ONLY
NREQ-fb5bcacdc3668beb1eba6b5d4c7caebd	38	3920	IMPLEMENTED_UNPROVEN	NO_CURRENT_FULL_CLAUSE_DECLARATION; CANDIDATE_MAPPING_ONLY
NREQ-3807bb973fe526095d5b390ba30abda9	38	3921	IMPLEMENTED_UNPROVEN	NO_CURRENT_FULL_CLAUSE_DECLARATION; CANDIDATE_MAPPING_ONLY
NREQ-371f883d89a51026193c34386aa97645	38	3922	IMPLEMENTED_UNPROVEN	NO_CURRENT_FULL_CLAUSE_DECLARATION; CANDIDATE_MAPPING_ONLY
NREQ-f981cd90e30ab8bcef39ad1fca84ec74	38	3923	IMPLEMENTED_UNPROVEN	NO_CURRENT_FULL_CLAUSE_DECLARATION; CANDIDATE_MAPPING_ONLY
NREQ-a952b8e9bc9062c0b034db4099d7d9db	38	3925	IMPLEMENTED_UNPROVEN	NO_CURRENT_FULL_CLAUSE_DECLARATION; CANDIDATE_MAPPING_ONLY
NREQ-42179b98e5c25aed0e09308a780db38e	38	3926	IMPLEMENTED_UNPROVEN	NO_CURRENT_FULL_CLAUSE_DECLARATION; CANDIDATE_MAPPING_ONLY
NREQ-29c3c88397ff36dbbc6078d189dd5134	38	3927	IMPLEMENTED_UNPROVEN	NO_CURRENT_FULL_CLAUSE_DECLARATION; CANDIDATE_MAPPING_ONLY
NREQ-c3476a6dc78e4b11b8053e83afe91401	38	3928	IMPLEMENTED_UNPROVEN	NO_CURRENT_FULL_CLAUSE_DECLARATION; CANDIDATE_MAPPING_ONLY
NREQ-07488f1e13fd8c4e105d8280920a4a04	38	3929	IMPLEMENTED_UNPROVEN	NO_CURRENT_FULL_CLAUSE_DECLARATION; CANDIDATE_MAPPING_ONLY
NREQ-80c6f1cdaccf373980e23a9c2e43b8ff	38	3930	IMPLEMENTED_UNPROVEN	NO_CURRENT_FULL_CLAUSE_DECLARATION; CANDIDATE_MAPPING_ONLY
NREQ-f8f1b369de45356cfa992572ef91cd64	38	3932	IMPLEMENTED_UNPROVEN	NO_CURRENT_FULL_CLAUSE_DECLARATION; CANDIDATE_MAPPING_ONLY
NREQ-618e30071643c0dbb903be4a874e49d0	38	3933	IMPLEMENTED_UNPROVEN	NO_CURRENT_FULL_CLAUSE_DECLARATION; CANDIDATE_MAPPING_ONLY
NREQ-2cab74b7f3393be339f59948eea12d7c	38	3934	IMPLEMENTED_UNPROVEN	NO_CURRENT_FULL_CLAUSE_DECLARATION; CANDIDATE_MAPPING_ONLY
NREQ-3d0a766f1cae869d4d3f38336070559c	38	3935	IMPLEMENTED_UNPROVEN	NO_CURRENT_FULL_CLAUSE_DECLARATION; CANDIDATE_MAPPING_ONLY
NREQ-90831968d27fc5d13a7e9eac24db7e4b	38	3936	IMPLEMENTED_UNPROVEN	NO_CURRENT_FULL_CLAUSE_DECLARATION; CANDIDATE_MAPPING_ONLY
NREQ-3bbde8c4802d1e5118b7bf4fa8a4057a	38	3937	IMPLEMENTED_UNPROVEN	NO_CURRENT_FULL_CLAUSE_DECLARATION; CANDIDATE_MAPPING_ONLY
NREQ-a2925191fff1efd8a67e93f5d622ab66	38	3939	IMPLEMENTED_UNPROVEN	NO_CURRENT_FULL_CLAUSE_DECLARATION; CANDIDATE_MAPPING_ONLY
NREQ-730f98144e5192eba09fec1305c4ee55	38	3940	IMPLEMENTED_UNPROVEN	NO_CURRENT_FULL_CLAUSE_DECLARATION; CANDIDATE_MAPPING_ONLY
NREQ-9f5397166305db678df6bee140d5a507	38	3941	IMPLEMENTED_UNPROVEN	NO_CURRENT_FULL_CLAUSE_DECLARATION; CANDIDATE_MAPPING_ONLY
NREQ-5014b983908255e4939979ec7e19938e	38	3942	IMPLEMENTED_UNPROVEN	NO_CURRENT_FULL_CLAUSE_DECLARATION; CANDIDATE_MAPPING_ONLY
NREQ-dd64bf17a40765e4bff7b418391cc66e	38	3943	IMPLEMENTED_UNPROVEN	NO_CURRENT_FULL_CLAUSE_DECLARATION; CANDIDATE_MAPPING_ONLY
NREQ-488d31a5976cab96f5b596721ed7adfb	38	3944	IMPLEMENTED_UNPROVEN	NO_CURRENT_FULL_CLAUSE_DECLARATION; CANDIDATE_MAPPING_ONLY
NREQ-723fbfe0b52c5cac66e05445ba7c2581	38	3945	IMPLEMENTED_UNPROVEN	NO_CURRENT_FULL_CLAUSE_DECLARATION; CANDIDATE_MAPPING_ONLY
NREQ-e4951dff65c1dbe0b64217b04044b34c	38	3947	IMPLEMENTED_UNPROVEN	NO_CURRENT_FULL_CLAUSE_DECLARATION; CANDIDATE_MAPPING_ONLY
NREQ-5e46496a1baa53d0d80327c902e98d21	38	3948	IMPLEMENTED_UNPROVEN	NO_CURRENT_FULL_CLAUSE_DECLARATION; CANDIDATE_MAPPING_ONLY
NREQ-b831f0a94c96b2a84521e9e2a5102533	38	3949	IMPLEMENTED_UNPROVEN	NO_CURRENT_FULL_CLAUSE_DECLARATION; CANDIDATE_MAPPING_ONLY
NREQ-88a9a6907903155df7a7c70d81ae5fd7	38	3950	IMPLEMENTED_UNPROVEN	NO_CURRENT_FULL_CLAUSE_DECLARATION; CANDIDATE_MAPPING_ONLY
NREQ-b663474350d106a4ff8d893cce7c5c7f	38	3951	IMPLEMENTED_UNPROVEN	NO_CURRENT_FULL_CLAUSE_DECLARATION; CANDIDATE_MAPPING_ONLY
NREQ-7cf617590a8b323cd9c5dc2ec4402eb2	38	3952	IMPLEMENTED_UNPROVEN	NO_CURRENT_FULL_CLAUSE_DECLARATION; CANDIDATE_MAPPING_ONLY
NREQ-def769abdcb1017cb66e4e79e009f53e	38.1	3954	IMPLEMENTED_UNPROVEN	REVIEWED_CONTEXT_LINKED_TO_MANDATORY_CLAUSES
NREQ-35e732dd55fb192c7f53158044f18129	38.1	3956	IMPLEMENTED_UNPROVEN	NO_CURRENT_FULL_CLAUSE_DECLARATION; CANDIDATE_MAPPING_ONLY
NREQ-2528deafbbf51308fd07d4a0e0aec6a3	38.1	3957	IMPLEMENTED_UNPROVEN	NO_CURRENT_FULL_CLAUSE_DECLARATION; CANDIDATE_MAPPING_ONLY
NREQ-09f4afc5f35aa03198a9a33136c7688e	38.1	3958	IMPLEMENTED_UNPROVEN	NO_CURRENT_FULL_CLAUSE_DECLARATION; CANDIDATE_MAPPING_ONLY
NREQ-a475189429d715ecf6143001a65519a6	38.1	3959	IMPLEMENTED_UNPROVEN	NO_CURRENT_FULL_CLAUSE_DECLARATION; CANDIDATE_MAPPING_ONLY
NREQ-25982703e4400589b7d2cb44cf4e21f7	38.1	3960	IMPLEMENTED_UNPROVEN	NO_CURRENT_FULL_CLAUSE_DECLARATION; CANDIDATE_MAPPING_ONLY
NREQ-901788723e92bb81e69b8ddd54c1907c	38.1	3961	IMPLEMENTED_UNPROVEN	NO_CURRENT_FULL_CLAUSE_DECLARATION; CANDIDATE_MAPPING_ONLY
NREQ-1c1acd3edb66dfecdace3e639dc2df8f	38.1	3963	IMPLEMENTED_UNPROVEN	NO_CURRENT_FULL_CLAUSE_DECLARATION; CANDIDATE_MAPPING_ONLY
NREQ-411f03e39363d40b8436f06f9faafb4a	38.1	3964	IMPLEMENTED_UNPROVEN	NO_CURRENT_FULL_CLAUSE_DECLARATION; CANDIDATE_MAPPING_ONLY
NREQ-8a0ed0a2991a4243377ce04628f401bb	38.1	3965	IMPLEMENTED_UNPROVEN	NO_CURRENT_FULL_CLAUSE_DECLARATION; CANDIDATE_MAPPING_ONLY
NREQ-3ffd56e2e21bfe97acd93d5102d9c2e7	38.1	3966	IMPLEMENTED_UNPROVEN	NO_CURRENT_FULL_CLAUSE_DECLARATION; CANDIDATE_MAPPING_ONLY
NREQ-b36630369dc18d7f1ac8545648bd8310	38.1	3967	IMPLEMENTED_UNPROVEN	NO_CURRENT_FULL_CLAUSE_DECLARATION; CANDIDATE_MAPPING_ONLY
NREQ-686a33995843de59777c3de89102dd1a	38.1	3969	IMPLEMENTED_UNPROVEN	NO_CURRENT_FULL_CLAUSE_DECLARATION; CANDIDATE_MAPPING_ONLY
NREQ-c32c258c6cba1c6d2f2a8b9029b45e27	38.1	3970	IMPLEMENTED_UNPROVEN	NO_CURRENT_FULL_CLAUSE_DECLARATION; CANDIDATE_MAPPING_ONLY
NREQ-54853a4d54119659c499178cf89d2c6f	38.1	3971	IMPLEMENTED_UNPROVEN	NO_CURRENT_FULL_CLAUSE_DECLARATION; CANDIDATE_MAPPING_ONLY
NREQ-a18fd9a0014b485f2ee62ec79bd2ba55	38.1	3972	IMPLEMENTED_UNPROVEN	NO_CURRENT_FULL_CLAUSE_DECLARATION; CANDIDATE_MAPPING_ONLY
NREQ-b06e69eccc9a6b013d07b5d819d5f0e1	38.1	3973	IMPLEMENTED_UNPROVEN	NO_CURRENT_FULL_CLAUSE_DECLARATION; CANDIDATE_MAPPING_ONLY
NREQ-fab801004121007d35ed2bafeae0cd8a	38.1	3975	IMPLEMENTED_UNPROVEN	NO_CURRENT_FULL_CLAUSE_DECLARATION; CANDIDATE_MAPPING_ONLY
NREQ-24e0eb0a0a4727a346cade3184db8fde	38.1	3976	IMPLEMENTED_UNPROVEN	NO_CURRENT_FULL_CLAUSE_DECLARATION; CANDIDATE_MAPPING_ONLY
NREQ-5859e1486ca6acd3167ce35a54dd6c88	38.1	3977	IMPLEMENTED_UNPROVEN	NO_CURRENT_FULL_CLAUSE_DECLARATION; CANDIDATE_MAPPING_ONLY
NREQ-2713c68c65a6f67c2cf266a89f5f2511	38.1	3978	IMPLEMENTED_UNPROVEN	NO_CURRENT_FULL_CLAUSE_DECLARATION; CANDIDATE_MAPPING_ONLY
NREQ-4a5def7f581ae351589fafc631e8f7e3	38.1	3979	IMPLEMENTED_UNPROVEN	NO_CURRENT_FULL_CLAUSE_DECLARATION; CANDIDATE_MAPPING_ONLY
NREQ-38a0f691851e8f4123de1f4599710ef7	38.1	3981	IMPLEMENTED_UNPROVEN	NO_CURRENT_FULL_CLAUSE_DECLARATION; CANDIDATE_MAPPING_ONLY
NREQ-58d570e944018571603599c556e6ccf6	38.1	3982	IMPLEMENTED_UNPROVEN	NO_CURRENT_FULL_CLAUSE_DECLARATION; CANDIDATE_MAPPING_ONLY
NREQ-6603f929fed0e9e4b28a7efebe802f5a	38.1	3983	IMPLEMENTED_UNPROVEN	NO_CURRENT_FULL_CLAUSE_DECLARATION; CANDIDATE_MAPPING_ONLY
NREQ-7a248b6cf2fd403328b822d231c2268a	38.1	3984	IMPLEMENTED_UNPROVEN	NO_CURRENT_FULL_CLAUSE_DECLARATION; CANDIDATE_MAPPING_ONLY
NREQ-b1f0ecea1009257a9e24d8f4054563b0	38.1	3985	IMPLEMENTED_UNPROVEN	NO_CURRENT_FULL_CLAUSE_DECLARATION; CANDIDATE_MAPPING_ONLY
NREQ-ecd54e8f87683107a136edcb952e66c4	38.1	3987	IMPLEMENTED_UNPROVEN	NO_CURRENT_FULL_CLAUSE_DECLARATION; CANDIDATE_MAPPING_ONLY
NREQ-f69a8c7cd501409c582fde329138a554	38.1	3988	IMPLEMENTED_UNPROVEN	NO_CURRENT_FULL_CLAUSE_DECLARATION; CANDIDATE_MAPPING_ONLY
NREQ-0c805b2c1cb56c82dc28098267abe327	38.1	3989	IMPLEMENTED_UNPROVEN	NO_CURRENT_FULL_CLAUSE_DECLARATION; CANDIDATE_MAPPING_ONLY
NREQ-05b594527cd81c69ce88c8c924833180	38.1	3990	IMPLEMENTED_UNPROVEN	NO_CURRENT_FULL_CLAUSE_DECLARATION; CANDIDATE_MAPPING_ONLY
NREQ-087296e12de16573a4744f4aa5dff9f0	38.1	3991	IMPLEMENTED_UNPROVEN	NO_CURRENT_FULL_CLAUSE_DECLARATION; CANDIDATE_MAPPING_ONLY
NREQ-f801756c3e4b84f59eea6a6d30a5d7b5	38.1	3993	IMPLEMENTED_UNPROVEN	NO_CURRENT_FULL_CLAUSE_DECLARATION; CANDIDATE_MAPPING_ONLY
NREQ-de3c53a046a3b1a100d1872a39f9765f	38.1	3994	IMPLEMENTED_UNPROVEN	NO_CURRENT_FULL_CLAUSE_DECLARATION; CANDIDATE_MAPPING_ONLY
NREQ-e477712e8079816ebf5367e513be6e30	38.1	3995	IMPLEMENTED_UNPROVEN	NO_CURRENT_FULL_CLAUSE_DECLARATION; CANDIDATE_MAPPING_ONLY
NREQ-62ade2e4ad567136e450af9fac0b0f7e	38.1	3996	IMPLEMENTED_UNPROVEN	NO_CURRENT_FULL_CLAUSE_DECLARATION; CANDIDATE_MAPPING_ONLY
NREQ-58742055a1b8f4172d1c7f93f840d6ef	38.1	3997	IMPLEMENTED_UNPROVEN	NO_CURRENT_FULL_CLAUSE_DECLARATION; CANDIDATE_MAPPING_ONLY
NREQ-0b413cc9a1281a48465bff96afd6a148	38.1	3999	IMPLEMENTED_UNPROVEN	NO_CURRENT_FULL_CLAUSE_DECLARATION; CANDIDATE_MAPPING_ONLY
NREQ-9f0772541b6d66631e06dc90d2bb1ef4	38.1	4000	IMPLEMENTED_UNPROVEN	NO_CURRENT_FULL_CLAUSE_DECLARATION; CANDIDATE_MAPPING_ONLY
NREQ-018a05fce60fd4f6dc71dbea85ba4f44	38.1	4001	IMPLEMENTED_UNPROVEN	NO_CURRENT_FULL_CLAUSE_DECLARATION; CANDIDATE_MAPPING_ONLY
NREQ-be8152386d703a39119d43b4122d152a	38.1	4002	IMPLEMENTED_UNPROVEN	NO_CURRENT_FULL_CLAUSE_DECLARATION; CANDIDATE_MAPPING_ONLY
NREQ-6104908aa4c7e1bdab837ab033b7f72c	38.1	4003	IMPLEMENTED_UNPROVEN	NO_CURRENT_FULL_CLAUSE_DECLARATION; CANDIDATE_MAPPING_ONLY
NREQ-46a6f5aca86f24044a3de0512db6819f	38.1	4005	IMPLEMENTED_UNPROVEN	NO_CURRENT_FULL_CLAUSE_DECLARATION; CANDIDATE_MAPPING_ONLY
NREQ-3a387d94d129afab06708c76cd328499	38.1	4006	IMPLEMENTED_UNPROVEN	NO_CURRENT_FULL_CLAUSE_DECLARATION; CANDIDATE_MAPPING_ONLY
NREQ-b8371501ad9fac1905336f019ce1b24d	38.1	4007	IMPLEMENTED_UNPROVEN	NO_CURRENT_FULL_CLAUSE_DECLARATION; CANDIDATE_MAPPING_ONLY
NREQ-331e61735ed5c0f70176e13d8858dd8d	38.1	4008	IMPLEMENTED_UNPROVEN	NO_CURRENT_FULL_CLAUSE_DECLARATION; CANDIDATE_MAPPING_ONLY
NREQ-fd08830bbd5f1e046bfd1b394f0068b1	38.1	4009	IMPLEMENTED_UNPROVEN	NO_CURRENT_FULL_CLAUSE_DECLARATION; CANDIDATE_MAPPING_ONLY
NREQ-e328a5fd5d9d5a4244523ec12d0d0904	38.1	4011	IMPLEMENTED_UNPROVEN	NO_CURRENT_FULL_CLAUSE_DECLARATION; CANDIDATE_MAPPING_ONLY
NREQ-38eaed67ff1555801bdcf5e6f0e3960b	38.1	4012	IMPLEMENTED_UNPROVEN	NO_CURRENT_FULL_CLAUSE_DECLARATION; CANDIDATE_MAPPING_ONLY
NREQ-b8b3ab160bdc22a195d2a5e1f15206d6	38.1	4013	IMPLEMENTED_UNPROVEN	NO_CURRENT_FULL_CLAUSE_DECLARATION; CANDIDATE_MAPPING_ONLY
NREQ-1df5684e0719e57491458e53dc11349d	38.1	4014	IMPLEMENTED_UNPROVEN	NO_CURRENT_FULL_CLAUSE_DECLARATION; CANDIDATE_MAPPING_ONLY
NREQ-3fec2574893325c3eeeb216ca9af75cd	38.1	4015	IMPLEMENTED_UNPROVEN	NO_CURRENT_FULL_CLAUSE_DECLARATION; CANDIDATE_MAPPING_ONLY
NREQ-29af001addd463457408233101adc62a	38.1	4017	IMPLEMENTED_UNPROVEN	NO_CURRENT_FULL_CLAUSE_DECLARATION; CANDIDATE_MAPPING_ONLY
NREQ-029672414bc07cb870f801039a948498	38.1	4018	IMPLEMENTED_UNPROVEN	NO_CURRENT_FULL_CLAUSE_DECLARATION; CANDIDATE_MAPPING_ONLY
NREQ-79a9dfc039935ec134d26107f2c1d088	38.1	4019	IMPLEMENTED_UNPROVEN	NO_CURRENT_FULL_CLAUSE_DECLARATION; CANDIDATE_MAPPING_ONLY
NREQ-c657d2172afa48799f975fa7ade9468f	38.1	4020	IMPLEMENTED_UNPROVEN	NO_CURRENT_FULL_CLAUSE_DECLARATION; CANDIDATE_MAPPING_ONLY
NREQ-da523b7d64a0eeac3bb62ca6ef34e5e6	38.1	4021	IMPLEMENTED_UNPROVEN	NO_CURRENT_FULL_CLAUSE_DECLARATION; CANDIDATE_MAPPING_ONLY
NREQ-b2c080afa82d9d270956fa75854f87f3	38.1	4023	IMPLEMENTED_UNPROVEN	NO_CURRENT_FULL_CLAUSE_DECLARATION; CANDIDATE_MAPPING_ONLY
NREQ-b0412180d5c893dab5c5acc7441a8060	38.1	4024	IMPLEMENTED_UNPROVEN	NO_CURRENT_FULL_CLAUSE_DECLARATION; CANDIDATE_MAPPING_ONLY
NREQ-292d3f099490deafabe6c96396e3a06b	38.1	4025	IMPLEMENTED_UNPROVEN	NO_CURRENT_FULL_CLAUSE_DECLARATION; CANDIDATE_MAPPING_ONLY
NREQ-a7de38f299be87251fde73167734c288	38.1	4026	IMPLEMENTED_UNPROVEN	NO_CURRENT_FULL_CLAUSE_DECLARATION; CANDIDATE_MAPPING_ONLY
NREQ-aa8317c53751539ba632af021745ca5a	38.1	4027	IMPLEMENTED_UNPROVEN	NO_CURRENT_FULL_CLAUSE_DECLARATION; CANDIDATE_MAPPING_ONLY
NREQ-9cd3dc80c8c056761444ec80642a931c	38.1	4029	IMPLEMENTED_UNPROVEN	NO_CURRENT_FULL_CLAUSE_DECLARATION; CANDIDATE_MAPPING_ONLY
NREQ-bc2ff1864cd599f8bbbf35813f9c1e4f	38.1	4030	IMPLEMENTED_UNPROVEN	NO_CURRENT_FULL_CLAUSE_DECLARATION; CANDIDATE_MAPPING_ONLY
NREQ-eb365a95a8850b4fb4091812e9abcbc5	38.1	4031	IMPLEMENTED_UNPROVEN	NO_CURRENT_FULL_CLAUSE_DECLARATION; CANDIDATE_MAPPING_ONLY
NREQ-d31b7aab2b6b2aa3b886e1f3a74f4730	38.1	4032	IMPLEMENTED_UNPROVEN	NO_CURRENT_FULL_CLAUSE_DECLARATION; CANDIDATE_MAPPING_ONLY
NREQ-9386bc3a7cbff9ad4652ea560923b221	38.1	4033	IMPLEMENTED_UNPROVEN	NO_CURRENT_FULL_CLAUSE_DECLARATION; CANDIDATE_MAPPING_ONLY
NREQ-36a569b9ab3f6aac0854b65caa2a853e	38.1	4035	IMPLEMENTED_UNPROVEN	NO_CURRENT_FULL_CLAUSE_DECLARATION; CANDIDATE_MAPPING_ONLY
NREQ-ab369f4dced86045a1fe74d361a1a883	38.1	4036	IMPLEMENTED_UNPROVEN	NO_CURRENT_FULL_CLAUSE_DECLARATION; CANDIDATE_MAPPING_ONLY
NREQ-d5c3445fcd8a4ca5ef539192297fda28	38.1	4037	IMPLEMENTED_UNPROVEN	NO_CURRENT_FULL_CLAUSE_DECLARATION; CANDIDATE_MAPPING_ONLY
NREQ-b4cdcf473abad6f73235d78dd910fdf9	38.1	4038	IMPLEMENTED_UNPROVEN	NO_CURRENT_FULL_CLAUSE_DECLARATION; CANDIDATE_MAPPING_ONLY
NREQ-55e90b4a82b512adc85d09b22c3341a9	38.1	4039	IMPLEMENTED_UNPROVEN	NO_CURRENT_FULL_CLAUSE_DECLARATION; CANDIDATE_MAPPING_ONLY
NREQ-65a3c3125725190deca446423531a3c9	38.1	4041	IMPLEMENTED_UNPROVEN	NO_CURRENT_FULL_CLAUSE_DECLARATION; CANDIDATE_MAPPING_ONLY
NREQ-af40ff3d50eed84499978163f864e42b	38.1	4042	IMPLEMENTED_UNPROVEN	NO_CURRENT_FULL_CLAUSE_DECLARATION; CANDIDATE_MAPPING_ONLY
NREQ-67a2e4ae75c122e80a28075aa3511d40	38.1	4043	IMPLEMENTED_UNPROVEN	NO_CURRENT_FULL_CLAUSE_DECLARATION; CANDIDATE_MAPPING_ONLY
NREQ-1970a71d74848de28beddedac64ce6bd	38.1	4044	IMPLEMENTED_UNPROVEN	NO_CURRENT_FULL_CLAUSE_DECLARATION; CANDIDATE_MAPPING_ONLY
NREQ-1013e1042797c79aa44f04bb9962d01c	38.1	4045	IMPLEMENTED_UNPROVEN	NO_CURRENT_FULL_CLAUSE_DECLARATION; CANDIDATE_MAPPING_ONLY
NREQ-32a0198c81918684b48ab59755d03010	38.1	4047	IMPLEMENTED_UNPROVEN	NO_CURRENT_FULL_CLAUSE_DECLARATION; CANDIDATE_MAPPING_ONLY
NREQ-6116740ac3da2ac3657b22c4892f4ff4	38.1	4048	IMPLEMENTED_UNPROVEN	NO_CURRENT_FULL_CLAUSE_DECLARATION; CANDIDATE_MAPPING_ONLY
NREQ-7b5b8fc2caa37d1b453a1cada0d8aa95	38.1	4049	IMPLEMENTED_UNPROVEN	NO_CURRENT_FULL_CLAUSE_DECLARATION; CANDIDATE_MAPPING_ONLY
NREQ-3476ef186dbe0d12719696af6a1884d9	38.1	4050	IMPLEMENTED_UNPROVEN	NO_CURRENT_FULL_CLAUSE_DECLARATION; CANDIDATE_MAPPING_ONLY
NREQ-5ac2c960168bfb2e7038b0dd75d517d6	38.1	4051	IMPLEMENTED_UNPROVEN	NO_CURRENT_FULL_CLAUSE_DECLARATION; CANDIDATE_MAPPING_ONLY
NREQ-f37304298a12de0220aae7536c62d156	38.1	4053	IMPLEMENTED_UNPROVEN	NO_CURRENT_FULL_CLAUSE_DECLARATION; CANDIDATE_MAPPING_ONLY
NREQ-22c0d0106bd887f8c97e39a71a4e0c8f	38.1	4054	IMPLEMENTED_UNPROVEN	NO_CURRENT_FULL_CLAUSE_DECLARATION; CANDIDATE_MAPPING_ONLY
NREQ-23aef9496a9efa6897cd3aa11aa78012	38.1	4055	IMPLEMENTED_UNPROVEN	NO_CURRENT_FULL_CLAUSE_DECLARATION; CANDIDATE_MAPPING_ONLY
NREQ-d689919d4c86b6c5dd3d6ad84108c45e	38.1	4056	IMPLEMENTED_UNPROVEN	NO_CURRENT_FULL_CLAUSE_DECLARATION; CANDIDATE_MAPPING_ONLY
NREQ-47d461f0ec31b8bc417dd0896a01d849	38.1	4057	IMPLEMENTED_UNPROVEN	NO_CURRENT_FULL_CLAUSE_DECLARATION; CANDIDATE_MAPPING_ONLY
NREQ-414e58a27525ccc431324e699e597bd4	38.1	4059	IMPLEMENTED_UNPROVEN	NO_CURRENT_FULL_CLAUSE_DECLARATION; CANDIDATE_MAPPING_ONLY
NREQ-f187cca58bc3f155004b6ef2e4fc41b6	38.1	4060	IMPLEMENTED_UNPROVEN	NO_CURRENT_FULL_CLAUSE_DECLARATION; CANDIDATE_MAPPING_ONLY
NREQ-b0da17570be32780ece83b91f0969ead	38.1	4061	IMPLEMENTED_UNPROVEN	NO_CURRENT_FULL_CLAUSE_DECLARATION; CANDIDATE_MAPPING_ONLY
NREQ-726b5f62f8909b72a62be07db87d66e6	38.1	4062	IMPLEMENTED_UNPROVEN	NO_CURRENT_FULL_CLAUSE_DECLARATION; CANDIDATE_MAPPING_ONLY
NREQ-cd9f1d0dc8293e84b21d1ca8f904336a	38.1	4063	IMPLEMENTED_UNPROVEN	NO_CURRENT_FULL_CLAUSE_DECLARATION; CANDIDATE_MAPPING_ONLY
NREQ-2438a4577917ed11fc557444a783fab7	38.1	4065	IMPLEMENTED_UNPROVEN	NO_CURRENT_FULL_CLAUSE_DECLARATION; CANDIDATE_MAPPING_ONLY
NREQ-757e3940c29f9f20a955293a4e6d2039	38.1	4066	IMPLEMENTED_UNPROVEN	NO_CURRENT_FULL_CLAUSE_DECLARATION; CANDIDATE_MAPPING_ONLY
NREQ-da60c68583c27a51de25be7d7e9f0c01	38.1	4067	IMPLEMENTED_UNPROVEN	NO_CURRENT_FULL_CLAUSE_DECLARATION; CANDIDATE_MAPPING_ONLY
NREQ-d27de2c113c2b91bc4708a5ea9810f6f	38.1	4068	IMPLEMENTED_UNPROVEN	NO_CURRENT_FULL_CLAUSE_DECLARATION; CANDIDATE_MAPPING_ONLY
NREQ-f45579ba2f521a3ec6e88702236b44ce	38.1	4069	IMPLEMENTED_UNPROVEN	NO_CURRENT_FULL_CLAUSE_DECLARATION; CANDIDATE_MAPPING_ONLY
NREQ-6d604f713153aef03444b6601c4956a9	38.1	4071	IMPLEMENTED_UNPROVEN	NO_CURRENT_FULL_CLAUSE_DECLARATION; CANDIDATE_MAPPING_ONLY
NREQ-208e352fb01655d9864e1fc1087998f7	38.1	4072	IMPLEMENTED_UNPROVEN	NO_CURRENT_FULL_CLAUSE_DECLARATION; CANDIDATE_MAPPING_ONLY
NREQ-61df6cb6db97dadcd0a08eb42efc92ce	38.1	4073	IMPLEMENTED_UNPROVEN	NO_CURRENT_FULL_CLAUSE_DECLARATION; CANDIDATE_MAPPING_ONLY
NREQ-7e98316c9179dabf19dbaf124e3c88c1	38.1	4074	IMPLEMENTED_UNPROVEN	NO_CURRENT_FULL_CLAUSE_DECLARATION; CANDIDATE_MAPPING_ONLY
NREQ-ad59e04df82747c9aa8f267f39b76e64	38.1	4075	IMPLEMENTED_UNPROVEN	NO_CURRENT_FULL_CLAUSE_DECLARATION; CANDIDATE_MAPPING_ONLY
NREQ-c11abeec44c5caa95fd9f063c4455725	38.1	4077	IMPLEMENTED_UNPROVEN	NO_CURRENT_FULL_CLAUSE_DECLARATION; CANDIDATE_MAPPING_ONLY
NREQ-ecce5d90c449fc6e40eed44b7ba2e018	38.1	4078	IMPLEMENTED_UNPROVEN	NO_CURRENT_FULL_CLAUSE_DECLARATION; CANDIDATE_MAPPING_ONLY
NREQ-a7c1b417b1258e4520f65af7a4035e13	38.1	4079	IMPLEMENTED_UNPROVEN	NO_CURRENT_FULL_CLAUSE_DECLARATION; CANDIDATE_MAPPING_ONLY
NREQ-ac16b717323af06895b247c62dc7b726	38.1	4080	IMPLEMENTED_UNPROVEN	NO_CURRENT_FULL_CLAUSE_DECLARATION; CANDIDATE_MAPPING_ONLY
NREQ-3385538809d62ae33fea7c6c7466af3e	38.1	4081	IMPLEMENTED_UNPROVEN	NO_CURRENT_FULL_CLAUSE_DECLARATION; CANDIDATE_MAPPING_ONLY
NREQ-9845d2343b7978a4bd1811e2db2162b3	38.1	4083	IMPLEMENTED_UNPROVEN	NO_CURRENT_FULL_CLAUSE_DECLARATION; CANDIDATE_MAPPING_ONLY
NREQ-9842cf1aee6ee5b72e615af11701c53a	38.1	4084	IMPLEMENTED_UNPROVEN	NO_CURRENT_FULL_CLAUSE_DECLARATION; CANDIDATE_MAPPING_ONLY
NREQ-a05da17bd22d22ed9e82f2730970deff	38.1	4085	IMPLEMENTED_UNPROVEN	NO_CURRENT_FULL_CLAUSE_DECLARATION; CANDIDATE_MAPPING_ONLY
NREQ-7fe63d273131b4c7f5ec61dd147490b3	38.1	4086	IMPLEMENTED_UNPROVEN	NO_CURRENT_FULL_CLAUSE_DECLARATION; CANDIDATE_MAPPING_ONLY
NREQ-48597e2f2d33fad65828608ad923bdf0	38.1	4087	IMPLEMENTED_UNPROVEN	NO_CURRENT_FULL_CLAUSE_DECLARATION; CANDIDATE_MAPPING_ONLY
NREQ-8bf3ec9acd872d9dc2e85ad5c7408092	38.1	4089	IMPLEMENTED_UNPROVEN	NO_CURRENT_FULL_CLAUSE_DECLARATION; CANDIDATE_MAPPING_ONLY
NREQ-906d9b222b925b3fc0e0b0af38f70f42	38.1	4090	IMPLEMENTED_UNPROVEN	NO_CURRENT_FULL_CLAUSE_DECLARATION; CANDIDATE_MAPPING_ONLY
NREQ-5c95af4c2ff97fe170742cb4144a650a	38.1	4091	IMPLEMENTED_UNPROVEN	NO_CURRENT_FULL_CLAUSE_DECLARATION; CANDIDATE_MAPPING_ONLY
NREQ-94b7dfdbc40df6137ab1bb4ac1957f99	38.1	4092	IMPLEMENTED_UNPROVEN	NO_CURRENT_FULL_CLAUSE_DECLARATION; CANDIDATE_MAPPING_ONLY
NREQ-a4061bdda0cce8b86f505124d09d5e60	38.1	4093	IMPLEMENTED_UNPROVEN	NO_CURRENT_FULL_CLAUSE_DECLARATION; CANDIDATE_MAPPING_ONLY
NREQ-e4f772e571c90856b02acca50950ae78	38.1	4095	IMPLEMENTED_UNPROVEN	NO_CURRENT_FULL_CLAUSE_DECLARATION; CANDIDATE_MAPPING_ONLY
NREQ-22b46f01430265429511105579e9d6b6	38.1	4096	IMPLEMENTED_UNPROVEN	NO_CURRENT_FULL_CLAUSE_DECLARATION; CANDIDATE_MAPPING_ONLY
NREQ-cd7c14754e61fd51e79e3397f8434cbb	38.1	4097	IMPLEMENTED_UNPROVEN	NO_CURRENT_FULL_CLAUSE_DECLARATION; CANDIDATE_MAPPING_ONLY
NREQ-7f212f425b2ee350bc19afe33575be29	38.2	4101	IMPLEMENTED_UNPROVEN	NO_CURRENT_FULL_CLAUSE_DECLARATION; CANDIDATE_MAPPING_ONLY
NREQ-53fa6fd2e67bd188048feca45b700bd3	38.2	4102	IMPLEMENTED_UNPROVEN	NO_CURRENT_FULL_CLAUSE_DECLARATION; CANDIDATE_MAPPING_ONLY
NREQ-907b1562c1a971d702d6aa018bf4d72b	38.2	4103	IMPLEMENTED_UNPROVEN	NO_CURRENT_FULL_CLAUSE_DECLARATION; CANDIDATE_MAPPING_ONLY
NREQ-8a20b800b4ab7b5869fa5c969e494824	38.2	4104	IMPLEMENTED_UNPROVEN	NO_CURRENT_FULL_CLAUSE_DECLARATION; CANDIDATE_MAPPING_ONLY
NREQ-a9457776c2f33aa9b70ec6e4c001f0df	38.2	4105	IMPLEMENTED_UNPROVEN	NO_CURRENT_FULL_CLAUSE_DECLARATION; CANDIDATE_MAPPING_ONLY
NREQ-5b55360b6db3adf42391b8552b613b33	38.2	4106	IMPLEMENTED_UNPROVEN	NO_CURRENT_FULL_CLAUSE_DECLARATION; CANDIDATE_MAPPING_ONLY
NREQ-c1a065c2270a57768a53431a698d98ce	38.2	4107	IMPLEMENTED_UNPROVEN	NO_CURRENT_FULL_CLAUSE_DECLARATION; CANDIDATE_MAPPING_ONLY
NREQ-084e9d0a8ab0e9173083a35a31c3f250	38.2	4108	IMPLEMENTED_UNPROVEN	NO_CURRENT_FULL_CLAUSE_DECLARATION; CANDIDATE_MAPPING_ONLY
NREQ-2def10c92053838713714121deedf714	38.2	4109	IMPLEMENTED_UNPROVEN	NO_CURRENT_FULL_CLAUSE_DECLARATION; CANDIDATE_MAPPING_ONLY
NREQ-52b8fbc8f2c79190e26fcfae9aea6fbf	38.2	4110	IMPLEMENTED_UNPROVEN	NO_CURRENT_FULL_CLAUSE_DECLARATION; CANDIDATE_MAPPING_ONLY
NREQ-3e58a89676257d26f9d3eadf0ff4f6ec	38.2	4111	IMPLEMENTED_UNPROVEN	NO_CURRENT_FULL_CLAUSE_DECLARATION; CANDIDATE_MAPPING_ONLY
NREQ-c47fd133c164fe3603315bc443c93326	38.2	4112	IMPLEMENTED_UNPROVEN	NO_CURRENT_FULL_CLAUSE_DECLARATION; CANDIDATE_MAPPING_ONLY
NREQ-bed3c88c5040469c018d09928020f15f	38.2	4113	IMPLEMENTED_UNPROVEN	NO_CURRENT_FULL_CLAUSE_DECLARATION; CANDIDATE_MAPPING_ONLY
NREQ-13f8c0f00652adc8b2d980fa451b45ec	38.2	4114	IMPLEMENTED_UNPROVEN	NO_CURRENT_FULL_CLAUSE_DECLARATION; CANDIDATE_MAPPING_ONLY
NREQ-aef0e3e04f97dec2a2804f9ca8dffa1f	38.2	4115	IMPLEMENTED_UNPROVEN	NO_CURRENT_FULL_CLAUSE_DECLARATION; CANDIDATE_MAPPING_ONLY
NREQ-fe9e54dad6a75e5dbf87f430c434fd27	38.2	4116	IMPLEMENTED_UNPROVEN	NO_CURRENT_FULL_CLAUSE_DECLARATION; CANDIDATE_MAPPING_ONLY
NREQ-492a5657b22d64ff4d66b9c122b1d8b6	38.2	4117	IMPLEMENTED_UNPROVEN	NO_CURRENT_FULL_CLAUSE_DECLARATION; CANDIDATE_MAPPING_ONLY
NREQ-bb744afef712b2bce7a59bbbcad84d20	38.2	4119	IMPLEMENTED_UNPROVEN	NO_CURRENT_FULL_CLAUSE_DECLARATION; CANDIDATE_MAPPING_ONLY
NREQ-ba5646bb0ea2542bbb7577836b268aff	39.1	4127	IMPLEMENTED_UNPROVEN	NO_CURRENT_FULL_CLAUSE_DECLARATION; CANDIDATE_MAPPING_ONLY
NREQ-780195ab2f55b55ea7268b20fe6d67b5	39.1	4128	IMPLEMENTED_UNPROVEN	NO_CURRENT_FULL_CLAUSE_DECLARATION; CANDIDATE_MAPPING_ONLY
NREQ-a472336ed96f8d2b6114604d713a5c50	39.1	4129	IMPLEMENTED_UNPROVEN	NO_CURRENT_FULL_CLAUSE_DECLARATION; CANDIDATE_MAPPING_ONLY
NREQ-3c14607c9815d17b2a2c5e254f973832	39.1	4130	IMPLEMENTED_UNPROVEN	NO_CURRENT_FULL_CLAUSE_DECLARATION; CANDIDATE_MAPPING_ONLY
NREQ-d576ac9dfa50e5e97d4d84cb2d6334b8	39.1	4131	IMPLEMENTED_UNPROVEN	NO_CURRENT_FULL_CLAUSE_DECLARATION; CANDIDATE_MAPPING_ONLY
NREQ-40bc7034f438adc10d07605b9b96e46b	39.1	4132	IMPLEMENTED_UNPROVEN	NO_CURRENT_FULL_CLAUSE_DECLARATION; CANDIDATE_MAPPING_ONLY
NREQ-97ac21d46b91a2e26869f56ef177ab89	39.1	4133	IMPLEMENTED_UNPROVEN	NO_CURRENT_FULL_CLAUSE_DECLARATION; CANDIDATE_MAPPING_ONLY
NREQ-72b73b679ba4068b411bd8dd9773b48e	39.1	4134	IMPLEMENTED_UNPROVEN	NO_CURRENT_FULL_CLAUSE_DECLARATION; CANDIDATE_MAPPING_ONLY
NREQ-2905d22dd28cce34adf519a53b6d91f1	39.1	4135	IMPLEMENTED_UNPROVEN	NO_CURRENT_FULL_CLAUSE_DECLARATION; CANDIDATE_MAPPING_ONLY
NREQ-58aa35d97f4888d1118bac316329249b	39.1	4136	IMPLEMENTED_UNPROVEN	NO_CURRENT_FULL_CLAUSE_DECLARATION; CANDIDATE_MAPPING_ONLY
NREQ-e42af611b5d153aee28d012f6d740a9b	39.1	4137	IMPLEMENTED_UNPROVEN	NO_CURRENT_FULL_CLAUSE_DECLARATION; CANDIDATE_MAPPING_ONLY
NREQ-fbb258fb897537e705027be6e2a447b9	39.1	4138	IMPLEMENTED_UNPROVEN	NO_CURRENT_FULL_CLAUSE_DECLARATION; CANDIDATE_MAPPING_ONLY
NREQ-550290326870d5be1a214eafe55f3c99	39.1	4139	IMPLEMENTED_UNPROVEN	NO_CURRENT_FULL_CLAUSE_DECLARATION; CANDIDATE_MAPPING_ONLY
NREQ-bcc7dc61d15d29d60b8a8a7b1da128d1	39.1	4140	IMPLEMENTED_UNPROVEN	NO_CURRENT_FULL_CLAUSE_DECLARATION; CANDIDATE_MAPPING_ONLY
NREQ-7e1c399b55e29313d69cd12726f6faf7	39.2	4144	IMPLEMENTED_UNPROVEN	NO_CURRENT_FULL_CLAUSE_DECLARATION; CANDIDATE_MAPPING_ONLY
NREQ-1723157f4adf2e217570ad9f45ff6a14	39.2	4146	IMPLEMENTED_UNPROVEN	NO_CURRENT_FULL_CLAUSE_DECLARATION; CANDIDATE_MAPPING_ONLY
NREQ-5737b1220b87647a12e7aa7ef5d28198	39.2	4147	IMPLEMENTED_UNPROVEN	NO_CURRENT_FULL_CLAUSE_DECLARATION; CANDIDATE_MAPPING_ONLY
NREQ-35d6cfbe5e523929be6cbb4de2987f88	39.2	4148	IMPLEMENTED_UNPROVEN	NO_CURRENT_FULL_CLAUSE_DECLARATION; CANDIDATE_MAPPING_ONLY
NREQ-ea45fee4b93cb57d03bac64ae6bbb0d3	39.2	4149	IMPLEMENTED_UNPROVEN	NO_CURRENT_FULL_CLAUSE_DECLARATION; CANDIDATE_MAPPING_ONLY
NREQ-05b98791ed9c8223fd14f52e2f211a29	39.2	4150	IMPLEMENTED_UNPROVEN	NO_CURRENT_FULL_CLAUSE_DECLARATION; CANDIDATE_MAPPING_ONLY
NREQ-ac196ad54969ab6e29da62b56ca39695	39.2	4151	IMPLEMENTED_UNPROVEN	NO_CURRENT_FULL_CLAUSE_DECLARATION; CANDIDATE_MAPPING_ONLY
NREQ-82b8958caa365ab1c27e41ed6f1a47aa	39.2	4152	IMPLEMENTED_UNPROVEN	NO_CURRENT_FULL_CLAUSE_DECLARATION; CANDIDATE_MAPPING_ONLY
NREQ-68bffe19b2fdb22ee7ad76dbcbe68c97	39.2	4153	IMPLEMENTED_UNPROVEN	NO_CURRENT_FULL_CLAUSE_DECLARATION; CANDIDATE_MAPPING_ONLY
NREQ-34d938a10614164ccf54377593612f1b	39.2	4154	IMPLEMENTED_UNPROVEN	NO_CURRENT_FULL_CLAUSE_DECLARATION; CANDIDATE_MAPPING_ONLY
NREQ-6c01681f8cd0d6285e5d214ee480ee13	39.2	4155	IMPLEMENTED_UNPROVEN	NO_CURRENT_FULL_CLAUSE_DECLARATION; CANDIDATE_MAPPING_ONLY
NREQ-2fc31ade4d54db803d1dd8ce5c8fcfea	39.2	4156	IMPLEMENTED_UNPROVEN	NO_CURRENT_FULL_CLAUSE_DECLARATION; CANDIDATE_MAPPING_ONLY
NREQ-a4361cbb2e63830faee26099c278ec3e	39.2	4157	IMPLEMENTED_UNPROVEN	NO_CURRENT_FULL_CLAUSE_DECLARATION; CANDIDATE_MAPPING_ONLY
NREQ-808e0410eef37c98a17da25fe29979bd	39.2	4158	IMPLEMENTED_UNPROVEN	NO_CURRENT_FULL_CLAUSE_DECLARATION; CANDIDATE_MAPPING_ONLY
NREQ-1110c48bf0ac007ab9bebb95eba561b8	39.2	4159	IMPLEMENTED_UNPROVEN	NO_CURRENT_FULL_CLAUSE_DECLARATION; CANDIDATE_MAPPING_ONLY
NREQ-bc4142fa82272e5e3a0dd215c59bb304	39.2	4160	IMPLEMENTED_UNPROVEN	NO_CURRENT_FULL_CLAUSE_DECLARATION; CANDIDATE_MAPPING_ONLY
NREQ-b0da907290c660cc969f6f0f5ac5b746	39.2	4161	IMPLEMENTED_UNPROVEN	NO_CURRENT_FULL_CLAUSE_DECLARATION; CANDIDATE_MAPPING_ONLY
NREQ-d4ba38377ec91f50900bd27c6ddb7ec3	39.2	4162	IMPLEMENTED_UNPROVEN	NO_CURRENT_FULL_CLAUSE_DECLARATION; CANDIDATE_MAPPING_ONLY
NREQ-e8cb9fb3d4206411496017ebad5dad95	39.2	4163	IMPLEMENTED_UNPROVEN	NO_CURRENT_FULL_CLAUSE_DECLARATION; CANDIDATE_MAPPING_ONLY
NREQ-3ee9c09b01e9c8e2e74bb1ac18cf06be	39.2	4165	IMPLEMENTED_UNPROVEN	NO_CURRENT_FULL_CLAUSE_DECLARATION; CANDIDATE_MAPPING_ONLY
NREQ-19867e3f2e5e80239a60c3e74c428419	39.2	4166	IMPLEMENTED_UNPROVEN	NO_CURRENT_FULL_CLAUSE_DECLARATION; CANDIDATE_MAPPING_ONLY
NREQ-e960c80e2db277bf251bfa52f9649ab0	39.2	4167	IMPLEMENTED_UNPROVEN	NO_CURRENT_FULL_CLAUSE_DECLARATION; CANDIDATE_MAPPING_ONLY
NREQ-50122c96b32214f4bf319dd65347dfad	39.2	4168	IMPLEMENTED_UNPROVEN	NO_CURRENT_FULL_CLAUSE_DECLARATION; CANDIDATE_MAPPING_ONLY
NREQ-e48b8a8a2795e9e3708452227299a3fd	39.2	4169	IMPLEMENTED_UNPROVEN	NO_CURRENT_FULL_CLAUSE_DECLARATION; CANDIDATE_MAPPING_ONLY
NREQ-cddf61cf547fd449e0c8445ceb296a85	39.2	4170	IMPLEMENTED_UNPROVEN	NO_CURRENT_FULL_CLAUSE_DECLARATION; CANDIDATE_MAPPING_ONLY
NREQ-48d7a2e46378c59edc7e6f3dc341f41c	39.2	4171	IMPLEMENTED_UNPROVEN	NO_CURRENT_FULL_CLAUSE_DECLARATION; CANDIDATE_MAPPING_ONLY
NREQ-e2a1475f332e7030833239fcf52752c3	39.2	4172	IMPLEMENTED_UNPROVEN	NO_CURRENT_FULL_CLAUSE_DECLARATION; CANDIDATE_MAPPING_ONLY
NREQ-a6a9a813898b16a10aea6c18d4887cca	39.2	4173	IMPLEMENTED_UNPROVEN	NO_CURRENT_FULL_CLAUSE_DECLARATION; CANDIDATE_MAPPING_ONLY
NREQ-b748fe2396debc3a393cb85232efc908	39.2	4174	IMPLEMENTED_UNPROVEN	NO_CURRENT_FULL_CLAUSE_DECLARATION; CANDIDATE_MAPPING_ONLY
NREQ-d7ef66ab25d9166a17cbc65c94de5c54	39.2	4175	IMPLEMENTED_UNPROVEN	NO_CURRENT_FULL_CLAUSE_DECLARATION; CANDIDATE_MAPPING_ONLY
NREQ-7eb7e6bb62e186b3d7a7570879c3a189	39.2	4176	IMPLEMENTED_UNPROVEN	NO_CURRENT_FULL_CLAUSE_DECLARATION; CANDIDATE_MAPPING_ONLY
NREQ-fe700971369801cc6f116ea36e5dccc0	39.2	4178	IMPLEMENTED_UNPROVEN	NO_CURRENT_FULL_CLAUSE_DECLARATION; CANDIDATE_MAPPING_ONLY
NREQ-da2b7160add23c8c2f5ace2900bb8426	39.3	4182	IMPLEMENTED_UNPROVEN	NO_CURRENT_FULL_CLAUSE_DECLARATION; CANDIDATE_MAPPING_ONLY
NREQ-265c5b06d2bffb320043ce7f9d063d3f	39.3	4183	IMPLEMENTED_UNPROVEN	NO_CURRENT_FULL_CLAUSE_DECLARATION; CANDIDATE_MAPPING_ONLY
NREQ-7bb66e62d1c184f5e1051afb0226d0a2	39.3	4184	IMPLEMENTED_UNPROVEN	NO_CURRENT_FULL_CLAUSE_DECLARATION; CANDIDATE_MAPPING_ONLY
NREQ-cb7faea33fabe86bb96fe466a4d96580	39.3	4185	IMPLEMENTED_UNPROVEN	NO_CURRENT_FULL_CLAUSE_DECLARATION; CANDIDATE_MAPPING_ONLY
NREQ-a61f817d9f9052b67fe4e904b4428664	39.3	4187	IMPLEMENTED_UNPROVEN	NO_CURRENT_FULL_CLAUSE_DECLARATION; CANDIDATE_MAPPING_ONLY
NREQ-8314f02e04c7205d583f43414685aa6a	39.3	4188	IMPLEMENTED_UNPROVEN	NO_CURRENT_FULL_CLAUSE_DECLARATION; CANDIDATE_MAPPING_ONLY
NREQ-1503c0f53673fcb737e795f597a4fbe5	39.3	4189	IMPLEMENTED_UNPROVEN	NO_CURRENT_FULL_CLAUSE_DECLARATION; CANDIDATE_MAPPING_ONLY
NREQ-4aae0077aad1d830f9ba34acf39506ea	39.3	4190	IMPLEMENTED_UNPROVEN	NO_CURRENT_FULL_CLAUSE_DECLARATION; CANDIDATE_MAPPING_ONLY
NREQ-0c3d65721b24f29987652eacfdb5664f	39.3	4192	IMPLEMENTED_UNPROVEN	NO_CURRENT_FULL_CLAUSE_DECLARATION; CANDIDATE_MAPPING_ONLY
NREQ-822c58f3002a6a5021346c3f5e4f7b4a	39.3	4193	IMPLEMENTED_UNPROVEN	NO_CURRENT_FULL_CLAUSE_DECLARATION; CANDIDATE_MAPPING_ONLY
NREQ-aff4d2ec0fd262e998592b1e4a728791	39.3	4194	IMPLEMENTED_UNPROVEN	NO_CURRENT_FULL_CLAUSE_DECLARATION; CANDIDATE_MAPPING_ONLY
NREQ-8411822c1ab922f28282519a8f1bddab	39.3	4195	IMPLEMENTED_UNPROVEN	NO_CURRENT_FULL_CLAUSE_DECLARATION; CANDIDATE_MAPPING_ONLY
NREQ-ee7ba0824c256640b7a92e3b2965a985	39.4	4199	IMPLEMENTED_UNPROVEN	NO_CURRENT_FULL_CLAUSE_DECLARATION; CANDIDATE_MAPPING_ONLY
NREQ-df8a0b90b5e088126673b3184914872e	39.4	4200	IMPLEMENTED_UNPROVEN	NO_CURRENT_FULL_CLAUSE_DECLARATION; CANDIDATE_MAPPING_ONLY
NREQ-89dae35d131643c9271aad58301d37ab	39.4	4201	IMPLEMENTED_UNPROVEN	NO_CURRENT_FULL_CLAUSE_DECLARATION; CANDIDATE_MAPPING_ONLY
NREQ-0f2c2bf0e08e9c865d0f66dbdaa46dcc	39.4	4202	IMPLEMENTED_UNPROVEN	NO_CURRENT_FULL_CLAUSE_DECLARATION; CANDIDATE_MAPPING_ONLY
NREQ-83e883aa2c87d49cda7430b6360b673a	39.4	4203	IMPLEMENTED_UNPROVEN	NO_CURRENT_FULL_CLAUSE_DECLARATION; CANDIDATE_MAPPING_ONLY
NREQ-6fbc18c0bcfa1347c713349979226738	39.4	4204	IMPLEMENTED_UNPROVEN	NO_CURRENT_FULL_CLAUSE_DECLARATION; CANDIDATE_MAPPING_ONLY
NREQ-118996b54db3b2d0b25051e498ef26de	39.4	4205	IMPLEMENTED_UNPROVEN	NO_CURRENT_FULL_CLAUSE_DECLARATION; CANDIDATE_MAPPING_ONLY
NREQ-a4c3882e81b8778cc46b88be1f4d7019	39.4	4206	IMPLEMENTED_UNPROVEN	NO_CURRENT_FULL_CLAUSE_DECLARATION; CANDIDATE_MAPPING_ONLY
NREQ-24219f7ae9a1c3c8a07bc4e3795df1d8	39.4	4207	IMPLEMENTED_UNPROVEN	NO_CURRENT_FULL_CLAUSE_DECLARATION; CANDIDATE_MAPPING_ONLY
NREQ-7c3c5c87dc0d844e12ac9eb2335f77a8	39.4	4208	IMPLEMENTED_UNPROVEN	NO_CURRENT_FULL_CLAUSE_DECLARATION; CANDIDATE_MAPPING_ONLY
NREQ-d833c9973b1397caa85f63e737570568	39.4	4209	IMPLEMENTED_UNPROVEN	NO_CURRENT_FULL_CLAUSE_DECLARATION; CANDIDATE_MAPPING_ONLY
NREQ-6b6ebad551cf644b479c6a630e4b36cb	39.5	4213	IMPLEMENTED_UNPROVEN	NO_CURRENT_FULL_CLAUSE_DECLARATION; CANDIDATE_MAPPING_ONLY
NREQ-f4127a1a6977e45212f4a4e282ea863f	39.5	4214	IMPLEMENTED_UNPROVEN	NO_CURRENT_FULL_CLAUSE_DECLARATION; CANDIDATE_MAPPING_ONLY
NREQ-61ee60539e32911386cfa8b4efe16385	39.5	4215	IMPLEMENTED_UNPROVEN	NO_CURRENT_FULL_CLAUSE_DECLARATION; CANDIDATE_MAPPING_ONLY
NREQ-78ada6a1b2980161253b0d8a99570156	39.5	4216	IMPLEMENTED_UNPROVEN	NO_CURRENT_FULL_CLAUSE_DECLARATION; CANDIDATE_MAPPING_ONLY
NREQ-5521665210402f08ac16ad4a381a0352	39.5	4217	IMPLEMENTED_UNPROVEN	NO_CURRENT_FULL_CLAUSE_DECLARATION; CANDIDATE_MAPPING_ONLY
NREQ-2b87f6751f7c48fe410e0cff9cde3222	39.5	4219	IMPLEMENTED_UNPROVEN	NO_CURRENT_FULL_CLAUSE_DECLARATION; CANDIDATE_MAPPING_ONLY
NREQ-4e4473870458b8c23dba903194fc7f51	39.6	4223	IMPLEMENTED_UNPROVEN	NO_CURRENT_FULL_CLAUSE_DECLARATION; CANDIDATE_MAPPING_ONLY
NREQ-caef6f76a7a59f4986be39673fa87528	39.6	4225	IMPLEMENTED_UNPROVEN	NO_CURRENT_FULL_CLAUSE_DECLARATION; CANDIDATE_MAPPING_ONLY
NREQ-12d6e7f4fe079abca1d36d42bbbad188	39.6	4226	IMPLEMENTED_UNPROVEN	NO_CURRENT_FULL_CLAUSE_DECLARATION; CANDIDATE_MAPPING_ONLY
NREQ-fddadeff7b2e3365aaf0078dbe357a51	39.6	4227	IMPLEMENTED_UNPROVEN	NO_CURRENT_FULL_CLAUSE_DECLARATION; CANDIDATE_MAPPING_ONLY
NREQ-bcb50137d6b91a0df37730da90551c8f	39.6	4228	IMPLEMENTED_UNPROVEN	NO_CURRENT_FULL_CLAUSE_DECLARATION; CANDIDATE_MAPPING_ONLY
NREQ-fa55168286405c897c569abebb83b0da	39.6	4230	IMPLEMENTED_UNPROVEN	NO_CURRENT_FULL_CLAUSE_DECLARATION; CANDIDATE_MAPPING_ONLY
NREQ-77e491781ff107f47e11b64e70a7d1d4	39.7	4234	IMPLEMENTED_UNPROVEN	NO_CURRENT_FULL_CLAUSE_DECLARATION; CANDIDATE_MAPPING_ONLY
NREQ-706ffb7a7d093d362bf1aff8274c30c5	39.7	4235	IMPLEMENTED_UNPROVEN	NO_CURRENT_FULL_CLAUSE_DECLARATION; CANDIDATE_MAPPING_ONLY
NREQ-381c68dce5bf25aae7ea7449bda8641d	39.7	4236	IMPLEMENTED_UNPROVEN	NO_CURRENT_FULL_CLAUSE_DECLARATION; CANDIDATE_MAPPING_ONLY
NREQ-e7fcbfa0f6ef5d51aac6cea1e6f1b7e6	39.7	4237	IMPLEMENTED_UNPROVEN	NO_CURRENT_FULL_CLAUSE_DECLARATION; CANDIDATE_MAPPING_ONLY
NREQ-ec9f1cefee5dc8ac6c4214d3ff2e7a48	39.7	4238	IMPLEMENTED_UNPROVEN	NO_CURRENT_FULL_CLAUSE_DECLARATION; CANDIDATE_MAPPING_ONLY
NREQ-5c64c5a3a62c1a3169388ca22ef0b5c2	39.7	4239	IMPLEMENTED_UNPROVEN	NO_CURRENT_FULL_CLAUSE_DECLARATION; CANDIDATE_MAPPING_ONLY
NREQ-35a1f7bfa3bc7bffd054cd8edaaf5d7c	39.7	4240	IMPLEMENTED_UNPROVEN	NO_CURRENT_FULL_CLAUSE_DECLARATION; CANDIDATE_MAPPING_ONLY
NREQ-2f3368122dd9fca084cb47ea0df03262	39.7	4241	IMPLEMENTED_UNPROVEN	NO_CURRENT_FULL_CLAUSE_DECLARATION; CANDIDATE_MAPPING_ONLY
NREQ-256d6fcfb5993271dda8ab1782e18eb9	39.7	4242	IMPLEMENTED_UNPROVEN	NO_CURRENT_FULL_CLAUSE_DECLARATION; CANDIDATE_MAPPING_ONLY
NREQ-36e27c83d0d58caaaddbb403126f1c6c	39.7	4243	IMPLEMENTED_UNPROVEN	NO_CURRENT_FULL_CLAUSE_DECLARATION; CANDIDATE_MAPPING_ONLY
NREQ-d473baa6fca318eb35cd4d3a7f2e3c08	39.7	4245	IMPLEMENTED_UNPROVEN	NO_CURRENT_FULL_CLAUSE_DECLARATION; CANDIDATE_MAPPING_ONLY
NREQ-cad156d698af26df5ba71b5475b9146a	39.7	4246	IMPLEMENTED_UNPROVEN	NO_CURRENT_FULL_CLAUSE_DECLARATION; CANDIDATE_MAPPING_ONLY
NREQ-701ba435b5ada0bcb5e08cb1574c28d1	39.8	4250	IMPLEMENTED_UNPROVEN	NO_CURRENT_FULL_CLAUSE_DECLARATION; CANDIDATE_MAPPING_ONLY
NREQ-01869202c0904951903702083908de01	39.8	4251	IMPLEMENTED_UNPROVEN	NO_CURRENT_FULL_CLAUSE_DECLARATION; CANDIDATE_MAPPING_ONLY
NREQ-e1f61cfa4f9139e9bd40c4f4da77be61	39.8	4252	IMPLEMENTED_UNPROVEN	NO_CURRENT_FULL_CLAUSE_DECLARATION; CANDIDATE_MAPPING_ONLY
NREQ-8796ad82437f9d5de47c44f59596a26c	39.8	4253	IMPLEMENTED_UNPROVEN	NO_CURRENT_FULL_CLAUSE_DECLARATION; CANDIDATE_MAPPING_ONLY
NREQ-2272fcd74e80f35865e812e1435aab67	39.8	4254	IMPLEMENTED_UNPROVEN	NO_CURRENT_FULL_CLAUSE_DECLARATION; CANDIDATE_MAPPING_ONLY
NREQ-fc363ddbf2b081ceba5dd350a678b52c	39.8	4255	IMPLEMENTED_UNPROVEN	NO_CURRENT_FULL_CLAUSE_DECLARATION; CANDIDATE_MAPPING_ONLY
NREQ-73fb7c3874e9ceeac8825c9021710bf7	39.8	4256	IMPLEMENTED_UNPROVEN	NO_CURRENT_FULL_CLAUSE_DECLARATION; CANDIDATE_MAPPING_ONLY
NREQ-8c5a78f3e8f4c8e7886c9a00a2648ded	39.8	4258	IMPLEMENTED_UNPROVEN	NO_CURRENT_FULL_CLAUSE_DECLARATION; CANDIDATE_MAPPING_ONLY
NREQ-ef5b8322df92b387ee6f73f572cde878	39.9	4262	IMPLEMENTED_UNPROVEN	NO_CURRENT_FULL_CLAUSE_DECLARATION; CANDIDATE_MAPPING_ONLY
NREQ-1c3881e5d4d4655017caa1cc99e444f8	39.9	4264	IMPLEMENTED_UNPROVEN	NO_CURRENT_FULL_CLAUSE_DECLARATION; CANDIDATE_MAPPING_ONLY
NREQ-16eccb30eb725e9543cd196133df17b6	39.9	4265	IMPLEMENTED_UNPROVEN	NO_CURRENT_FULL_CLAUSE_DECLARATION; CANDIDATE_MAPPING_ONLY
NREQ-a7c47b6a4e6c5d6d1d48c23dfb1e433d	39.9	4266	IMPLEMENTED_UNPROVEN	NO_CURRENT_FULL_CLAUSE_DECLARATION; CANDIDATE_MAPPING_ONLY
NREQ-cbdfc5bbe7e949092d6b798159fc1163	39.9	4267	IMPLEMENTED_UNPROVEN	NO_CURRENT_FULL_CLAUSE_DECLARATION; CANDIDATE_MAPPING_ONLY
NREQ-ebd7a28f4cecccab20491b2db54774e5	39.9	4268	IMPLEMENTED_UNPROVEN	NO_CURRENT_FULL_CLAUSE_DECLARATION; CANDIDATE_MAPPING_ONLY
NREQ-e687feedde9bf5378667670416d1e924	39.9	4269	IMPLEMENTED_UNPROVEN	NO_CURRENT_FULL_CLAUSE_DECLARATION; CANDIDATE_MAPPING_ONLY
NREQ-4488d339fe5f28f40e121caccb948ae7	39.10	4273	IMPLEMENTED_UNPROVEN	NO_CURRENT_FULL_CLAUSE_DECLARATION; CANDIDATE_MAPPING_ONLY
NREQ-cd7cfea4b3d1e12d2c58a5cb7a456235	39.10	4275	IMPLEMENTED_UNPROVEN	NO_CURRENT_FULL_CLAUSE_DECLARATION; CANDIDATE_MAPPING_ONLY
NREQ-c765602b4b099eb72e56b76e70a1621d	39.10	4276	IMPLEMENTED_UNPROVEN	NO_CURRENT_FULL_CLAUSE_DECLARATION; CANDIDATE_MAPPING_ONLY
NREQ-d44d2a558f861e904eb039014f1c4573	39.10	4277	IMPLEMENTED_UNPROVEN	NO_CURRENT_FULL_CLAUSE_DECLARATION; CANDIDATE_MAPPING_ONLY
NREQ-c85e6a26d7bffe84b4a3365c15cd7e68	39.10	4278	IMPLEMENTED_UNPROVEN	NO_CURRENT_FULL_CLAUSE_DECLARATION; CANDIDATE_MAPPING_ONLY
NREQ-d6c7ab8b2d3de028ce54c012fb4bf6e4	39.10	4279	IMPLEMENTED_UNPROVEN	NO_CURRENT_FULL_CLAUSE_DECLARATION; CANDIDATE_MAPPING_ONLY
NREQ-d87537bf39242bee41252b5e5b6d80d7	39.10	4280	IMPLEMENTED_UNPROVEN	NO_CURRENT_FULL_CLAUSE_DECLARATION; CANDIDATE_MAPPING_ONLY
NREQ-2dff64415dcf5a48e44d5f255580905f	39.11	4284	IMPLEMENTED_UNPROVEN	NO_CURRENT_FULL_CLAUSE_DECLARATION; CANDIDATE_MAPPING_ONLY
NREQ-b18adce80b35a38f63fd95debe651ca0	39.11	4285	IMPLEMENTED_UNPROVEN	NO_CURRENT_FULL_CLAUSE_DECLARATION; CANDIDATE_MAPPING_ONLY
NREQ-f35f5e08c500a365b190deef7d39bab6	39.12	4289	IMPLEMENTED_UNPROVEN	NO_CURRENT_FULL_CLAUSE_DECLARATION; CANDIDATE_MAPPING_ONLY
NREQ-a2af6f728dbfd0b97f4e556b7f6f0308	39.12	4290	IMPLEMENTED_UNPROVEN	NO_CURRENT_FULL_CLAUSE_DECLARATION; CANDIDATE_MAPPING_ONLY
NREQ-69e2010ea0efb3ea73a0562dad43b549	39.12	4291	IMPLEMENTED_UNPROVEN	NO_CURRENT_FULL_CLAUSE_DECLARATION; CANDIDATE_MAPPING_ONLY
NREQ-9e7251c4b6a6414d44b6cfd1084ffa6d	39.12	4292	IMPLEMENTED_UNPROVEN	NO_CURRENT_FULL_CLAUSE_DECLARATION; CANDIDATE_MAPPING_ONLY
NREQ-c619c0d5c14b259032490ccac64ce4fc	39.12	4294	IMPLEMENTED_UNPROVEN	NO_CURRENT_FULL_CLAUSE_DECLARATION; CANDIDATE_MAPPING_ONLY
NREQ-78c90561b13730c1d219b5f00abb928b	39.12	4295	IMPLEMENTED_UNPROVEN	NO_CURRENT_FULL_CLAUSE_DECLARATION; CANDIDATE_MAPPING_ONLY
NREQ-b1dc29725cced787dcbd4608880b859b	39.12	4296	IMPLEMENTED_UNPROVEN	NO_CURRENT_FULL_CLAUSE_DECLARATION; CANDIDATE_MAPPING_ONLY
NREQ-04d735c6af64483fc16d0fd4c4c19d5c	39.12	4297	IMPLEMENTED_UNPROVEN	NO_CURRENT_FULL_CLAUSE_DECLARATION; CANDIDATE_MAPPING_ONLY
NREQ-d4a00c2a44ae6fac4be0557f603ccf12	39.12	4298	IMPLEMENTED_UNPROVEN	NO_CURRENT_FULL_CLAUSE_DECLARATION; CANDIDATE_MAPPING_ONLY
NREQ-bc626ab0dbb07e104c4cdb44d04572a4	39.12	4299	IMPLEMENTED_UNPROVEN	NO_CURRENT_FULL_CLAUSE_DECLARATION; CANDIDATE_MAPPING_ONLY
NREQ-d48a6041f309c2f9cf37c55740009867	39.12	4300	IMPLEMENTED_UNPROVEN	NO_CURRENT_FULL_CLAUSE_DECLARATION; CANDIDATE_MAPPING_ONLY
NREQ-1bd03af2b500d7b6de0c210ee40ca042	39.12	4301	IMPLEMENTED_UNPROVEN	NO_CURRENT_FULL_CLAUSE_DECLARATION; CANDIDATE_MAPPING_ONLY
NREQ-0aebdac6eeb95950b4482bcc03440369	39.12	4303	IMPLEMENTED_UNPROVEN	NO_CURRENT_FULL_CLAUSE_DECLARATION; CANDIDATE_MAPPING_ONLY
NREQ-889a0185d94022e8785c75fe55abc624	39.12	4304	IMPLEMENTED_UNPROVEN	NO_CURRENT_FULL_CLAUSE_DECLARATION; CANDIDATE_MAPPING_ONLY
NREQ-924fb66bc67f90f2ef184b98c3f8e064	39.12	4305	IMPLEMENTED_UNPROVEN	NO_CURRENT_FULL_CLAUSE_DECLARATION; CANDIDATE_MAPPING_ONLY
NREQ-201df0f29f71f03983d4e067a21ab666	39.12	4306	IMPLEMENTED_UNPROVEN	NO_CURRENT_FULL_CLAUSE_DECLARATION; CANDIDATE_MAPPING_ONLY
NREQ-1118b3312622fd6d93a9072ee0c88554	39.12	4307	IMPLEMENTED_UNPROVEN	NO_CURRENT_FULL_CLAUSE_DECLARATION; CANDIDATE_MAPPING_ONLY
NREQ-7c6d88fe311626151dbe36800bbb20c1	39.12	4308	IMPLEMENTED_UNPROVEN	NO_CURRENT_FULL_CLAUSE_DECLARATION; CANDIDATE_MAPPING_ONLY
NREQ-4df8df2506480d9344e70e8914aa2e99	39.12	4309	IMPLEMENTED_UNPROVEN	NO_CURRENT_FULL_CLAUSE_DECLARATION; CANDIDATE_MAPPING_ONLY
NREQ-4aa8acfae7491def6f648c1370632312	39.12	4310	IMPLEMENTED_UNPROVEN	NO_CURRENT_FULL_CLAUSE_DECLARATION; CANDIDATE_MAPPING_ONLY
NREQ-4798d1afef342922500c3501fa68883b	39.12	4312	IMPLEMENTED_UNPROVEN	NO_CURRENT_FULL_CLAUSE_DECLARATION; CANDIDATE_MAPPING_ONLY
NREQ-285160eb943f2aa3a137c9aceeeb861f	39.12	4314	IMPLEMENTED_UNPROVEN	NO_CURRENT_FULL_CLAUSE_DECLARATION; CANDIDATE_MAPPING_ONLY
NREQ-4dba4636ff1da2b72962c354e1b75cb8	39.12	4316	IMPLEMENTED_UNPROVEN	NO_CURRENT_FULL_CLAUSE_DECLARATION; CANDIDATE_MAPPING_ONLY
NREQ-3d38079650f317a3a0c1e0fac17ed7f7	39.13	4320	IMPLEMENTED_UNPROVEN	NO_CURRENT_FULL_CLAUSE_DECLARATION; CANDIDATE_MAPPING_ONLY
NREQ-644c4f4679317087abf765c80c1f9cd8	39.13	4321	IMPLEMENTED_UNPROVEN	NO_CURRENT_FULL_CLAUSE_DECLARATION; CANDIDATE_MAPPING_ONLY
NREQ-24943c781f9d964d0eb6d9c0efc36dbb	39.13	4322	IMPLEMENTED_UNPROVEN	NO_CURRENT_FULL_CLAUSE_DECLARATION; CANDIDATE_MAPPING_ONLY
NREQ-593e0e093c0040fc16f9f9b64b51e66d	39.13	4323	IMPLEMENTED_UNPROVEN	NO_CURRENT_FULL_CLAUSE_DECLARATION; CANDIDATE_MAPPING_ONLY
NREQ-18c51e0e9c00c44231607920d0694a1b	39.13	4325	IMPLEMENTED_UNPROVEN	NO_CURRENT_FULL_CLAUSE_DECLARATION; CANDIDATE_MAPPING_ONLY
NREQ-5ede3e960c4c0f17701600b429733843	39.14	4329	IMPLEMENTED_UNPROVEN	NO_CURRENT_FULL_CLAUSE_DECLARATION; CANDIDATE_MAPPING_ONLY
NREQ-eb587a10937efa9f9e25a28346ba0f4e	39.14	4330	IMPLEMENTED_UNPROVEN	NO_CURRENT_FULL_CLAUSE_DECLARATION; CANDIDATE_MAPPING_ONLY
NREQ-35038d9e45737e141fe5ba3b375f23c6	39.14	4331	IMPLEMENTED_UNPROVEN	NO_CURRENT_FULL_CLAUSE_DECLARATION; CANDIDATE_MAPPING_ONLY
NREQ-8d1287e5f43ac847a244de0421a300d8	39.14	4333	IMPLEMENTED_UNPROVEN	NO_CURRENT_FULL_CLAUSE_DECLARATION; CANDIDATE_MAPPING_ONLY
NREQ-8a07ed9a075815363b6f345c05b3904d	39.14	4334	IMPLEMENTED_UNPROVEN	NO_CURRENT_FULL_CLAUSE_DECLARATION; CANDIDATE_MAPPING_ONLY
NREQ-52548cf4734f9b19497d845f429ed35b	39.14	4335	IMPLEMENTED_UNPROVEN	NO_CURRENT_FULL_CLAUSE_DECLARATION; CANDIDATE_MAPPING_ONLY
NREQ-ea6875f68196833e5fcb097973222ddb	39.14	4336	IMPLEMENTED_UNPROVEN	NO_CURRENT_FULL_CLAUSE_DECLARATION; CANDIDATE_MAPPING_ONLY
NREQ-64513bfd6194e49aace27c9f2c387d75	39.14	4337	IMPLEMENTED_UNPROVEN	NO_CURRENT_FULL_CLAUSE_DECLARATION; CANDIDATE_MAPPING_ONLY
NREQ-36214a6f021530f5ea637ea348ed49b4	39.14	4338	IMPLEMENTED_UNPROVEN	NO_CURRENT_FULL_CLAUSE_DECLARATION; CANDIDATE_MAPPING_ONLY
NREQ-588bc9d493f211c4c4097216af9027e9	39.15	4342	IMPLEMENTED_UNPROVEN	NO_CURRENT_FULL_CLAUSE_DECLARATION; CANDIDATE_MAPPING_ONLY
NREQ-1ba8fac13e8062def23332f98cd5ea6a	39.15	4344	IMPLEMENTED_UNPROVEN	NO_CURRENT_FULL_CLAUSE_DECLARATION; CANDIDATE_MAPPING_ONLY
NREQ-8774fd4d06261e5d867ca3c4288a464d	39.15	4345	IMPLEMENTED_UNPROVEN	NO_CURRENT_FULL_CLAUSE_DECLARATION; CANDIDATE_MAPPING_ONLY
NREQ-c855bcdf333d13e944e723625940ae3a	39.15	4346	IMPLEMENTED_UNPROVEN	NO_CURRENT_FULL_CLAUSE_DECLARATION; CANDIDATE_MAPPING_ONLY
NREQ-daec6502723e824f6facf0f5359ba506	39.15	4347	IMPLEMENTED_UNPROVEN	NO_CURRENT_FULL_CLAUSE_DECLARATION; CANDIDATE_MAPPING_ONLY
NREQ-3ec755b4719402f420c586159bafcbcc	39.15	4348	IMPLEMENTED_UNPROVEN	NO_CURRENT_FULL_CLAUSE_DECLARATION; CANDIDATE_MAPPING_ONLY
NREQ-86ed1fed4eb9d454ba7da3cc403362d8	39.15	4349	IMPLEMENTED_UNPROVEN	NO_CURRENT_FULL_CLAUSE_DECLARATION; CANDIDATE_MAPPING_ONLY
NREQ-557dcff71c5994ddad8c654982cd3b35	39.15	4350	IMPLEMENTED_UNPROVEN	NO_CURRENT_FULL_CLAUSE_DECLARATION; CANDIDATE_MAPPING_ONLY
NREQ-919f316d98dfb07a3fe5c71f1d9c4098	39.15	4351	IMPLEMENTED_UNPROVEN	NO_CURRENT_FULL_CLAUSE_DECLARATION; CANDIDATE_MAPPING_ONLY
NREQ-5e8ac077754077b9a4c6c5ea279ac85e	39.15	4353	IMPLEMENTED_UNPROVEN	NO_CURRENT_FULL_CLAUSE_DECLARATION; CANDIDATE_MAPPING_ONLY
NREQ-78a512502d0b1818ef3603619f35d5d2	39.16	4357	IMPLEMENTED_UNPROVEN	NO_CURRENT_FULL_CLAUSE_DECLARATION; CANDIDATE_MAPPING_ONLY
NREQ-6e5bf6d14ead71d8ab5288f40d545e7a	39.16	4358	IMPLEMENTED_UNPROVEN	NO_CURRENT_FULL_CLAUSE_DECLARATION; CANDIDATE_MAPPING_ONLY
NREQ-f1b0e492fc8a33358ad425dac6790811	39.16	4359	IMPLEMENTED_UNPROVEN	NO_CURRENT_FULL_CLAUSE_DECLARATION; CANDIDATE_MAPPING_ONLY
NREQ-2fb026827367d7dcef802e30de120469	39.16	4360	IMPLEMENTED_UNPROVEN	NO_CURRENT_FULL_CLAUSE_DECLARATION; CANDIDATE_MAPPING_ONLY
NREQ-106547b7acd8e3418c9b12a09f46ce89	39.16	4361	IMPLEMENTED_UNPROVEN	NO_CURRENT_FULL_CLAUSE_DECLARATION; CANDIDATE_MAPPING_ONLY
NREQ-5d2083470fe7802edf89d7d40018ad4f	39.16	4362	IMPLEMENTED_UNPROVEN	NO_CURRENT_FULL_CLAUSE_DECLARATION; CANDIDATE_MAPPING_ONLY
NREQ-649b55b065022e3eaeec42cb5a0d3d95	39.16	4363	IMPLEMENTED_UNPROVEN	NO_CURRENT_FULL_CLAUSE_DECLARATION; CANDIDATE_MAPPING_ONLY
NREQ-3d3442dcf27781119d12c9563d987191	39.16	4364	IMPLEMENTED_UNPROVEN	NO_CURRENT_FULL_CLAUSE_DECLARATION; CANDIDATE_MAPPING_ONLY
NREQ-b249ae09dd628f4d2d92001b3d7aa8f0	39.16	4365	IMPLEMENTED_UNPROVEN	NO_CURRENT_FULL_CLAUSE_DECLARATION; CANDIDATE_MAPPING_ONLY
NREQ-e197c082c9c01ef14bb340ea9db1bd1d	39.16	4367	IMPLEMENTED_UNPROVEN	NO_CURRENT_FULL_CLAUSE_DECLARATION; CANDIDATE_MAPPING_ONLY
NREQ-283520fce71327677e6c9451c76e7dba	39.17	4371	IMPLEMENTED_UNPROVEN	NO_CURRENT_FULL_CLAUSE_DECLARATION; CANDIDATE_MAPPING_ONLY
NREQ-e0c7ddc2988207df43c7f6ed503ea58c	39.17	4373	IMPLEMENTED_UNPROVEN	NO_CURRENT_FULL_CLAUSE_DECLARATION; CANDIDATE_MAPPING_ONLY
NREQ-48059371f3a05052c25050f35675791c	39.18	4377	IMPLEMENTED_UNPROVEN	NO_CURRENT_FULL_CLAUSE_DECLARATION; CANDIDATE_MAPPING_ONLY
NREQ-bd2cc50dfae731477f2f2a15b3806fe1	39.18	4379	IMPLEMENTED_UNPROVEN	NO_CURRENT_FULL_CLAUSE_DECLARATION; CANDIDATE_MAPPING_ONLY
NREQ-e4b7b3d4e2fdaa1b5f88e04da2ca10cf	39.18	4381	IMPLEMENTED_UNPROVEN	NO_CURRENT_FULL_CLAUSE_DECLARATION; CANDIDATE_MAPPING_ONLY
NREQ-e4a47520adccad1cc08b71b2fa705896	40	4387	IMPLEMENTED_UNPROVEN	NO_CURRENT_FULL_CLAUSE_DECLARATION; CANDIDATE_MAPPING_ONLY
NREQ-d4b5dcf4caa03d9ff3fee97458f005dd	40	4388	IMPLEMENTED_UNPROVEN	NO_CURRENT_FULL_CLAUSE_DECLARATION; CANDIDATE_MAPPING_ONLY
NREQ-ae0748ca85d6d7db5888dd8542b4ed75	40	4389	IMPLEMENTED_UNPROVEN	NO_CURRENT_FULL_CLAUSE_DECLARATION; CANDIDATE_MAPPING_ONLY
NREQ-e2c2d44505821be52764e2d4cb92d042	40	4390	IMPLEMENTED_UNPROVEN	NO_CURRENT_FULL_CLAUSE_DECLARATION; CANDIDATE_MAPPING_ONLY
NREQ-105f38f4e466ec66cd3a72d44b416403	40	4391	IMPLEMENTED_UNPROVEN	NO_CURRENT_FULL_CLAUSE_DECLARATION; CANDIDATE_MAPPING_ONLY
NREQ-954559f7dd21f0fb9eb4acf570ec7f99	40	4392	IMPLEMENTED_UNPROVEN	NO_CURRENT_FULL_CLAUSE_DECLARATION; CANDIDATE_MAPPING_ONLY
NREQ-59138a3bb24029b6b37e357c5e95d1c3	40	4393	IMPLEMENTED_UNPROVEN	NO_CURRENT_FULL_CLAUSE_DECLARATION; CANDIDATE_MAPPING_ONLY
NREQ-8fd0afe7f4532d6e019acbed0c8e4b93	40	4394	IMPLEMENTED_UNPROVEN	NO_CURRENT_FULL_CLAUSE_DECLARATION; CANDIDATE_MAPPING_ONLY
NREQ-a1ffb25f0a4ba2a9acd566612781251a	40	4395	IMPLEMENTED_UNPROVEN	NO_CURRENT_FULL_CLAUSE_DECLARATION; CANDIDATE_MAPPING_ONLY
NREQ-9d7e21fa75ac3add02166e2eaa93b375	40	4396	IMPLEMENTED_UNPROVEN	NO_CURRENT_FULL_CLAUSE_DECLARATION; CANDIDATE_MAPPING_ONLY
NREQ-ddd667b3d99418b1550bfc9524d7b3e8	40	4397	IMPLEMENTED_UNPROVEN	NO_CURRENT_FULL_CLAUSE_DECLARATION; CANDIDATE_MAPPING_ONLY
NREQ-37df80bd04ad51421d6e815bb1f78757	40	4398	IMPLEMENTED_UNPROVEN	NO_CURRENT_FULL_CLAUSE_DECLARATION; CANDIDATE_MAPPING_ONLY
NREQ-26ba12380c6056f6972a655f01b399e4	40	4399	IMPLEMENTED_UNPROVEN	NO_CURRENT_FULL_CLAUSE_DECLARATION; CANDIDATE_MAPPING_ONLY
NREQ-706d8ac14016f2305990ff2765ac05b2	40	4400	IMPLEMENTED_UNPROVEN	NO_CURRENT_FULL_CLAUSE_DECLARATION; CANDIDATE_MAPPING_ONLY
NREQ-54f83be39fa2e174fe0677da4be99a27	40	4401	IMPLEMENTED_UNPROVEN	NO_CURRENT_FULL_CLAUSE_DECLARATION; CANDIDATE_MAPPING_ONLY
NREQ-a805a5ad6735b69736e0af1b540a7d4f	40	4402	IMPLEMENTED_UNPROVEN	NO_CURRENT_FULL_CLAUSE_DECLARATION; CANDIDATE_MAPPING_ONLY
NREQ-c1939ee25d4f98a4b58afeeaaaccfbff	40	4403	IMPLEMENTED_UNPROVEN	NO_CURRENT_FULL_CLAUSE_DECLARATION; CANDIDATE_MAPPING_ONLY
NREQ-dcd53243daf520b075a907f63f498eda	40	4404	IMPLEMENTED_UNPROVEN	NO_CURRENT_FULL_CLAUSE_DECLARATION; CANDIDATE_MAPPING_ONLY
NREQ-030072b6801e2cc3c35242710f4d13f3	40	4405	IMPLEMENTED_UNPROVEN	NO_CURRENT_FULL_CLAUSE_DECLARATION; CANDIDATE_MAPPING_ONLY
NREQ-c0e9700ee4a6d978684278da19d492e5	40	4406	IMPLEMENTED_UNPROVEN	NO_CURRENT_FULL_CLAUSE_DECLARATION; CANDIDATE_MAPPING_ONLY
NREQ-e9be6eab805f5f7ea85270b568aca81d	40	4407	IMPLEMENTED_UNPROVEN	NO_CURRENT_FULL_CLAUSE_DECLARATION; CANDIDATE_MAPPING_ONLY
NREQ-03d270611f25ce4d5492b2060e72f521	40	4408	IMPLEMENTED_UNPROVEN	NO_CURRENT_FULL_CLAUSE_DECLARATION; CANDIDATE_MAPPING_ONLY
NREQ-af5887fc81118d4f3447e25e18d6f4cc	40	4409	IMPLEMENTED_UNPROVEN	NO_CURRENT_FULL_CLAUSE_DECLARATION; CANDIDATE_MAPPING_ONLY
NREQ-6ad173d557aa4e1eb5ce3e8889dd7b81	40	4410	IMPLEMENTED_UNPROVEN	NO_CURRENT_FULL_CLAUSE_DECLARATION; CANDIDATE_MAPPING_ONLY
NREQ-a8718b004667ac6e23a2dbcefa7751a6	40	4411	IMPLEMENTED_UNPROVEN	NO_CURRENT_FULL_CLAUSE_DECLARATION; CANDIDATE_MAPPING_ONLY
NREQ-e971a67c2cc426203a6e8c7c9e2e6bc7	40	4412	IMPLEMENTED_UNPROVEN	NO_CURRENT_FULL_CLAUSE_DECLARATION; CANDIDATE_MAPPING_ONLY
NREQ-cd7f6459a3ebea0ae3a5eff19b315228	40	4413	IMPLEMENTED_UNPROVEN	NO_CURRENT_FULL_CLAUSE_DECLARATION; CANDIDATE_MAPPING_ONLY
NREQ-264503f90c798054993c6b476be08664	40	4414	IMPLEMENTED_UNPROVEN	NO_CURRENT_FULL_CLAUSE_DECLARATION; CANDIDATE_MAPPING_ONLY
NREQ-bdd8a3e77dfea178b7ed518ee5fa436a	40	4415	IMPLEMENTED_UNPROVEN	NO_CURRENT_FULL_CLAUSE_DECLARATION; CANDIDATE_MAPPING_ONLY
NREQ-f3e1960f264472f79c760769947096cb	40	4416	IMPLEMENTED_UNPROVEN	NO_CURRENT_FULL_CLAUSE_DECLARATION; CANDIDATE_MAPPING_ONLY
NREQ-461638a26969a3d199e7fbd9db0bc984	40	4417	IMPLEMENTED_UNPROVEN	NO_CURRENT_FULL_CLAUSE_DECLARATION; CANDIDATE_MAPPING_ONLY
NREQ-d2be7e8463d4e36319b68eb74f62ee4a	40	4418	IMPLEMENTED_UNPROVEN	NO_CURRENT_FULL_CLAUSE_DECLARATION; CANDIDATE_MAPPING_ONLY
NREQ-4dd14b8b270338dce828560f98c44754	40	4419	IMPLEMENTED_UNPROVEN	NO_CURRENT_FULL_CLAUSE_DECLARATION; CANDIDATE_MAPPING_ONLY
NREQ-5a7f4e8677a3a936364b9bf95625b85b	40	4420	IMPLEMENTED_UNPROVEN	NO_CURRENT_FULL_CLAUSE_DECLARATION; CANDIDATE_MAPPING_ONLY
NREQ-2fe9a9b1c2570c6ab1cf214e1471f076	40	4421	IMPLEMENTED_UNPROVEN	NO_CURRENT_FULL_CLAUSE_DECLARATION; CANDIDATE_MAPPING_ONLY
NREQ-5e6481ce86a70888c118be0dd2db334b	40	4422	IMPLEMENTED_UNPROVEN	NO_CURRENT_FULL_CLAUSE_DECLARATION; CANDIDATE_MAPPING_ONLY
NREQ-b468b9e81a6c97604d09a743a1ec38f9	40	4423	IMPLEMENTED_UNPROVEN	NO_CURRENT_FULL_CLAUSE_DECLARATION; CANDIDATE_MAPPING_ONLY
NREQ-dba46db8a20eeda1f97a94909b2b52eb	40	4424	IMPLEMENTED_UNPROVEN	NO_CURRENT_FULL_CLAUSE_DECLARATION; CANDIDATE_MAPPING_ONLY
NREQ-1719cb838cfb1eab91c195742216ceee	40	4425	IMPLEMENTED_UNPROVEN	NO_CURRENT_FULL_CLAUSE_DECLARATION; CANDIDATE_MAPPING_ONLY
NREQ-6880233c2af876ed5db021df488c9aac	40	4426	IMPLEMENTED_UNPROVEN	NO_CURRENT_FULL_CLAUSE_DECLARATION; CANDIDATE_MAPPING_ONLY
NREQ-0e7c929561e9bb8e96ac891058479963	40	4427	IMPLEMENTED_UNPROVEN	NO_CURRENT_FULL_CLAUSE_DECLARATION; CANDIDATE_MAPPING_ONLY
NREQ-c2599389378ce0c59ac2b3e40e5d820a	40	4429	IMPLEMENTED_UNPROVEN	NO_CURRENT_FULL_CLAUSE_DECLARATION; CANDIDATE_MAPPING_ONLY
NREQ-51e23c6eed16ec04252b6174cb11cd86	40	4430	IMPLEMENTED_UNPROVEN	NO_CURRENT_FULL_CLAUSE_DECLARATION; CANDIDATE_MAPPING_ONLY
NREQ-25fad8bdedcc825b38bb756de2d73ced	40	4431	IMPLEMENTED_UNPROVEN	NO_CURRENT_FULL_CLAUSE_DECLARATION; CANDIDATE_MAPPING_ONLY
NREQ-9304d6e7dcb5e1d2436778fd42fd884c	40	4432	IMPLEMENTED_UNPROVEN	NO_CURRENT_FULL_CLAUSE_DECLARATION; CANDIDATE_MAPPING_ONLY
NREQ-8d7504386c788cfa3b009cd27a501507	40	4433	IMPLEMENTED_UNPROVEN	NO_CURRENT_FULL_CLAUSE_DECLARATION; CANDIDATE_MAPPING_ONLY
NREQ-9ea38b2c71b561e91d9f344d29acc52c	40	4434	IMPLEMENTED_UNPROVEN	NO_CURRENT_FULL_CLAUSE_DECLARATION; CANDIDATE_MAPPING_ONLY
NREQ-6595666acb5f195b74662d172e539947	40	4435	IMPLEMENTED_UNPROVEN	NO_CURRENT_FULL_CLAUSE_DECLARATION; CANDIDATE_MAPPING_ONLY
NREQ-8f980db85c7f2cb8fe97986b88ec2339	40	4436	IMPLEMENTED_UNPROVEN	NO_CURRENT_FULL_CLAUSE_DECLARATION; CANDIDATE_MAPPING_ONLY
NREQ-459cf484106fe6be9d6026c72ff38722	40	4437	IMPLEMENTED_UNPROVEN	NO_CURRENT_FULL_CLAUSE_DECLARATION; CANDIDATE_MAPPING_ONLY
NREQ-f7b70b090f416b7c2ff18623acdcd61a	40	4438	IMPLEMENTED_UNPROVEN	NO_CURRENT_FULL_CLAUSE_DECLARATION; CANDIDATE_MAPPING_ONLY
NREQ-adc923f8c2d1ecf336fd161115d8fe9b	40	4439	IMPLEMENTED_UNPROVEN	NO_CURRENT_FULL_CLAUSE_DECLARATION; CANDIDATE_MAPPING_ONLY
NREQ-f75608c40ce32a8fe8b6a3f30caea83b	40	4440	IMPLEMENTED_UNPROVEN	NO_CURRENT_FULL_CLAUSE_DECLARATION; CANDIDATE_MAPPING_ONLY
NREQ-7d9ee92637b9c325be99302e065a7159	40	4441	IMPLEMENTED_UNPROVEN	NO_CURRENT_FULL_CLAUSE_DECLARATION; CANDIDATE_MAPPING_ONLY
NREQ-d374befc197a9e90e16965d41a4a4bce	40	4442	IMPLEMENTED_UNPROVEN	NO_CURRENT_FULL_CLAUSE_DECLARATION; CANDIDATE_MAPPING_ONLY
NREQ-3ece3093903314919213daa6ee778c5c	40	4443	IMPLEMENTED_UNPROVEN	NO_CURRENT_FULL_CLAUSE_DECLARATION; CANDIDATE_MAPPING_ONLY
NREQ-72e0277e74304f9922acff2205f2de8b	40	4444	IMPLEMENTED_UNPROVEN	NO_CURRENT_FULL_CLAUSE_DECLARATION; CANDIDATE_MAPPING_ONLY
NREQ-63a9d6974f2cb9190116ea2f7b02567c	40	4445	IMPLEMENTED_UNPROVEN	NO_CURRENT_FULL_CLAUSE_DECLARATION; CANDIDATE_MAPPING_ONLY
NREQ-b9f7aafe95916637e042dee40f365a9a	40	4446	IMPLEMENTED_UNPROVEN	NO_CURRENT_FULL_CLAUSE_DECLARATION; CANDIDATE_MAPPING_ONLY
NREQ-ee59f81ac695fcba973d7262590a78ba	40	4447	IMPLEMENTED_UNPROVEN	NO_CURRENT_FULL_CLAUSE_DECLARATION; CANDIDATE_MAPPING_ONLY
NREQ-3cbd3cc4532513af08996751f737a4a9	40	4448	IMPLEMENTED_UNPROVEN	NO_CURRENT_FULL_CLAUSE_DECLARATION; CANDIDATE_MAPPING_ONLY
NREQ-5366f07e807573e1d8b44161a803673f	40	4449	IMPLEMENTED_UNPROVEN	NO_CURRENT_FULL_CLAUSE_DECLARATION; CANDIDATE_MAPPING_ONLY
NREQ-ff652114560d5e968774cd4546b425a2	40	4450	IMPLEMENTED_UNPROVEN	NO_CURRENT_FULL_CLAUSE_DECLARATION; CANDIDATE_MAPPING_ONLY
NREQ-16e322e5d109c660390d2a83d097b7a2	40	4451	IMPLEMENTED_UNPROVEN	NO_CURRENT_FULL_CLAUSE_DECLARATION; CANDIDATE_MAPPING_ONLY
NREQ-59a9230f1db753cbe946cbb2a67b05c5	40	4452	IMPLEMENTED_UNPROVEN	NO_CURRENT_FULL_CLAUSE_DECLARATION; CANDIDATE_MAPPING_ONLY
NREQ-5f2f4c7ed2be1339fa59a2f7b5e36517	40	4453	IMPLEMENTED_UNPROVEN	NO_CURRENT_FULL_CLAUSE_DECLARATION; CANDIDATE_MAPPING_ONLY
NREQ-08847e6d212d13ce8d3e10392e5d46ab	40	4454	IMPLEMENTED_UNPROVEN	NO_CURRENT_FULL_CLAUSE_DECLARATION; CANDIDATE_MAPPING_ONLY
NREQ-9f5169b25e4ad2496f70746998a078ab	40	4455	IMPLEMENTED_UNPROVEN	NO_CURRENT_FULL_CLAUSE_DECLARATION; CANDIDATE_MAPPING_ONLY
NREQ-31bb1a75edffb09f976d700c1d034948	40	4456	IMPLEMENTED_UNPROVEN	NO_CURRENT_FULL_CLAUSE_DECLARATION; CANDIDATE_MAPPING_ONLY
NREQ-30250069d012b98fe5e4565c3462acab	40	4457	IMPLEMENTED_UNPROVEN	NO_CURRENT_FULL_CLAUSE_DECLARATION; CANDIDATE_MAPPING_ONLY
NREQ-bc44555647dcf13ef8d6a9c30bfea627	40	4458	IMPLEMENTED_UNPROVEN	NO_CURRENT_FULL_CLAUSE_DECLARATION; CANDIDATE_MAPPING_ONLY
NREQ-939786608132ae1dfa43ecd6b52c8904	40	4459	IMPLEMENTED_UNPROVEN	NO_CURRENT_FULL_CLAUSE_DECLARATION; CANDIDATE_MAPPING_ONLY
NREQ-6051c9d76ff392bea3f0712cddb00817	40	4460	IMPLEMENTED_UNPROVEN	NO_CURRENT_FULL_CLAUSE_DECLARATION; CANDIDATE_MAPPING_ONLY
NREQ-cc0951ba5a9e8cacfc9314c9c3f4ab3b	40	4461	IMPLEMENTED_UNPROVEN	NO_CURRENT_FULL_CLAUSE_DECLARATION; CANDIDATE_MAPPING_ONLY
NREQ-2bd1d85a957dcebb1adee4e593f21167	41	4467	IMPLEMENTED_UNPROVEN	REVIEWED_CONTEXT_LINKED_TO_MANDATORY_CLAUSES
NREQ-53b8f1d4937c9991d46f73c77849cede	41	4468	IMPLEMENTED_UNPROVEN	NO_CURRENT_FULL_CLAUSE_DECLARATION; CANDIDATE_MAPPING_ONLY
NREQ-e7c3c9a6418856ef4454ce54bde0f159	41	4469	IMPLEMENTED_UNPROVEN	NO_CURRENT_FULL_CLAUSE_DECLARATION; CANDIDATE_MAPPING_ONLY
NREQ-71872be81e35a20b307ee26ba99ec409	41	4470	IMPLEMENTED_UNPROVEN	NO_CURRENT_FULL_CLAUSE_DECLARATION; CANDIDATE_MAPPING_ONLY
NREQ-e8fda49194338ec9b41859d15dafcc0c	41	4471	IMPLEMENTED_UNPROVEN	NO_CURRENT_FULL_CLAUSE_DECLARATION; CANDIDATE_MAPPING_ONLY
NREQ-a2c136fa02448941c5a39300edd1a6b7	41	4472	IMPLEMENTED_UNPROVEN	NO_CURRENT_FULL_CLAUSE_DECLARATION; CANDIDATE_MAPPING_ONLY
NREQ-ac56cf307095585644978e2c5f1a3138	41	4473	IMPLEMENTED_UNPROVEN	NO_CURRENT_FULL_CLAUSE_DECLARATION; CANDIDATE_MAPPING_ONLY
NREQ-210ae33ff7089bb5a028d0c4ab518ab6	41	4474	IMPLEMENTED_UNPROVEN	NO_CURRENT_FULL_CLAUSE_DECLARATION; CANDIDATE_MAPPING_ONLY
NREQ-2599c8bf77ffc339b4377587ed1c4c57	41	4475	IMPLEMENTED_UNPROVEN	NO_CURRENT_FULL_CLAUSE_DECLARATION; CANDIDATE_MAPPING_ONLY
NREQ-03089733806918e95520ff635758daee	41	4476	IMPLEMENTED_UNPROVEN	NO_CURRENT_FULL_CLAUSE_DECLARATION; CANDIDATE_MAPPING_ONLY
NREQ-c5bfbac687d6413f87324e4696915177	41	4477	IMPLEMENTED_UNPROVEN	NO_CURRENT_FULL_CLAUSE_DECLARATION; CANDIDATE_MAPPING_ONLY
NREQ-2786ec2c59482129e936b1e80f38f9c2	41	4478	IMPLEMENTED_UNPROVEN	NO_CURRENT_FULL_CLAUSE_DECLARATION; CANDIDATE_MAPPING_ONLY
NREQ-cd47ba89dd3f7cb5efbaab8b9c58d683	41	4479	IMPLEMENTED_UNPROVEN	NO_CURRENT_FULL_CLAUSE_DECLARATION; CANDIDATE_MAPPING_ONLY
NREQ-420cf5872fbb18b21e0dce2d2ba629eb	41	4481	IMPLEMENTED_UNPROVEN	REVIEWED_CONTEXT_LINKED_TO_MANDATORY_CLAUSES
NREQ-232159dfb55e739fc3b30fdb7247c346	41	4482	IMPLEMENTED_UNPROVEN	NO_CURRENT_FULL_CLAUSE_DECLARATION; CANDIDATE_MAPPING_ONLY
NREQ-22c24a0ba5c7c8db9a3e413078f271cc	41	4483	IMPLEMENTED_UNPROVEN	NO_CURRENT_FULL_CLAUSE_DECLARATION; CANDIDATE_MAPPING_ONLY
NREQ-518facf6a542aab60fca6bd50716e542	41	4484	IMPLEMENTED_UNPROVEN	NO_CURRENT_FULL_CLAUSE_DECLARATION; CANDIDATE_MAPPING_ONLY
NREQ-480fe0d1906ed2364033b0b592a5ef21	41	4485	IMPLEMENTED_UNPROVEN	NO_CURRENT_FULL_CLAUSE_DECLARATION; CANDIDATE_MAPPING_ONLY
NREQ-d96ced9b02608dc6d905960d89aba448	41	4486	IMPLEMENTED_UNPROVEN	NO_CURRENT_FULL_CLAUSE_DECLARATION; CANDIDATE_MAPPING_ONLY
NREQ-d9bb03de6b9d62c815ef6dff7a9fc899	41	4487	IMPLEMENTED_UNPROVEN	NO_CURRENT_FULL_CLAUSE_DECLARATION; CANDIDATE_MAPPING_ONLY
NREQ-441fb5d7e95418b563065a7cb0774e75	41	4488	IMPLEMENTED_UNPROVEN	NO_CURRENT_FULL_CLAUSE_DECLARATION; CANDIDATE_MAPPING_ONLY
NREQ-d534a06dc4b8d63aa27e3f0bb0291901	41	4489	IMPLEMENTED_UNPROVEN	NO_CURRENT_FULL_CLAUSE_DECLARATION; CANDIDATE_MAPPING_ONLY
NREQ-462a92f6420b70d9f6a598e7b2b9bbda	41	4490	IMPLEMENTED_UNPROVEN	NO_CURRENT_FULL_CLAUSE_DECLARATION; CANDIDATE_MAPPING_ONLY
NREQ-d4dd975a9e7f80a9ff4a262fa034a592	41	4491	IMPLEMENTED_UNPROVEN	NO_CURRENT_FULL_CLAUSE_DECLARATION; CANDIDATE_MAPPING_ONLY
NREQ-1f674386c0ee1c65259abcf5e017e70c	41	4493	IMPLEMENTED_UNPROVEN	REVIEWED_CONTEXT_LINKED_TO_MANDATORY_CLAUSES
NREQ-9f983526b7d3e11804b09138949a9efe	41	4494	IMPLEMENTED_UNPROVEN	NO_CURRENT_FULL_CLAUSE_DECLARATION; CANDIDATE_MAPPING_ONLY
NREQ-478942f7323d71354cf74753fc1b83d8	41	4495	IMPLEMENTED_UNPROVEN	NO_CURRENT_FULL_CLAUSE_DECLARATION; CANDIDATE_MAPPING_ONLY
NREQ-3c659e415ef11fca5de4b8899f519b4c	41	4496	IMPLEMENTED_UNPROVEN	NO_CURRENT_FULL_CLAUSE_DECLARATION; CANDIDATE_MAPPING_ONLY
NREQ-c9d43eb823f25d1122c00317c90ecb93	41	4497	IMPLEMENTED_UNPROVEN	NO_CURRENT_FULL_CLAUSE_DECLARATION; CANDIDATE_MAPPING_ONLY
NREQ-b47cd137dad813503040a11c41564743	41	4498	IMPLEMENTED_UNPROVEN	NO_CURRENT_FULL_CLAUSE_DECLARATION; CANDIDATE_MAPPING_ONLY
NREQ-9881e46728a9ac85aeab4d14367b0963	41	4499	IMPLEMENTED_UNPROVEN	NO_CURRENT_FULL_CLAUSE_DECLARATION; CANDIDATE_MAPPING_ONLY
NREQ-b5ef6b2bbd2d6346cb04881aa0529f7c	41	4500	IMPLEMENTED_UNPROVEN	NO_CURRENT_FULL_CLAUSE_DECLARATION; CANDIDATE_MAPPING_ONLY
NREQ-d193632e8bc10648d9b6c894310fa6ee	41	4501	IMPLEMENTED_UNPROVEN	NO_CURRENT_FULL_CLAUSE_DECLARATION; CANDIDATE_MAPPING_ONLY
NREQ-45747a97bbf10c3604926b968f98f438	41	4503	IMPLEMENTED_UNPROVEN	REVIEWED_CONTEXT_LINKED_TO_MANDATORY_CLAUSES
NREQ-f2142edbc9a6afc4692053f849a03c1e	41	4504	IMPLEMENTED_UNPROVEN	NO_CURRENT_FULL_CLAUSE_DECLARATION; CANDIDATE_MAPPING_ONLY
NREQ-aadab750cd6c208ff3eab26fd4a62626	41	4505	IMPLEMENTED_UNPROVEN	NO_CURRENT_FULL_CLAUSE_DECLARATION; CANDIDATE_MAPPING_ONLY
NREQ-70be271288aa2404deae54baa7efa852	41	4506	IMPLEMENTED_UNPROVEN	NO_CURRENT_FULL_CLAUSE_DECLARATION; CANDIDATE_MAPPING_ONLY
NREQ-9b42c385920becf04f2a2ca209f8e8c8	41	4507	IMPLEMENTED_UNPROVEN	NO_CURRENT_FULL_CLAUSE_DECLARATION; CANDIDATE_MAPPING_ONLY
NREQ-59dcd4c2c1ac1f3f996a090dfdef7227	41	4508	IMPLEMENTED_UNPROVEN	NO_CURRENT_FULL_CLAUSE_DECLARATION; CANDIDATE_MAPPING_ONLY
NREQ-b857bddd55ecd37d539cf3ece95c9c6c	41	4509	IMPLEMENTED_UNPROVEN	NO_CURRENT_FULL_CLAUSE_DECLARATION; CANDIDATE_MAPPING_ONLY
NREQ-359b4352e847db6f07bf3f21b892b4e0	41	4511	IMPLEMENTED_UNPROVEN	REVIEWED_CONTEXT_LINKED_TO_MANDATORY_CLAUSES
NREQ-cfdfb9fbb4707967ecdac6c659301a4c	41	4512	IMPLEMENTED_UNPROVEN	NO_CURRENT_FULL_CLAUSE_DECLARATION; CANDIDATE_MAPPING_ONLY
NREQ-c6b33ed071f1aac275503c62add53156	41	4513	IMPLEMENTED_UNPROVEN	NO_CURRENT_FULL_CLAUSE_DECLARATION; CANDIDATE_MAPPING_ONLY
NREQ-324e6589cc84cfcd8008a90dadb0303a	41	4514	IMPLEMENTED_UNPROVEN	NO_CURRENT_FULL_CLAUSE_DECLARATION; CANDIDATE_MAPPING_ONLY
NREQ-4d25af38ce3cbe5334462205e2658868	41	4515	IMPLEMENTED_UNPROVEN	NO_CURRENT_FULL_CLAUSE_DECLARATION; CANDIDATE_MAPPING_ONLY
NREQ-fd3385ef6a745c738922a32d68be55e9	41	4516	IMPLEMENTED_UNPROVEN	NO_CURRENT_FULL_CLAUSE_DECLARATION; CANDIDATE_MAPPING_ONLY
NREQ-9daf2af2a125d2d6e5aea973af5cef38	41	4517	IMPLEMENTED_UNPROVEN	NO_CURRENT_FULL_CLAUSE_DECLARATION; CANDIDATE_MAPPING_ONLY
NREQ-9820a120c7bcc88c073782a71ba6448f	41	4519	IMPLEMENTED_UNPROVEN	REVIEWED_CONTEXT_LINKED_TO_MANDATORY_CLAUSES
NREQ-f7ff0f9e5fc287104e54d920f79d6c45	41	4520	IMPLEMENTED_UNPROVEN	NO_CURRENT_FULL_CLAUSE_DECLARATION; CANDIDATE_MAPPING_ONLY
NREQ-488fb95fccd65b03c2adea22d197501b	41	4521	IMPLEMENTED_UNPROVEN	NO_CURRENT_FULL_CLAUSE_DECLARATION; CANDIDATE_MAPPING_ONLY
NREQ-41f2c521a1aec8cd1785a6a5d79f11cb	41	4522	IMPLEMENTED_UNPROVEN	NO_CURRENT_FULL_CLAUSE_DECLARATION; CANDIDATE_MAPPING_ONLY
NREQ-9913b25f6154a93a5bab7b7c6414e8fa	41	4523	IMPLEMENTED_UNPROVEN	NO_CURRENT_FULL_CLAUSE_DECLARATION; CANDIDATE_MAPPING_ONLY
NREQ-67cb1e7229beeb9af69ce954a2fae469	41	4524	IMPLEMENTED_UNPROVEN	NO_CURRENT_FULL_CLAUSE_DECLARATION; CANDIDATE_MAPPING_ONLY
NREQ-eae88a9eaf3eb6b349247d67fb0c2970	41	4525	IMPLEMENTED_UNPROVEN	NO_CURRENT_FULL_CLAUSE_DECLARATION; CANDIDATE_MAPPING_ONLY
NREQ-0cca124411de61743ed2ca85207809b9	41	4527	IMPLEMENTED_UNPROVEN	REVIEWED_CONTEXT_LINKED_TO_MANDATORY_CLAUSES
NREQ-2295760b2d16752999d995b4fa5e7705	41	4528	IMPLEMENTED_UNPROVEN	NO_CURRENT_FULL_CLAUSE_DECLARATION; CANDIDATE_MAPPING_ONLY
NREQ-73c7917ecf46161ebce71422c725c66b	41	4529	IMPLEMENTED_UNPROVEN	NO_CURRENT_FULL_CLAUSE_DECLARATION; CANDIDATE_MAPPING_ONLY
NREQ-70f2f76b05e10b65446cb0a65e300238	41	4530	IMPLEMENTED_UNPROVEN	NO_CURRENT_FULL_CLAUSE_DECLARATION; CANDIDATE_MAPPING_ONLY
NREQ-58ecc79a0367c959572e7bf1b3c9c07b	41	4531	IMPLEMENTED_UNPROVEN	NO_CURRENT_FULL_CLAUSE_DECLARATION; CANDIDATE_MAPPING_ONLY
NREQ-5670ad547c902946c68c14b305897d98	41	4532	IMPLEMENTED_UNPROVEN	NO_CURRENT_FULL_CLAUSE_DECLARATION; CANDIDATE_MAPPING_ONLY
NREQ-65327daf899cca20a3deb9ec801934cf	41	4533	IMPLEMENTED_UNPROVEN	NO_CURRENT_FULL_CLAUSE_DECLARATION; CANDIDATE_MAPPING_ONLY
NREQ-a047beb44a12645ced9f5304e1921dcb	41	4534	IMPLEMENTED_UNPROVEN	NO_CURRENT_FULL_CLAUSE_DECLARATION; CANDIDATE_MAPPING_ONLY
NREQ-08151c47f743f8f0bcb8f539486b9b2d	41	4535	IMPLEMENTED_UNPROVEN	NO_CURRENT_FULL_CLAUSE_DECLARATION; CANDIDATE_MAPPING_ONLY
NREQ-2cde7d4f1412bb5855bb518074cd0c9f	41	4536	IMPLEMENTED_UNPROVEN	NO_CURRENT_FULL_CLAUSE_DECLARATION; CANDIDATE_MAPPING_ONLY
NREQ-5fef5dde271d800ee41f744dca2f10ce	41	4537	IMPLEMENTED_UNPROVEN	NO_CURRENT_FULL_CLAUSE_DECLARATION; CANDIDATE_MAPPING_ONLY
NREQ-2d3efd67c391f9f2123e1690acd91bb0	41	4538	IMPLEMENTED_UNPROVEN	NO_CURRENT_FULL_CLAUSE_DECLARATION; CANDIDATE_MAPPING_ONLY
NREQ-f2c6c7f37109f84816d0aabbb1b61eb6	41	4539	IMPLEMENTED_UNPROVEN	NO_CURRENT_FULL_CLAUSE_DECLARATION; CANDIDATE_MAPPING_ONLY
NREQ-a540132738870b893ecbabe5555036b7	41	4540	IMPLEMENTED_UNPROVEN	NO_CURRENT_FULL_CLAUSE_DECLARATION; CANDIDATE_MAPPING_ONLY
NREQ-72d58def136576345e20720f7ee5fd04	41	4541	IMPLEMENTED_UNPROVEN	NO_CURRENT_FULL_CLAUSE_DECLARATION; CANDIDATE_MAPPING_ONLY
NREQ-b013f90912d1a9a8c6fcdadba1a4c8d3	41	4542	IMPLEMENTED_UNPROVEN	NO_CURRENT_FULL_CLAUSE_DECLARATION; CANDIDATE_MAPPING_ONLY
NREQ-ffaf6f0ed94b68a643c19b64d4e9273d	41	4543	IMPLEMENTED_UNPROVEN	NO_CURRENT_FULL_CLAUSE_DECLARATION; CANDIDATE_MAPPING_ONLY
NREQ-a8101ad1dc28bc2eb12ad81f435c4dae	41	4544	IMPLEMENTED_UNPROVEN	NO_CURRENT_FULL_CLAUSE_DECLARATION; CANDIDATE_MAPPING_ONLY
NREQ-8c169d6d450b2104b4e87149defa7a31	41	4545	IMPLEMENTED_UNPROVEN	NO_CURRENT_FULL_CLAUSE_DECLARATION; CANDIDATE_MAPPING_ONLY
NREQ-9e767d3b90265b5ea92070c22a5ad755	41	4546	IMPLEMENTED_UNPROVEN	NO_CURRENT_FULL_CLAUSE_DECLARATION; CANDIDATE_MAPPING_ONLY
NREQ-91e750bd44c94b6c7e1700c559cf8430	41	4547	IMPLEMENTED_UNPROVEN	NO_CURRENT_FULL_CLAUSE_DECLARATION; CANDIDATE_MAPPING_ONLY
NREQ-f136e7e42859ce6e5d39dbc4786c7608	41	4549	IMPLEMENTED_UNPROVEN	REVIEWED_CONTEXT_LINKED_TO_MANDATORY_CLAUSES
NREQ-29b3c9251be75958d2fba491d13d9c95	41	4550	IMPLEMENTED_UNPROVEN	NO_CURRENT_FULL_CLAUSE_DECLARATION; CANDIDATE_MAPPING_ONLY
NREQ-8d541ea85e4e8fc9be263f614b93eb12	41	4551	IMPLEMENTED_UNPROVEN	NO_CURRENT_FULL_CLAUSE_DECLARATION; CANDIDATE_MAPPING_ONLY
NREQ-21ef6d93dae0375e0ea3098e3c1c2af0	41	4552	IMPLEMENTED_UNPROVEN	NO_CURRENT_FULL_CLAUSE_DECLARATION; CANDIDATE_MAPPING_ONLY
NREQ-b9fec5f821a19bbbb1022916b6d501b6	41	4553	IMPLEMENTED_UNPROVEN	NO_CURRENT_FULL_CLAUSE_DECLARATION; CANDIDATE_MAPPING_ONLY
NREQ-7e1efceddcb09f71c3cc6d3f2a872d6f	41	4554	IMPLEMENTED_UNPROVEN	NO_CURRENT_FULL_CLAUSE_DECLARATION; CANDIDATE_MAPPING_ONLY
NREQ-e9a6911fbfd6894e31ebd5a7d2a3a4e3	41	4555	IMPLEMENTED_UNPROVEN	NO_CURRENT_FULL_CLAUSE_DECLARATION; CANDIDATE_MAPPING_ONLY
NREQ-e9fe8ff6b390f6e58efacfcac437198f	41	4556	IMPLEMENTED_UNPROVEN	NO_CURRENT_FULL_CLAUSE_DECLARATION; CANDIDATE_MAPPING_ONLY
NREQ-f00b5e77cd0f01c2615eefbd7efd6d23	41	4557	IMPLEMENTED_UNPROVEN	NO_CURRENT_FULL_CLAUSE_DECLARATION; CANDIDATE_MAPPING_ONLY
NREQ-9f72569cb3f5741d0cf6f425b3abd0a0	41	4558	IMPLEMENTED_UNPROVEN	NO_CURRENT_FULL_CLAUSE_DECLARATION; CANDIDATE_MAPPING_ONLY
NREQ-69df747f2a35c28a4d499f4e39fbe37c	41	4559	IMPLEMENTED_UNPROVEN	NO_CURRENT_FULL_CLAUSE_DECLARATION; CANDIDATE_MAPPING_ONLY
NREQ-4726f0ffd186b0293481983ae9f17614	41	4561	IMPLEMENTED_UNPROVEN	REVIEWED_CONTEXT_LINKED_TO_MANDATORY_CLAUSES
NREQ-e71d100060df4b8f179f6cb37d4d01c3	41	4562	IMPLEMENTED_UNPROVEN	NO_CURRENT_FULL_CLAUSE_DECLARATION; CANDIDATE_MAPPING_ONLY
NREQ-7086b6271f031ea452bc3c4050a8925c	41	4563	IMPLEMENTED_UNPROVEN	NO_CURRENT_FULL_CLAUSE_DECLARATION; CANDIDATE_MAPPING_ONLY
NREQ-73878f84293cbf87d45a140af20f5b73	41	4564	IMPLEMENTED_UNPROVEN	NO_CURRENT_FULL_CLAUSE_DECLARATION; CANDIDATE_MAPPING_ONLY
NREQ-da06126f64e647a819c9405a2ceeb940	41	4565	IMPLEMENTED_UNPROVEN	NO_CURRENT_FULL_CLAUSE_DECLARATION; CANDIDATE_MAPPING_ONLY
NREQ-58c0855a503632f46f955be437d6d16b	41	4566	IMPLEMENTED_UNPROVEN	NO_CURRENT_FULL_CLAUSE_DECLARATION; CANDIDATE_MAPPING_ONLY
NREQ-bcb8259cdd39e7f0cd5e86f7c087c679	41	4567	IMPLEMENTED_UNPROVEN	NO_CURRENT_FULL_CLAUSE_DECLARATION; CANDIDATE_MAPPING_ONLY
NREQ-5611fea14e6e2361a9b572d4f58414c9	41	4568	IMPLEMENTED_UNPROVEN	NO_CURRENT_FULL_CLAUSE_DECLARATION; CANDIDATE_MAPPING_ONLY
NREQ-ce4bfb5207cf2f190bcec28609e7cf71	41	4569	IMPLEMENTED_UNPROVEN	NO_CURRENT_FULL_CLAUSE_DECLARATION; CANDIDATE_MAPPING_ONLY
NREQ-59053b4af17eaa2d2a1d65d1e957e4ae	41	4570	IMPLEMENTED_UNPROVEN	NO_CURRENT_FULL_CLAUSE_DECLARATION; CANDIDATE_MAPPING_ONLY
NREQ-0f9bc094c509871a0fb71d7d8420e570	41	4571	IMPLEMENTED_UNPROVEN	NO_CURRENT_FULL_CLAUSE_DECLARATION; CANDIDATE_MAPPING_ONLY
NREQ-7e1744e4abc198adfa937149c350a71b	41	4572	IMPLEMENTED_UNPROVEN	NO_CURRENT_FULL_CLAUSE_DECLARATION; CANDIDATE_MAPPING_ONLY
NREQ-b6ea4fae4d9bce55c5ab2f6c04178b7f	41	4573	IMPLEMENTED_UNPROVEN	NO_CURRENT_FULL_CLAUSE_DECLARATION; CANDIDATE_MAPPING_ONLY
NREQ-18849ac797f835d957134b805a1a1527	41	4574	IMPLEMENTED_UNPROVEN	NO_CURRENT_FULL_CLAUSE_DECLARATION; CANDIDATE_MAPPING_ONLY
NREQ-6e92a2f92d3d7ae07e0a101c30fdc6e6	41	4575	IMPLEMENTED_UNPROVEN	NO_CURRENT_FULL_CLAUSE_DECLARATION; CANDIDATE_MAPPING_ONLY
NREQ-45046b541d8b374e8ac5655f222f6d48	41	4576	IMPLEMENTED_UNPROVEN	NO_CURRENT_FULL_CLAUSE_DECLARATION; CANDIDATE_MAPPING_ONLY
NREQ-6ccc8a20f0c20862dc459a13b2a32ecd	41	4577	IMPLEMENTED_UNPROVEN	NO_CURRENT_FULL_CLAUSE_DECLARATION; CANDIDATE_MAPPING_ONLY
NREQ-d240d04155b39cd59dc96b30fb766e93	41	4578	IMPLEMENTED_UNPROVEN	NO_CURRENT_FULL_CLAUSE_DECLARATION; CANDIDATE_MAPPING_ONLY
NREQ-989a82338511ea3274fa5391b9c743c6	41	4579	IMPLEMENTED_UNPROVEN	NO_CURRENT_FULL_CLAUSE_DECLARATION; CANDIDATE_MAPPING_ONLY
NREQ-df52257b590c657fdc806d6d3ecea69e	41	4580	IMPLEMENTED_UNPROVEN	NO_CURRENT_FULL_CLAUSE_DECLARATION; CANDIDATE_MAPPING_ONLY
NREQ-4fdb73e1248a246e1ef67180d54a7c7f	41	4581	IMPLEMENTED_UNPROVEN	NO_CURRENT_FULL_CLAUSE_DECLARATION; CANDIDATE_MAPPING_ONLY
NREQ-b1b9a23a0d5aa4609f7d6838078bf3af	41	4582	IMPLEMENTED_UNPROVEN	NO_CURRENT_FULL_CLAUSE_DECLARATION; CANDIDATE_MAPPING_ONLY
NREQ-0497e5c4f034d8f739ec4bb85b748ea3	41	4583	IMPLEMENTED_UNPROVEN	NO_CURRENT_FULL_CLAUSE_DECLARATION; CANDIDATE_MAPPING_ONLY
NREQ-bf2b5ab51e6cf1fd067ee7c704e9c5bc	41	4585	IMPLEMENTED_UNPROVEN	REVIEWED_CONTEXT_LINKED_TO_MANDATORY_CLAUSES
NREQ-534aafcae24c7bcea9b02993b854143f	41	4586	IMPLEMENTED_UNPROVEN	NO_CURRENT_FULL_CLAUSE_DECLARATION; CANDIDATE_MAPPING_ONLY
NREQ-a9c609a690399837a68495afc7ada4a5	41	4587	IMPLEMENTED_UNPROVEN	NO_CURRENT_FULL_CLAUSE_DECLARATION; CANDIDATE_MAPPING_ONLY
NREQ-54e6961c36ca01b323a15c0e7997bbc1	41	4588	IMPLEMENTED_UNPROVEN	NO_CURRENT_FULL_CLAUSE_DECLARATION; CANDIDATE_MAPPING_ONLY
NREQ-972513168f9034faaeeed3691ec01b7c	41	4589	IMPLEMENTED_UNPROVEN	NO_CURRENT_FULL_CLAUSE_DECLARATION; CANDIDATE_MAPPING_ONLY
NREQ-f51628847ef01a641ec6fdde6eb5647c	41	4590	IMPLEMENTED_UNPROVEN	NO_CURRENT_FULL_CLAUSE_DECLARATION; CANDIDATE_MAPPING_ONLY
NREQ-737e4e03eba584e636ea51424e67616c	41	4591	IMPLEMENTED_UNPROVEN	NO_CURRENT_FULL_CLAUSE_DECLARATION; CANDIDATE_MAPPING_ONLY
NREQ-08da0e79aaaca2d357abf8e7eea53233	41	4592	IMPLEMENTED_UNPROVEN	NO_CURRENT_FULL_CLAUSE_DECLARATION; CANDIDATE_MAPPING_ONLY
NREQ-37d7485fd77dcad1170c3cb51cde721c	41	4593	IMPLEMENTED_UNPROVEN	NO_CURRENT_FULL_CLAUSE_DECLARATION; CANDIDATE_MAPPING_ONLY
NREQ-83d727233aa232bb13955e010baa2753	41	4594	IMPLEMENTED_UNPROVEN	NO_CURRENT_FULL_CLAUSE_DECLARATION; CANDIDATE_MAPPING_ONLY
NREQ-72625dcca6e25e83a77701610539fff3	41	4595	IMPLEMENTED_UNPROVEN	NO_CURRENT_FULL_CLAUSE_DECLARATION; CANDIDATE_MAPPING_ONLY
NREQ-7126f232fd2eab36ce6ad74202abfb55	41	4596	IMPLEMENTED_UNPROVEN	NO_CURRENT_FULL_CLAUSE_DECLARATION; CANDIDATE_MAPPING_ONLY
NREQ-ad2acc2cb7384338a4728d0a6935230b	41	4597	IMPLEMENTED_UNPROVEN	NO_CURRENT_FULL_CLAUSE_DECLARATION; CANDIDATE_MAPPING_ONLY
NREQ-9ced02a4aeed73bd985fe8e17736a367	41	4598	IMPLEMENTED_UNPROVEN	NO_CURRENT_FULL_CLAUSE_DECLARATION; CANDIDATE_MAPPING_ONLY
NREQ-049298b4975f994f0ec2f4a945e435fe	41	4599	IMPLEMENTED_UNPROVEN	NO_CURRENT_FULL_CLAUSE_DECLARATION; CANDIDATE_MAPPING_ONLY
NREQ-5d5c73fcd447f2e4a28499180c387625	41	4600	IMPLEMENTED_UNPROVEN	NO_CURRENT_FULL_CLAUSE_DECLARATION; CANDIDATE_MAPPING_ONLY
NREQ-51b06c761ca372474702dca42673a025	41	4601	IMPLEMENTED_UNPROVEN	NO_CURRENT_FULL_CLAUSE_DECLARATION; CANDIDATE_MAPPING_ONLY
NREQ-8c2b921fb133f8662acb77935cc35c4f	41	4602	IMPLEMENTED_UNPROVEN	NO_CURRENT_FULL_CLAUSE_DECLARATION; CANDIDATE_MAPPING_ONLY
NREQ-61653ef7941a83c3ac4334775ff0e1bb	41	4603	IMPLEMENTED_UNPROVEN	NO_CURRENT_FULL_CLAUSE_DECLARATION; CANDIDATE_MAPPING_ONLY
NREQ-3af4e1a8f27b80fa2d77e453cd71ec3f	41	4604	IMPLEMENTED_UNPROVEN	NO_CURRENT_FULL_CLAUSE_DECLARATION; CANDIDATE_MAPPING_ONLY
NREQ-637b2e1e8402a9b40ed8fd7a02325797	41	4605	IMPLEMENTED_UNPROVEN	NO_CURRENT_FULL_CLAUSE_DECLARATION; CANDIDATE_MAPPING_ONLY
NREQ-74aea903544518d46711744c7598eff7	41	4607	IMPLEMENTED_UNPROVEN	REVIEWED_CONTEXT_LINKED_TO_MANDATORY_CLAUSES
NREQ-c61ce6263058fb456dd80135ebc67b1d	41	4608	IMPLEMENTED_UNPROVEN	NO_CURRENT_FULL_CLAUSE_DECLARATION; CANDIDATE_MAPPING_ONLY
NREQ-363a5496213e67e57f2bcb80f3a2f76b	41	4609	IMPLEMENTED_UNPROVEN	NO_CURRENT_FULL_CLAUSE_DECLARATION; CANDIDATE_MAPPING_ONLY
NREQ-337fe375022bad61ebf641800a9b5690	41	4610	IMPLEMENTED_UNPROVEN	NO_CURRENT_FULL_CLAUSE_DECLARATION; CANDIDATE_MAPPING_ONLY
NREQ-a98344cf6367d9a135915764f89135bb	41	4611	IMPLEMENTED_UNPROVEN	NO_CURRENT_FULL_CLAUSE_DECLARATION; CANDIDATE_MAPPING_ONLY
NREQ-33c2168d5f53eaf824aa9a6ea24d1593	41	4612	IMPLEMENTED_UNPROVEN	NO_CURRENT_FULL_CLAUSE_DECLARATION; CANDIDATE_MAPPING_ONLY
NREQ-74546f022dc7974d4d8e41d32fb3d902	41	4613	IMPLEMENTED_UNPROVEN	NO_CURRENT_FULL_CLAUSE_DECLARATION; CANDIDATE_MAPPING_ONLY
NREQ-d5e4f2370268e41836b879bdf5ad3e26	41	4614	IMPLEMENTED_UNPROVEN	NO_CURRENT_FULL_CLAUSE_DECLARATION; CANDIDATE_MAPPING_ONLY
NREQ-3ffc78a7f6762e4fc20c4d1661075267	41	4615	IMPLEMENTED_UNPROVEN	NO_CURRENT_FULL_CLAUSE_DECLARATION; CANDIDATE_MAPPING_ONLY
NREQ-b1c809259f6cfca827841845ff8db545	41	4616	IMPLEMENTED_UNPROVEN	NO_CURRENT_FULL_CLAUSE_DECLARATION; CANDIDATE_MAPPING_ONLY
NREQ-29849a8419f4407cfb26f612e9e7ec06	41	4617	IMPLEMENTED_UNPROVEN	NO_CURRENT_FULL_CLAUSE_DECLARATION; CANDIDATE_MAPPING_ONLY
NREQ-00c589398f17498099e5e7f3ad2eab01	41	4618	IMPLEMENTED_UNPROVEN	NO_CURRENT_FULL_CLAUSE_DECLARATION; CANDIDATE_MAPPING_ONLY
NREQ-ca4f6621fb5732f19daa050befaf692d	41	4619	IMPLEMENTED_UNPROVEN	NO_CURRENT_FULL_CLAUSE_DECLARATION; CANDIDATE_MAPPING_ONLY
NREQ-5e3d0f362f8b8b8bf4402ac6487e958e	41	4620	IMPLEMENTED_UNPROVEN	NO_CURRENT_FULL_CLAUSE_DECLARATION; CANDIDATE_MAPPING_ONLY
NREQ-06f23ab7b79e06cd2db8e631569b0c74	41	4622	IMPLEMENTED_UNPROVEN	REVIEWED_CONTEXT_LINKED_TO_MANDATORY_CLAUSES
NREQ-999bfcbd638f3d322eb20c3f05d111a1	41	4623	IMPLEMENTED_UNPROVEN	NO_CURRENT_FULL_CLAUSE_DECLARATION; CANDIDATE_MAPPING_ONLY
NREQ-833f113095c505364c705e6b51da368f	41	4624	IMPLEMENTED_UNPROVEN	NO_CURRENT_FULL_CLAUSE_DECLARATION; CANDIDATE_MAPPING_ONLY
NREQ-11e423a3fa4a091832e2cff987217fc9	41	4625	IMPLEMENTED_UNPROVEN	NO_CURRENT_FULL_CLAUSE_DECLARATION; CANDIDATE_MAPPING_ONLY
NREQ-98db3f379a0483f9dd1925eebe05d6a5	41	4626	IMPLEMENTED_UNPROVEN	NO_CURRENT_FULL_CLAUSE_DECLARATION; CANDIDATE_MAPPING_ONLY
NREQ-5461e93d4aad529441cf561ad4d37d97	41	4627	IMPLEMENTED_UNPROVEN	NO_CURRENT_FULL_CLAUSE_DECLARATION; CANDIDATE_MAPPING_ONLY
NREQ-50960087d80049288c3b8a44c8a1e7da	41	4628	IMPLEMENTED_UNPROVEN	NO_CURRENT_FULL_CLAUSE_DECLARATION; CANDIDATE_MAPPING_ONLY
NREQ-b38ae7865a5a70842352fbe407879583	41	4629	IMPLEMENTED_UNPROVEN	NO_CURRENT_FULL_CLAUSE_DECLARATION; CANDIDATE_MAPPING_ONLY
NREQ-11762ab91b2365b2d7021de2749a4fcb	41	4630	IMPLEMENTED_UNPROVEN	NO_CURRENT_FULL_CLAUSE_DECLARATION; CANDIDATE_MAPPING_ONLY
NREQ-c1d6c828de230b359f3daa32e7c1bbf0	41	4631	IMPLEMENTED_UNPROVEN	NO_CURRENT_FULL_CLAUSE_DECLARATION; CANDIDATE_MAPPING_ONLY
NREQ-ba80f170d0551a6a4f3be140a33aa37f	41	4632	IMPLEMENTED_UNPROVEN	NO_CURRENT_FULL_CLAUSE_DECLARATION; CANDIDATE_MAPPING_ONLY
NREQ-78d3e6a57761d6192681f36cfb738811	41	4633	IMPLEMENTED_UNPROVEN	NO_CURRENT_FULL_CLAUSE_DECLARATION; CANDIDATE_MAPPING_ONLY
NREQ-53b072405ef72a2787810fa557a71295	41	4634	IMPLEMENTED_UNPROVEN	NO_CURRENT_FULL_CLAUSE_DECLARATION; CANDIDATE_MAPPING_ONLY
NREQ-7ba0c6cbb44ad1649aa1e82c6a473338	41	4635	IMPLEMENTED_UNPROVEN	NO_CURRENT_FULL_CLAUSE_DECLARATION; CANDIDATE_MAPPING_ONLY
NREQ-6d462b99b22a6d8caa12308e75812780	41	4636	IMPLEMENTED_UNPROVEN	NO_CURRENT_FULL_CLAUSE_DECLARATION; CANDIDATE_MAPPING_ONLY
NREQ-ec3586a429543c05ca886b7e8dcdc1e4	41	4637	IMPLEMENTED_UNPROVEN	NO_CURRENT_FULL_CLAUSE_DECLARATION; CANDIDATE_MAPPING_ONLY
NREQ-851b85634dc5f741e26bfb1d93269856	41	4638	IMPLEMENTED_UNPROVEN	NO_CURRENT_FULL_CLAUSE_DECLARATION; CANDIDATE_MAPPING_ONLY
NREQ-3f7a578ca832b6f70a024571146fffb2	41	4639	IMPLEMENTED_UNPROVEN	NO_CURRENT_FULL_CLAUSE_DECLARATION; CANDIDATE_MAPPING_ONLY
NREQ-1ccfbc16a3c6fba13ee4af750918f230	41	4641	IMPLEMENTED_UNPROVEN	REVIEWED_CONTEXT_LINKED_TO_MANDATORY_CLAUSES
NREQ-1e6b7f9f3f359f116101da75315eab37	41	4642	IMPLEMENTED_UNPROVEN	NO_CURRENT_FULL_CLAUSE_DECLARATION; CANDIDATE_MAPPING_ONLY
NREQ-559d8789a6216f1c8f82a77f1203cedf	41	4643	IMPLEMENTED_UNPROVEN	NO_CURRENT_FULL_CLAUSE_DECLARATION; CANDIDATE_MAPPING_ONLY
NREQ-f792a68f666e8d038f4d2941168aa236	41	4644	IMPLEMENTED_UNPROVEN	NO_CURRENT_FULL_CLAUSE_DECLARATION; CANDIDATE_MAPPING_ONLY
NREQ-0a1ebc71db2c69f26889f39fda023b1c	41	4645	IMPLEMENTED_UNPROVEN	NO_CURRENT_FULL_CLAUSE_DECLARATION; CANDIDATE_MAPPING_ONLY
NREQ-3e0423144c8ca2b800e6262f8ecb1c22	41	4646	IMPLEMENTED_UNPROVEN	NO_CURRENT_FULL_CLAUSE_DECLARATION; CANDIDATE_MAPPING_ONLY
NREQ-2e1c04abe5e70e9020e4342da174fab7	41	4648	IMPLEMENTED_UNPROVEN	REVIEWED_CONTEXT_LINKED_TO_MANDATORY_CLAUSES
NREQ-618a477114d645243a1d81d1d72c02a8	41	4649	IMPLEMENTED_UNPROVEN	NO_CURRENT_FULL_CLAUSE_DECLARATION; CANDIDATE_MAPPING_ONLY
NREQ-e4ccadda6b657daa292caf33aa43624d	41	4650	IMPLEMENTED_UNPROVEN	NO_CURRENT_FULL_CLAUSE_DECLARATION; CANDIDATE_MAPPING_ONLY
NREQ-5efec9608f3e8919843b55173837e85b	41	4651	IMPLEMENTED_UNPROVEN	NO_CURRENT_FULL_CLAUSE_DECLARATION; CANDIDATE_MAPPING_ONLY
NREQ-fc272ddaa70c24b9c0ccf73d7d6612fd	41	4652	IMPLEMENTED_UNPROVEN	NO_CURRENT_FULL_CLAUSE_DECLARATION; CANDIDATE_MAPPING_ONLY
NREQ-99e22222d825c42858f38e6bb427e5d1	41	4653	IMPLEMENTED_UNPROVEN	NO_CURRENT_FULL_CLAUSE_DECLARATION; CANDIDATE_MAPPING_ONLY
NREQ-8a208a89d7753133985974fbe2e766e2	41	4654	IMPLEMENTED_UNPROVEN	NO_CURRENT_FULL_CLAUSE_DECLARATION; CANDIDATE_MAPPING_ONLY
NREQ-0b75cf0de04b91470d58f814c38da018	41	4655	IMPLEMENTED_UNPROVEN	NO_CURRENT_FULL_CLAUSE_DECLARATION; CANDIDATE_MAPPING_ONLY
NREQ-4a4add5d3ba40f9458faba97212154d7	41	4656	IMPLEMENTED_UNPROVEN	NO_CURRENT_FULL_CLAUSE_DECLARATION; CANDIDATE_MAPPING_ONLY
NREQ-6c8344c991639f679602032bff939d7f	41	4657	IMPLEMENTED_UNPROVEN	NO_CURRENT_FULL_CLAUSE_DECLARATION; CANDIDATE_MAPPING_ONLY
NREQ-3f1b8fcbdc2f1a0fdde538a2efd3a361	41	4658	IMPLEMENTED_UNPROVEN	NO_CURRENT_FULL_CLAUSE_DECLARATION; CANDIDATE_MAPPING_ONLY
NREQ-404a5b1a9db01b3756d96de49e06cf45	41	4659	IMPLEMENTED_UNPROVEN	NO_CURRENT_FULL_CLAUSE_DECLARATION; CANDIDATE_MAPPING_ONLY
NREQ-b81ad0c9d78b0505aaa9ca75439d74c7	41	4660	IMPLEMENTED_UNPROVEN	NO_CURRENT_FULL_CLAUSE_DECLARATION; CANDIDATE_MAPPING_ONLY
NREQ-24e29138c107a37aa9fe0a7d98b85d16	41	4661	IMPLEMENTED_UNPROVEN	NO_CURRENT_FULL_CLAUSE_DECLARATION; CANDIDATE_MAPPING_ONLY
NREQ-203a2511805b7bd67275cdd1c7235435	41	4662	IMPLEMENTED_UNPROVEN	NO_CURRENT_FULL_CLAUSE_DECLARATION; CANDIDATE_MAPPING_ONLY
NREQ-3ccb0f669e08bc81100365d35e10b1fe	41	4663	IMPLEMENTED_UNPROVEN	NO_CURRENT_FULL_CLAUSE_DECLARATION; CANDIDATE_MAPPING_ONLY
NREQ-8a07f306f30f5e9d5a3882992724c4b6	41	4664	IMPLEMENTED_UNPROVEN	NO_CURRENT_FULL_CLAUSE_DECLARATION; CANDIDATE_MAPPING_ONLY
NREQ-c9e894b61e0299a99785196314352ff5	41	4665	IMPLEMENTED_UNPROVEN	NO_CURRENT_FULL_CLAUSE_DECLARATION; CANDIDATE_MAPPING_ONLY
NREQ-92a554fcf6e010050dea478ae8c7e027	41	4666	IMPLEMENTED_UNPROVEN	NO_CURRENT_FULL_CLAUSE_DECLARATION; CANDIDATE_MAPPING_ONLY
NREQ-c80f845f43fb03f65181d85f17ad075d	41	4667	IMPLEMENTED_UNPROVEN	NO_CURRENT_FULL_CLAUSE_DECLARATION; CANDIDATE_MAPPING_ONLY
NREQ-6792efcb5aa26ce133dc059f6d2b8219	41	4668	IMPLEMENTED_UNPROVEN	NO_CURRENT_FULL_CLAUSE_DECLARATION; CANDIDATE_MAPPING_ONLY
NREQ-bd37cae899ac6b7d82e4dd1d6532bc50	41	4669	IMPLEMENTED_UNPROVEN	NO_CURRENT_FULL_CLAUSE_DECLARATION; CANDIDATE_MAPPING_ONLY
NREQ-233cf20e9d3af5935489ccfc1a46115b	41	4670	IMPLEMENTED_UNPROVEN	NO_CURRENT_FULL_CLAUSE_DECLARATION; CANDIDATE_MAPPING_ONLY
NREQ-46c12967f640e54e4df8e00aabcbd5f2	41	4671	IMPLEMENTED_UNPROVEN	NO_CURRENT_FULL_CLAUSE_DECLARATION; CANDIDATE_MAPPING_ONLY
NREQ-5a6fcee8cce40f354109c4c53486ecc1	41	4672	IMPLEMENTED_UNPROVEN	NO_CURRENT_FULL_CLAUSE_DECLARATION; CANDIDATE_MAPPING_ONLY
NREQ-d9cf643e9d1288963b5494bd94d4f8a6	41	4673	IMPLEMENTED_UNPROVEN	NO_CURRENT_FULL_CLAUSE_DECLARATION; CANDIDATE_MAPPING_ONLY
NREQ-90e1baa2d6ff0f636fd89806a801fa56	41	4674	IMPLEMENTED_UNPROVEN	NO_CURRENT_FULL_CLAUSE_DECLARATION; CANDIDATE_MAPPING_ONLY
NREQ-bacd8a1080fe5f3077efd191c053d9ec	41	4675	IMPLEMENTED_UNPROVEN	NO_CURRENT_FULL_CLAUSE_DECLARATION; CANDIDATE_MAPPING_ONLY
NREQ-d96db3a4c698522d67f4590c3b36ab8d	41	4676	IMPLEMENTED_UNPROVEN	NO_CURRENT_FULL_CLAUSE_DECLARATION; CANDIDATE_MAPPING_ONLY
NREQ-19020ce86765042872d76e6676aa0968	41	4677	IMPLEMENTED_UNPROVEN	NO_CURRENT_FULL_CLAUSE_DECLARATION; CANDIDATE_MAPPING_ONLY
NREQ-ee9701e9cbb0481e9c91168d454bd0c8	41	4678	IMPLEMENTED_UNPROVEN	NO_CURRENT_FULL_CLAUSE_DECLARATION; CANDIDATE_MAPPING_ONLY
NREQ-693af143bedfb91eee0f074d5c566f3c	41	4679	IMPLEMENTED_UNPROVEN	NO_CURRENT_FULL_CLAUSE_DECLARATION; CANDIDATE_MAPPING_ONLY
NREQ-5295fa018929d6f20aed3e1e58e70b19	41	4680	IMPLEMENTED_UNPROVEN	NO_CURRENT_FULL_CLAUSE_DECLARATION; CANDIDATE_MAPPING_ONLY
NREQ-97c034cf071717dd562a1fb2e1a048d5	41	4681	IMPLEMENTED_UNPROVEN	NO_CURRENT_FULL_CLAUSE_DECLARATION; CANDIDATE_MAPPING_ONLY
NREQ-8ed7add268e1bd6c3eec9939434b967d	41	4682	IMPLEMENTED_UNPROVEN	NO_CURRENT_FULL_CLAUSE_DECLARATION; CANDIDATE_MAPPING_ONLY
NREQ-a82e9cc86f6339ad84237606b1a00c31	41	4683	IMPLEMENTED_UNPROVEN	NO_CURRENT_FULL_CLAUSE_DECLARATION; CANDIDATE_MAPPING_ONLY
NREQ-bfa0a1eed11a494d9bade15b1f318133	41	4684	IMPLEMENTED_UNPROVEN	NO_CURRENT_FULL_CLAUSE_DECLARATION; CANDIDATE_MAPPING_ONLY
NREQ-63325fd834cddaa41dc941f1e6b0ebf3	41	4685	IMPLEMENTED_UNPROVEN	NO_CURRENT_FULL_CLAUSE_DECLARATION; CANDIDATE_MAPPING_ONLY
NREQ-f629039de150643f7643af8d1d14497b	41	4686	IMPLEMENTED_UNPROVEN	NO_CURRENT_FULL_CLAUSE_DECLARATION; CANDIDATE_MAPPING_ONLY
NREQ-5ff3f0ebe82ad785adad3a4046c55373	41	4687	IMPLEMENTED_UNPROVEN	NO_CURRENT_FULL_CLAUSE_DECLARATION; CANDIDATE_MAPPING_ONLY
NREQ-30caf835fbf2ada7a8072e1baf78fd4d	41	4688	IMPLEMENTED_UNPROVEN	NO_CURRENT_FULL_CLAUSE_DECLARATION; CANDIDATE_MAPPING_ONLY
NREQ-dbeeefd578b71de00a1bb25b0ec49c17	41	4689	IMPLEMENTED_UNPROVEN	NO_CURRENT_FULL_CLAUSE_DECLARATION; CANDIDATE_MAPPING_ONLY
NREQ-08e5d6423be18bae51be160868a69cfc	41	4690	IMPLEMENTED_UNPROVEN	NO_CURRENT_FULL_CLAUSE_DECLARATION; CANDIDATE_MAPPING_ONLY
NREQ-83fdb26a02f567572492e623daecba4f	41	4691	IMPLEMENTED_UNPROVEN	NO_CURRENT_FULL_CLAUSE_DECLARATION; CANDIDATE_MAPPING_ONLY
NREQ-2edd54c3f87247a5af1182cb4561ebd4	41	4692	IMPLEMENTED_UNPROVEN	NO_CURRENT_FULL_CLAUSE_DECLARATION; CANDIDATE_MAPPING_ONLY
NREQ-011f2d68a74b867d684d6e8145798351	41	4693	IMPLEMENTED_UNPROVEN	NO_CURRENT_FULL_CLAUSE_DECLARATION; CANDIDATE_MAPPING_ONLY
NREQ-7df56f818a3147c04aac314073ed745e	41	4694	IMPLEMENTED_UNPROVEN	NO_CURRENT_FULL_CLAUSE_DECLARATION; CANDIDATE_MAPPING_ONLY
NREQ-4abce0fe91bcf2e15be186f6c17be50e	41	4695	IMPLEMENTED_UNPROVEN	NO_CURRENT_FULL_CLAUSE_DECLARATION; CANDIDATE_MAPPING_ONLY
NREQ-928e2a4bee2786f0bfd47dd85548bdaa	41	4696	IMPLEMENTED_UNPROVEN	NO_CURRENT_FULL_CLAUSE_DECLARATION; CANDIDATE_MAPPING_ONLY
NREQ-f550deb800b8bcfb5b01c076a579c1f0	41	4697	IMPLEMENTED_UNPROVEN	NO_CURRENT_FULL_CLAUSE_DECLARATION; CANDIDATE_MAPPING_ONLY
NREQ-ba8f093b547d0ff37879e1712857fe57	41	4698	IMPLEMENTED_UNPROVEN	NO_CURRENT_FULL_CLAUSE_DECLARATION; CANDIDATE_MAPPING_ONLY
NREQ-c32981809413acb82f0913833b2c86db	41	4699	IMPLEMENTED_UNPROVEN	NO_CURRENT_FULL_CLAUSE_DECLARATION; CANDIDATE_MAPPING_ONLY
NREQ-f7d22bdd8375c681a04c18d4c237b459	41	4700	IMPLEMENTED_UNPROVEN	NO_CURRENT_FULL_CLAUSE_DECLARATION; CANDIDATE_MAPPING_ONLY
NREQ-8a9b4ae8fd1eeccf0900340e4c7750e3	41	4701	IMPLEMENTED_UNPROVEN	NO_CURRENT_FULL_CLAUSE_DECLARATION; CANDIDATE_MAPPING_ONLY
NREQ-d098d2d58943aa97ac42c652b65b9d84	41	4702	IMPLEMENTED_UNPROVEN	NO_CURRENT_FULL_CLAUSE_DECLARATION; CANDIDATE_MAPPING_ONLY
NREQ-5130cc71df4fee64aa0f63dddabbc7a9	41	4703	IMPLEMENTED_UNPROVEN	NO_CURRENT_FULL_CLAUSE_DECLARATION; CANDIDATE_MAPPING_ONLY
NREQ-e51f6f56d854aff2f9a9d15edc631bf6	41	4704	IMPLEMENTED_UNPROVEN	NO_CURRENT_FULL_CLAUSE_DECLARATION; CANDIDATE_MAPPING_ONLY
NREQ-d184bf6b8c10c4f69fdde86e8308ee52	41	4705	IMPLEMENTED_UNPROVEN	NO_CURRENT_FULL_CLAUSE_DECLARATION; CANDIDATE_MAPPING_ONLY
NREQ-647e33c874115f674aff6bb6b5efc818	41	4706	IMPLEMENTED_UNPROVEN	NO_CURRENT_FULL_CLAUSE_DECLARATION; CANDIDATE_MAPPING_ONLY
NREQ-d488ed74b9f506333a1737eedbf99792	41	4707	IMPLEMENTED_UNPROVEN	NO_CURRENT_FULL_CLAUSE_DECLARATION; CANDIDATE_MAPPING_ONLY
NREQ-56363e4bbb5fb1933a64ed2762fc887d	41	4708	IMPLEMENTED_UNPROVEN	NO_CURRENT_FULL_CLAUSE_DECLARATION; CANDIDATE_MAPPING_ONLY
NREQ-4dcd2760b86a5a985ccfd04ad8b88905	41	4709	IMPLEMENTED_UNPROVEN	NO_CURRENT_FULL_CLAUSE_DECLARATION; CANDIDATE_MAPPING_ONLY
NREQ-80156e28d04d13bdffe9b6f6531c82a0	41	4710	IMPLEMENTED_UNPROVEN	NO_CURRENT_FULL_CLAUSE_DECLARATION; CANDIDATE_MAPPING_ONLY
NREQ-7af0fbff2d332ba0be805944552b1730	41	4711	IMPLEMENTED_UNPROVEN	NO_CURRENT_FULL_CLAUSE_DECLARATION; CANDIDATE_MAPPING_ONLY
NREQ-89c0571293fc3c832e4f1398dcf37175	41	4712	IMPLEMENTED_UNPROVEN	NO_CURRENT_FULL_CLAUSE_DECLARATION; CANDIDATE_MAPPING_ONLY
NREQ-13f164d5c9d338db54b142b2e22ec9a4	41	4713	IMPLEMENTED_UNPROVEN	NO_CURRENT_FULL_CLAUSE_DECLARATION; CANDIDATE_MAPPING_ONLY
NREQ-b2ea106c0373b1a7a9ac3f98dbef6fe7	41	4714	IMPLEMENTED_UNPROVEN	NO_CURRENT_FULL_CLAUSE_DECLARATION; CANDIDATE_MAPPING_ONLY
NREQ-2bbf10b970acb8382c6def922798d68a	41	4715	IMPLEMENTED_UNPROVEN	NO_CURRENT_FULL_CLAUSE_DECLARATION; CANDIDATE_MAPPING_ONLY
NREQ-cde9bece5f95a0c4e112da15ee50bcb3	41	4716	IMPLEMENTED_UNPROVEN	NO_CURRENT_FULL_CLAUSE_DECLARATION; CANDIDATE_MAPPING_ONLY
NREQ-4e26870a58c0a52b4658a54e62373455	41	4717	IMPLEMENTED_UNPROVEN	NO_CURRENT_FULL_CLAUSE_DECLARATION; CANDIDATE_MAPPING_ONLY
NREQ-d4c01d3f0aea197ebf6930f5488a16db	41	4718	IMPLEMENTED_UNPROVEN	NO_CURRENT_FULL_CLAUSE_DECLARATION; CANDIDATE_MAPPING_ONLY
NREQ-2cf743d3013c35198948ed58b599158b	41	4719	IMPLEMENTED_UNPROVEN	NO_CURRENT_FULL_CLAUSE_DECLARATION; CANDIDATE_MAPPING_ONLY
NREQ-27843bde3a5ca3ddfb19cd8c3f1a33dd	41	4720	IMPLEMENTED_UNPROVEN	NO_CURRENT_FULL_CLAUSE_DECLARATION; CANDIDATE_MAPPING_ONLY
NREQ-5d7003a5c0d2748ae54ce67227e4e197	41	4721	IMPLEMENTED_UNPROVEN	NO_CURRENT_FULL_CLAUSE_DECLARATION; CANDIDATE_MAPPING_ONLY
NREQ-d5acc6d62c654ed102d896334a62d7e1	41	4722	IMPLEMENTED_UNPROVEN	NO_CURRENT_FULL_CLAUSE_DECLARATION; CANDIDATE_MAPPING_ONLY
NREQ-5c9143cc5686fbc2559a0dc0f508558e	41	4723	IMPLEMENTED_UNPROVEN	NO_CURRENT_FULL_CLAUSE_DECLARATION; CANDIDATE_MAPPING_ONLY
NREQ-529e6a0ff17016fc649a4337a4881cb8	41	4724	IMPLEMENTED_UNPROVEN	NO_CURRENT_FULL_CLAUSE_DECLARATION; CANDIDATE_MAPPING_ONLY
NREQ-0fd05b2e1a9a153e6fe6ad495da6ca37	41	4725	IMPLEMENTED_UNPROVEN	NO_CURRENT_FULL_CLAUSE_DECLARATION; CANDIDATE_MAPPING_ONLY
NREQ-3f4959cd85ce83c3f29dd413f1d4c912	41	4726	IMPLEMENTED_UNPROVEN	NO_CURRENT_FULL_CLAUSE_DECLARATION; CANDIDATE_MAPPING_ONLY
NREQ-efbf3cbc5bce63abf48609c5699a83fa	41	4727	IMPLEMENTED_UNPROVEN	NO_CURRENT_FULL_CLAUSE_DECLARATION; CANDIDATE_MAPPING_ONLY
NREQ-670b6815d8c435ff0cf3913cfb8ff3b1	41	4728	IMPLEMENTED_UNPROVEN	NO_CURRENT_FULL_CLAUSE_DECLARATION; CANDIDATE_MAPPING_ONLY
NREQ-14b50ef20bf8b931c75230cdc535727c	41	4729	IMPLEMENTED_UNPROVEN	NO_CURRENT_FULL_CLAUSE_DECLARATION; CANDIDATE_MAPPING_ONLY
NREQ-056d94294fab4d8bee6a15935ae3c154	41	4730	IMPLEMENTED_UNPROVEN	NO_CURRENT_FULL_CLAUSE_DECLARATION; CANDIDATE_MAPPING_ONLY
NREQ-715091a6897ca17c58e1a10be9b8ed72	41	4731	IMPLEMENTED_UNPROVEN	NO_CURRENT_FULL_CLAUSE_DECLARATION; CANDIDATE_MAPPING_ONLY
NREQ-ac1a011faab65abbc347af97dba388ca	41	4732	IMPLEMENTED_UNPROVEN	NO_CURRENT_FULL_CLAUSE_DECLARATION; CANDIDATE_MAPPING_ONLY
NREQ-a3e563fb54ab6f49d4d1bb9c171e6b47	41	4733	IMPLEMENTED_UNPROVEN	NO_CURRENT_FULL_CLAUSE_DECLARATION; CANDIDATE_MAPPING_ONLY
NREQ-b1ba97b330b44add6cd21c4efa8a1a08	41	4734	IMPLEMENTED_UNPROVEN	NO_CURRENT_FULL_CLAUSE_DECLARATION; CANDIDATE_MAPPING_ONLY
NREQ-fd362ed186d100212ec89cedef875208	41	4735	IMPLEMENTED_UNPROVEN	NO_CURRENT_FULL_CLAUSE_DECLARATION; CANDIDATE_MAPPING_ONLY
NREQ-b2dac4225e303bcdd777d3b2cb167fec	41	4736	IMPLEMENTED_UNPROVEN	NO_CURRENT_FULL_CLAUSE_DECLARATION; CANDIDATE_MAPPING_ONLY
NREQ-97da15ed1800f6470e3880603071153f	41	4737	IMPLEMENTED_UNPROVEN	NO_CURRENT_FULL_CLAUSE_DECLARATION; CANDIDATE_MAPPING_ONLY
NREQ-88d783a17791c6024c240c65e58a8680	41	4738	IMPLEMENTED_UNPROVEN	NO_CURRENT_FULL_CLAUSE_DECLARATION; CANDIDATE_MAPPING_ONLY
NREQ-e5d858469f2b49ad676266c752c7b5bd	41	4739	IMPLEMENTED_UNPROVEN	NO_CURRENT_FULL_CLAUSE_DECLARATION; CANDIDATE_MAPPING_ONLY
NREQ-5be5fc2359db8c312f31954391997c98	41	4740	IMPLEMENTED_UNPROVEN	NO_CURRENT_FULL_CLAUSE_DECLARATION; CANDIDATE_MAPPING_ONLY
NREQ-4c8b5d57a699cf6725efb45bc79d544f	41	4741	IMPLEMENTED_UNPROVEN	NO_CURRENT_FULL_CLAUSE_DECLARATION; CANDIDATE_MAPPING_ONLY
NREQ-8a2739f6d19808f3e3774e7496584f3a	41	4742	IMPLEMENTED_UNPROVEN	NO_CURRENT_FULL_CLAUSE_DECLARATION; CANDIDATE_MAPPING_ONLY
NREQ-c323c5269f25094fda1ee794ae5c60f5	42	4748	IMPLEMENTED_UNPROVEN	REVIEWED_CONTEXT_LINKED_TO_MANDATORY_CLAUSES
NREQ-6035095a10bf0ed05d7465d170587602	42	4749	IMPLEMENTED_UNPROVEN	NO_CURRENT_FULL_CLAUSE_DECLARATION; CANDIDATE_MAPPING_ONLY
NREQ-7be9f7af0b7913126c7289a30fec2be2	42	4750	IMPLEMENTED_UNPROVEN	NO_CURRENT_FULL_CLAUSE_DECLARATION; CANDIDATE_MAPPING_ONLY
NREQ-a7a0e65d8ded8515745d3fbc469872cf	42	4751	IMPLEMENTED_UNPROVEN	NO_CURRENT_FULL_CLAUSE_DECLARATION; CANDIDATE_MAPPING_ONLY
NREQ-f092ff4f0af59f84ce8a67460c8d094a	42	4752	IMPLEMENTED_UNPROVEN	NO_CURRENT_FULL_CLAUSE_DECLARATION; CANDIDATE_MAPPING_ONLY
NREQ-318da161cc5f30f33449238ba3870773	42	4753	IMPLEMENTED_UNPROVEN	CURRENT_REVIEWED_DESIGN_REQUIRES_EXECUTED_OBSERVATIONS
NREQ-6570b18b49093c903ebf52690094316a	42	4754	IMPLEMENTED_UNPROVEN	NO_CURRENT_FULL_CLAUSE_DECLARATION; CANDIDATE_MAPPING_ONLY
NREQ-3e12b5242a7e6e67550c5f2340d8601c	42	4755	IMPLEMENTED_UNPROVEN	NO_CURRENT_FULL_CLAUSE_DECLARATION; CANDIDATE_MAPPING_ONLY
NREQ-6789a3daa361dd675dbdb42563d1b556	42	4756	IMPLEMENTED_UNPROVEN	NO_CURRENT_FULL_CLAUSE_DECLARATION; CANDIDATE_MAPPING_ONLY
NREQ-c3f9bb9ae33a3da19ad1491938f3b910	42	4757	IMPLEMENTED_UNPROVEN	NO_CURRENT_FULL_CLAUSE_DECLARATION; CANDIDATE_MAPPING_ONLY
NREQ-8f4ae94053d0807f1e6b1a90870d0c77	42	4758	IMPLEMENTED_UNPROVEN	NO_CURRENT_FULL_CLAUSE_DECLARATION; CANDIDATE_MAPPING_ONLY
NREQ-db3a774ed6e4eabc3ea9b70e403d3baa	42	4759	IMPLEMENTED_UNPROVEN	NO_CURRENT_FULL_CLAUSE_DECLARATION; CANDIDATE_MAPPING_ONLY
NREQ-c5e25518a74be5fa7b70e8de93264c0a	42	4760	IMPLEMENTED_UNPROVEN	NO_CURRENT_FULL_CLAUSE_DECLARATION; CANDIDATE_MAPPING_ONLY
NREQ-541ed09d346de55f4edb60a3e4730c52	42	4761	IMPLEMENTED_UNPROVEN	NO_CURRENT_FULL_CLAUSE_DECLARATION; CANDIDATE_MAPPING_ONLY
NREQ-630038943bc0d4bb7a62c84bfb8a83f4	42	4762	IMPLEMENTED_UNPROVEN	NO_CURRENT_FULL_CLAUSE_DECLARATION; CANDIDATE_MAPPING_ONLY
NREQ-1d062866be29a0d9ceffcf35380f9f0d	42	4763	IMPLEMENTED_UNPROVEN	NO_CURRENT_FULL_CLAUSE_DECLARATION; CANDIDATE_MAPPING_ONLY
NREQ-77b7d82cd6ff1455643b82d71dd275f9	42	4764	IMPLEMENTED_UNPROVEN	NO_CURRENT_FULL_CLAUSE_DECLARATION; CANDIDATE_MAPPING_ONLY
NREQ-aab50237cc7f8a5259b3c4064d6753c6	42	4765	IMPLEMENTED_UNPROVEN	NO_CURRENT_FULL_CLAUSE_DECLARATION; CANDIDATE_MAPPING_ONLY
NREQ-8140a893ff935afc651d00380610d50f	42	4766	IMPLEMENTED_UNPROVEN	NO_CURRENT_FULL_CLAUSE_DECLARATION; CANDIDATE_MAPPING_ONLY
NREQ-b3125d401fb4ee91d7c8b3befdd7db73	42	4767	IMPLEMENTED_UNPROVEN	NO_CURRENT_FULL_CLAUSE_DECLARATION; CANDIDATE_MAPPING_ONLY
NREQ-ecd61bb2e571c6e2372e1bd1c23e70d5	42	4768	IMPLEMENTED_UNPROVEN	NO_CURRENT_FULL_CLAUSE_DECLARATION; CANDIDATE_MAPPING_ONLY
NREQ-384d468ca927b85ed4fcd94de40fa15a	42	4769	IMPLEMENTED_UNPROVEN	NO_CURRENT_FULL_CLAUSE_DECLARATION; CANDIDATE_MAPPING_ONLY
NREQ-4dbba1e28d2ddfb5632e8379b47133e9	42	4770	IMPLEMENTED_UNPROVEN	NO_CURRENT_FULL_CLAUSE_DECLARATION; CANDIDATE_MAPPING_ONLY
NREQ-92d4ca217584904bab5bc357cc0735ee	42	4771	IMPLEMENTED_UNPROVEN	NO_CURRENT_FULL_CLAUSE_DECLARATION; CANDIDATE_MAPPING_ONLY
NREQ-519791a8273abc8b32cf463f70f883b1	42	4772	IMPLEMENTED_UNPROVEN	NO_CURRENT_FULL_CLAUSE_DECLARATION; CANDIDATE_MAPPING_ONLY
NREQ-b3000c37f095bad8a802198289e26ca0	42	4773	IMPLEMENTED_UNPROVEN	NO_CURRENT_FULL_CLAUSE_DECLARATION; CANDIDATE_MAPPING_ONLY
NREQ-d67547b5e60d800b35c16ceb55679305	42	4774	IMPLEMENTED_UNPROVEN	NO_CURRENT_FULL_CLAUSE_DECLARATION; CANDIDATE_MAPPING_ONLY
NREQ-552797b251013c32b33181269120b824	42	4775	IMPLEMENTED_UNPROVEN	NO_CURRENT_FULL_CLAUSE_DECLARATION; CANDIDATE_MAPPING_ONLY
NREQ-dace94abf4f89ae59986c58e0daae7f5	42	4776	IMPLEMENTED_UNPROVEN	NO_CURRENT_FULL_CLAUSE_DECLARATION; CANDIDATE_MAPPING_ONLY
NREQ-f078b4ed1bf6965969ab2bf1d1f5db64	42	4777	IMPLEMENTED_UNPROVEN	NO_CURRENT_FULL_CLAUSE_DECLARATION; CANDIDATE_MAPPING_ONLY
NREQ-8bbe92f484adb59b7bed2ab6f400b091	42	4778	IMPLEMENTED_UNPROVEN	NO_CURRENT_FULL_CLAUSE_DECLARATION; CANDIDATE_MAPPING_ONLY
NREQ-a92075da1473d25800d43bc86c1886bc	42	4779	IMPLEMENTED_UNPROVEN	NO_CURRENT_FULL_CLAUSE_DECLARATION; CANDIDATE_MAPPING_ONLY
NREQ-037b0447c8b1f6e604bc147a32a3cf18	42	4780	IMPLEMENTED_UNPROVEN	NO_CURRENT_FULL_CLAUSE_DECLARATION; CANDIDATE_MAPPING_ONLY
NREQ-576b7c04d0ec282294929d7d3f390169	42	4781	IMPLEMENTED_UNPROVEN	NO_CURRENT_FULL_CLAUSE_DECLARATION; CANDIDATE_MAPPING_ONLY
NREQ-209ad14f0dfab66322503078671a47d2	42	4782	IMPLEMENTED_UNPROVEN	NO_CURRENT_FULL_CLAUSE_DECLARATION; CANDIDATE_MAPPING_ONLY
NREQ-fffbb0e8f6cdfddb8482fd02795d7cd0	42	4783	IMPLEMENTED_UNPROVEN	NO_CURRENT_FULL_CLAUSE_DECLARATION; CANDIDATE_MAPPING_ONLY
NREQ-0005049889063a2551f144189aa7efa1	42	4784	IMPLEMENTED_UNPROVEN	NO_CURRENT_FULL_CLAUSE_DECLARATION; CANDIDATE_MAPPING_ONLY
NREQ-800c60fb9e2f47e23e0aa95a4980f329	42	4785	IMPLEMENTED_UNPROVEN	NO_CURRENT_FULL_CLAUSE_DECLARATION; CANDIDATE_MAPPING_ONLY
NREQ-e4ef6f144b21e433257dd9d9d29c5fc9	42	4786	IMPLEMENTED_UNPROVEN	NO_CURRENT_FULL_CLAUSE_DECLARATION; CANDIDATE_MAPPING_ONLY
NREQ-1a635b514dc030428c4d3cfa5312036e	42	4787	IMPLEMENTED_UNPROVEN	NO_CURRENT_FULL_CLAUSE_DECLARATION; CANDIDATE_MAPPING_ONLY
NREQ-bf10319085f016b4c385537f19b582f1	42	4788	IMPLEMENTED_UNPROVEN	NO_CURRENT_FULL_CLAUSE_DECLARATION; CANDIDATE_MAPPING_ONLY
NREQ-a87106d619a159ce6f81f5b953820b7a	42	4789	IMPLEMENTED_UNPROVEN	NO_CURRENT_FULL_CLAUSE_DECLARATION; CANDIDATE_MAPPING_ONLY
NREQ-db1cecf5c7c4843f68d260ebb653b693	42	4790	IMPLEMENTED_UNPROVEN	NO_CURRENT_FULL_CLAUSE_DECLARATION; CANDIDATE_MAPPING_ONLY
NREQ-29b5931587da51c1a0cffac238163cb3	42	4791	IMPLEMENTED_UNPROVEN	NO_CURRENT_FULL_CLAUSE_DECLARATION; CANDIDATE_MAPPING_ONLY
NREQ-0f7b1d6e1d81d7cc0423afbdbc38028e	42	4792	IMPLEMENTED_UNPROVEN	NO_CURRENT_FULL_CLAUSE_DECLARATION; CANDIDATE_MAPPING_ONLY
NREQ-2784f1168121c865158035d868fe1973	42	4793	IMPLEMENTED_UNPROVEN	NO_CURRENT_FULL_CLAUSE_DECLARATION; CANDIDATE_MAPPING_ONLY
NREQ-9a5979ed71eb2d51f45d679cd2df2234	42	4794	IMPLEMENTED_UNPROVEN	NO_CURRENT_FULL_CLAUSE_DECLARATION; CANDIDATE_MAPPING_ONLY
NREQ-5b184edcae47f2e4aee597b41466765f	42	4796	IMPLEMENTED_UNPROVEN	REVIEWED_CONTEXT_LINKED_TO_MANDATORY_CLAUSES
NREQ-254269c09e323496eb4c606ae44cf16e	42	4797	IMPLEMENTED_UNPROVEN	NO_CURRENT_FULL_CLAUSE_DECLARATION; CANDIDATE_MAPPING_ONLY
NREQ-00b95ee969e57367dea12be87d9bc2f3	42	4798	IMPLEMENTED_UNPROVEN	NO_CURRENT_FULL_CLAUSE_DECLARATION; CANDIDATE_MAPPING_ONLY
NREQ-72fc7ee345ea2f635811e99995f72fef	42	4799	IMPLEMENTED_UNPROVEN	NO_CURRENT_FULL_CLAUSE_DECLARATION; CANDIDATE_MAPPING_ONLY
NREQ-88a392ae6e98a8b30bbe1229015d0af5	42	4800	IMPLEMENTED_UNPROVEN	NO_CURRENT_FULL_CLAUSE_DECLARATION; CANDIDATE_MAPPING_ONLY
NREQ-446b145ac31ccc5541b5227c561eba2b	42	4801	IMPLEMENTED_UNPROVEN	NO_CURRENT_FULL_CLAUSE_DECLARATION; CANDIDATE_MAPPING_ONLY
NREQ-36b04577f78fe4c72a2f402eb5a9d27d	42	4802	IMPLEMENTED_UNPROVEN	NO_CURRENT_FULL_CLAUSE_DECLARATION; CANDIDATE_MAPPING_ONLY
NREQ-e9e60cbcc363c173c94b2db6e6a92fa4	42	4803	IMPLEMENTED_UNPROVEN	NO_CURRENT_FULL_CLAUSE_DECLARATION; CANDIDATE_MAPPING_ONLY
NREQ-cdb594604feb0eee319868beb23e8c18	42	4804	IMPLEMENTED_UNPROVEN	NO_CURRENT_FULL_CLAUSE_DECLARATION; CANDIDATE_MAPPING_ONLY
NREQ-56c1f871cf4bedd9dacfffe068284d67	42	4805	IMPLEMENTED_UNPROVEN	NO_CURRENT_FULL_CLAUSE_DECLARATION; CANDIDATE_MAPPING_ONLY
NREQ-210a90fc03afaa1602a2f298c6fd935c	42	4806	IMPLEMENTED_UNPROVEN	NO_CURRENT_FULL_CLAUSE_DECLARATION; CANDIDATE_MAPPING_ONLY
NREQ-4b663608232d750fadbd4c3bb4778240	42	4807	IMPLEMENTED_UNPROVEN	NO_CURRENT_FULL_CLAUSE_DECLARATION; CANDIDATE_MAPPING_ONLY
NREQ-4544b6239343aeb1f08789ba1df8fdf2	42	4808	IMPLEMENTED_UNPROVEN	NO_CURRENT_FULL_CLAUSE_DECLARATION; CANDIDATE_MAPPING_ONLY
NREQ-a35b7a6076b3def511b585a9e1546660	42	4809	IMPLEMENTED_UNPROVEN	NO_CURRENT_FULL_CLAUSE_DECLARATION; CANDIDATE_MAPPING_ONLY
NREQ-7e1045cbb8f4826111a6b5c06e6e6c21	42	4810	IMPLEMENTED_UNPROVEN	NO_CURRENT_FULL_CLAUSE_DECLARATION; CANDIDATE_MAPPING_ONLY
NREQ-fcf74facdd1a494b15af4644c8b0aa75	43	4816	IMPLEMENTED_UNPROVEN	NO_CURRENT_FULL_CLAUSE_DECLARATION; CANDIDATE_MAPPING_ONLY
NREQ-11d83df8fd7742ef79e814d0355bcfee	43	4817	IMPLEMENTED_UNPROVEN	NO_CURRENT_FULL_CLAUSE_DECLARATION; CANDIDATE_MAPPING_ONLY
NREQ-52928b911ddc05b4ef7ed83da1caa409	43	4818	IMPLEMENTED_UNPROVEN	NO_CURRENT_FULL_CLAUSE_DECLARATION; CANDIDATE_MAPPING_ONLY
NREQ-92096eb2c3dd76fe8d73cc0131b30e04	43	4819	IMPLEMENTED_UNPROVEN	NO_CURRENT_FULL_CLAUSE_DECLARATION; CANDIDATE_MAPPING_ONLY
NREQ-b9f6354c9cac7aebe49eab7f724a905b	43	4820	IMPLEMENTED_UNPROVEN	NO_CURRENT_FULL_CLAUSE_DECLARATION; CANDIDATE_MAPPING_ONLY
NREQ-a53a17fd20b3c9c95795a78a010da7b3	43	4822	IMPLEMENTED_UNPROVEN	REVIEWED_CONTEXT_LINKED_TO_MANDATORY_CLAUSES
NREQ-ef34883d7990c67a02fd49e4d7fb4290	43	4823	IMPLEMENTED_UNPROVEN	NO_CURRENT_FULL_CLAUSE_DECLARATION; CANDIDATE_MAPPING_ONLY
NREQ-0dcfc4a66e6124fb0e2cf728da7af1bb	43	4824	IMPLEMENTED_UNPROVEN	NO_CURRENT_FULL_CLAUSE_DECLARATION; CANDIDATE_MAPPING_ONLY
NREQ-890febf497c262d16847f988111b9717	43	4825	IMPLEMENTED_UNPROVEN	NO_CURRENT_FULL_CLAUSE_DECLARATION; CANDIDATE_MAPPING_ONLY
NREQ-8d616d3d15efd1378860e1a8359d3210	43	4826	IMPLEMENTED_UNPROVEN	NO_CURRENT_FULL_CLAUSE_DECLARATION; CANDIDATE_MAPPING_ONLY
NREQ-876001fa3e2354a438141ad45c02906a	43	4827	IMPLEMENTED_UNPROVEN	NO_CURRENT_FULL_CLAUSE_DECLARATION; CANDIDATE_MAPPING_ONLY
NREQ-a2dae2008d3432d73406f53b8fed366b	43	4828	IMPLEMENTED_UNPROVEN	NO_CURRENT_FULL_CLAUSE_DECLARATION; CANDIDATE_MAPPING_ONLY
NREQ-efdd6d05f9193ca0a6cfe67aa57937a4	43	4829	IMPLEMENTED_UNPROVEN	NO_CURRENT_FULL_CLAUSE_DECLARATION; CANDIDATE_MAPPING_ONLY
NREQ-8cf7d789d4222776da7046209bd28999	43	4830	IMPLEMENTED_UNPROVEN	NO_CURRENT_FULL_CLAUSE_DECLARATION; CANDIDATE_MAPPING_ONLY
NREQ-6351b949144d7a92d83e40eb413f3eab	43	4831	IMPLEMENTED_UNPROVEN	NO_CURRENT_FULL_CLAUSE_DECLARATION; CANDIDATE_MAPPING_ONLY
NREQ-3e923478abbef022794550610a94f041	43	4832	IMPLEMENTED_UNPROVEN	NO_CURRENT_FULL_CLAUSE_DECLARATION; CANDIDATE_MAPPING_ONLY
NREQ-9590a74410136a1eb148fea10a556ea3	43	4833	IMPLEMENTED_UNPROVEN	NO_CURRENT_FULL_CLAUSE_DECLARATION; CANDIDATE_MAPPING_ONLY
NREQ-f6c12b808dcaeea9b0753e2d13e7b889	43	4834	IMPLEMENTED_UNPROVEN	NO_CURRENT_FULL_CLAUSE_DECLARATION; CANDIDATE_MAPPING_ONLY
NREQ-691cc547a6bd4a93fdb72fa80fbc5786	43	4835	IMPLEMENTED_UNPROVEN	NO_CURRENT_FULL_CLAUSE_DECLARATION; CANDIDATE_MAPPING_ONLY
NREQ-f7afca4b77d3e6258ca8463a66527777	43	4836	IMPLEMENTED_UNPROVEN	NO_CURRENT_FULL_CLAUSE_DECLARATION; CANDIDATE_MAPPING_ONLY
NREQ-11b3080b0178e50ab05ea70ca3f66395	43	4837	IMPLEMENTED_UNPROVEN	NO_CURRENT_FULL_CLAUSE_DECLARATION; CANDIDATE_MAPPING_ONLY
NREQ-12a4e730ff2ba0d9b21b98360888eb0e	43	4838	IMPLEMENTED_UNPROVEN	NO_CURRENT_FULL_CLAUSE_DECLARATION; CANDIDATE_MAPPING_ONLY
NREQ-60973b1cd0d556d8dcb2a2f6bca23049	43	4839	IMPLEMENTED_UNPROVEN	NO_CURRENT_FULL_CLAUSE_DECLARATION; CANDIDATE_MAPPING_ONLY
NREQ-fe2e351db9316fea7cc9a20176101298	43	4840	IMPLEMENTED_UNPROVEN	NO_CURRENT_FULL_CLAUSE_DECLARATION; CANDIDATE_MAPPING_ONLY
NREQ-639eff87c8c451be7e985878b911054d	43	4841	IMPLEMENTED_UNPROVEN	NO_CURRENT_FULL_CLAUSE_DECLARATION; CANDIDATE_MAPPING_ONLY
NREQ-fe171a70a3c54533c838e0d9d4575ee0	43	4842	IMPLEMENTED_UNPROVEN	NO_CURRENT_FULL_CLAUSE_DECLARATION; CANDIDATE_MAPPING_ONLY
NREQ-48970c2e7c9ece2b401a838d805b1534	43	4844	IMPLEMENTED_UNPROVEN	NO_CURRENT_FULL_CLAUSE_DECLARATION; CANDIDATE_MAPPING_ONLY
NREQ-ba1331ee017964af11771fb44178c972	43	4846	IMPLEMENTED_UNPROVEN	NO_CURRENT_FULL_CLAUSE_DECLARATION; CANDIDATE_MAPPING_ONLY
NREQ-3838a9025551b08752837a996a365f46	44	4852	IMPLEMENTED_UNPROVEN	NO_CURRENT_FULL_CLAUSE_DECLARATION; CANDIDATE_MAPPING_ONLY
NREQ-32de14b2739518505272c65693f355ce	44	4853	IMPLEMENTED_UNPROVEN	NO_CURRENT_FULL_CLAUSE_DECLARATION; CANDIDATE_MAPPING_ONLY
NREQ-a9b7c8a9f4c77757dce8868f4a7bfc82	44	4854	IMPLEMENTED_UNPROVEN	NO_CURRENT_FULL_CLAUSE_DECLARATION; CANDIDATE_MAPPING_ONLY
NREQ-c8d41a89797d9b8c5e2829e604e9e2a1	44	4855	IMPLEMENTED_UNPROVEN	NO_CURRENT_FULL_CLAUSE_DECLARATION; CANDIDATE_MAPPING_ONLY
NREQ-07b8ec532280e0af47b6bfde24e5773b	44	4856	IMPLEMENTED_UNPROVEN	NO_CURRENT_FULL_CLAUSE_DECLARATION; CANDIDATE_MAPPING_ONLY
NREQ-00a48a2e44f107b06375287dd60bbd52	44	4857	IMPLEMENTED_UNPROVEN	NO_CURRENT_FULL_CLAUSE_DECLARATION; CANDIDATE_MAPPING_ONLY
NREQ-1df5725609d9828f6fa9f19fe4b140d4	44	4858	IMPLEMENTED_UNPROVEN	NO_CURRENT_FULL_CLAUSE_DECLARATION; CANDIDATE_MAPPING_ONLY
NREQ-184a3dea66b485149d4e3ab5d1c68e1e	44	4859	IMPLEMENTED_UNPROVEN	NO_CURRENT_FULL_CLAUSE_DECLARATION; CANDIDATE_MAPPING_ONLY
NREQ-05382c31e17da4ed8db986f2eee343fe	44	4860	IMPLEMENTED_UNPROVEN	NO_CURRENT_FULL_CLAUSE_DECLARATION; CANDIDATE_MAPPING_ONLY
NREQ-a7f9463f3881e287a9d75ffec58d131b	44	4861	IMPLEMENTED_UNPROVEN	NO_CURRENT_FULL_CLAUSE_DECLARATION; CANDIDATE_MAPPING_ONLY
NREQ-5c8428916cd8f447dd1e2a6463f84cbe	44	4862	IMPLEMENTED_UNPROVEN	NO_CURRENT_FULL_CLAUSE_DECLARATION; CANDIDATE_MAPPING_ONLY
NREQ-665db47aa260b58708037baf96789dde	44	4863	IMPLEMENTED_UNPROVEN	NO_CURRENT_FULL_CLAUSE_DECLARATION; CANDIDATE_MAPPING_ONLY
NREQ-c45c540e9af81c52bbf139bf8efe928e	44	4864	IMPLEMENTED_UNPROVEN	NO_CURRENT_FULL_CLAUSE_DECLARATION; CANDIDATE_MAPPING_ONLY
NREQ-2f0c32c7338a4607cf311b1adcb98074	44	4865	IMPLEMENTED_UNPROVEN	NO_CURRENT_FULL_CLAUSE_DECLARATION; CANDIDATE_MAPPING_ONLY
NREQ-fcb8d97674633480ac1ae767d16e1844	44	4866	IMPLEMENTED_UNPROVEN	NO_CURRENT_FULL_CLAUSE_DECLARATION; CANDIDATE_MAPPING_ONLY
NREQ-43afb42866619856736650fd5e5c169c	44	4867	IMPLEMENTED_UNPROVEN	NO_CURRENT_FULL_CLAUSE_DECLARATION; CANDIDATE_MAPPING_ONLY
NREQ-f9fdd1cb22efc755d65892bcff8962f8	44	4868	IMPLEMENTED_UNPROVEN	NO_CURRENT_FULL_CLAUSE_DECLARATION; CANDIDATE_MAPPING_ONLY
NREQ-320b9022b306ad2fd70d2b11b7f7ffb6	44	4869	IMPLEMENTED_UNPROVEN	NO_CURRENT_FULL_CLAUSE_DECLARATION; CANDIDATE_MAPPING_ONLY
NREQ-c6f99cab049151390cb86ae6a0b320b2	44	4870	IMPLEMENTED_UNPROVEN	NO_CURRENT_FULL_CLAUSE_DECLARATION; CANDIDATE_MAPPING_ONLY
NREQ-fae5fe9674e74024a962f3aae3d2848d	44	4871	IMPLEMENTED_UNPROVEN	NO_CURRENT_FULL_CLAUSE_DECLARATION; CANDIDATE_MAPPING_ONLY
NREQ-849bcf78c18c929fba3a81a390cdfac0	44	4872	IMPLEMENTED_UNPROVEN	NO_CURRENT_FULL_CLAUSE_DECLARATION; CANDIDATE_MAPPING_ONLY
NREQ-e37b45b6b765f1b87a34ee0e70c1f3b0	44	4873	IMPLEMENTED_UNPROVEN	NO_CURRENT_FULL_CLAUSE_DECLARATION; CANDIDATE_MAPPING_ONLY
NREQ-b251be075843b4e48b4fff00dc893f26	44	4874	IMPLEMENTED_UNPROVEN	NO_CURRENT_FULL_CLAUSE_DECLARATION; CANDIDATE_MAPPING_ONLY
NREQ-4f004685859d48dcf29b944b21696d18	44	4875	IMPLEMENTED_UNPROVEN	NO_CURRENT_FULL_CLAUSE_DECLARATION; CANDIDATE_MAPPING_ONLY
NREQ-788ca03644691b82188cca531c7d4198	44	4876	IMPLEMENTED_UNPROVEN	NO_CURRENT_FULL_CLAUSE_DECLARATION; CANDIDATE_MAPPING_ONLY
NREQ-40fc287b8d0cecf799b4db0fdc0d5871	44	4877	IMPLEMENTED_UNPROVEN	NO_CURRENT_FULL_CLAUSE_DECLARATION; CANDIDATE_MAPPING_ONLY
NREQ-42a2c6535cadacbb468aebc88d2b0455	44	4878	IMPLEMENTED_UNPROVEN	NO_CURRENT_FULL_CLAUSE_DECLARATION; CANDIDATE_MAPPING_ONLY
NREQ-b579acddce175ea7050804c9d1a8ba73	44	4879	IMPLEMENTED_UNPROVEN	NO_CURRENT_FULL_CLAUSE_DECLARATION; CANDIDATE_MAPPING_ONLY
NREQ-aa5dff2312eef678c082ad8349bbc72b	44	4880	IMPLEMENTED_UNPROVEN	NO_CURRENT_FULL_CLAUSE_DECLARATION; CANDIDATE_MAPPING_ONLY
NREQ-49f343ca56959eb65e524bfc124db3c7	44	4881	IMPLEMENTED_UNPROVEN	NO_CURRENT_FULL_CLAUSE_DECLARATION; CANDIDATE_MAPPING_ONLY
NREQ-4cf8df66f3e7c29f66e5d4a277c26e1f	44	4882	IMPLEMENTED_UNPROVEN	NO_CURRENT_FULL_CLAUSE_DECLARATION; CANDIDATE_MAPPING_ONLY
NREQ-efae209e9005aba60e11e6d3dcc4229c	44	4883	IMPLEMENTED_UNPROVEN	NO_CURRENT_FULL_CLAUSE_DECLARATION; CANDIDATE_MAPPING_ONLY
NREQ-a5ec18af53298cb9399e92a49aff985b	44	4884	IMPLEMENTED_UNPROVEN	NO_CURRENT_FULL_CLAUSE_DECLARATION; CANDIDATE_MAPPING_ONLY
NREQ-0a014aa598129c3bf2422b97e475660a	44	4885	IMPLEMENTED_UNPROVEN	NO_CURRENT_FULL_CLAUSE_DECLARATION; CANDIDATE_MAPPING_ONLY
NREQ-e79565dfa6a3e482413467304bcdbdc0	44	4886	IMPLEMENTED_UNPROVEN	NO_CURRENT_FULL_CLAUSE_DECLARATION; CANDIDATE_MAPPING_ONLY
NREQ-f67dcfd922b922edbb5e181a45635a55	44	4887	IMPLEMENTED_UNPROVEN	NO_CURRENT_FULL_CLAUSE_DECLARATION; CANDIDATE_MAPPING_ONLY
NREQ-2432bffa8696a6faa2cccab2b8ec4801	44	4888	IMPLEMENTED_UNPROVEN	NO_CURRENT_FULL_CLAUSE_DECLARATION; CANDIDATE_MAPPING_ONLY
NREQ-7025e3cee64ae1d365296ca6d9876a13	44	4889	IMPLEMENTED_UNPROVEN	NO_CURRENT_FULL_CLAUSE_DECLARATION; CANDIDATE_MAPPING_ONLY
NREQ-cd8fa43bdc5a5327bdc8aad96693e59a	44	4890	IMPLEMENTED_UNPROVEN	NO_CURRENT_FULL_CLAUSE_DECLARATION; CANDIDATE_MAPPING_ONLY
NREQ-64791f9ccbe141be0fa1a7c5f793e672	44	4891	IMPLEMENTED_UNPROVEN	NO_CURRENT_FULL_CLAUSE_DECLARATION; CANDIDATE_MAPPING_ONLY
NREQ-b9cb4756d9d202e9bd18d98f6a4be84c	44	4892	IMPLEMENTED_UNPROVEN	NO_CURRENT_FULL_CLAUSE_DECLARATION; CANDIDATE_MAPPING_ONLY
NREQ-12d5d3e55675c1d6e534d99a064fed4d	44	4893	IMPLEMENTED_UNPROVEN	NO_CURRENT_FULL_CLAUSE_DECLARATION; CANDIDATE_MAPPING_ONLY
NREQ-7c18232b44eb0c3240cc6be853b72d32	44	4894	IMPLEMENTED_UNPROVEN	NO_CURRENT_FULL_CLAUSE_DECLARATION; CANDIDATE_MAPPING_ONLY
NREQ-afad186780326bfab21d7cc9bbb463a4	44	4895	IMPLEMENTED_UNPROVEN	NO_CURRENT_FULL_CLAUSE_DECLARATION; CANDIDATE_MAPPING_ONLY
NREQ-b9af38a518795436587becf2b124ec0d	44	4896	IMPLEMENTED_UNPROVEN	NO_CURRENT_FULL_CLAUSE_DECLARATION; CANDIDATE_MAPPING_ONLY
NREQ-ac00bd68aff467c7c548efa1072fd1ed	44	4897	IMPLEMENTED_UNPROVEN	NO_CURRENT_FULL_CLAUSE_DECLARATION; CANDIDATE_MAPPING_ONLY
NREQ-80ed9c9011b43a00ec1dfd364b53b922	44	4898	IMPLEMENTED_UNPROVEN	NO_CURRENT_FULL_CLAUSE_DECLARATION; CANDIDATE_MAPPING_ONLY
NREQ-aa67662003992eccc16baa02ceffa655	44	4899	IMPLEMENTED_UNPROVEN	NO_CURRENT_FULL_CLAUSE_DECLARATION; CANDIDATE_MAPPING_ONLY
NREQ-b05f5c0c6d3e1f2a549cce6f360575d0	44	4900	IMPLEMENTED_UNPROVEN	NO_CURRENT_FULL_CLAUSE_DECLARATION; CANDIDATE_MAPPING_ONLY
NREQ-1da23d24e876891a02b59820d16ec04e	44	4901	IMPLEMENTED_UNPROVEN	NO_CURRENT_FULL_CLAUSE_DECLARATION; CANDIDATE_MAPPING_ONLY
NREQ-9570ac0a332f4b31df4c878606e9bc84	44	4902	IMPLEMENTED_UNPROVEN	NO_CURRENT_FULL_CLAUSE_DECLARATION; CANDIDATE_MAPPING_ONLY
NREQ-131dd06406d731406d3f6fb6584dbf91	44	4903	IMPLEMENTED_UNPROVEN	NO_CURRENT_FULL_CLAUSE_DECLARATION; CANDIDATE_MAPPING_ONLY
NREQ-80944c6e66dff8a30a2da2c53502c519	44	4904	IMPLEMENTED_UNPROVEN	NO_CURRENT_FULL_CLAUSE_DECLARATION; CANDIDATE_MAPPING_ONLY
NREQ-7305972a638d7cea42e19dd65566952a	44	4905	IMPLEMENTED_UNPROVEN	NO_CURRENT_FULL_CLAUSE_DECLARATION; CANDIDATE_MAPPING_ONLY
NREQ-990770f413a9f5ef32c67f4c2cbda6fc	44	4906	IMPLEMENTED_UNPROVEN	NO_CURRENT_FULL_CLAUSE_DECLARATION; CANDIDATE_MAPPING_ONLY
NREQ-8dc9b9c9851a82e0e76a12341548c630	44	4907	IMPLEMENTED_UNPROVEN	NO_CURRENT_FULL_CLAUSE_DECLARATION; CANDIDATE_MAPPING_ONLY
NREQ-95a95a148228225d281cddd0359253a9	44	4908	IMPLEMENTED_UNPROVEN	NO_CURRENT_FULL_CLAUSE_DECLARATION; CANDIDATE_MAPPING_ONLY
NREQ-bc573f0e5234f5ee2a86f4f88529a9d9	44	4909	IMPLEMENTED_UNPROVEN	NO_CURRENT_FULL_CLAUSE_DECLARATION; CANDIDATE_MAPPING_ONLY
NREQ-b5bb061f63937c5fa32f6ffa2c9b99d3	44	4910	IMPLEMENTED_UNPROVEN	NO_CURRENT_FULL_CLAUSE_DECLARATION; CANDIDATE_MAPPING_ONLY
NREQ-c1edf3590c0367c56a4f8238ae70c9b9	44	4911	IMPLEMENTED_UNPROVEN	NO_CURRENT_FULL_CLAUSE_DECLARATION; CANDIDATE_MAPPING_ONLY
NREQ-434562ceb78feba730a22d8448571e2b	44	4912	IMPLEMENTED_UNPROVEN	NO_CURRENT_FULL_CLAUSE_DECLARATION; CANDIDATE_MAPPING_ONLY
NREQ-a50ad9e246a0e886ecc9ee6f87085d3a	44	4913	IMPLEMENTED_UNPROVEN	NO_CURRENT_FULL_CLAUSE_DECLARATION; CANDIDATE_MAPPING_ONLY
NREQ-a051cac0690ef506eb67d3c3cda7098c	44	4914	IMPLEMENTED_UNPROVEN	NO_CURRENT_FULL_CLAUSE_DECLARATION; CANDIDATE_MAPPING_ONLY
NREQ-6ccf5d01c19ef216ce949adb793fae99	44	4915	IMPLEMENTED_UNPROVEN	NO_CURRENT_FULL_CLAUSE_DECLARATION; CANDIDATE_MAPPING_ONLY
NREQ-cdf4fb788a767a74b31b1e76c6cdbfa5	44	4916	IMPLEMENTED_UNPROVEN	NO_CURRENT_FULL_CLAUSE_DECLARATION; CANDIDATE_MAPPING_ONLY
NREQ-d80eea323de5241807ccb7a23ad561c2	44	4917	IMPLEMENTED_UNPROVEN	NO_CURRENT_FULL_CLAUSE_DECLARATION; CANDIDATE_MAPPING_ONLY
NREQ-17939b6832781c1deb7bffd03b49662f	44	4918	IMPLEMENTED_UNPROVEN	NO_CURRENT_FULL_CLAUSE_DECLARATION; CANDIDATE_MAPPING_ONLY
NREQ-ba18d3c58a04c1a2796751d5a96a86fe	44	4919	IMPLEMENTED_UNPROVEN	NO_CURRENT_FULL_CLAUSE_DECLARATION; CANDIDATE_MAPPING_ONLY
NREQ-5cbde8665b9076e2411ec9fa1208d894	44	4920	IMPLEMENTED_UNPROVEN	NO_CURRENT_FULL_CLAUSE_DECLARATION; CANDIDATE_MAPPING_ONLY
NREQ-0cfa33de1f27f3ad24df0c8ddb42a89a	44	4921	IMPLEMENTED_UNPROVEN	NO_CURRENT_FULL_CLAUSE_DECLARATION; CANDIDATE_MAPPING_ONLY
NREQ-08d21889678a2a60ba8921fcd1876fe2	44	4922	IMPLEMENTED_UNPROVEN	NO_CURRENT_FULL_CLAUSE_DECLARATION; CANDIDATE_MAPPING_ONLY
NREQ-9ac939eae62af18448913abc7b918156	44	4923	IMPLEMENTED_UNPROVEN	NO_CURRENT_FULL_CLAUSE_DECLARATION; CANDIDATE_MAPPING_ONLY
NREQ-b93018abdc51f726e3040b6322316326	44	4924	IMPLEMENTED_UNPROVEN	NO_CURRENT_FULL_CLAUSE_DECLARATION; CANDIDATE_MAPPING_ONLY
NREQ-1f02d42985fa54734443195296ded338	44	4925	IMPLEMENTED_UNPROVEN	NO_CURRENT_FULL_CLAUSE_DECLARATION; CANDIDATE_MAPPING_ONLY
NREQ-c8a6bd826006ce2ecf827ed093c7e682	44	4926	IMPLEMENTED_UNPROVEN	NO_CURRENT_FULL_CLAUSE_DECLARATION; CANDIDATE_MAPPING_ONLY
NREQ-a84ef0bd19d42c914f7dd473967e764c	44	4927	IMPLEMENTED_UNPROVEN	NO_CURRENT_FULL_CLAUSE_DECLARATION; CANDIDATE_MAPPING_ONLY
NREQ-fbd29abcac9c1bfc1c03556bdfc1a059	44	4928	IMPLEMENTED_UNPROVEN	NO_CURRENT_FULL_CLAUSE_DECLARATION; CANDIDATE_MAPPING_ONLY
NREQ-acda3fef55336b9fbfe4320e064c29b4	44	4929	IMPLEMENTED_UNPROVEN	NO_CURRENT_FULL_CLAUSE_DECLARATION; CANDIDATE_MAPPING_ONLY
NREQ-43a11fe0862c5898dc63b055389b243e	44	4930	IMPLEMENTED_UNPROVEN	NO_CURRENT_FULL_CLAUSE_DECLARATION; CANDIDATE_MAPPING_ONLY
NREQ-3a59cca8e1191ff83120fc83c620b214	44	4932	IMPLEMENTED_UNPROVEN	NO_CURRENT_FULL_CLAUSE_DECLARATION; CANDIDATE_MAPPING_ONLY
NREQ-7a2d96c47587a97a406c37ae7f991f26	44	4934	IMPLEMENTED_UNPROVEN	NO_CURRENT_FULL_CLAUSE_DECLARATION; CANDIDATE_MAPPING_ONLY
NREQ-44bac0c6d1c6c499c7ed8234a52531dc	44	4935	IMPLEMENTED_UNPROVEN	NO_CURRENT_FULL_CLAUSE_DECLARATION; CANDIDATE_MAPPING_ONLY
NREQ-894430c563610225c9bd5d376c3f0af0	44	4936	IMPLEMENTED_UNPROVEN	NO_CURRENT_FULL_CLAUSE_DECLARATION; CANDIDATE_MAPPING_ONLY
NREQ-31e1e72a4459901fdeccf8fe439189b5	44	4937	IMPLEMENTED_UNPROVEN	NO_CURRENT_FULL_CLAUSE_DECLARATION; CANDIDATE_MAPPING_ONLY
NREQ-8129910b249e1cbf7c1f403fdfa9a728	44	4938	IMPLEMENTED_UNPROVEN	NO_CURRENT_FULL_CLAUSE_DECLARATION; CANDIDATE_MAPPING_ONLY
NREQ-426e887a734b930c2276efe20a26f96b	44	4939	IMPLEMENTED_UNPROVEN	NO_CURRENT_FULL_CLAUSE_DECLARATION; CANDIDATE_MAPPING_ONLY
NREQ-7f05564be4b78f545fb652d37a0c3bb1	44	4940	IMPLEMENTED_UNPROVEN	NO_CURRENT_FULL_CLAUSE_DECLARATION; CANDIDATE_MAPPING_ONLY
NREQ-9bd3715d2b1d3e40a61a99b1cfe14f17	44	4941	IMPLEMENTED_UNPROVEN	NO_CURRENT_FULL_CLAUSE_DECLARATION; CANDIDATE_MAPPING_ONLY
NREQ-2b1c1064fb51fb6b4fdde9c199c3b4c8	44	4942	IMPLEMENTED_UNPROVEN	NO_CURRENT_FULL_CLAUSE_DECLARATION; CANDIDATE_MAPPING_ONLY
NREQ-f2796fe3c6ced7088ca0d0d1b60e1816	44	4943	IMPLEMENTED_UNPROVEN	NO_CURRENT_FULL_CLAUSE_DECLARATION; CANDIDATE_MAPPING_ONLY
NREQ-d81bd1f6edae8d817cd2ceef01c64de5	44	4944	IMPLEMENTED_UNPROVEN	NO_CURRENT_FULL_CLAUSE_DECLARATION; CANDIDATE_MAPPING_ONLY
NREQ-6d5c687ebe51efa7a476aa8e66b81e06	44	4945	IMPLEMENTED_UNPROVEN	NO_CURRENT_FULL_CLAUSE_DECLARATION; CANDIDATE_MAPPING_ONLY
NREQ-5ebb2d9c3dd49630af285555c3897c24	44	4946	IMPLEMENTED_UNPROVEN	NO_CURRENT_FULL_CLAUSE_DECLARATION; CANDIDATE_MAPPING_ONLY
NREQ-1d255fb22dcf311f8c59cfd6754608c6	44	4947	IMPLEMENTED_UNPROVEN	NO_CURRENT_FULL_CLAUSE_DECLARATION; CANDIDATE_MAPPING_ONLY
NREQ-e99c12f9bfdc54b8a7166c5aea383696	44	4948	IMPLEMENTED_UNPROVEN	NO_CURRENT_FULL_CLAUSE_DECLARATION; CANDIDATE_MAPPING_ONLY
NREQ-5e827a89e805ba6212aad7d514247ded	44	4949	IMPLEMENTED_UNPROVEN	NO_CURRENT_FULL_CLAUSE_DECLARATION; CANDIDATE_MAPPING_ONLY
NREQ-cf3b6e04121ebd3eb1f4f6e2b6a13028	44	4950	IMPLEMENTED_UNPROVEN	NO_CURRENT_FULL_CLAUSE_DECLARATION; CANDIDATE_MAPPING_ONLY
NREQ-78bf4f2f5537ca81695558cfd4a06a8a	44	4951	IMPLEMENTED_UNPROVEN	NO_CURRENT_FULL_CLAUSE_DECLARATION; CANDIDATE_MAPPING_ONLY
NREQ-b13542cea0ef5f46fda3ff65d029f3a0	44	4952	IMPLEMENTED_UNPROVEN	NO_CURRENT_FULL_CLAUSE_DECLARATION; CANDIDATE_MAPPING_ONLY
NREQ-597bc5e4122fc3b1fa6aaf39efd97aaf	44	4953	IMPLEMENTED_UNPROVEN	NO_CURRENT_FULL_CLAUSE_DECLARATION; CANDIDATE_MAPPING_ONLY
NREQ-8284d0792e5ce17eb0367b65d710e740	44	4954	IMPLEMENTED_UNPROVEN	NO_CURRENT_FULL_CLAUSE_DECLARATION; CANDIDATE_MAPPING_ONLY
NREQ-95a076f8bbd7f38f12119d8665bd2086	44	4955	IMPLEMENTED_UNPROVEN	NO_CURRENT_FULL_CLAUSE_DECLARATION; CANDIDATE_MAPPING_ONLY
NREQ-cc89645b48af105f7ae1f28c7f6fd18e	44	4956	IMPLEMENTED_UNPROVEN	NO_CURRENT_FULL_CLAUSE_DECLARATION; CANDIDATE_MAPPING_ONLY
NREQ-cc5110415d3bbf5331d5c449a62b836b	44	4957	IMPLEMENTED_UNPROVEN	NO_CURRENT_FULL_CLAUSE_DECLARATION; CANDIDATE_MAPPING_ONLY
NREQ-02ce61ca7cb52738af50f8893343b843	44	4958	IMPLEMENTED_UNPROVEN	NO_CURRENT_FULL_CLAUSE_DECLARATION; CANDIDATE_MAPPING_ONLY
NREQ-9c8a77957cbbe8a10cf56233d070f70b	44	4959	IMPLEMENTED_UNPROVEN	NO_CURRENT_FULL_CLAUSE_DECLARATION; CANDIDATE_MAPPING_ONLY
NREQ-b45bace81fc434ac7e91aa0067bdd74b	44	4960	IMPLEMENTED_UNPROVEN	NO_CURRENT_FULL_CLAUSE_DECLARATION; CANDIDATE_MAPPING_ONLY
NREQ-1f3cba0f1e936c5f705b2b8c2c70b272	44	4961	IMPLEMENTED_UNPROVEN	NO_CURRENT_FULL_CLAUSE_DECLARATION; CANDIDATE_MAPPING_ONLY
NREQ-01e60dbdd63c072644672ef4f13e7829	44	4962	IMPLEMENTED_UNPROVEN	NO_CURRENT_FULL_CLAUSE_DECLARATION; CANDIDATE_MAPPING_ONLY
NREQ-626034893ef8a64d843625e9fc136046	44	4963	IMPLEMENTED_UNPROVEN	NO_CURRENT_FULL_CLAUSE_DECLARATION; CANDIDATE_MAPPING_ONLY
NREQ-83786b5f93f00454db2845761025f8c6	44	4964	IMPLEMENTED_UNPROVEN	NO_CURRENT_FULL_CLAUSE_DECLARATION; CANDIDATE_MAPPING_ONLY
NREQ-563de56757295fbfc9f3f706b494b3d8	44	4965	IMPLEMENTED_UNPROVEN	NO_CURRENT_FULL_CLAUSE_DECLARATION; CANDIDATE_MAPPING_ONLY
NREQ-cf8450683c1f64bf84d4ad2f77cc7716	44	4966	IMPLEMENTED_UNPROVEN	NO_CURRENT_FULL_CLAUSE_DECLARATION; CANDIDATE_MAPPING_ONLY
NREQ-1b7980229a92c6409369c81eb487d7fa	44	4967	IMPLEMENTED_UNPROVEN	NO_CURRENT_FULL_CLAUSE_DECLARATION; CANDIDATE_MAPPING_ONLY
NREQ-e2d2f6bc0f0c2791323a039fbe8d702a	44	4968	IMPLEMENTED_UNPROVEN	NO_CURRENT_FULL_CLAUSE_DECLARATION; CANDIDATE_MAPPING_ONLY
NREQ-136b68306706747299cc3997f43addbd	44	4969	IMPLEMENTED_UNPROVEN	NO_CURRENT_FULL_CLAUSE_DECLARATION; CANDIDATE_MAPPING_ONLY
NREQ-f456b431024b17dbcd0cfe2ebb0f6be8	44	4970	IMPLEMENTED_UNPROVEN	NO_CURRENT_FULL_CLAUSE_DECLARATION; CANDIDATE_MAPPING_ONLY
NREQ-f82710ca40c54d5b22ea615b8e3925dc	44	4971	IMPLEMENTED_UNPROVEN	NO_CURRENT_FULL_CLAUSE_DECLARATION; CANDIDATE_MAPPING_ONLY
NREQ-ed69e0a1f3dac8d720ada28144c85b18	44	4972	IMPLEMENTED_UNPROVEN	NO_CURRENT_FULL_CLAUSE_DECLARATION; CANDIDATE_MAPPING_ONLY
NREQ-6ba092a34685d632a82011560aa4ebea	44	4973	IMPLEMENTED_UNPROVEN	NO_CURRENT_FULL_CLAUSE_DECLARATION; CANDIDATE_MAPPING_ONLY
NREQ-5cb818c548ae0a4715f39e51f89d7391	45	4979	IMPLEMENTED_UNPROVEN	NO_CURRENT_FULL_CLAUSE_DECLARATION; CANDIDATE_MAPPING_ONLY
NREQ-ddeafefc5caa358ff6c35264823e4a30	45	4980	IMPLEMENTED_UNPROVEN	NO_CURRENT_FULL_CLAUSE_DECLARATION; CANDIDATE_MAPPING_ONLY
NREQ-b02893faa6107bfb1c58fe983ef109e7	45	4981	IMPLEMENTED_UNPROVEN	NO_CURRENT_FULL_CLAUSE_DECLARATION; CANDIDATE_MAPPING_ONLY
NREQ-958140809e4209f407633656b2ff3b68	45	4982	IMPLEMENTED_UNPROVEN	NO_CURRENT_FULL_CLAUSE_DECLARATION; CANDIDATE_MAPPING_ONLY
NREQ-a07f45f2f8255b1ec90f22145cab4beb	45	4983	IMPLEMENTED_UNPROVEN	NO_CURRENT_FULL_CLAUSE_DECLARATION; CANDIDATE_MAPPING_ONLY
NREQ-d95d049b7085a194d4cd94693eacb6aa	45	4984	IMPLEMENTED_UNPROVEN	NO_CURRENT_FULL_CLAUSE_DECLARATION; CANDIDATE_MAPPING_ONLY
NREQ-799bec938a8020a19f406fcbe001ac01	45	4985	IMPLEMENTED_UNPROVEN	NO_CURRENT_FULL_CLAUSE_DECLARATION; CANDIDATE_MAPPING_ONLY
NREQ-12dfd4fdb9b5167b2f981358b257bf67	45	4986	IMPLEMENTED_UNPROVEN	NO_CURRENT_FULL_CLAUSE_DECLARATION; CANDIDATE_MAPPING_ONLY
NREQ-0fb3419586a296b20413f74ef2dd4d73	45	4987	IMPLEMENTED_UNPROVEN	NO_CURRENT_FULL_CLAUSE_DECLARATION; CANDIDATE_MAPPING_ONLY
NREQ-0245d669571dbf92adf567a484c30e26	45	4988	IMPLEMENTED_UNPROVEN	NO_CURRENT_FULL_CLAUSE_DECLARATION; CANDIDATE_MAPPING_ONLY
NREQ-9e270ba50227b5ea325a3a5e50ea1c8e	45	4989	IMPLEMENTED_UNPROVEN	NO_CURRENT_FULL_CLAUSE_DECLARATION; CANDIDATE_MAPPING_ONLY
NREQ-0db7b854f960806452234e6fd0cf3f64	45	4990	IMPLEMENTED_UNPROVEN	NO_CURRENT_FULL_CLAUSE_DECLARATION; CANDIDATE_MAPPING_ONLY
NREQ-d5717d319159b1a471464f3b6083450f	45	4991	IMPLEMENTED_UNPROVEN	NO_CURRENT_FULL_CLAUSE_DECLARATION; CANDIDATE_MAPPING_ONLY
NREQ-0e5c6514b836643280a5be30d2d8bd0c	45	4992	IMPLEMENTED_UNPROVEN	NO_CURRENT_FULL_CLAUSE_DECLARATION; CANDIDATE_MAPPING_ONLY
NREQ-6447341fa493242e7582ec02f80fbf71	45	4993	IMPLEMENTED_UNPROVEN	NO_CURRENT_FULL_CLAUSE_DECLARATION; CANDIDATE_MAPPING_ONLY
NREQ-956f5f15d1a6f4fd36b0525c292e9122	45	4994	IMPLEMENTED_UNPROVEN	NO_CURRENT_FULL_CLAUSE_DECLARATION; CANDIDATE_MAPPING_ONLY
NREQ-776fc375125b382a4b55dc39cc6e074e	45	4995	IMPLEMENTED_UNPROVEN	NO_CURRENT_FULL_CLAUSE_DECLARATION; CANDIDATE_MAPPING_ONLY
NREQ-72090356ed56cdd30f776d47c6e7063c	45	4996	IMPLEMENTED_UNPROVEN	NO_CURRENT_FULL_CLAUSE_DECLARATION; CANDIDATE_MAPPING_ONLY
NREQ-f672c76827cdedcd88f56247e6e81dc3	45	4997	IMPLEMENTED_UNPROVEN	NO_CURRENT_FULL_CLAUSE_DECLARATION; CANDIDATE_MAPPING_ONLY
NREQ-376724bde9ff55e968a3eb24130dc306	45	4998	IMPLEMENTED_UNPROVEN	NO_CURRENT_FULL_CLAUSE_DECLARATION; CANDIDATE_MAPPING_ONLY
NREQ-d72a190aa6c5e49cab447621e29f10c0	45	4999	IMPLEMENTED_UNPROVEN	NO_CURRENT_FULL_CLAUSE_DECLARATION; CANDIDATE_MAPPING_ONLY
NREQ-f734aa1065af4dbdc6f8b09b18499a7d	45	5000	IMPLEMENTED_UNPROVEN	NO_CURRENT_FULL_CLAUSE_DECLARATION; CANDIDATE_MAPPING_ONLY
NREQ-0b47a70b437098b3d080314eeed8e475	45	5001	IMPLEMENTED_UNPROVEN	NO_CURRENT_FULL_CLAUSE_DECLARATION; CANDIDATE_MAPPING_ONLY
NREQ-56acb070c8461fafe61623e2b3950d67	45	5002	IMPLEMENTED_UNPROVEN	NO_CURRENT_FULL_CLAUSE_DECLARATION; CANDIDATE_MAPPING_ONLY
NREQ-9642b5e59c4deb52ab827680b5284d5b	45	5003	IMPLEMENTED_UNPROVEN	NO_CURRENT_FULL_CLAUSE_DECLARATION; CANDIDATE_MAPPING_ONLY
NREQ-3c2342401866b063b6ccde3255bfe7c4	45	5004	IMPLEMENTED_UNPROVEN	NO_CURRENT_FULL_CLAUSE_DECLARATION; CANDIDATE_MAPPING_ONLY
NREQ-a31c4930829b9d4ec26bb7184c627a3f	45	5005	IMPLEMENTED_UNPROVEN	NO_CURRENT_FULL_CLAUSE_DECLARATION; CANDIDATE_MAPPING_ONLY
NREQ-f20a8900acf9f33b2b1276138cb2eabb	45	5006	IMPLEMENTED_UNPROVEN	NO_CURRENT_FULL_CLAUSE_DECLARATION; CANDIDATE_MAPPING_ONLY
NREQ-a2b6942e825a969ac41d231a9331ee44	45	5007	IMPLEMENTED_UNPROVEN	NO_CURRENT_FULL_CLAUSE_DECLARATION; CANDIDATE_MAPPING_ONLY
NREQ-d6f7a5de2d34e11a9530c2950bb701b0	45	5008	IMPLEMENTED_UNPROVEN	NO_CURRENT_FULL_CLAUSE_DECLARATION; CANDIDATE_MAPPING_ONLY
NREQ-e280fc4fc2a0bfd54acc297e16408fb8	45	5009	IMPLEMENTED_UNPROVEN	NO_CURRENT_FULL_CLAUSE_DECLARATION; CANDIDATE_MAPPING_ONLY
NREQ-0d5b87cba5e8e16b2c94d36688718643	45	5010	IMPLEMENTED_UNPROVEN	NO_CURRENT_FULL_CLAUSE_DECLARATION; CANDIDATE_MAPPING_ONLY
NREQ-a93a7d2a08f68ae70ee00975904a262f	45	5011	IMPLEMENTED_UNPROVEN	NO_CURRENT_FULL_CLAUSE_DECLARATION; CANDIDATE_MAPPING_ONLY
NREQ-ef99093bd9e624c4db9587a1f91fa03e	45	5012	IMPLEMENTED_UNPROVEN	NO_CURRENT_FULL_CLAUSE_DECLARATION; CANDIDATE_MAPPING_ONLY
NREQ-1a19eda7b0ccf12a4509950085f6c327	45	5013	IMPLEMENTED_UNPROVEN	NO_CURRENT_FULL_CLAUSE_DECLARATION; CANDIDATE_MAPPING_ONLY
NREQ-6e8c4c3cf4ff4fcc8a891f5bdf196c1e	45	5014	IMPLEMENTED_UNPROVEN	NO_CURRENT_FULL_CLAUSE_DECLARATION; CANDIDATE_MAPPING_ONLY
NREQ-2d61c131be152535a8ff8a1d8f61703d	45	5015	IMPLEMENTED_UNPROVEN	NO_CURRENT_FULL_CLAUSE_DECLARATION; CANDIDATE_MAPPING_ONLY
NREQ-54e813438ad364b5cd013cff8f5ba46b	45	5016	IMPLEMENTED_UNPROVEN	NO_CURRENT_FULL_CLAUSE_DECLARATION; CANDIDATE_MAPPING_ONLY
NREQ-03e4715b27bd9888ba640a3abd4155f8	45	5017	IMPLEMENTED_UNPROVEN	NO_CURRENT_FULL_CLAUSE_DECLARATION; CANDIDATE_MAPPING_ONLY
NREQ-f08275cda1d539cc5cb8818f5b28674c	45	5018	IMPLEMENTED_UNPROVEN	NO_CURRENT_FULL_CLAUSE_DECLARATION; CANDIDATE_MAPPING_ONLY
NREQ-a40ea7d43246510ed516c7bb44f4ee6a	45	5019	IMPLEMENTED_UNPROVEN	NO_CURRENT_FULL_CLAUSE_DECLARATION; CANDIDATE_MAPPING_ONLY
NREQ-5fb139243fac0b3abb22620ccff1933c	45	5020	IMPLEMENTED_UNPROVEN	NO_CURRENT_FULL_CLAUSE_DECLARATION; CANDIDATE_MAPPING_ONLY
NREQ-42431e5f0c58b0523f7975f82c64d269	45	5021	IMPLEMENTED_UNPROVEN	NO_CURRENT_FULL_CLAUSE_DECLARATION; CANDIDATE_MAPPING_ONLY
NREQ-d0f2b63d0534170e6330cbc80f1ff2f6	45	5022	IMPLEMENTED_UNPROVEN	NO_CURRENT_FULL_CLAUSE_DECLARATION; CANDIDATE_MAPPING_ONLY
NREQ-b0ebaea8f67e0c91889405bbd39205e5	45	5023	IMPLEMENTED_UNPROVEN	NO_CURRENT_FULL_CLAUSE_DECLARATION; CANDIDATE_MAPPING_ONLY
NREQ-6ef3b69138d64ec0e9b815453fd70cc3	45.1	5027	IMPLEMENTED_UNPROVEN	NO_CURRENT_FULL_CLAUSE_DECLARATION; CANDIDATE_MAPPING_ONLY
NREQ-39403d96d1cdabcc4a5f2cccdd5fed22	45.1	5028	IMPLEMENTED_UNPROVEN	NO_CURRENT_FULL_CLAUSE_DECLARATION; CANDIDATE_MAPPING_ONLY
NREQ-079d6f09bfa9eb5afd0f027a39077ada	45.1	5029	IMPLEMENTED_UNPROVEN	NO_CURRENT_FULL_CLAUSE_DECLARATION; CANDIDATE_MAPPING_ONLY
NREQ-3102ef1bce73f4fdd24be7126bc6e12c	45.1	5030	IMPLEMENTED_UNPROVEN	NO_CURRENT_FULL_CLAUSE_DECLARATION; CANDIDATE_MAPPING_ONLY
NREQ-d5cf2a92e4ad27bf6cd85b67b8f450cb	45.1	5031	IMPLEMENTED_UNPROVEN	NO_CURRENT_FULL_CLAUSE_DECLARATION; CANDIDATE_MAPPING_ONLY
NREQ-c7f784c4df22f49597ef44b209d038a0	45.1	5032	IMPLEMENTED_UNPROVEN	NO_CURRENT_FULL_CLAUSE_DECLARATION; CANDIDATE_MAPPING_ONLY
NREQ-ab018d436810e095c7e4353233219fe9	45.1	5033	IMPLEMENTED_UNPROVEN	NO_CURRENT_FULL_CLAUSE_DECLARATION; CANDIDATE_MAPPING_ONLY
NREQ-20d26b8ee0f897d82bec3889ad316700	45.1	5034	IMPLEMENTED_UNPROVEN	NO_CURRENT_FULL_CLAUSE_DECLARATION; CANDIDATE_MAPPING_ONLY
NREQ-1a8ffb49198e1788b3574225b7c1e097	45.1	5035	IMPLEMENTED_UNPROVEN	NO_CURRENT_FULL_CLAUSE_DECLARATION; CANDIDATE_MAPPING_ONLY
NREQ-34046fb8c562f2a0632d46fa06a0c1c5	45.1	5036	IMPLEMENTED_UNPROVEN	NO_CURRENT_FULL_CLAUSE_DECLARATION; CANDIDATE_MAPPING_ONLY
NREQ-092514050282b79c7e48ba854b903d42	45.1	5037	IMPLEMENTED_UNPROVEN	NO_CURRENT_FULL_CLAUSE_DECLARATION; CANDIDATE_MAPPING_ONLY
NREQ-24635dda1f07f96c2b59ac2e01399f8e	45.1	5038	IMPLEMENTED_UNPROVEN	NO_CURRENT_FULL_CLAUSE_DECLARATION; CANDIDATE_MAPPING_ONLY
NREQ-b3072d9c1538695f553011dae1c45260	45.1	5039	IMPLEMENTED_UNPROVEN	NO_CURRENT_FULL_CLAUSE_DECLARATION; CANDIDATE_MAPPING_ONLY
NREQ-42c4c41d6275ba75eb79323ed36867b8	45.1	5040	IMPLEMENTED_UNPROVEN	NO_CURRENT_FULL_CLAUSE_DECLARATION; CANDIDATE_MAPPING_ONLY
NREQ-94930ef7473d5b6a859183670527907f	45.1	5042	IMPLEMENTED_UNPROVEN	NO_CURRENT_FULL_CLAUSE_DECLARATION; CANDIDATE_MAPPING_ONLY
NREQ-ced97f0e3ed738c5b86f036ed6f4964b	45.1	5044	IMPLEMENTED_UNPROVEN	NO_CURRENT_FULL_CLAUSE_DECLARATION; CANDIDATE_MAPPING_ONLY
NREQ-2d4b9b2884094cd29baf608ec7add34a	45.1	5046	IMPLEMENTED_UNPROVEN	NO_CURRENT_FULL_CLAUSE_DECLARATION; CANDIDATE_MAPPING_ONLY
NREQ-b246cea7e5e85080ace29b90a74f79e2	45.1	5047	IMPLEMENTED_UNPROVEN	NO_CURRENT_FULL_CLAUSE_DECLARATION; CANDIDATE_MAPPING_ONLY
NREQ-41d41d17b3c1ff77cd97a8c67612f649	45.1	5048	IMPLEMENTED_UNPROVEN	NO_CURRENT_FULL_CLAUSE_DECLARATION; CANDIDATE_MAPPING_ONLY
NREQ-fce94d81254ef46d99185fc4479154ab	45.1	5049	IMPLEMENTED_UNPROVEN	NO_CURRENT_FULL_CLAUSE_DECLARATION; CANDIDATE_MAPPING_ONLY
NREQ-100a0c8f7c47ed96e3f084f84bc2f206	45.1	5050	IMPLEMENTED_UNPROVEN	NO_CURRENT_FULL_CLAUSE_DECLARATION; CANDIDATE_MAPPING_ONLY
NREQ-27b8f090a04eed9f7f2e985f6a522a77	45.1	5051	IMPLEMENTED_UNPROVEN	NO_CURRENT_FULL_CLAUSE_DECLARATION; CANDIDATE_MAPPING_ONLY
NREQ-6315bf174b151c127ca3338197bbddf6	45.1	5052	IMPLEMENTED_UNPROVEN	NO_CURRENT_FULL_CLAUSE_DECLARATION; CANDIDATE_MAPPING_ONLY
NREQ-a354b4cc9abb8cc4800ff4694e3a65ca	45.1	5053	IMPLEMENTED_UNPROVEN	NO_CURRENT_FULL_CLAUSE_DECLARATION; CANDIDATE_MAPPING_ONLY
NREQ-48f19763b4e316f2dcfa35798d6fd2c8	45.1	5054	IMPLEMENTED_UNPROVEN	NO_CURRENT_FULL_CLAUSE_DECLARATION; CANDIDATE_MAPPING_ONLY
NREQ-bc9a7686dd025e1be45f74dc3be3d409	45.1	5055	IMPLEMENTED_UNPROVEN	NO_CURRENT_FULL_CLAUSE_DECLARATION; CANDIDATE_MAPPING_ONLY
NREQ-66aefd8933efadd842d1c534294f80c7	45.1	5056	IMPLEMENTED_UNPROVEN	NO_CURRENT_FULL_CLAUSE_DECLARATION; CANDIDATE_MAPPING_ONLY
NREQ-d809c0bcdeaec7bb5ef37efc97070768	45.1	5057	IMPLEMENTED_UNPROVEN	NO_CURRENT_FULL_CLAUSE_DECLARATION; CANDIDATE_MAPPING_ONLY
NREQ-8c1e3ffde81018134c6c87e26703cd26	45.1	5058	IMPLEMENTED_UNPROVEN	NO_CURRENT_FULL_CLAUSE_DECLARATION; CANDIDATE_MAPPING_ONLY
NREQ-dbfaa3b6d5dc7b363ad0e01a08677773	45.1	5059	IMPLEMENTED_UNPROVEN	NO_CURRENT_FULL_CLAUSE_DECLARATION; CANDIDATE_MAPPING_ONLY
NREQ-52a7ff25697aacf0198c066a88dcd6e3	45.1	5060	IMPLEMENTED_UNPROVEN	NO_CURRENT_FULL_CLAUSE_DECLARATION; CANDIDATE_MAPPING_ONLY
NREQ-e73b34785fd544911728a257d116746a	45.1	5061	IMPLEMENTED_UNPROVEN	NO_CURRENT_FULL_CLAUSE_DECLARATION; CANDIDATE_MAPPING_ONLY
NREQ-70ec5e835a19ae09a1ce9c896afd1513	45.1	5063	IMPLEMENTED_UNPROVEN	NO_CURRENT_FULL_CLAUSE_DECLARATION; CANDIDATE_MAPPING_ONLY
NREQ-5d0cf5bfead7421290da79138ccc4810	45.1	5065	IMPLEMENTED_UNPROVEN	NO_CURRENT_FULL_CLAUSE_DECLARATION; CANDIDATE_MAPPING_ONLY
NREQ-d3bf41354fe976e53ff0b137e19e8362	45.2	5069	IMPLEMENTED_UNPROVEN	NO_CURRENT_FULL_CLAUSE_DECLARATION; CANDIDATE_MAPPING_ONLY
NREQ-cfbc32dacac87d0687fd83df570a9b47	45.2	5071	IMPLEMENTED_UNPROVEN	NO_CURRENT_FULL_CLAUSE_DECLARATION; CANDIDATE_MAPPING_ONLY
NREQ-db4b2efc5ca60c1398ab72168770c810	45.2	5073	IMPLEMENTED_UNPROVEN	NO_CURRENT_FULL_CLAUSE_DECLARATION; CANDIDATE_MAPPING_ONLY
NREQ-ba1c447253a3cfc3866886ffef9cd16f	46	5079	IMPLEMENTED_UNPROVEN	NO_CURRENT_FULL_CLAUSE_DECLARATION; CANDIDATE_MAPPING_ONLY
NREQ-3898fac9b44e39a453f6e7c9ddbe3c5b	46	5081	IMPLEMENTED_UNPROVEN	NO_CURRENT_FULL_CLAUSE_DECLARATION; CANDIDATE_MAPPING_ONLY
NREQ-625023e43cb4a4188102613d5b0a6004	46	5082	IMPLEMENTED_UNPROVEN	NO_CURRENT_FULL_CLAUSE_DECLARATION; CANDIDATE_MAPPING_ONLY
NREQ-79d569158b9fceaca0dcf029f345f104	46	5083	IMPLEMENTED_UNPROVEN	NO_CURRENT_FULL_CLAUSE_DECLARATION; CANDIDATE_MAPPING_ONLY
NREQ-31856b3556ad3f0118530b84cbc441b0	46	5084	IMPLEMENTED_UNPROVEN	NO_CURRENT_FULL_CLAUSE_DECLARATION; CANDIDATE_MAPPING_ONLY
NREQ-1009b91642896934e0ef34c895890ba5	46	5085	IMPLEMENTED_UNPROVEN	NO_CURRENT_FULL_CLAUSE_DECLARATION; CANDIDATE_MAPPING_ONLY
NREQ-24673ccd293a1c8c81064b93c09507d3	46	5086	IMPLEMENTED_UNPROVEN	NO_CURRENT_FULL_CLAUSE_DECLARATION; CANDIDATE_MAPPING_ONLY
NREQ-ebc9763171ee89eaa2ed21e7dbffaeea	46	5087	IMPLEMENTED_UNPROVEN	NO_CURRENT_FULL_CLAUSE_DECLARATION; CANDIDATE_MAPPING_ONLY
NREQ-3d6cbc593d4f5c45d5718a66ac9760a8	46	5088	IMPLEMENTED_UNPROVEN	NO_CURRENT_FULL_CLAUSE_DECLARATION; CANDIDATE_MAPPING_ONLY
NREQ-e4707a2dc5c0c7cbfc2ec42b53dc26d7	46	5089	IMPLEMENTED_UNPROVEN	NO_CURRENT_FULL_CLAUSE_DECLARATION; CANDIDATE_MAPPING_ONLY
NREQ-984e2c7f66ccce2ecb7099206a52ddb5	46	5090	IMPLEMENTED_UNPROVEN	NO_CURRENT_FULL_CLAUSE_DECLARATION; CANDIDATE_MAPPING_ONLY
NREQ-0347d8852f50a6068a6a8ea9dd59a765	46	5091	IMPLEMENTED_UNPROVEN	NO_CURRENT_FULL_CLAUSE_DECLARATION; CANDIDATE_MAPPING_ONLY
NREQ-b4f0cd94af01c031c8b7fe76ed708edf	46	5092	IMPLEMENTED_UNPROVEN	NO_CURRENT_FULL_CLAUSE_DECLARATION; CANDIDATE_MAPPING_ONLY
NREQ-9a59abf193810589c777190d06c13fb5	46	5093	IMPLEMENTED_UNPROVEN	NO_CURRENT_FULL_CLAUSE_DECLARATION; CANDIDATE_MAPPING_ONLY
NREQ-458f6e4dab7def95eb7539e61346edf7	46	5094	IMPLEMENTED_UNPROVEN	NO_CURRENT_FULL_CLAUSE_DECLARATION; CANDIDATE_MAPPING_ONLY
NREQ-e149978b819637ff4ec1017c753c7bac	46	5095	IMPLEMENTED_UNPROVEN	NO_CURRENT_FULL_CLAUSE_DECLARATION; CANDIDATE_MAPPING_ONLY
NREQ-4f10a410f638b234e982eb4dcedd4eda	46	5096	IMPLEMENTED_UNPROVEN	NO_CURRENT_FULL_CLAUSE_DECLARATION; CANDIDATE_MAPPING_ONLY
NREQ-5f754e7945c2b52c8d46d29ffdb83360	46	5097	IMPLEMENTED_UNPROVEN	NO_CURRENT_FULL_CLAUSE_DECLARATION; CANDIDATE_MAPPING_ONLY
NREQ-a6519fa8195e39314db89eef14e13312	46	5098	IMPLEMENTED_UNPROVEN	NO_CURRENT_FULL_CLAUSE_DECLARATION; CANDIDATE_MAPPING_ONLY
NREQ-073d18ec48ac387a12decf5e4d8109aa	46	5099	IMPLEMENTED_UNPROVEN	NO_CURRENT_FULL_CLAUSE_DECLARATION; CANDIDATE_MAPPING_ONLY
NREQ-1cdc9172c4c5058342026cb28ab86edb	46	5100	IMPLEMENTED_UNPROVEN	NO_CURRENT_FULL_CLAUSE_DECLARATION; CANDIDATE_MAPPING_ONLY
NREQ-a69988d6db6d851293b399947ab5a924	46	5102	IMPLEMENTED_UNPROVEN	NO_CURRENT_FULL_CLAUSE_DECLARATION; CANDIDATE_MAPPING_ONLY
NREQ-cf96b0c0088c9135f9d4674aa76d17cb	46	5103	IMPLEMENTED_UNPROVEN	NO_CURRENT_FULL_CLAUSE_DECLARATION; CANDIDATE_MAPPING_ONLY
NREQ-9a97e0b4260866869fbe44c5b1ac356a	46	5105	IMPLEMENTED_UNPROVEN	NO_CURRENT_FULL_CLAUSE_DECLARATION; CANDIDATE_MAPPING_ONLY
NREQ-c7db0a91719ea5703363bedb30544dc7	46	5106	IMPLEMENTED_UNPROVEN	NO_CURRENT_FULL_CLAUSE_DECLARATION; CANDIDATE_MAPPING_ONLY
NREQ-d702d063e392c80cca5fe2c7f03c9032	46	5107	IMPLEMENTED_UNPROVEN	NO_CURRENT_FULL_CLAUSE_DECLARATION; CANDIDATE_MAPPING_ONLY
NREQ-5988d636bc6d49822ddc4fe2c14cf9a1	46	5108	IMPLEMENTED_UNPROVEN	NO_CURRENT_FULL_CLAUSE_DECLARATION; CANDIDATE_MAPPING_ONLY
NREQ-a97e8a2aab3cc9caff63595723bd5d3e	46	5109	IMPLEMENTED_UNPROVEN	NO_CURRENT_FULL_CLAUSE_DECLARATION; CANDIDATE_MAPPING_ONLY
NREQ-bd9b56e4b2d0b347420c5b829bd4d457	46	5110	IMPLEMENTED_UNPROVEN	NO_CURRENT_FULL_CLAUSE_DECLARATION; CANDIDATE_MAPPING_ONLY
NREQ-7c489c259b4918c70b636227da3a127b	46	5112	IMPLEMENTED_UNPROVEN	NO_CURRENT_FULL_CLAUSE_DECLARATION; CANDIDATE_MAPPING_ONLY
NREQ-54d5370eaa3fa76a5a655dfef6750619	46	5113	IMPLEMENTED_UNPROVEN	NO_CURRENT_FULL_CLAUSE_DECLARATION; CANDIDATE_MAPPING_ONLY
NREQ-41ae0909738c2705888aa525d75807d2	46	5115	IMPLEMENTED_UNPROVEN	NO_CURRENT_FULL_CLAUSE_DECLARATION; CANDIDATE_MAPPING_ONLY
NREQ-50d529d52772f6df390cb11617040d87	46	5116	IMPLEMENTED_UNPROVEN	NO_CURRENT_FULL_CLAUSE_DECLARATION; CANDIDATE_MAPPING_ONLY
NREQ-f0261538f28d7f96404545c353993da9	46	5117	IMPLEMENTED_UNPROVEN	NO_CURRENT_FULL_CLAUSE_DECLARATION; CANDIDATE_MAPPING_ONLY
NREQ-b3a46d7e588703dcef1a479e59756016	46	5118	IMPLEMENTED_UNPROVEN	NO_CURRENT_FULL_CLAUSE_DECLARATION; CANDIDATE_MAPPING_ONLY
NREQ-ea5fb779087a44bde11f93a6fe323ffc	46	5119	IMPLEMENTED_UNPROVEN	NO_CURRENT_FULL_CLAUSE_DECLARATION; CANDIDATE_MAPPING_ONLY
NREQ-f6a4a7e71f6804efca9e2feb257ca8b1	46	5120	IMPLEMENTED_UNPROVEN	NO_CURRENT_FULL_CLAUSE_DECLARATION; CANDIDATE_MAPPING_ONLY
NREQ-4f148dc6f2c6b2a748712927a4ed2d8b	46	5121	IMPLEMENTED_UNPROVEN	NO_CURRENT_FULL_CLAUSE_DECLARATION; CANDIDATE_MAPPING_ONLY
NREQ-a26497e5aafe85b00c67b072455d7cd5	46	5122	IMPLEMENTED_UNPROVEN	NO_CURRENT_FULL_CLAUSE_DECLARATION; CANDIDATE_MAPPING_ONLY
NREQ-1242be192e831cbbe6cb3b5be95024ce	46	5123	IMPLEMENTED_UNPROVEN	NO_CURRENT_FULL_CLAUSE_DECLARATION; CANDIDATE_MAPPING_ONLY
NREQ-90125974c0cc0996826b7d0563840d93	46	5124	IMPLEMENTED_UNPROVEN	NO_CURRENT_FULL_CLAUSE_DECLARATION; CANDIDATE_MAPPING_ONLY
NREQ-951a47f371e97756c8bb86b1b40a5082	46	5125	IMPLEMENTED_UNPROVEN	NO_CURRENT_FULL_CLAUSE_DECLARATION; CANDIDATE_MAPPING_ONLY
NREQ-0a98b144648c7d61a9d8a8d61b568872	46	5126	IMPLEMENTED_UNPROVEN	NO_CURRENT_FULL_CLAUSE_DECLARATION; CANDIDATE_MAPPING_ONLY
NREQ-32ca1faccf3a7e8d57e03cd98de98c81	46	5127	IMPLEMENTED_UNPROVEN	NO_CURRENT_FULL_CLAUSE_DECLARATION; CANDIDATE_MAPPING_ONLY
NREQ-275429ce6fddd5226301f9bdc4154ef1	46	5128	IMPLEMENTED_UNPROVEN	NO_CURRENT_FULL_CLAUSE_DECLARATION; CANDIDATE_MAPPING_ONLY
NREQ-b6d585501d2a052c369d40a144727890	46	5129	IMPLEMENTED_UNPROVEN	NO_CURRENT_FULL_CLAUSE_DECLARATION; CANDIDATE_MAPPING_ONLY
NREQ-f01db66a4dbbf052684d8f77038f9aa2	46	5130	IMPLEMENTED_UNPROVEN	NO_CURRENT_FULL_CLAUSE_DECLARATION; CANDIDATE_MAPPING_ONLY
NREQ-10f92110c39486bfa21812b7ad0e4232	46	5131	IMPLEMENTED_UNPROVEN	NO_CURRENT_FULL_CLAUSE_DECLARATION; CANDIDATE_MAPPING_ONLY
NREQ-1657dda17d9c5c3b183477685cc650fa	46	5132	IMPLEMENTED_UNPROVEN	NO_CURRENT_FULL_CLAUSE_DECLARATION; CANDIDATE_MAPPING_ONLY
NREQ-610b2c0a3e0740251aa6bbaf9f717a37	46	5133	IMPLEMENTED_UNPROVEN	NO_CURRENT_FULL_CLAUSE_DECLARATION; CANDIDATE_MAPPING_ONLY
NREQ-a83e76b5984cf677dd0c3d9c30cb99d3	46	5134	IMPLEMENTED_UNPROVEN	NO_CURRENT_FULL_CLAUSE_DECLARATION; CANDIDATE_MAPPING_ONLY
NREQ-bcf1cf319e797cd0e61cfb93d5aeafa8	46	5135	IMPLEMENTED_UNPROVEN	NO_CURRENT_FULL_CLAUSE_DECLARATION; CANDIDATE_MAPPING_ONLY
NREQ-9eff5cb7edd8f58acb9c319db4cd8b81	46	5136	IMPLEMENTED_UNPROVEN	NO_CURRENT_FULL_CLAUSE_DECLARATION; CANDIDATE_MAPPING_ONLY
NREQ-6b77324ea8b9fa6b79dad56e7c524143	46	5137	IMPLEMENTED_UNPROVEN	NO_CURRENT_FULL_CLAUSE_DECLARATION; CANDIDATE_MAPPING_ONLY
NREQ-0c03d96f5cf1acbdb524ed9cf8cd1adf	46	5138	IMPLEMENTED_UNPROVEN	NO_CURRENT_FULL_CLAUSE_DECLARATION; CANDIDATE_MAPPING_ONLY
NREQ-5cc5c61174cd45371e8a5569d95a33bd	46	5139	IMPLEMENTED_UNPROVEN	NO_CURRENT_FULL_CLAUSE_DECLARATION; CANDIDATE_MAPPING_ONLY
NREQ-453f7a50643565025ba0f7907be7cd17	46.1	5143	IMPLEMENTED_UNPROVEN	NO_CURRENT_FULL_CLAUSE_DECLARATION; CANDIDATE_MAPPING_ONLY
NREQ-51577e079f7fa09093c819926b3274ce	46.2	5147	IMPLEMENTED_UNPROVEN	NO_CURRENT_FULL_CLAUSE_DECLARATION; CANDIDATE_MAPPING_ONLY
NREQ-bedc4564e47ae7ebf86911eb8426b6f0	46.2	5148	IMPLEMENTED_UNPROVEN	CURRENT_REVIEWED_DESIGN_REQUIRES_EXECUTED_OBSERVATIONS
NREQ-4b26e20f450b23eb551b2da03e69c9c9	46.2	5149	IMPLEMENTED_UNPROVEN	CURRENT_REVIEWED_DESIGN_REQUIRES_EXECUTED_OBSERVATIONS
NREQ-7cc43fdac66bb04a5610428e8f2246c5	46.2	5150	IMPLEMENTED_UNPROVEN	NO_CURRENT_FULL_CLAUSE_DECLARATION; CANDIDATE_MAPPING_ONLY
NREQ-3255a44aaa07200cfeca3a48984e7122	46.2	5151	IMPLEMENTED_UNPROVEN	NO_CURRENT_FULL_CLAUSE_DECLARATION; CANDIDATE_MAPPING_ONLY
NREQ-befdab6cc6a4121936987a35fc18e1c9	46.2	5152	IMPLEMENTED_UNPROVEN	CURRENT_REVIEWED_DESIGN_REQUIRES_EXECUTED_OBSERVATIONS
NREQ-a011968eff2ed2dc314d58ed27dfad88	46.2	5153	IMPLEMENTED_UNPROVEN	CURRENT_REVIEWED_DESIGN_REQUIRES_EXECUTED_OBSERVATIONS
NREQ-406584c51e891128f902924689538001	46.2	5154	IMPLEMENTED_UNPROVEN	NO_CURRENT_FULL_CLAUSE_DECLARATION; CANDIDATE_MAPPING_ONLY
NREQ-fc80b1f39c921101ab2d95a8d12007b7	46.2	5155	IMPLEMENTED_UNPROVEN	NO_CURRENT_FULL_CLAUSE_DECLARATION; CANDIDATE_MAPPING_ONLY
NREQ-d0aea28acbfd2532ac2eaa7717d8b56f	46.2	5156	IMPLEMENTED_UNPROVEN	NO_CURRENT_FULL_CLAUSE_DECLARATION; CANDIDATE_MAPPING_ONLY
NREQ-9a0ea1f2155d4ec3229d7cfba358f773	46.2	5157	IMPLEMENTED_UNPROVEN	NO_CURRENT_FULL_CLAUSE_DECLARATION; CANDIDATE_MAPPING_ONLY
NREQ-c0f5216f3bf7ce77dfa7364eeeabe5f6	46.2	5158	IMPLEMENTED_UNPROVEN	NO_CURRENT_FULL_CLAUSE_DECLARATION; CANDIDATE_MAPPING_ONLY
NREQ-7803f38f22e7d4f490231bde99e21eb5	46.2	5159	IMPLEMENTED_UNPROVEN	NO_CURRENT_FULL_CLAUSE_DECLARATION; CANDIDATE_MAPPING_ONLY
NREQ-8fdc3d93b3967c519a85c15934f66ef0	46.2	5160	IMPLEMENTED_UNPROVEN	NO_CURRENT_FULL_CLAUSE_DECLARATION; CANDIDATE_MAPPING_ONLY
NREQ-b61f10cd1eb0f83c2a139336db05d659	46.2	5162	IMPLEMENTED_UNPROVEN	NO_CURRENT_FULL_CLAUSE_DECLARATION; CANDIDATE_MAPPING_ONLY
NREQ-817bb744852a10b04358237e9c9e572d	46.3	5166	IMPLEMENTED_UNPROVEN	NO_CURRENT_FULL_CLAUSE_DECLARATION; CANDIDATE_MAPPING_ONLY
NREQ-50ef42498edbfcaa72e7bb2338543fc8	46.3	5168	IMPLEMENTED_UNPROVEN	NO_CURRENT_FULL_CLAUSE_DECLARATION; CANDIDATE_MAPPING_ONLY
NREQ-e030befaa4994817b21aa6db9cb657a3	46.3	5170	IMPLEMENTED_UNPROVEN	NO_CURRENT_FULL_CLAUSE_DECLARATION; CANDIDATE_MAPPING_ONLY
NREQ-413194ff025eb91cc534a263f2e6a298	46.3	5172	IMPLEMENTED_UNPROVEN	NO_CURRENT_FULL_CLAUSE_DECLARATION; CANDIDATE_MAPPING_ONLY
NREQ-bbc2c3eb07932ff2ae0392abf3bb21c6	47	5176	IMPLEMENTED_UNPROVEN	REVIEWED_CONTEXT_LINKED_TO_MANDATORY_CLAUSES
NREQ-bd286da8a99bf98c52c1fd3acdf4eec0	47	5178	IMPLEMENTED_UNPROVEN	REVIEWED_CONTEXT_LINKED_TO_MANDATORY_CLAUSES
NREQ-be65e28538394e08de09cca8d3b49c59	47	5179	IMPLEMENTED_UNPROVEN	NO_CURRENT_FULL_CLAUSE_DECLARATION; CANDIDATE_MAPPING_ONLY
NREQ-12fc6783d9db5ade5ea38f681d67614e	47	5180	IMPLEMENTED_UNPROVEN	NO_CURRENT_FULL_CLAUSE_DECLARATION; CANDIDATE_MAPPING_ONLY
NREQ-8c5dfaf755361923878ba6decd4d777a	47	5181	IMPLEMENTED_UNPROVEN	NO_CURRENT_FULL_CLAUSE_DECLARATION; CANDIDATE_MAPPING_ONLY
NREQ-5f23179aa619ae73eb7e54f4d2d1a736	47	5182	IMPLEMENTED_UNPROVEN	NO_CURRENT_FULL_CLAUSE_DECLARATION; CANDIDATE_MAPPING_ONLY
NREQ-6545943b69d63961c173a759744510f4	47	5183	IMPLEMENTED_UNPROVEN	NO_CURRENT_FULL_CLAUSE_DECLARATION; CANDIDATE_MAPPING_ONLY
NREQ-f5f548e0ddc9fd7b6686d1ca16364ed1	47	5184	IMPLEMENTED_UNPROVEN	NO_CURRENT_FULL_CLAUSE_DECLARATION; CANDIDATE_MAPPING_ONLY
NREQ-1488aff99e73a0059462bf2be89bee23	47	5185	IMPLEMENTED_UNPROVEN	NO_CURRENT_FULL_CLAUSE_DECLARATION; CANDIDATE_MAPPING_ONLY
NREQ-1de6c25573e8dc64ff14396119170a8a	47	5186	IMPLEMENTED_UNPROVEN	NO_CURRENT_FULL_CLAUSE_DECLARATION; CANDIDATE_MAPPING_ONLY
NREQ-488e50794775c8f324833b8216e75bc4	47	5187	IMPLEMENTED_UNPROVEN	NO_CURRENT_FULL_CLAUSE_DECLARATION; CANDIDATE_MAPPING_ONLY
NREQ-13e0b64d2970469d520ee1043977dd74	47	5188	IMPLEMENTED_UNPROVEN	NO_CURRENT_FULL_CLAUSE_DECLARATION; CANDIDATE_MAPPING_ONLY
NREQ-6bcfe204031d1adeab6f7daaf877a105	47	5189	IMPLEMENTED_UNPROVEN	NO_CURRENT_FULL_CLAUSE_DECLARATION; CANDIDATE_MAPPING_ONLY
NREQ-a2ba3726142345362704646ef19f1f13	47	5191	IMPLEMENTED_UNPROVEN	REVIEWED_CONTEXT_LINKED_TO_MANDATORY_CLAUSES
NREQ-9051a34f7c55273b63263fef142c91eb	47	5192	IMPLEMENTED_UNPROVEN	REVIEWED_CONTEXT_LINKED_TO_MANDATORY_CLAUSES
NREQ-667913da719a186e7a94ae1d84905bf8	47	5193	IMPLEMENTED_UNPROVEN	NO_CURRENT_FULL_CLAUSE_DECLARATION; CANDIDATE_MAPPING_ONLY
NREQ-a0e8eebebba036b8fa176c380f33a0db	47	5194	IMPLEMENTED_UNPROVEN	NO_CURRENT_FULL_CLAUSE_DECLARATION; CANDIDATE_MAPPING_ONLY
NREQ-493765af423b2389db1c53f8e77180c5	47	5195	IMPLEMENTED_UNPROVEN	NO_CURRENT_FULL_CLAUSE_DECLARATION; CANDIDATE_MAPPING_ONLY
NREQ-76f64b35f5c422da1c31f2c1c6dd5a99	47	5196	IMPLEMENTED_UNPROVEN	NO_CURRENT_FULL_CLAUSE_DECLARATION; CANDIDATE_MAPPING_ONLY
NREQ-b1c5c0bfd1438f22fff6660bbf0be747	47	5197	IMPLEMENTED_UNPROVEN	NO_CURRENT_FULL_CLAUSE_DECLARATION; CANDIDATE_MAPPING_ONLY
NREQ-17f81625d61a1c522a1998d002b0174d	47	5198	IMPLEMENTED_UNPROVEN	NO_CURRENT_FULL_CLAUSE_DECLARATION; CANDIDATE_MAPPING_ONLY
NREQ-d0cfdb442b15ab3a6e07d8c2e0dee33a	47	5199	IMPLEMENTED_UNPROVEN	NO_CURRENT_FULL_CLAUSE_DECLARATION; CANDIDATE_MAPPING_ONLY
NREQ-b8520f847e059eb741b7955dbb256a08	47	5200	IMPLEMENTED_UNPROVEN	NO_CURRENT_FULL_CLAUSE_DECLARATION; CANDIDATE_MAPPING_ONLY
NREQ-7f176af2f996ee05f812021a9e1b7d46	47	5201	IMPLEMENTED_UNPROVEN	NO_CURRENT_FULL_CLAUSE_DECLARATION; CANDIDATE_MAPPING_ONLY
NREQ-b64291640b953916c69cad9bbe49e9cc	47	5203	IMPLEMENTED_UNPROVEN	REVIEWED_CONTEXT_LINKED_TO_MANDATORY_CLAUSES
NREQ-f4bb6ec71d804f053da76358b00bb891	47	5204	IMPLEMENTED_UNPROVEN	REVIEWED_CONTEXT_LINKED_TO_MANDATORY_CLAUSES
NREQ-ad09f4aca6aeed48c499c191d18f1208	47	5205	IMPLEMENTED_UNPROVEN	NO_CURRENT_FULL_CLAUSE_DECLARATION; CANDIDATE_MAPPING_ONLY
NREQ-7755adb3941dfa8d773aac31bb621834	47	5206	IMPLEMENTED_UNPROVEN	NO_CURRENT_FULL_CLAUSE_DECLARATION; CANDIDATE_MAPPING_ONLY
NREQ-64680981e02c715a6e98672e233fe393	47	5207	IMPLEMENTED_UNPROVEN	NO_CURRENT_FULL_CLAUSE_DECLARATION; CANDIDATE_MAPPING_ONLY
NREQ-21e5d1e90d2f7f0598f53e8659045af5	47	5208	IMPLEMENTED_UNPROVEN	NO_CURRENT_FULL_CLAUSE_DECLARATION; CANDIDATE_MAPPING_ONLY
NREQ-6899c606cef0a568b60699da88130a79	47	5209	IMPLEMENTED_UNPROVEN	NO_CURRENT_FULL_CLAUSE_DECLARATION; CANDIDATE_MAPPING_ONLY
NREQ-af9d3988ba526be9796ca0aeaf5f5fc3	47	5210	IMPLEMENTED_UNPROVEN	NO_CURRENT_FULL_CLAUSE_DECLARATION; CANDIDATE_MAPPING_ONLY
NREQ-789b095de276751e52be4478e789bb37	47	5212	IMPLEMENTED_UNPROVEN	REVIEWED_CONTEXT_LINKED_TO_MANDATORY_CLAUSES
NREQ-39288d2336d78031fd2856f4b27a9c4e	47	5213	IMPLEMENTED_UNPROVEN	NO_CURRENT_FULL_CLAUSE_DECLARATION; CANDIDATE_MAPPING_ONLY
NREQ-da4fc654b9f3c0dbe3a1288199ab8f9a	47	5214	IMPLEMENTED_UNPROVEN	NO_CURRENT_FULL_CLAUSE_DECLARATION; CANDIDATE_MAPPING_ONLY
NREQ-50035e12b76c89e3158284ac17590e12	47	5215	IMPLEMENTED_UNPROVEN	NO_CURRENT_FULL_CLAUSE_DECLARATION; CANDIDATE_MAPPING_ONLY
NREQ-fdadad845ff7ec6ae2490ffb7f6e86d4	47	5216	IMPLEMENTED_UNPROVEN	NO_CURRENT_FULL_CLAUSE_DECLARATION; CANDIDATE_MAPPING_ONLY
NREQ-305765441125f6284175e5eb1af328d1	47	5217	IMPLEMENTED_UNPROVEN	NO_CURRENT_FULL_CLAUSE_DECLARATION; CANDIDATE_MAPPING_ONLY
NREQ-efdf7e00111950940ba1ac948237415f	47	5218	IMPLEMENTED_UNPROVEN	NO_CURRENT_FULL_CLAUSE_DECLARATION; CANDIDATE_MAPPING_ONLY
NREQ-7fdbeba068a553192486a843e60dbbd1	47	5219	IMPLEMENTED_UNPROVEN	NO_CURRENT_FULL_CLAUSE_DECLARATION; CANDIDATE_MAPPING_ONLY
NREQ-7515f27c53e310056b14050fb1c84451	47	5220	IMPLEMENTED_UNPROVEN	NO_CURRENT_FULL_CLAUSE_DECLARATION; CANDIDATE_MAPPING_ONLY
NREQ-51190da48577843a75723bb28279d32f	47	5221	IMPLEMENTED_UNPROVEN	NO_CURRENT_FULL_CLAUSE_DECLARATION; CANDIDATE_MAPPING_ONLY
NREQ-255d179bd808c64f18ef60de6a153359	47	5222	IMPLEMENTED_UNPROVEN	NO_CURRENT_FULL_CLAUSE_DECLARATION; CANDIDATE_MAPPING_ONLY
NREQ-8c6ef3a3638d94fc51c64d535404f76c	47	5223	IMPLEMENTED_UNPROVEN	NO_CURRENT_FULL_CLAUSE_DECLARATION; CANDIDATE_MAPPING_ONLY
NREQ-c31c930c94aad0e289127b443c0a4d6c	47	5224	IMPLEMENTED_UNPROVEN	NO_CURRENT_FULL_CLAUSE_DECLARATION; CANDIDATE_MAPPING_ONLY
NREQ-ec9b1e093014cc729a9df6937d9c85f3	47	5225	IMPLEMENTED_UNPROVEN	NO_CURRENT_FULL_CLAUSE_DECLARATION; CANDIDATE_MAPPING_ONLY
NREQ-8bf37e36b887e77e3701baa1531afe25	47	5226	IMPLEMENTED_UNPROVEN	NO_CURRENT_FULL_CLAUSE_DECLARATION; CANDIDATE_MAPPING_ONLY
NREQ-f373217f1c68c539f2736e23a13a72ab	47	5227	IMPLEMENTED_UNPROVEN	NO_CURRENT_FULL_CLAUSE_DECLARATION; CANDIDATE_MAPPING_ONLY
NREQ-4e894d841400661de04f206000506afc	47	5228	IMPLEMENTED_UNPROVEN	NO_CURRENT_FULL_CLAUSE_DECLARATION; CANDIDATE_MAPPING_ONLY
NREQ-061bd0874a268ff8bd38ac41064f251c	47	5229	IMPLEMENTED_UNPROVEN	NO_CURRENT_FULL_CLAUSE_DECLARATION; CANDIDATE_MAPPING_ONLY
NREQ-b3ab98263711d09c55b18282a1359a83	47	5230	IMPLEMENTED_UNPROVEN	NO_CURRENT_FULL_CLAUSE_DECLARATION; CANDIDATE_MAPPING_ONLY
NREQ-f63bde167fe73526d55f3da40f3f4165	47	5231	IMPLEMENTED_UNPROVEN	NO_CURRENT_FULL_CLAUSE_DECLARATION; CANDIDATE_MAPPING_ONLY
NREQ-a58409e8c3c690751813567bb26cb124	47	5233	IMPLEMENTED_UNPROVEN	REVIEWED_CONTEXT_LINKED_TO_MANDATORY_CLAUSES
NREQ-36f651873353fd6d260661d91a6ecc41	47	5234	IMPLEMENTED_UNPROVEN	NO_CURRENT_FULL_CLAUSE_DECLARATION; CANDIDATE_MAPPING_ONLY
NREQ-eff31efdb85e276ea14629ef4d9cff41	47	5235	IMPLEMENTED_UNPROVEN	NO_CURRENT_FULL_CLAUSE_DECLARATION; CANDIDATE_MAPPING_ONLY
NREQ-6bd6d01bb8680a3eaa18706db8d35621	47	5236	IMPLEMENTED_UNPROVEN	NO_CURRENT_FULL_CLAUSE_DECLARATION; CANDIDATE_MAPPING_ONLY
NREQ-e8f202c7752b4a65082194b42cafbaa7	47	5237	IMPLEMENTED_UNPROVEN	NO_CURRENT_FULL_CLAUSE_DECLARATION; CANDIDATE_MAPPING_ONLY
NREQ-911f1cafa68b8d6157bc202fa6af7af9	47	5238	IMPLEMENTED_UNPROVEN	NO_CURRENT_FULL_CLAUSE_DECLARATION; CANDIDATE_MAPPING_ONLY
NREQ-137e6b1534c07349af502e4699ecc485	47	5239	IMPLEMENTED_UNPROVEN	NO_CURRENT_FULL_CLAUSE_DECLARATION; CANDIDATE_MAPPING_ONLY
NREQ-2cb81d74586ccb1867250009b8c90eee	47	5240	IMPLEMENTED_UNPROVEN	NO_CURRENT_FULL_CLAUSE_DECLARATION; CANDIDATE_MAPPING_ONLY
NREQ-28db3099c82d2a3679bc35575a06bf19	47	5241	IMPLEMENTED_UNPROVEN	NO_CURRENT_FULL_CLAUSE_DECLARATION; CANDIDATE_MAPPING_ONLY
NREQ-b5e51591831a777d3b58615631fd9ac2	47	5242	IMPLEMENTED_UNPROVEN	NO_CURRENT_FULL_CLAUSE_DECLARATION; CANDIDATE_MAPPING_ONLY
NREQ-e15f1a4d6a6acfe3b9d1893191aa2b0b	47	5243	IMPLEMENTED_UNPROVEN	NO_CURRENT_FULL_CLAUSE_DECLARATION; CANDIDATE_MAPPING_ONLY
NREQ-f24aafb7ed0e88ba27f657692bcc47a9	47	5244	IMPLEMENTED_UNPROVEN	NO_CURRENT_FULL_CLAUSE_DECLARATION; CANDIDATE_MAPPING_ONLY
NREQ-d48643414ac617434a8ce55a682e8be4	47	5245	IMPLEMENTED_UNPROVEN	NO_CURRENT_FULL_CLAUSE_DECLARATION; CANDIDATE_MAPPING_ONLY
NREQ-9d75ed38139ac58837bec6a1a44f1f96	47	5246	IMPLEMENTED_UNPROVEN	NO_CURRENT_FULL_CLAUSE_DECLARATION; CANDIDATE_MAPPING_ONLY
NREQ-1323019efe705752b11a75d84b8d124c	47	5247	IMPLEMENTED_UNPROVEN	NO_CURRENT_FULL_CLAUSE_DECLARATION; CANDIDATE_MAPPING_ONLY
NREQ-464d48b0ba1b041b9fbf41a20e36471d	47	5248	IMPLEMENTED_UNPROVEN	NO_CURRENT_FULL_CLAUSE_DECLARATION; CANDIDATE_MAPPING_ONLY
NREQ-e8e65fcc62f49bbcd54bb77440a5cf83	47	5249	IMPLEMENTED_UNPROVEN	NO_CURRENT_FULL_CLAUSE_DECLARATION; CANDIDATE_MAPPING_ONLY
NREQ-f08f58fd8271ef826ccf884295d536a3	47	5250	IMPLEMENTED_UNPROVEN	NO_CURRENT_FULL_CLAUSE_DECLARATION; CANDIDATE_MAPPING_ONLY
NREQ-2e58039e2fb61f27b60c213687a2264d	47	5251	IMPLEMENTED_UNPROVEN	NO_CURRENT_FULL_CLAUSE_DECLARATION; CANDIDATE_MAPPING_ONLY
NREQ-9c7e21e6e29bebbd94d541e973d75097	47	5253	IMPLEMENTED_UNPROVEN	REVIEWED_CONTEXT_LINKED_TO_MANDATORY_CLAUSES
NREQ-3af4c9c372e092c0a752ddc1b4df672b	47	5254	IMPLEMENTED_UNPROVEN	NO_CURRENT_FULL_CLAUSE_DECLARATION; CANDIDATE_MAPPING_ONLY
NREQ-f5fa7e6034c01eb3c3e2bc722e132e2e	47	5255	IMPLEMENTED_UNPROVEN	NO_CURRENT_FULL_CLAUSE_DECLARATION; CANDIDATE_MAPPING_ONLY
NREQ-1db199a644127b3b4c0e75aeee735ead	47	5256	IMPLEMENTED_UNPROVEN	NO_CURRENT_FULL_CLAUSE_DECLARATION; CANDIDATE_MAPPING_ONLY
NREQ-12c060d082334a47e0b57cef1e262eb4	47	5257	IMPLEMENTED_UNPROVEN	NO_CURRENT_FULL_CLAUSE_DECLARATION; CANDIDATE_MAPPING_ONLY
NREQ-387a54ec27ff7ae89de0f46343494218	47	5258	IMPLEMENTED_UNPROVEN	NO_CURRENT_FULL_CLAUSE_DECLARATION; CANDIDATE_MAPPING_ONLY
NREQ-fdc3dcb31e5177023c78ee6e99a5f10c	47	5259	IMPLEMENTED_UNPROVEN	NO_CURRENT_FULL_CLAUSE_DECLARATION; CANDIDATE_MAPPING_ONLY
NREQ-ac7dc47ca4495f1f6e0466d5b1c4126a	47	5260	IMPLEMENTED_UNPROVEN	NO_CURRENT_FULL_CLAUSE_DECLARATION; CANDIDATE_MAPPING_ONLY
NREQ-895946ad304ba042ecf2ee2297d8f108	47	5261	IMPLEMENTED_UNPROVEN	NO_CURRENT_FULL_CLAUSE_DECLARATION; CANDIDATE_MAPPING_ONLY
NREQ-691357851621b667b09a0a44926191ba	47	5262	IMPLEMENTED_UNPROVEN	NO_CURRENT_FULL_CLAUSE_DECLARATION; CANDIDATE_MAPPING_ONLY
NREQ-033f5016889f85364c3cd03b37d475fe	47	5263	IMPLEMENTED_UNPROVEN	NO_CURRENT_FULL_CLAUSE_DECLARATION; CANDIDATE_MAPPING_ONLY
NREQ-f5a4aeb698ef51b298b93305160fee89	47	5264	IMPLEMENTED_UNPROVEN	NO_CURRENT_FULL_CLAUSE_DECLARATION; CANDIDATE_MAPPING_ONLY
NREQ-ed247c028b326b81727983056bfa22b5	47	5266	IMPLEMENTED_UNPROVEN	REVIEWED_CONTEXT_LINKED_TO_MANDATORY_CLAUSES
NREQ-9988017cbf3c938177df440146214cfb	47	5267	IMPLEMENTED_UNPROVEN	NO_CURRENT_FULL_CLAUSE_DECLARATION; CANDIDATE_MAPPING_ONLY
NREQ-96c59335f8be1c702b4a0735a06bc370	47	5268	IMPLEMENTED_UNPROVEN	NO_CURRENT_FULL_CLAUSE_DECLARATION; CANDIDATE_MAPPING_ONLY
NREQ-2e0416afb0b9cc68133801d6a475c0e2	47	5269	IMPLEMENTED_UNPROVEN	NO_CURRENT_FULL_CLAUSE_DECLARATION; CANDIDATE_MAPPING_ONLY
NREQ-e99f31a8faa924ea6efafedc564ed3a3	47	5270	IMPLEMENTED_UNPROVEN	NO_CURRENT_FULL_CLAUSE_DECLARATION; CANDIDATE_MAPPING_ONLY
NREQ-086946b72c94ecb327b7665012a30a2a	47	5271	IMPLEMENTED_UNPROVEN	NO_CURRENT_FULL_CLAUSE_DECLARATION; CANDIDATE_MAPPING_ONLY
NREQ-227c1fbdbe984431c02f817fc14adf1f	47	5272	IMPLEMENTED_UNPROVEN	NO_CURRENT_FULL_CLAUSE_DECLARATION; CANDIDATE_MAPPING_ONLY
NREQ-26cdfc95bd89b79bd1f334da1713e2bc	47	5273	IMPLEMENTED_UNPROVEN	NO_CURRENT_FULL_CLAUSE_DECLARATION; CANDIDATE_MAPPING_ONLY
NREQ-562e53015a9ef39921c932a168fb7f85	47	5274	IMPLEMENTED_UNPROVEN	NO_CURRENT_FULL_CLAUSE_DECLARATION; CANDIDATE_MAPPING_ONLY
NREQ-63bac027cf12d30a9016f89edbaf8fe6	47	5275	IMPLEMENTED_UNPROVEN	NO_CURRENT_FULL_CLAUSE_DECLARATION; CANDIDATE_MAPPING_ONLY
NREQ-1dc55a4795c4a19410970b77db9e696b	47	5276	IMPLEMENTED_UNPROVEN	NO_CURRENT_FULL_CLAUSE_DECLARATION; CANDIDATE_MAPPING_ONLY
NREQ-b31256a5acd2ac2317c082259a1a4d09	47	5278	IMPLEMENTED_UNPROVEN	REVIEWED_CONTEXT_LINKED_TO_MANDATORY_CLAUSES
NREQ-eb4484abaf8ecc58aa8a81a31e48fe5e	47	5279	IMPLEMENTED_UNPROVEN	NO_CURRENT_FULL_CLAUSE_DECLARATION; CANDIDATE_MAPPING_ONLY
NREQ-929486758bb11388918920a66546dfae	47	5280	IMPLEMENTED_UNPROVEN	NO_CURRENT_FULL_CLAUSE_DECLARATION; CANDIDATE_MAPPING_ONLY
NREQ-b6a22be40a3ec07ee2fa3150a356e9cb	47	5281	IMPLEMENTED_UNPROVEN	NO_CURRENT_FULL_CLAUSE_DECLARATION; CANDIDATE_MAPPING_ONLY
NREQ-0c37b1f80cc8b076ee2800d2e3d3438a	47	5282	IMPLEMENTED_UNPROVEN	NO_CURRENT_FULL_CLAUSE_DECLARATION; CANDIDATE_MAPPING_ONLY
NREQ-5107d97489552e7cca3634f6c3a3bfc0	47	5283	IMPLEMENTED_UNPROVEN	NO_CURRENT_FULL_CLAUSE_DECLARATION; CANDIDATE_MAPPING_ONLY
NREQ-7c2c041b28a68843f7623c08c990475d	47	5284	IMPLEMENTED_UNPROVEN	NO_CURRENT_FULL_CLAUSE_DECLARATION; CANDIDATE_MAPPING_ONLY
NREQ-5b051a15acbaadf16198e2d77ebb1862	47	5285	IMPLEMENTED_UNPROVEN	NO_CURRENT_FULL_CLAUSE_DECLARATION; CANDIDATE_MAPPING_ONLY
NREQ-6925682ff65086f75cffdf1a8ad764d6	47	5286	IMPLEMENTED_UNPROVEN	NO_CURRENT_FULL_CLAUSE_DECLARATION; CANDIDATE_MAPPING_ONLY
NREQ-8be67dd6681d25d809015bceffc488d1	47	5287	IMPLEMENTED_UNPROVEN	NO_CURRENT_FULL_CLAUSE_DECLARATION; CANDIDATE_MAPPING_ONLY
NREQ-363da4505b69511fe032c8e19a9130b1	47	5288	IMPLEMENTED_UNPROVEN	NO_CURRENT_FULL_CLAUSE_DECLARATION; CANDIDATE_MAPPING_ONLY
NREQ-a39113faaa7a9ec12a78b8d21a4be5dc	47	5289	IMPLEMENTED_UNPROVEN	NO_CURRENT_FULL_CLAUSE_DECLARATION; CANDIDATE_MAPPING_ONLY
NREQ-136e915e829e23da07856d910da9abf3	47	5290	IMPLEMENTED_UNPROVEN	NO_CURRENT_FULL_CLAUSE_DECLARATION; CANDIDATE_MAPPING_ONLY
NREQ-248642c0fa487e61ac88e69d52ff29d6	47	5291	IMPLEMENTED_UNPROVEN	NO_CURRENT_FULL_CLAUSE_DECLARATION; CANDIDATE_MAPPING_ONLY
NREQ-97d7f52df9c48b70204b834c93019114	47	5292	IMPLEMENTED_UNPROVEN	NO_CURRENT_FULL_CLAUSE_DECLARATION; CANDIDATE_MAPPING_ONLY
NREQ-0f2e5aaa9c02866fdfe85a887c31249a	47	5293	IMPLEMENTED_UNPROVEN	NO_CURRENT_FULL_CLAUSE_DECLARATION; CANDIDATE_MAPPING_ONLY
NREQ-329a86d9b90773241590426018aac067	47	5294	IMPLEMENTED_UNPROVEN	NO_CURRENT_FULL_CLAUSE_DECLARATION; CANDIDATE_MAPPING_ONLY
NREQ-6d1f5aaec350648e978ddb68c23ff915	47	5295	IMPLEMENTED_UNPROVEN	NO_CURRENT_FULL_CLAUSE_DECLARATION; CANDIDATE_MAPPING_ONLY
NREQ-0f1fbdb769399163ec2f54103d770b8e	47	5296	IMPLEMENTED_UNPROVEN	NO_CURRENT_FULL_CLAUSE_DECLARATION; CANDIDATE_MAPPING_ONLY
NREQ-f4b872eea3f567de45e7ac88f3ff5ec6	47	5297	IMPLEMENTED_UNPROVEN	NO_CURRENT_FULL_CLAUSE_DECLARATION; CANDIDATE_MAPPING_ONLY
NREQ-4c204ff639c7426cc5b7233aa46d87e6	47	5298	IMPLEMENTED_UNPROVEN	NO_CURRENT_FULL_CLAUSE_DECLARATION; CANDIDATE_MAPPING_ONLY
NREQ-831d64a32b1199f9aac34d8e11a2f2e3	47	5300	IMPLEMENTED_UNPROVEN	REVIEWED_CONTEXT_LINKED_TO_MANDATORY_CLAUSES
NREQ-6c4924152db745b1b573bf2e52de9de8	47	5301	IMPLEMENTED_UNPROVEN	NO_CURRENT_FULL_CLAUSE_DECLARATION; CANDIDATE_MAPPING_ONLY
NREQ-c68bec57eda576695ad753632ab95dc3	47	5302	IMPLEMENTED_UNPROVEN	NO_CURRENT_FULL_CLAUSE_DECLARATION; CANDIDATE_MAPPING_ONLY
NREQ-827441a7d1b9940ba2bd27836bdd92dd	47	5303	IMPLEMENTED_UNPROVEN	NO_CURRENT_FULL_CLAUSE_DECLARATION; CANDIDATE_MAPPING_ONLY
NREQ-9fea644a18d27a47d796f2e4a1188fa4	47	5304	IMPLEMENTED_UNPROVEN	NO_CURRENT_FULL_CLAUSE_DECLARATION; CANDIDATE_MAPPING_ONLY
NREQ-69e8b860ee23f05c0dc6f55d12bcb225	47	5305	IMPLEMENTED_UNPROVEN	NO_CURRENT_FULL_CLAUSE_DECLARATION; CANDIDATE_MAPPING_ONLY
NREQ-d689ae4d61de554607d5c27e1e94c767	47	5306	IMPLEMENTED_UNPROVEN	NO_CURRENT_FULL_CLAUSE_DECLARATION; CANDIDATE_MAPPING_ONLY
NREQ-f120064956c053ca8e6d1dbbd9198339	47	5307	IMPLEMENTED_UNPROVEN	NO_CURRENT_FULL_CLAUSE_DECLARATION; CANDIDATE_MAPPING_ONLY
NREQ-6639fc3f40753213b3a9abf42a735501	47	5308	IMPLEMENTED_UNPROVEN	NO_CURRENT_FULL_CLAUSE_DECLARATION; CANDIDATE_MAPPING_ONLY
NREQ-8e526dd0ccdad7a36a9c24d09fb14d4d	47	5309	IMPLEMENTED_UNPROVEN	NO_CURRENT_FULL_CLAUSE_DECLARATION; CANDIDATE_MAPPING_ONLY
NREQ-1edd590b6692055af797a6aa0aa0cce9	47	5310	IMPLEMENTED_UNPROVEN	NO_CURRENT_FULL_CLAUSE_DECLARATION; CANDIDATE_MAPPING_ONLY
NREQ-b8d6281a085a730ade45a75fcae7a6b0	47	5312	IMPLEMENTED_UNPROVEN	REVIEWED_CONTEXT_LINKED_TO_MANDATORY_CLAUSES
NREQ-eb3ec33e76e3b7b09cd40a134b000723	47	5313	IMPLEMENTED_UNPROVEN	NO_CURRENT_FULL_CLAUSE_DECLARATION; CANDIDATE_MAPPING_ONLY
NREQ-7b39e9f34c63b056b2bc9e2311797a0f	47	5314	IMPLEMENTED_UNPROVEN	NO_CURRENT_FULL_CLAUSE_DECLARATION; CANDIDATE_MAPPING_ONLY
NREQ-90e7ab33a1168564fdf6b24a4dc4489c	47	5315	IMPLEMENTED_UNPROVEN	NO_CURRENT_FULL_CLAUSE_DECLARATION; CANDIDATE_MAPPING_ONLY
NREQ-cc0fb99a90c7d9d9db0e37be0568503c	47	5316	IMPLEMENTED_UNPROVEN	NO_CURRENT_FULL_CLAUSE_DECLARATION; CANDIDATE_MAPPING_ONLY
NREQ-e53ea4508fb1bde1dc808f5de210519b	47	5318	IMPLEMENTED_UNPROVEN	REVIEWED_CONTEXT_LINKED_TO_MANDATORY_CLAUSES
NREQ-f3d250d3dad268c2c485e67cf4ce992b	47	5319	IMPLEMENTED_UNPROVEN	NO_CURRENT_FULL_CLAUSE_DECLARATION; CANDIDATE_MAPPING_ONLY
NREQ-e452cca097dd58373790d5c6f6dcfdca	47	5320	IMPLEMENTED_UNPROVEN	NO_CURRENT_FULL_CLAUSE_DECLARATION; CANDIDATE_MAPPING_ONLY
NREQ-a598d0ef7eec6d4312f7bb2d8e9cc09e	47	5321	IMPLEMENTED_UNPROVEN	NO_CURRENT_FULL_CLAUSE_DECLARATION; CANDIDATE_MAPPING_ONLY
NREQ-2d667c330e72176ef6b66aa9b87370f7	47	5322	IMPLEMENTED_UNPROVEN	NO_CURRENT_FULL_CLAUSE_DECLARATION; CANDIDATE_MAPPING_ONLY
NREQ-1bf19d7a1d02ef36764e3f0911877fb6	47	5323	IMPLEMENTED_UNPROVEN	NO_CURRENT_FULL_CLAUSE_DECLARATION; CANDIDATE_MAPPING_ONLY
NREQ-38ddb8804a309ae1d41438279a786f3e	47	5324	IMPLEMENTED_UNPROVEN	NO_CURRENT_FULL_CLAUSE_DECLARATION; CANDIDATE_MAPPING_ONLY
NREQ-499c00c19b06c2d4726d5214021d65a6	47	5325	IMPLEMENTED_UNPROVEN	NO_CURRENT_FULL_CLAUSE_DECLARATION; CANDIDATE_MAPPING_ONLY
NREQ-e464fc502d4a8913fa760fbfda7daf1b	47	5326	IMPLEMENTED_UNPROVEN	NO_CURRENT_FULL_CLAUSE_DECLARATION; CANDIDATE_MAPPING_ONLY
NREQ-eb29b95158a477a84d080d468f5c9702	47	5327	IMPLEMENTED_UNPROVEN	NO_CURRENT_FULL_CLAUSE_DECLARATION; CANDIDATE_MAPPING_ONLY
NREQ-ff5b99c3e3acc801ed32c32ae2ad822a	47	5328	IMPLEMENTED_UNPROVEN	NO_CURRENT_FULL_CLAUSE_DECLARATION; CANDIDATE_MAPPING_ONLY
NREQ-2b272f0701a89a2cc384133d19b14def	47	5329	IMPLEMENTED_UNPROVEN	NO_CURRENT_FULL_CLAUSE_DECLARATION; CANDIDATE_MAPPING_ONLY
NREQ-a5d95f2f4f46858b0df55e92a1e47959	47	5330	IMPLEMENTED_UNPROVEN	NO_CURRENT_FULL_CLAUSE_DECLARATION; CANDIDATE_MAPPING_ONLY
NREQ-8022552aaeabaeb09df8c4fe8b1ee9e9	47	5332	IMPLEMENTED_UNPROVEN	REVIEWED_CONTEXT_LINKED_TO_MANDATORY_CLAUSES
NREQ-d60c42cc8552a51c5e3a350a8394509c	47	5334	IMPLEMENTED_UNPROVEN	REVIEWED_CONTEXT_LINKED_TO_MANDATORY_CLAUSES
NREQ-e8c8ddf409a43577d3237352ba2492d3	47	5335	IMPLEMENTED_UNPROVEN	NO_CURRENT_FULL_CLAUSE_DECLARATION; CANDIDATE_MAPPING_ONLY
NREQ-6c4024dfb4ee422e4c4f4602e2e62a82	47	5336	IMPLEMENTED_UNPROVEN	NO_CURRENT_FULL_CLAUSE_DECLARATION; CANDIDATE_MAPPING_ONLY
NREQ-16ff8ca55e5c61cb0ebc58981c766f5c	47	5338	IMPLEMENTED_UNPROVEN	REVIEWED_CONTEXT_LINKED_TO_MANDATORY_CLAUSES
NREQ-d2febc66a81eaece520fde6cdc012d99	47	5339	IMPLEMENTED_UNPROVEN	NO_CURRENT_FULL_CLAUSE_DECLARATION; CANDIDATE_MAPPING_ONLY
NREQ-79c87c3ff919b203db03172b0b421f9b	47	5341	IMPLEMENTED_UNPROVEN	REVIEWED_CONTEXT_LINKED_TO_MANDATORY_CLAUSES
NREQ-c67ac6a431d6e1982c4a04a324765ddb	47	5342	IMPLEMENTED_UNPROVEN	NO_CURRENT_FULL_CLAUSE_DECLARATION; CANDIDATE_MAPPING_ONLY
NREQ-02692aaccd9af4288585ae08f7fb96f1	47	5344	IMPLEMENTED_UNPROVEN	REVIEWED_CONTEXT_LINKED_TO_MANDATORY_CLAUSES
NREQ-2e8d23b0ab6402cc8eb3c70c0d409539	47	5345	IMPLEMENTED_UNPROVEN	NO_CURRENT_FULL_CLAUSE_DECLARATION; CANDIDATE_MAPPING_ONLY
NREQ-47fd4066f0a2433014814b72d834c788	47	5346	IMPLEMENTED_UNPROVEN	NO_CURRENT_FULL_CLAUSE_DECLARATION; CANDIDATE_MAPPING_ONLY
NREQ-3bb403748e1768cebdfa94c934df6352	47	5348	IMPLEMENTED_UNPROVEN	REVIEWED_CONTEXT_LINKED_TO_MANDATORY_CLAUSES
NREQ-4da55d73f49d06298ccc42269120f0cb	47	5349	IMPLEMENTED_UNPROVEN	NO_CURRENT_FULL_CLAUSE_DECLARATION; CANDIDATE_MAPPING_ONLY
NREQ-34b76f2e648e5ceee1bffc3177489d91	47	5350	IMPLEMENTED_UNPROVEN	NO_CURRENT_FULL_CLAUSE_DECLARATION; CANDIDATE_MAPPING_ONLY
NREQ-31d81968aa3d97a49f21d83b03543869	47	5351	IMPLEMENTED_UNPROVEN	NO_CURRENT_FULL_CLAUSE_DECLARATION; CANDIDATE_MAPPING_ONLY
NREQ-eb96e228c3603f54a90958c370eb859c	47	5353	IMPLEMENTED_UNPROVEN	REVIEWED_CONTEXT_LINKED_TO_MANDATORY_CLAUSES
NREQ-2b1561e05e14acf28d367710e9282bb7	47	5354	IMPLEMENTED_UNPROVEN	NO_CURRENT_FULL_CLAUSE_DECLARATION; CANDIDATE_MAPPING_ONLY
NREQ-6e7cacad238928176e04638f5fa45290	47	5355	IMPLEMENTED_UNPROVEN	NO_CURRENT_FULL_CLAUSE_DECLARATION; CANDIDATE_MAPPING_ONLY
NREQ-df4e80d336ed3dc90740a0b231cd8b39	47	5356	IMPLEMENTED_UNPROVEN	NO_CURRENT_FULL_CLAUSE_DECLARATION; CANDIDATE_MAPPING_ONLY
NREQ-8527a599430928c03a9f91c518670738	47	5357	IMPLEMENTED_UNPROVEN	NO_CURRENT_FULL_CLAUSE_DECLARATION; CANDIDATE_MAPPING_ONLY
NREQ-d54036f37ace515b7d104d561cac3388	47	5359	IMPLEMENTED_UNPROVEN	REVIEWED_CONTEXT_LINKED_TO_MANDATORY_CLAUSES
NREQ-09560ac2a87c755b76ab3fd0ebc07dba	47	5360	IMPLEMENTED_UNPROVEN	NO_CURRENT_FULL_CLAUSE_DECLARATION; CANDIDATE_MAPPING_ONLY
NREQ-d24100ff0b1910feed5aae5697a40ffe	47	5362	IMPLEMENTED_UNPROVEN	REVIEWED_CONTEXT_LINKED_TO_MANDATORY_CLAUSES
NREQ-42b0db3d5ca3ac68b55bc9d405308163	47	5363	IMPLEMENTED_UNPROVEN	NO_CURRENT_FULL_CLAUSE_DECLARATION; CANDIDATE_MAPPING_ONLY
NREQ-095332d9d41f3142bc7c3b6d730a4671	47	5364	IMPLEMENTED_UNPROVEN	NO_CURRENT_FULL_CLAUSE_DECLARATION; CANDIDATE_MAPPING_ONLY
NREQ-6a709c9d933dcc4176bf3435bd0b5655	47	5365	IMPLEMENTED_UNPROVEN	NO_CURRENT_FULL_CLAUSE_DECLARATION; CANDIDATE_MAPPING_ONLY
NREQ-7816acb8a0828ef88dde4af91c84767b	47	5366	IMPLEMENTED_UNPROVEN	NO_CURRENT_FULL_CLAUSE_DECLARATION; CANDIDATE_MAPPING_ONLY
NREQ-f9d9827e174603565693ef0c5f7b2516	47	5368	IMPLEMENTED_UNPROVEN	REVIEWED_CONTEXT_LINKED_TO_MANDATORY_CLAUSES
NREQ-d319c00d544c08db344c99e280b20c9c	47	5369	IMPLEMENTED_UNPROVEN	NO_CURRENT_FULL_CLAUSE_DECLARATION; CANDIDATE_MAPPING_ONLY
NREQ-2fa90a074b77c34859fbe90ceb054986	47	5370	IMPLEMENTED_UNPROVEN	NO_CURRENT_FULL_CLAUSE_DECLARATION; CANDIDATE_MAPPING_ONLY
NREQ-634cfe2cbf6f9214bd99e33909be9c04	47	5371	IMPLEMENTED_UNPROVEN	NO_CURRENT_FULL_CLAUSE_DECLARATION; CANDIDATE_MAPPING_ONLY
NREQ-32ad0cdd1a9967cee84a8835df095774	47	5372	IMPLEMENTED_UNPROVEN	NO_CURRENT_FULL_CLAUSE_DECLARATION; CANDIDATE_MAPPING_ONLY
NREQ-50a264a2378e61fb84237d9f25bd2798	48	5376	IMPLEMENTED_UNPROVEN	REVIEWED_CONTEXT_LINKED_TO_MANDATORY_CLAUSES
NREQ-f5ccc75554a20a84bfaccdd43b8d230c	48	5378	IMPLEMENTED_UNPROVEN	NO_CURRENT_FULL_CLAUSE_DECLARATION; CANDIDATE_MAPPING_ONLY
NREQ-11ef730a46b16558df5a96c08a75506e	48	5379	IMPLEMENTED_UNPROVEN	NO_CURRENT_FULL_CLAUSE_DECLARATION; CANDIDATE_MAPPING_ONLY
NREQ-9a606dddeb974f226461761ca0ec7cfd	48	5380	IMPLEMENTED_UNPROVEN	NO_CURRENT_FULL_CLAUSE_DECLARATION; CANDIDATE_MAPPING_ONLY
NREQ-95e396e9bf33341691c6ac2c87326fe5	48	5381	IMPLEMENTED_UNPROVEN	NO_CURRENT_FULL_CLAUSE_DECLARATION; CANDIDATE_MAPPING_ONLY
NREQ-01602cd8ed0a0d60434d8ae5690ea240	48	5382	IMPLEMENTED_UNPROVEN	NO_CURRENT_FULL_CLAUSE_DECLARATION; CANDIDATE_MAPPING_ONLY
NREQ-454f14fd2c9c8010cf2efe2e2705734b	48	5383	IMPLEMENTED_UNPROVEN	NO_CURRENT_FULL_CLAUSE_DECLARATION; CANDIDATE_MAPPING_ONLY
NREQ-0033d61ec0c664b2df906ddc793e9205	48	5384	IMPLEMENTED_UNPROVEN	NO_CURRENT_FULL_CLAUSE_DECLARATION; CANDIDATE_MAPPING_ONLY
NREQ-1d03d8f3887561acd41c3cb1f3d90d88	48	5385	IMPLEMENTED_UNPROVEN	NO_CURRENT_FULL_CLAUSE_DECLARATION; CANDIDATE_MAPPING_ONLY
NREQ-2747fa7cde9db9758bd665ece9b31455	48	5386	IMPLEMENTED_UNPROVEN	NO_CURRENT_FULL_CLAUSE_DECLARATION; CANDIDATE_MAPPING_ONLY
NREQ-9fe6c3e0f76de8530f8772db4addf4b1	48	5387	IMPLEMENTED_UNPROVEN	NO_CURRENT_FULL_CLAUSE_DECLARATION; CANDIDATE_MAPPING_ONLY
NREQ-e60710f63898aa314ee71c727323a9a2	48	5388	IMPLEMENTED_UNPROVEN	NO_CURRENT_FULL_CLAUSE_DECLARATION; CANDIDATE_MAPPING_ONLY
NREQ-9e99e1d83ee9abf37557ff2046debb26	48	5389	IMPLEMENTED_UNPROVEN	NO_CURRENT_FULL_CLAUSE_DECLARATION; CANDIDATE_MAPPING_ONLY
NREQ-4f6d035bbbc9b6df72ae66af83694f94	48	5391	IMPLEMENTED_UNPROVEN	NO_CURRENT_FULL_CLAUSE_DECLARATION; CANDIDATE_MAPPING_ONLY
NREQ-42c463fc620ce2321ec2a4c4a0295c9b	48	5392	IMPLEMENTED_UNPROVEN	NO_CURRENT_FULL_CLAUSE_DECLARATION; CANDIDATE_MAPPING_ONLY
NREQ-938da862b40d2269c460d797359a400c	48	5393	IMPLEMENTED_UNPROVEN	NO_CURRENT_FULL_CLAUSE_DECLARATION; CANDIDATE_MAPPING_ONLY
NREQ-26da8f58838c99e878c3e5d4959037fa	48	5394	IMPLEMENTED_UNPROVEN	NO_CURRENT_FULL_CLAUSE_DECLARATION; CANDIDATE_MAPPING_ONLY
NREQ-4b566115c05ed49a8515704c1d291f2a	48	5395	IMPLEMENTED_UNPROVEN	NO_CURRENT_FULL_CLAUSE_DECLARATION; CANDIDATE_MAPPING_ONLY
NREQ-88a58d8e1290c54a20cc9244977bce1a	48	5396	IMPLEMENTED_UNPROVEN	NO_CURRENT_FULL_CLAUSE_DECLARATION; CANDIDATE_MAPPING_ONLY
NREQ-c03515fc2e7bdd8e5f2b757c8dccb7ea	48	5397	IMPLEMENTED_UNPROVEN	NO_CURRENT_FULL_CLAUSE_DECLARATION; CANDIDATE_MAPPING_ONLY
NREQ-c5c3a6182aa8cabf28a3b15301008df0	48	5398	IMPLEMENTED_UNPROVEN	NO_CURRENT_FULL_CLAUSE_DECLARATION; CANDIDATE_MAPPING_ONLY
NREQ-d71c5eb08ff28397326de6c85329fba7	48	5399	IMPLEMENTED_UNPROVEN	NO_CURRENT_FULL_CLAUSE_DECLARATION; CANDIDATE_MAPPING_ONLY
NREQ-0303addc64c8eca73f8434a2ffae1109	48	5401	IMPLEMENTED_UNPROVEN	NO_CURRENT_FULL_CLAUSE_DECLARATION; CANDIDATE_MAPPING_ONLY
NREQ-f125e8c18eb7a0f10f82e049cd85e4df	48	5402	IMPLEMENTED_UNPROVEN	NO_CURRENT_FULL_CLAUSE_DECLARATION; CANDIDATE_MAPPING_ONLY
NREQ-887e59cca761eb997cf14df5910aeccc	48	5403	IMPLEMENTED_UNPROVEN	NO_CURRENT_FULL_CLAUSE_DECLARATION; CANDIDATE_MAPPING_ONLY
NREQ-dd778eb10e434f4983cf4b7d949bd5ee	48	5404	IMPLEMENTED_UNPROVEN	NO_CURRENT_FULL_CLAUSE_DECLARATION; CANDIDATE_MAPPING_ONLY
NREQ-4c5ba0443f71e1ba592f669d6bed5ef7	48	5405	IMPLEMENTED_UNPROVEN	NO_CURRENT_FULL_CLAUSE_DECLARATION; CANDIDATE_MAPPING_ONLY
NREQ-d950c692e8303bf1c8356054e9f3436a	48	5406	IMPLEMENTED_UNPROVEN	NO_CURRENT_FULL_CLAUSE_DECLARATION; CANDIDATE_MAPPING_ONLY
NREQ-eda5472f7990e8d62e9f11e129f8e9a8	48	5407	IMPLEMENTED_UNPROVEN	NO_CURRENT_FULL_CLAUSE_DECLARATION; CANDIDATE_MAPPING_ONLY
NREQ-4d725a18055e888d5d672d7a8718dd74	48	5408	IMPLEMENTED_UNPROVEN	NO_CURRENT_FULL_CLAUSE_DECLARATION; CANDIDATE_MAPPING_ONLY
NREQ-d2bd71a5365e0994510a65f193e66664	48	5409	IMPLEMENTED_UNPROVEN	NO_CURRENT_FULL_CLAUSE_DECLARATION; CANDIDATE_MAPPING_ONLY
NREQ-237f9703c1ea8ac7e8af42e279e590ce	48	5411	IMPLEMENTED_UNPROVEN	NO_CURRENT_FULL_CLAUSE_DECLARATION; CANDIDATE_MAPPING_ONLY
NREQ-62f74d2ccbe53388811053b7d640cc3e	48	5412	IMPLEMENTED_UNPROVEN	NO_CURRENT_FULL_CLAUSE_DECLARATION; CANDIDATE_MAPPING_ONLY
NREQ-aaa0a9aee33ec0b7a7f326b516ba4f8c	48	5413	IMPLEMENTED_UNPROVEN	NO_CURRENT_FULL_CLAUSE_DECLARATION; CANDIDATE_MAPPING_ONLY
NREQ-12366d80943ccc83a9057c237ff51cf8	48	5414	IMPLEMENTED_UNPROVEN	NO_CURRENT_FULL_CLAUSE_DECLARATION; CANDIDATE_MAPPING_ONLY
NREQ-33a4c791f412d8ac5d242ca739d08b25	48	5415	IMPLEMENTED_UNPROVEN	NO_CURRENT_FULL_CLAUSE_DECLARATION; CANDIDATE_MAPPING_ONLY
NREQ-f660db6d2fbd3c34cffb4c1f380b100e	48	5416	IMPLEMENTED_UNPROVEN	NO_CURRENT_FULL_CLAUSE_DECLARATION; CANDIDATE_MAPPING_ONLY
NREQ-97e69260b835802bf72def050db14ffb	48	5417	IMPLEMENTED_UNPROVEN	NO_CURRENT_FULL_CLAUSE_DECLARATION; CANDIDATE_MAPPING_ONLY
NREQ-0ad7efe56f150f8799f5a77ec9464f31	48	5419	IMPLEMENTED_UNPROVEN	NO_CURRENT_FULL_CLAUSE_DECLARATION; CANDIDATE_MAPPING_ONLY
NREQ-4164f5240eb94008d867d81c4c1e632a	48	5420	IMPLEMENTED_UNPROVEN	NO_CURRENT_FULL_CLAUSE_DECLARATION; CANDIDATE_MAPPING_ONLY
NREQ-400314e456ab52767c21f4f71b002be8	48	5421	IMPLEMENTED_UNPROVEN	NO_CURRENT_FULL_CLAUSE_DECLARATION; CANDIDATE_MAPPING_ONLY
NREQ-13f34bab932b6315f8d09aa42b3e5b76	48	5422	IMPLEMENTED_UNPROVEN	NO_CURRENT_FULL_CLAUSE_DECLARATION; CANDIDATE_MAPPING_ONLY
NREQ-c2ba7a78772c16584d65a38109f6778e	48	5423	IMPLEMENTED_UNPROVEN	NO_CURRENT_FULL_CLAUSE_DECLARATION; CANDIDATE_MAPPING_ONLY
NREQ-8c5c3645fb23071dc064b30d3236f2f8	48	5424	IMPLEMENTED_UNPROVEN	NO_CURRENT_FULL_CLAUSE_DECLARATION; CANDIDATE_MAPPING_ONLY
NREQ-6e7904c3cef472601f6106e8f5502858	48	5426	IMPLEMENTED_UNPROVEN	NO_CURRENT_FULL_CLAUSE_DECLARATION; CANDIDATE_MAPPING_ONLY
NREQ-dbc965afeeea84ba95b596b1ecea3d7f	48	5427	IMPLEMENTED_UNPROVEN	NO_CURRENT_FULL_CLAUSE_DECLARATION; CANDIDATE_MAPPING_ONLY
NREQ-bceb06e9504ef90e67654c975efcf793	48	5428	IMPLEMENTED_UNPROVEN	NO_CURRENT_FULL_CLAUSE_DECLARATION; CANDIDATE_MAPPING_ONLY
NREQ-6738c67804afe63de5ac97bbbb104d79	48	5429	IMPLEMENTED_UNPROVEN	NO_CURRENT_FULL_CLAUSE_DECLARATION; CANDIDATE_MAPPING_ONLY
NREQ-2d7ca9a9ddfd4a20f6fe86faebf56be1	48	5430	IMPLEMENTED_UNPROVEN	NO_CURRENT_FULL_CLAUSE_DECLARATION; CANDIDATE_MAPPING_ONLY
NREQ-039aae2a41c07f71a0c862368c4a9f73	48	5431	IMPLEMENTED_UNPROVEN	NO_CURRENT_FULL_CLAUSE_DECLARATION; CANDIDATE_MAPPING_ONLY
NREQ-470aa80ef271523c25126a3f4ba319cc	48	5432	IMPLEMENTED_UNPROVEN	NO_CURRENT_FULL_CLAUSE_DECLARATION; CANDIDATE_MAPPING_ONLY
NREQ-74a1c068bce09a970175a85ca687124a	48	5433	IMPLEMENTED_UNPROVEN	NO_CURRENT_FULL_CLAUSE_DECLARATION; CANDIDATE_MAPPING_ONLY
NREQ-10a6b4b18e27a3f8f05d32532ebd02e0	48	5434	IMPLEMENTED_UNPROVEN	NO_CURRENT_FULL_CLAUSE_DECLARATION; CANDIDATE_MAPPING_ONLY
NREQ-c3d5942cc8d6e6736c0a033e6a28492e	48	5435	IMPLEMENTED_UNPROVEN	NO_CURRENT_FULL_CLAUSE_DECLARATION; CANDIDATE_MAPPING_ONLY
NREQ-4708a3d40e61c80504f7be98118788c9	48	5436	IMPLEMENTED_UNPROVEN	NO_CURRENT_FULL_CLAUSE_DECLARATION; CANDIDATE_MAPPING_ONLY
NREQ-a64f8f95a7fd9d80cb109d87790d9eeb	48	5438	IMPLEMENTED_UNPROVEN	NO_CURRENT_FULL_CLAUSE_DECLARATION; CANDIDATE_MAPPING_ONLY
NREQ-9b9168210633ec2108a8cbb0534a5c19	48	5439	IMPLEMENTED_UNPROVEN	NO_CURRENT_FULL_CLAUSE_DECLARATION; CANDIDATE_MAPPING_ONLY
NREQ-acceef4ceab7fe00330643c2a69c1630	48	5440	IMPLEMENTED_UNPROVEN	NO_CURRENT_FULL_CLAUSE_DECLARATION; CANDIDATE_MAPPING_ONLY
NREQ-757ae2fe63db8f8a485d5003a43c24e9	48	5441	IMPLEMENTED_UNPROVEN	NO_CURRENT_FULL_CLAUSE_DECLARATION; CANDIDATE_MAPPING_ONLY
NREQ-cb7e76b6c53b7c2f9c312484147873ee	48	5442	IMPLEMENTED_UNPROVEN	NO_CURRENT_FULL_CLAUSE_DECLARATION; CANDIDATE_MAPPING_ONLY
NREQ-04749c060ac50978c31fc66b5563e6c1	48	5444	IMPLEMENTED_UNPROVEN	NO_CURRENT_FULL_CLAUSE_DECLARATION; CANDIDATE_MAPPING_ONLY
NREQ-f23cab91e2885b16b53164a860f08291	48	5445	IMPLEMENTED_UNPROVEN	NO_CURRENT_FULL_CLAUSE_DECLARATION; CANDIDATE_MAPPING_ONLY
NREQ-4cabecd0cdcfb63323f1aa43b1e4184e	48	5446	IMPLEMENTED_UNPROVEN	NO_CURRENT_FULL_CLAUSE_DECLARATION; CANDIDATE_MAPPING_ONLY
NREQ-e4db1326817101a4736cc9da8e5da72c	48	5447	IMPLEMENTED_UNPROVEN	NO_CURRENT_FULL_CLAUSE_DECLARATION; CANDIDATE_MAPPING_ONLY
NREQ-865fac845ded52440b4f17d996c25325	48	5448	IMPLEMENTED_UNPROVEN	NO_CURRENT_FULL_CLAUSE_DECLARATION; CANDIDATE_MAPPING_ONLY
NREQ-91ccd45d0c2dd42cf9e0f57fb1243a44	48	5450	IMPLEMENTED_UNPROVEN	NO_CURRENT_FULL_CLAUSE_DECLARATION; CANDIDATE_MAPPING_ONLY
NREQ-89f9f17083b78b2076d78d6b46a6798f	48	5451	IMPLEMENTED_UNPROVEN	NO_CURRENT_FULL_CLAUSE_DECLARATION; CANDIDATE_MAPPING_ONLY
NREQ-b8945ee1f826308a829267c6f8ec3b21	48	5452	IMPLEMENTED_UNPROVEN	NO_CURRENT_FULL_CLAUSE_DECLARATION; CANDIDATE_MAPPING_ONLY
NREQ-9ca48de1b66b43322f4ab20654355ac9	48	5453	IMPLEMENTED_UNPROVEN	NO_CURRENT_FULL_CLAUSE_DECLARATION; CANDIDATE_MAPPING_ONLY
NREQ-1336274c831b4dae3392c7deccc30b9d	48	5454	IMPLEMENTED_UNPROVEN	NO_CURRENT_FULL_CLAUSE_DECLARATION; CANDIDATE_MAPPING_ONLY
NREQ-a8dbbeb9021f533e134d3210fc2ec5b9	48	5455	IMPLEMENTED_UNPROVEN	NO_CURRENT_FULL_CLAUSE_DECLARATION; CANDIDATE_MAPPING_ONLY
NREQ-5bd9a3ec70208ec2ca772f912e788b04	48	5456	IMPLEMENTED_UNPROVEN	NO_CURRENT_FULL_CLAUSE_DECLARATION; CANDIDATE_MAPPING_ONLY
NREQ-ba4945c396b3d49845bf3ebcebafa0e2	48	5457	IMPLEMENTED_UNPROVEN	NO_CURRENT_FULL_CLAUSE_DECLARATION; CANDIDATE_MAPPING_ONLY
NREQ-020e8c113321a7e47c81e97fde2dd6c6	48	5458	IMPLEMENTED_UNPROVEN	NO_CURRENT_FULL_CLAUSE_DECLARATION; CANDIDATE_MAPPING_ONLY
NREQ-27ec5495e062cfe0d5017d36cba6329c	48	5460	IMPLEMENTED_UNPROVEN	NO_CURRENT_FULL_CLAUSE_DECLARATION; CANDIDATE_MAPPING_ONLY
NREQ-9c6eefa5dd9ee915cc6b22fff9b454d3	48	5461	IMPLEMENTED_UNPROVEN	NO_CURRENT_FULL_CLAUSE_DECLARATION; CANDIDATE_MAPPING_ONLY
NREQ-d255f90b13c20af820d5fc1c29fe6e3d	48	5462	IMPLEMENTED_UNPROVEN	NO_CURRENT_FULL_CLAUSE_DECLARATION; CANDIDATE_MAPPING_ONLY
NREQ-cb98bbbf28e8d3ff56d74d9464180e8b	48	5463	IMPLEMENTED_UNPROVEN	NO_CURRENT_FULL_CLAUSE_DECLARATION; CANDIDATE_MAPPING_ONLY
NREQ-5d13e7865192b283f5dd45f9702fa5e5	48	5464	IMPLEMENTED_UNPROVEN	NO_CURRENT_FULL_CLAUSE_DECLARATION; CANDIDATE_MAPPING_ONLY
NREQ-56181e1e67dd77ec190bcf9bb3820060	48	5465	IMPLEMENTED_UNPROVEN	NO_CURRENT_FULL_CLAUSE_DECLARATION; CANDIDATE_MAPPING_ONLY
NREQ-4a22d7eb2cb07ea319c897b831885da0	48	5466	IMPLEMENTED_UNPROVEN	NO_CURRENT_FULL_CLAUSE_DECLARATION; CANDIDATE_MAPPING_ONLY
NREQ-f1817aa6051084af15265b2bbe24bd70	49	5470	IMPLEMENTED_UNPROVEN	REVIEWED_CONTEXT_LINKED_TO_MANDATORY_CLAUSES
NREQ-72c47328f8a8d7bd9225e1bbeff6f4c5	49	5472	IMPLEMENTED_UNPROVEN	NO_CURRENT_FULL_CLAUSE_DECLARATION; CANDIDATE_MAPPING_ONLY
NREQ-86c13f285a8248e2d3142db698c004df	49	5474	IMPLEMENTED_UNPROVEN	NO_CURRENT_FULL_CLAUSE_DECLARATION; CANDIDATE_MAPPING_ONLY
NREQ-051820357f21ef256a2986839bfd7e2c	49	5475	IMPLEMENTED_UNPROVEN	NO_CURRENT_FULL_CLAUSE_DECLARATION; CANDIDATE_MAPPING_ONLY
NREQ-32dfcfe9a9b67bbe831056470935c94d	49	5476	IMPLEMENTED_UNPROVEN	NO_CURRENT_FULL_CLAUSE_DECLARATION; CANDIDATE_MAPPING_ONLY
NREQ-085185bdd1bdff121874caf1b4631a9a	49	5477	IMPLEMENTED_UNPROVEN	NO_CURRENT_FULL_CLAUSE_DECLARATION; CANDIDATE_MAPPING_ONLY
NREQ-36aff7a94c5c794bf3245da386a047dc	49	5478	IMPLEMENTED_UNPROVEN	NO_CURRENT_FULL_CLAUSE_DECLARATION; CANDIDATE_MAPPING_ONLY
NREQ-1c31853303212ec743611ffa5189759e	49	5479	IMPLEMENTED_UNPROVEN	NO_CURRENT_FULL_CLAUSE_DECLARATION; CANDIDATE_MAPPING_ONLY
NREQ-dfa2f6614896d025f708b1ca998e47c1	49	5480	IMPLEMENTED_UNPROVEN	NO_CURRENT_FULL_CLAUSE_DECLARATION; CANDIDATE_MAPPING_ONLY
NREQ-653ae837d39042a4767d9ae706afbb07	49	5481	IMPLEMENTED_UNPROVEN	NO_CURRENT_FULL_CLAUSE_DECLARATION; CANDIDATE_MAPPING_ONLY
NREQ-d9e793dc8eafcb790a11cbd6cef009da	49	5482	IMPLEMENTED_UNPROVEN	NO_CURRENT_FULL_CLAUSE_DECLARATION; CANDIDATE_MAPPING_ONLY
NREQ-8d495770bfb68c48081797423e59d86d	49	5483	IMPLEMENTED_UNPROVEN	NO_CURRENT_FULL_CLAUSE_DECLARATION; CANDIDATE_MAPPING_ONLY
NREQ-d35707af18c0e549d12995f5762c216c	49	5484	IMPLEMENTED_UNPROVEN	NO_CURRENT_FULL_CLAUSE_DECLARATION; CANDIDATE_MAPPING_ONLY
NREQ-5588cfc088927ee1a4aa3db0ccdda621	49	5485	IMPLEMENTED_UNPROVEN	NO_CURRENT_FULL_CLAUSE_DECLARATION; CANDIDATE_MAPPING_ONLY
NREQ-9a2586e70611932f3aea0ae14fbf296b	49	5486	IMPLEMENTED_UNPROVEN	NO_CURRENT_FULL_CLAUSE_DECLARATION; CANDIDATE_MAPPING_ONLY
NREQ-94b1a1ce8257d9ca0db27db1cdba5cd7	49	5487	IMPLEMENTED_UNPROVEN	NO_CURRENT_FULL_CLAUSE_DECLARATION; CANDIDATE_MAPPING_ONLY
NREQ-41e39382f9ed3081c14e5301bb5fa6ea	49	5488	IMPLEMENTED_UNPROVEN	NO_CURRENT_FULL_CLAUSE_DECLARATION; CANDIDATE_MAPPING_ONLY
NREQ-ed97a57c83509fc383dfa84720cc9566	49	5489	IMPLEMENTED_UNPROVEN	NO_CURRENT_FULL_CLAUSE_DECLARATION; CANDIDATE_MAPPING_ONLY
NREQ-e45505263dc3d0edfb33684185e2bed8	49	5490	IMPLEMENTED_UNPROVEN	NO_CURRENT_FULL_CLAUSE_DECLARATION; CANDIDATE_MAPPING_ONLY
NREQ-98ac468a7e3eaa529acaf3372d8a76c5	49	5491	IMPLEMENTED_UNPROVEN	NO_CURRENT_FULL_CLAUSE_DECLARATION; CANDIDATE_MAPPING_ONLY
NREQ-6e47de61ca0b14a0c4ada650fd05e2b7	49	5492	IMPLEMENTED_UNPROVEN	NO_CURRENT_FULL_CLAUSE_DECLARATION; CANDIDATE_MAPPING_ONLY
NREQ-00487f500e6477de94144327bb04bee1	49	5493	IMPLEMENTED_UNPROVEN	NO_CURRENT_FULL_CLAUSE_DECLARATION; CANDIDATE_MAPPING_ONLY
NREQ-7c905e3989aae6d2736d376d08e00db6	49	5494	IMPLEMENTED_UNPROVEN	NO_CURRENT_FULL_CLAUSE_DECLARATION; CANDIDATE_MAPPING_ONLY
NREQ-a83a15b323809743bb6decefc52d6d8e	49	5495	IMPLEMENTED_UNPROVEN	NO_CURRENT_FULL_CLAUSE_DECLARATION; CANDIDATE_MAPPING_ONLY
NREQ-855f8d4f6daef6c310b0baafa649ce37	49	5496	IMPLEMENTED_UNPROVEN	NO_CURRENT_FULL_CLAUSE_DECLARATION; CANDIDATE_MAPPING_ONLY
NREQ-1b9c8a52758f0bedeb24cf92adaf307e	49	5497	IMPLEMENTED_UNPROVEN	NO_CURRENT_FULL_CLAUSE_DECLARATION; CANDIDATE_MAPPING_ONLY
NREQ-f4206fe98b83a920990cb0c034eee2d4	49	5498	IMPLEMENTED_UNPROVEN	NO_CURRENT_FULL_CLAUSE_DECLARATION; CANDIDATE_MAPPING_ONLY
NREQ-3217ca7c5bef576ed30f615bb5a73d51	49	5499	IMPLEMENTED_UNPROVEN	NO_CURRENT_FULL_CLAUSE_DECLARATION; CANDIDATE_MAPPING_ONLY
NREQ-352dcc4d8e3ef11e080b14d896e926c9	49	5500	IMPLEMENTED_UNPROVEN	NO_CURRENT_FULL_CLAUSE_DECLARATION; CANDIDATE_MAPPING_ONLY
NREQ-cba38f22622662f69f4d9729d441ad0f	49	5501	IMPLEMENTED_UNPROVEN	NO_CURRENT_FULL_CLAUSE_DECLARATION; CANDIDATE_MAPPING_ONLY
NREQ-5aab93c47263a6d2a27b9207ad3da2c6	49	5502	IMPLEMENTED_UNPROVEN	NO_CURRENT_FULL_CLAUSE_DECLARATION; CANDIDATE_MAPPING_ONLY
NREQ-88281e75a33975aab8d18df3d9349d8a	49	5503	IMPLEMENTED_UNPROVEN	NO_CURRENT_FULL_CLAUSE_DECLARATION; CANDIDATE_MAPPING_ONLY
NREQ-99e19e023ad688377791e30b5d56071f	49	5504	IMPLEMENTED_UNPROVEN	NO_CURRENT_FULL_CLAUSE_DECLARATION; CANDIDATE_MAPPING_ONLY
NREQ-7e6a4d0c6295896e6a20bdbfef7e5ead	49	5505	IMPLEMENTED_UNPROVEN	NO_CURRENT_FULL_CLAUSE_DECLARATION; CANDIDATE_MAPPING_ONLY
NREQ-b462ac6cddebbe8e36afed6ccac1b20e	49	5506	IMPLEMENTED_UNPROVEN	NO_CURRENT_FULL_CLAUSE_DECLARATION; CANDIDATE_MAPPING_ONLY
NREQ-0895dc1e23fa2d7522d0347e09f3c857	49	5507	IMPLEMENTED_UNPROVEN	NO_CURRENT_FULL_CLAUSE_DECLARATION; CANDIDATE_MAPPING_ONLY
NREQ-19b3a24e3362a308cc2380d65d8c0d22	49	5508	IMPLEMENTED_UNPROVEN	NO_CURRENT_FULL_CLAUSE_DECLARATION; CANDIDATE_MAPPING_ONLY
NREQ-37dea437a93d3ff2e587c2c715825b4e	49	5510	IMPLEMENTED_UNPROVEN	NO_CURRENT_FULL_CLAUSE_DECLARATION; CANDIDATE_MAPPING_ONLY
NREQ-d8cc1b62360eb60b5f1ccc4dc24a9028	49	5511	IMPLEMENTED_UNPROVEN	NO_CURRENT_FULL_CLAUSE_DECLARATION; CANDIDATE_MAPPING_ONLY
NREQ-214cf7b9074138ca87f58a62f58e7e56	49	5512	IMPLEMENTED_UNPROVEN	NO_CURRENT_FULL_CLAUSE_DECLARATION; CANDIDATE_MAPPING_ONLY
NREQ-728810f7bb041322d3ad8799c669f141	49	5513	IMPLEMENTED_UNPROVEN	NO_CURRENT_FULL_CLAUSE_DECLARATION; CANDIDATE_MAPPING_ONLY
NREQ-6d50c97a3f59e1f3b6c8264680b4a539	49	5514	IMPLEMENTED_UNPROVEN	NO_CURRENT_FULL_CLAUSE_DECLARATION; CANDIDATE_MAPPING_ONLY
NREQ-e1fb1487714eb33fa6fa62f2c28bbf58	49	5515	IMPLEMENTED_UNPROVEN	NO_CURRENT_FULL_CLAUSE_DECLARATION; CANDIDATE_MAPPING_ONLY
NREQ-cd1cf391020555fdc39bff6645f1f1c9	49	5516	IMPLEMENTED_UNPROVEN	NO_CURRENT_FULL_CLAUSE_DECLARATION; CANDIDATE_MAPPING_ONLY
NREQ-77f2f5fc28b1bf9a01c5e74ae2dbb362	49	5517	IMPLEMENTED_UNPROVEN	NO_CURRENT_FULL_CLAUSE_DECLARATION; CANDIDATE_MAPPING_ONLY
NREQ-6d8b716a92c04e37e2c30a4dced5f91d	49	5518	IMPLEMENTED_UNPROVEN	NO_CURRENT_FULL_CLAUSE_DECLARATION; CANDIDATE_MAPPING_ONLY
NREQ-250ea6d07394a03521caad344be64491	49	5519	IMPLEMENTED_UNPROVEN	NO_CURRENT_FULL_CLAUSE_DECLARATION; CANDIDATE_MAPPING_ONLY
NREQ-4c362abc1d04c54714e0ea21e4bf5369	49	5520	IMPLEMENTED_UNPROVEN	NO_CURRENT_FULL_CLAUSE_DECLARATION; CANDIDATE_MAPPING_ONLY
NREQ-3dcd61355bf72f2485ad156e301238ec	49	5521	IMPLEMENTED_UNPROVEN	NO_CURRENT_FULL_CLAUSE_DECLARATION; CANDIDATE_MAPPING_ONLY
NREQ-fec1b21ab2d62cb995d23229c70b34d0	49	5522	IMPLEMENTED_UNPROVEN	NO_CURRENT_FULL_CLAUSE_DECLARATION; CANDIDATE_MAPPING_ONLY
NREQ-1e834f4ab5026a3981e7a7e2d298bd9c	49	5523	IMPLEMENTED_UNPROVEN	NO_CURRENT_FULL_CLAUSE_DECLARATION; CANDIDATE_MAPPING_ONLY
NREQ-add67068a7a5a4b77db6c105c672df48	49	5524	IMPLEMENTED_UNPROVEN	NO_CURRENT_FULL_CLAUSE_DECLARATION; CANDIDATE_MAPPING_ONLY
NREQ-601d1009acaa032bd39b0aad8d6fc007	49	5525	IMPLEMENTED_UNPROVEN	NO_CURRENT_FULL_CLAUSE_DECLARATION; CANDIDATE_MAPPING_ONLY
NREQ-8a6eae8c63b27a45e7e0807f21c71e23	49	5526	IMPLEMENTED_UNPROVEN	NO_CURRENT_FULL_CLAUSE_DECLARATION; CANDIDATE_MAPPING_ONLY
NREQ-b13f16efe0390dd8801a6d043617ee16	49	5527	IMPLEMENTED_UNPROVEN	NO_CURRENT_FULL_CLAUSE_DECLARATION; CANDIDATE_MAPPING_ONLY
NREQ-fa84fdfeac62f87d58d3b66d834b1a16	49	5528	IMPLEMENTED_UNPROVEN	NO_CURRENT_FULL_CLAUSE_DECLARATION; CANDIDATE_MAPPING_ONLY
NREQ-e78bc132e66fe4c3227e5473e788ce10	49	5529	IMPLEMENTED_UNPROVEN	NO_CURRENT_FULL_CLAUSE_DECLARATION; CANDIDATE_MAPPING_ONLY
NREQ-c07f7a06c4115492ce8bd4ba784025c0	49	5530	IMPLEMENTED_UNPROVEN	NO_CURRENT_FULL_CLAUSE_DECLARATION; CANDIDATE_MAPPING_ONLY
NREQ-577611cd581eee06865100904a62a65d	49	5531	IMPLEMENTED_UNPROVEN	NO_CURRENT_FULL_CLAUSE_DECLARATION; CANDIDATE_MAPPING_ONLY
NREQ-3c2ab07bd07ae849970732862be0368e	49	5532	IMPLEMENTED_UNPROVEN	NO_CURRENT_FULL_CLAUSE_DECLARATION; CANDIDATE_MAPPING_ONLY
NREQ-ad8f89190c248f5a5b7d5890f2e06710	49	5533	IMPLEMENTED_UNPROVEN	NO_CURRENT_FULL_CLAUSE_DECLARATION; CANDIDATE_MAPPING_ONLY
NREQ-27b8ecc068bec42e79beea07521a0c2c	49	5534	IMPLEMENTED_UNPROVEN	NO_CURRENT_FULL_CLAUSE_DECLARATION; CANDIDATE_MAPPING_ONLY
NREQ-b32ebf1e2e8a71b0f7c5e81ed8230f2c	49	5535	IMPLEMENTED_UNPROVEN	NO_CURRENT_FULL_CLAUSE_DECLARATION; CANDIDATE_MAPPING_ONLY
NREQ-f83e9de0994c6329419aa95e40d520ce	49	5536	IMPLEMENTED_UNPROVEN	NO_CURRENT_FULL_CLAUSE_DECLARATION; CANDIDATE_MAPPING_ONLY
NREQ-fee6c475b4b02603ef76c0092a23bcea	49	5537	IMPLEMENTED_UNPROVEN	NO_CURRENT_FULL_CLAUSE_DECLARATION; CANDIDATE_MAPPING_ONLY
NREQ-caee2b9706543698ffe69ae7ccf99c73	49	5538	IMPLEMENTED_UNPROVEN	NO_CURRENT_FULL_CLAUSE_DECLARATION; CANDIDATE_MAPPING_ONLY
NREQ-3f3d72c2dab7701769c20c4c82d6620f	49	5539	IMPLEMENTED_UNPROVEN	NO_CURRENT_FULL_CLAUSE_DECLARATION; CANDIDATE_MAPPING_ONLY
NREQ-8a437735e275a33b40347ce6db2e39ed	49	5540	IMPLEMENTED_UNPROVEN	NO_CURRENT_FULL_CLAUSE_DECLARATION; CANDIDATE_MAPPING_ONLY
NREQ-170a8c254ca8f156d25ee33850849b87	49	5541	IMPLEMENTED_UNPROVEN	NO_CURRENT_FULL_CLAUSE_DECLARATION; CANDIDATE_MAPPING_ONLY
NREQ-f8d73410458670b5297e2a0abeed4fd8	49	5542	IMPLEMENTED_UNPROVEN	NO_CURRENT_FULL_CLAUSE_DECLARATION; CANDIDATE_MAPPING_ONLY
NREQ-c042e1366d917c6a28edca451a26b692	49	5543	IMPLEMENTED_UNPROVEN	NO_CURRENT_FULL_CLAUSE_DECLARATION; CANDIDATE_MAPPING_ONLY
NREQ-e596501d2b544facc0b2fb644217e864	49	5544	IMPLEMENTED_UNPROVEN	NO_CURRENT_FULL_CLAUSE_DECLARATION; CANDIDATE_MAPPING_ONLY
NREQ-13588703cbb6950f79217d1d83b5da7a	49	5545	IMPLEMENTED_UNPROVEN	NO_CURRENT_FULL_CLAUSE_DECLARATION; CANDIDATE_MAPPING_ONLY
NREQ-2ce616eb4484460d92c96de63315809b	49	5546	IMPLEMENTED_UNPROVEN	NO_CURRENT_FULL_CLAUSE_DECLARATION; CANDIDATE_MAPPING_ONLY
NREQ-fb763d40cd32d72fff4294d706dd7217	49	5547	IMPLEMENTED_UNPROVEN	NO_CURRENT_FULL_CLAUSE_DECLARATION; CANDIDATE_MAPPING_ONLY
NREQ-68a3cbefc9d4168cf4cb1d3c78afe09d	49	5549	IMPLEMENTED_UNPROVEN	NO_CURRENT_FULL_CLAUSE_DECLARATION; CANDIDATE_MAPPING_ONLY
NREQ-fcc3eda988c7ee1c16e30200ecf688ee	49	5551	IMPLEMENTED_UNPROVEN	NO_CURRENT_FULL_CLAUSE_DECLARATION; CANDIDATE_MAPPING_ONLY
NREQ-1b6c7b800bdb07a787668383f4874dcb	49	5553	IMPLEMENTED_UNPROVEN	NO_CURRENT_FULL_CLAUSE_DECLARATION; CANDIDATE_MAPPING_ONLY
NREQ-21bb108ada241220948a52c7f1429da3	49	5554	IMPLEMENTED_UNPROVEN	NO_CURRENT_FULL_CLAUSE_DECLARATION; CANDIDATE_MAPPING_ONLY
NREQ-313ed160df8e58db6ec0737075d838b1	49	5555	IMPLEMENTED_UNPROVEN	NO_CURRENT_FULL_CLAUSE_DECLARATION; CANDIDATE_MAPPING_ONLY
NREQ-a3bcb4264401b6d589c74eeaed7f4938	49	5556	IMPLEMENTED_UNPROVEN	NO_CURRENT_FULL_CLAUSE_DECLARATION; CANDIDATE_MAPPING_ONLY
NREQ-33e2690d78d315168117fd857cf63474	49	5557	IMPLEMENTED_UNPROVEN	NO_CURRENT_FULL_CLAUSE_DECLARATION; CANDIDATE_MAPPING_ONLY
NREQ-273fbc0871c85557fd0b5febc45f9bf7	49	5558	IMPLEMENTED_UNPROVEN	NO_CURRENT_FULL_CLAUSE_DECLARATION; CANDIDATE_MAPPING_ONLY
NREQ-fbb20f1c0d6d2520b388f920e540159c	49	5559	IMPLEMENTED_UNPROVEN	NO_CURRENT_FULL_CLAUSE_DECLARATION; CANDIDATE_MAPPING_ONLY
NREQ-fb52986ee8825283a9e0bf95ceb8f719	49	5560	IMPLEMENTED_UNPROVEN	NO_CURRENT_FULL_CLAUSE_DECLARATION; CANDIDATE_MAPPING_ONLY
NREQ-1fb1a91c32155127b84a036671652807	49	5561	IMPLEMENTED_UNPROVEN	NO_CURRENT_FULL_CLAUSE_DECLARATION; CANDIDATE_MAPPING_ONLY
NREQ-abcfd3aa72540ce74bda40b03e1c4170	49	5563	IMPLEMENTED_UNPROVEN	NO_CURRENT_FULL_CLAUSE_DECLARATION; CANDIDATE_MAPPING_ONLY
NREQ-e920cde802af6f22ae3dceb146e000ce	49	5564	IMPLEMENTED_UNPROVEN	NO_CURRENT_FULL_CLAUSE_DECLARATION; CANDIDATE_MAPPING_ONLY
NREQ-ccc9b105f2029c755204e614564cd681	49	5565	IMPLEMENTED_UNPROVEN	NO_CURRENT_FULL_CLAUSE_DECLARATION; CANDIDATE_MAPPING_ONLY
NREQ-3337c4b4d07bc29ecc57fe108c1be719	49	5566	IMPLEMENTED_UNPROVEN	NO_CURRENT_FULL_CLAUSE_DECLARATION; CANDIDATE_MAPPING_ONLY
NREQ-3d7e0e5e6447f09f92f37d29231ac9f3	49	5567	IMPLEMENTED_UNPROVEN	NO_CURRENT_FULL_CLAUSE_DECLARATION; CANDIDATE_MAPPING_ONLY
NREQ-e0cf95a7a7a0dfc968f9a671b3b5e2a6	49	5568	IMPLEMENTED_UNPROVEN	NO_CURRENT_FULL_CLAUSE_DECLARATION; CANDIDATE_MAPPING_ONLY
NREQ-6b77e21aeed5a00effceddd3b4592bd0	49	5569	IMPLEMENTED_UNPROVEN	NO_CURRENT_FULL_CLAUSE_DECLARATION; CANDIDATE_MAPPING_ONLY
NREQ-f63f7a23da0d7202d6276191b2a2479a	49	5571	IMPLEMENTED_UNPROVEN	NO_CURRENT_FULL_CLAUSE_DECLARATION; CANDIDATE_MAPPING_ONLY
NREQ-faadf57dc65ca31e27eb0bd8426ab90d	49	5572	IMPLEMENTED_UNPROVEN	NO_CURRENT_FULL_CLAUSE_DECLARATION; CANDIDATE_MAPPING_ONLY
NREQ-7ed6462e18ba653cccb0b5f225ec78a3	49	5573	IMPLEMENTED_UNPROVEN	NO_CURRENT_FULL_CLAUSE_DECLARATION; CANDIDATE_MAPPING_ONLY
NREQ-df9319f1d3abcd922a49723e0ffdaa4a	49	5574	IMPLEMENTED_UNPROVEN	NO_CURRENT_FULL_CLAUSE_DECLARATION; CANDIDATE_MAPPING_ONLY
NREQ-3cb2b35a36434c3bb1c02e070201e584	49	5575	IMPLEMENTED_UNPROVEN	NO_CURRENT_FULL_CLAUSE_DECLARATION; CANDIDATE_MAPPING_ONLY
NREQ-df378915ee8b4a8d2e0cb6b2cbb3d7d8	49	5576	IMPLEMENTED_UNPROVEN	NO_CURRENT_FULL_CLAUSE_DECLARATION; CANDIDATE_MAPPING_ONLY
NREQ-1bd308dc7fb9f22a788c8f540a740656	49	5577	IMPLEMENTED_UNPROVEN	NO_CURRENT_FULL_CLAUSE_DECLARATION; CANDIDATE_MAPPING_ONLY
NREQ-51cf5132512ec0f820041d04f75e97ab	49	5579	IMPLEMENTED_UNPROVEN	NO_CURRENT_FULL_CLAUSE_DECLARATION; CANDIDATE_MAPPING_ONLY
NREQ-220c0f7d696f86a707f0b86c8aef370f	49	5580	IMPLEMENTED_UNPROVEN	NO_CURRENT_FULL_CLAUSE_DECLARATION; CANDIDATE_MAPPING_ONLY
NREQ-83c443c7e6272d21255be66c4fd04dda	49	5581	IMPLEMENTED_UNPROVEN	NO_CURRENT_FULL_CLAUSE_DECLARATION; CANDIDATE_MAPPING_ONLY
NREQ-1918583064bc0bf873ffc3ae841d85d2	49	5582	IMPLEMENTED_UNPROVEN	NO_CURRENT_FULL_CLAUSE_DECLARATION; CANDIDATE_MAPPING_ONLY
NREQ-79e67de768373c98fd0683c88fd8c3f1	49	5583	IMPLEMENTED_UNPROVEN	NO_CURRENT_FULL_CLAUSE_DECLARATION; CANDIDATE_MAPPING_ONLY
NREQ-708cc53b513ba1578c92bc68c7b40677	49	5584	IMPLEMENTED_UNPROVEN	NO_CURRENT_FULL_CLAUSE_DECLARATION; CANDIDATE_MAPPING_ONLY
NREQ-49d4e0350ed0853f01330d3cbc926cf4	49	5585	IMPLEMENTED_UNPROVEN	NO_CURRENT_FULL_CLAUSE_DECLARATION; CANDIDATE_MAPPING_ONLY
NREQ-a3098fdae8a42d6001109a1eca27ba59	49	5586	IMPLEMENTED_UNPROVEN	NO_CURRENT_FULL_CLAUSE_DECLARATION; CANDIDATE_MAPPING_ONLY
NREQ-a053dc85d8964fc08b5efffcaaed90eb	49	5588	IMPLEMENTED_UNPROVEN	NO_CURRENT_FULL_CLAUSE_DECLARATION; CANDIDATE_MAPPING_ONLY
NREQ-14d818e7d2cf575bd66d40bf2802559c	49	5589	IMPLEMENTED_UNPROVEN	NO_CURRENT_FULL_CLAUSE_DECLARATION; CANDIDATE_MAPPING_ONLY
NREQ-f8e8d7915185b98fb88534be0501c0e5	49	5590	IMPLEMENTED_UNPROVEN	NO_CURRENT_FULL_CLAUSE_DECLARATION; CANDIDATE_MAPPING_ONLY
NREQ-a3b6df0c11a32a62167e9eea93768a77	49	5591	IMPLEMENTED_UNPROVEN	NO_CURRENT_FULL_CLAUSE_DECLARATION; CANDIDATE_MAPPING_ONLY
NREQ-9aa44d94138898700d5f4e4ef001f2d3	49	5592	IMPLEMENTED_UNPROVEN	NO_CURRENT_FULL_CLAUSE_DECLARATION; CANDIDATE_MAPPING_ONLY
NREQ-a720ba49e0bf92ede4bbb519bbdcdac7	49	5593	IMPLEMENTED_UNPROVEN	NO_CURRENT_FULL_CLAUSE_DECLARATION; CANDIDATE_MAPPING_ONLY
NREQ-1f6942e6c07f50d940441688403896bd	49	5594	IMPLEMENTED_UNPROVEN	NO_CURRENT_FULL_CLAUSE_DECLARATION; CANDIDATE_MAPPING_ONLY
NREQ-b323bbd7634a99e75fd67b6959f03e36	49	5596	IMPLEMENTED_UNPROVEN	NO_CURRENT_FULL_CLAUSE_DECLARATION; CANDIDATE_MAPPING_ONLY
NREQ-01ed3d4c22384d4f5e46abba23604dbd	49	5597	IMPLEMENTED_UNPROVEN	NO_CURRENT_FULL_CLAUSE_DECLARATION; CANDIDATE_MAPPING_ONLY
NREQ-299683324f3b5f00ca0ff904b7a29874	49	5598	IMPLEMENTED_UNPROVEN	NO_CURRENT_FULL_CLAUSE_DECLARATION; CANDIDATE_MAPPING_ONLY
NREQ-a9f35aaca83f81ccb0d9f74ebec478a4	49	5599	IMPLEMENTED_UNPROVEN	NO_CURRENT_FULL_CLAUSE_DECLARATION; CANDIDATE_MAPPING_ONLY
NREQ-d74b5326eeebadb7c26670433891a000	49	5600	IMPLEMENTED_UNPROVEN	NO_CURRENT_FULL_CLAUSE_DECLARATION; CANDIDATE_MAPPING_ONLY
NREQ-7e8d41f74a87263f49c41a135dc187eb	49	5601	IMPLEMENTED_UNPROVEN	NO_CURRENT_FULL_CLAUSE_DECLARATION; CANDIDATE_MAPPING_ONLY
NREQ-51dd4069c70c16a56f5e55f7c7e8e00c	49	5602	IMPLEMENTED_UNPROVEN	NO_CURRENT_FULL_CLAUSE_DECLARATION; CANDIDATE_MAPPING_ONLY
NREQ-f6de8ca9b3c3bcf565556ad6c48668ab	49	5603	IMPLEMENTED_UNPROVEN	NO_CURRENT_FULL_CLAUSE_DECLARATION; CANDIDATE_MAPPING_ONLY
NREQ-de58b5c25c759dee9f6f31e36b6af849	49	5605	IMPLEMENTED_UNPROVEN	NO_CURRENT_FULL_CLAUSE_DECLARATION; CANDIDATE_MAPPING_ONLY
NREQ-c89ba63acb50a82307509931cc402bd7	49	5606	IMPLEMENTED_UNPROVEN	NO_CURRENT_FULL_CLAUSE_DECLARATION; CANDIDATE_MAPPING_ONLY
NREQ-ffee203883ed9f7437026ed5d1ee484d	49	5607	IMPLEMENTED_UNPROVEN	NO_CURRENT_FULL_CLAUSE_DECLARATION; CANDIDATE_MAPPING_ONLY
NREQ-87822c6dae7300e84016b8f5c5b2eea5	49	5608	IMPLEMENTED_UNPROVEN	NO_CURRENT_FULL_CLAUSE_DECLARATION; CANDIDATE_MAPPING_ONLY
NREQ-7b17eadf74f8fbc358a4a7c3c6b356b7	49	5609	IMPLEMENTED_UNPROVEN	NO_CURRENT_FULL_CLAUSE_DECLARATION; CANDIDATE_MAPPING_ONLY
NREQ-7b503ba70b1e0c56413acd6b68922e50	49	5611	IMPLEMENTED_UNPROVEN	NO_CURRENT_FULL_CLAUSE_DECLARATION; CANDIDATE_MAPPING_ONLY
NREQ-1c0c4525cc2e361cee9a0b39180c1e3d	49	5612	IMPLEMENTED_UNPROVEN	NO_CURRENT_FULL_CLAUSE_DECLARATION; CANDIDATE_MAPPING_ONLY
NREQ-c0cc56bf48243f755698eafb92896892	49	5613	IMPLEMENTED_UNPROVEN	NO_CURRENT_FULL_CLAUSE_DECLARATION; CANDIDATE_MAPPING_ONLY
NREQ-e89cd13424c8899d4617242f5d537e40	49	5614	IMPLEMENTED_UNPROVEN	NO_CURRENT_FULL_CLAUSE_DECLARATION; CANDIDATE_MAPPING_ONLY
NREQ-fab778874d5fb2436d94281a6f098d55	49	5615	IMPLEMENTED_UNPROVEN	NO_CURRENT_FULL_CLAUSE_DECLARATION; CANDIDATE_MAPPING_ONLY
NREQ-2888f6600af5c1aedb699e0780fa9348	49	5616	IMPLEMENTED_UNPROVEN	NO_CURRENT_FULL_CLAUSE_DECLARATION; CANDIDATE_MAPPING_ONLY
NREQ-19f9d47f1293a2b6aa4546a1fa7ae1b5	49	5617	IMPLEMENTED_UNPROVEN	NO_CURRENT_FULL_CLAUSE_DECLARATION; CANDIDATE_MAPPING_ONLY
NREQ-b12ba03538abca9e46cdcd6c07a4e6a2	49	5618	IMPLEMENTED_UNPROVEN	NO_CURRENT_FULL_CLAUSE_DECLARATION; CANDIDATE_MAPPING_ONLY
NREQ-953c877b598b77e87839ba1e0d03359f	49	5619	IMPLEMENTED_UNPROVEN	NO_CURRENT_FULL_CLAUSE_DECLARATION; CANDIDATE_MAPPING_ONLY
NREQ-b6bf2bf356f31f4d6510038f5adb5592	49	5620	IMPLEMENTED_UNPROVEN	NO_CURRENT_FULL_CLAUSE_DECLARATION; CANDIDATE_MAPPING_ONLY
NREQ-bc12a16cba6db34aba63abe81d026797	49	5621	IMPLEMENTED_UNPROVEN	NO_CURRENT_FULL_CLAUSE_DECLARATION; CANDIDATE_MAPPING_ONLY
NREQ-ede26a71c25eddc9ec68db27eaefe4c5	49	5623	IMPLEMENTED_UNPROVEN	NO_CURRENT_FULL_CLAUSE_DECLARATION; CANDIDATE_MAPPING_ONLY
NREQ-892ce9c01dae8dc4d586d28af04c3974	49	5625	IMPLEMENTED_UNPROVEN	NO_CURRENT_FULL_CLAUSE_DECLARATION; CANDIDATE_MAPPING_ONLY
NREQ-9a4dc27a5e6a6c97c795ef9ffdeb4f70	49	5626	IMPLEMENTED_UNPROVEN	NO_CURRENT_FULL_CLAUSE_DECLARATION; CANDIDATE_MAPPING_ONLY
NREQ-f1da07ca3552884bb4b2164376208c6e	49	5627	IMPLEMENTED_UNPROVEN	NO_CURRENT_FULL_CLAUSE_DECLARATION; CANDIDATE_MAPPING_ONLY
NREQ-9dd8c8284f0932eabd429a22c3df274a	49	5628	IMPLEMENTED_UNPROVEN	NO_CURRENT_FULL_CLAUSE_DECLARATION; CANDIDATE_MAPPING_ONLY
NREQ-8ab863f89cd4aba42d45fb8b50981c29	49	5629	IMPLEMENTED_UNPROVEN	NO_CURRENT_FULL_CLAUSE_DECLARATION; CANDIDATE_MAPPING_ONLY
NREQ-606d874a4eb2da3cb6263446ee77626f	49	5630	IMPLEMENTED_UNPROVEN	NO_CURRENT_FULL_CLAUSE_DECLARATION; CANDIDATE_MAPPING_ONLY
NREQ-83de59694cb9ad1f08a7ee98ddbdb3a5	49	5631	IMPLEMENTED_UNPROVEN	NO_CURRENT_FULL_CLAUSE_DECLARATION; CANDIDATE_MAPPING_ONLY
NREQ-5c0bd8e5b6733ac9d2f82a7ebf2b0eb1	49	5632	IMPLEMENTED_UNPROVEN	NO_CURRENT_FULL_CLAUSE_DECLARATION; CANDIDATE_MAPPING_ONLY
NREQ-303278f4fa7888de8fc8521bd873e95f	49	5633	IMPLEMENTED_UNPROVEN	NO_CURRENT_FULL_CLAUSE_DECLARATION; CANDIDATE_MAPPING_ONLY
NREQ-33ded541189d0edce48661ceaf4793e9	49	5634	IMPLEMENTED_UNPROVEN	NO_CURRENT_FULL_CLAUSE_DECLARATION; CANDIDATE_MAPPING_ONLY
NREQ-5f928dcc50d9af9b3d7ebafffaf84dbc	49	5635	IMPLEMENTED_UNPROVEN	NO_CURRENT_FULL_CLAUSE_DECLARATION; CANDIDATE_MAPPING_ONLY
NREQ-96442ece62d87c90dd71a06625c8b29c	49	5636	IMPLEMENTED_UNPROVEN	NO_CURRENT_FULL_CLAUSE_DECLARATION; CANDIDATE_MAPPING_ONLY
NREQ-d5be7a135bab23ccc47ddf69fbcf4ea0	49	5637	IMPLEMENTED_UNPROVEN	NO_CURRENT_FULL_CLAUSE_DECLARATION; CANDIDATE_MAPPING_ONLY
NREQ-e284fcf2ce418f8394d823c4a3ee022f	49	5638	IMPLEMENTED_UNPROVEN	NO_CURRENT_FULL_CLAUSE_DECLARATION; CANDIDATE_MAPPING_ONLY
NREQ-398f3281483e56dd385add1c7e41f6ff	49	5639	IMPLEMENTED_UNPROVEN	NO_CURRENT_FULL_CLAUSE_DECLARATION; CANDIDATE_MAPPING_ONLY
NREQ-a11a177488ca6dab2951d6f46451de11	49	5640	IMPLEMENTED_UNPROVEN	NO_CURRENT_FULL_CLAUSE_DECLARATION; CANDIDATE_MAPPING_ONLY
NREQ-122d584accff93d1a1bae33face49a7d	49	5641	IMPLEMENTED_UNPROVEN	NO_CURRENT_FULL_CLAUSE_DECLARATION; CANDIDATE_MAPPING_ONLY
NREQ-1449c21d10f4bcc10a8b742e0e1b820b	49	5642	IMPLEMENTED_UNPROVEN	NO_CURRENT_FULL_CLAUSE_DECLARATION; CANDIDATE_MAPPING_ONLY
NREQ-2a0ddd61e06bdaca59c78d973d8555e2	49	5643	IMPLEMENTED_UNPROVEN	NO_CURRENT_FULL_CLAUSE_DECLARATION; CANDIDATE_MAPPING_ONLY
NREQ-525c0b74459c6a09a93bd3859e050400	49	5644	IMPLEMENTED_UNPROVEN	NO_CURRENT_FULL_CLAUSE_DECLARATION; CANDIDATE_MAPPING_ONLY
NREQ-6e287d562c98896e10f933a8b5b0d13f	49	5645	IMPLEMENTED_UNPROVEN	NO_CURRENT_FULL_CLAUSE_DECLARATION; CANDIDATE_MAPPING_ONLY
NREQ-3ca85b2d109d574f867c88036208d7ad	49	5646	IMPLEMENTED_UNPROVEN	NO_CURRENT_FULL_CLAUSE_DECLARATION; CANDIDATE_MAPPING_ONLY
NREQ-7f66fe4bf2c5af51a70f171682cfbcd3	49	5647	IMPLEMENTED_UNPROVEN	NO_CURRENT_FULL_CLAUSE_DECLARATION; CANDIDATE_MAPPING_ONLY
NREQ-6c3ac229861b4459e5118d85edf9b7e6	49	5648	IMPLEMENTED_UNPROVEN	NO_CURRENT_FULL_CLAUSE_DECLARATION; CANDIDATE_MAPPING_ONLY
NREQ-9f9a9bc9d656d56771224e0f69ece77c	49	5649	IMPLEMENTED_UNPROVEN	NO_CURRENT_FULL_CLAUSE_DECLARATION; CANDIDATE_MAPPING_ONLY
NREQ-033eae9c9ca7a7f3d040db31f4d3e87f	49	5650	IMPLEMENTED_UNPROVEN	NO_CURRENT_FULL_CLAUSE_DECLARATION; CANDIDATE_MAPPING_ONLY
NREQ-13a70e970cbb5acfb57de2e2b99670a9	49	5651	IMPLEMENTED_UNPROVEN	NO_CURRENT_FULL_CLAUSE_DECLARATION; CANDIDATE_MAPPING_ONLY
NREQ-e9cd239d997f61d2b215973602fb9d34	49	5652	IMPLEMENTED_UNPROVEN	NO_CURRENT_FULL_CLAUSE_DECLARATION; CANDIDATE_MAPPING_ONLY
NREQ-ed84ace72a24a608e0d3e59807e4a0c3	49	5653	IMPLEMENTED_UNPROVEN	NO_CURRENT_FULL_CLAUSE_DECLARATION; CANDIDATE_MAPPING_ONLY
NREQ-b326ddb30e1a911c27e766b7f5ec1909	49	5654	IMPLEMENTED_UNPROVEN	NO_CURRENT_FULL_CLAUSE_DECLARATION; CANDIDATE_MAPPING_ONLY
NREQ-e8a1f84da62e30541ac2af6a6fcd5dcc	50	5660	IMPLEMENTED_UNPROVEN	NO_CURRENT_FULL_CLAUSE_DECLARATION; CANDIDATE_MAPPING_ONLY
NREQ-3f2cf853efd00db11c37ff5ef32ec342	50	5662	IMPLEMENTED_UNPROVEN	NO_CURRENT_FULL_CLAUSE_DECLARATION; CANDIDATE_MAPPING_ONLY
NREQ-76aae872af73360e05c0bb4099963fc0	50	5663	IMPLEMENTED_UNPROVEN	NO_CURRENT_FULL_CLAUSE_DECLARATION; CANDIDATE_MAPPING_ONLY
NREQ-2a08bbfdfbeafa4ac6136e878a26e1ee	50	5664	IMPLEMENTED_UNPROVEN	NO_CURRENT_FULL_CLAUSE_DECLARATION; CANDIDATE_MAPPING_ONLY
NREQ-86461c6f6050f64a136ce24c098066e2	50	5665	IMPLEMENTED_UNPROVEN	NO_CURRENT_FULL_CLAUSE_DECLARATION; CANDIDATE_MAPPING_ONLY
NREQ-fe9a4a39951ba41c6e2ffb2689ec7520	50	5666	IMPLEMENTED_UNPROVEN	NO_CURRENT_FULL_CLAUSE_DECLARATION; CANDIDATE_MAPPING_ONLY
NREQ-a5ab72c756293aec5ec8974a6aa2cc4f	50	5667	IMPLEMENTED_UNPROVEN	NO_CURRENT_FULL_CLAUSE_DECLARATION; CANDIDATE_MAPPING_ONLY
NREQ-57b45791d7658e41b812bf1029332e5d	50	5668	IMPLEMENTED_UNPROVEN	NO_CURRENT_FULL_CLAUSE_DECLARATION; CANDIDATE_MAPPING_ONLY
NREQ-557ba753f408bd8fe368f81a907b5e94	50	5669	IMPLEMENTED_UNPROVEN	NO_CURRENT_FULL_CLAUSE_DECLARATION; CANDIDATE_MAPPING_ONLY
NREQ-c4776115fb32073a4b8d81e435acea23	50	5670	IMPLEMENTED_UNPROVEN	NO_CURRENT_FULL_CLAUSE_DECLARATION; CANDIDATE_MAPPING_ONLY
NREQ-88ec0e733af173b9097dbd7f45f8c85a	50	5671	IMPLEMENTED_UNPROVEN	NO_CURRENT_FULL_CLAUSE_DECLARATION; CANDIDATE_MAPPING_ONLY
NREQ-e11fb6bda7d950c65668d49b5431ad3b	50	5672	IMPLEMENTED_UNPROVEN	NO_CURRENT_FULL_CLAUSE_DECLARATION; CANDIDATE_MAPPING_ONLY
NREQ-1f8da4aae3eb926f8d8d271c6dc814c0	50	5673	IMPLEMENTED_UNPROVEN	NO_CURRENT_FULL_CLAUSE_DECLARATION; CANDIDATE_MAPPING_ONLY
NREQ-bb54a61171d383de1e85919faab20c0d	50	5674	IMPLEMENTED_UNPROVEN	NO_CURRENT_FULL_CLAUSE_DECLARATION; CANDIDATE_MAPPING_ONLY
NREQ-6c1d6fa64c4fb7629360e2424146e7cb	50	5676	IMPLEMENTED_UNPROVEN	NO_CURRENT_FULL_CLAUSE_DECLARATION; CANDIDATE_MAPPING_ONLY
NREQ-0c10dec93a22e237bdfa981eda1c1626	50	5678	IMPLEMENTED_UNPROVEN	NO_CURRENT_FULL_CLAUSE_DECLARATION; CANDIDATE_MAPPING_ONLY
NREQ-bf7c1dd8e6f6b5387c895991f5977574	50	5679	IMPLEMENTED_UNPROVEN	NO_CURRENT_FULL_CLAUSE_DECLARATION; CANDIDATE_MAPPING_ONLY
NREQ-96e1b50bf82ba8fe20cfaaabbd4c0bf1	50	5680	IMPLEMENTED_UNPROVEN	NO_CURRENT_FULL_CLAUSE_DECLARATION; CANDIDATE_MAPPING_ONLY
NREQ-5e585bb2be3df37363fe99d7faa718ec	50	5681	IMPLEMENTED_UNPROVEN	NO_CURRENT_FULL_CLAUSE_DECLARATION; CANDIDATE_MAPPING_ONLY
NREQ-c8432dd2d817922c46e3c9a1b5d57c1c	50	5682	IMPLEMENTED_UNPROVEN	NO_CURRENT_FULL_CLAUSE_DECLARATION; CANDIDATE_MAPPING_ONLY
NREQ-03591a1b75f51a68e5dc93310ba0195b	50	5683	IMPLEMENTED_UNPROVEN	NO_CURRENT_FULL_CLAUSE_DECLARATION; CANDIDATE_MAPPING_ONLY
NREQ-e305b6bbca3393085bec6eaa412e003d	50	5684	IMPLEMENTED_UNPROVEN	NO_CURRENT_FULL_CLAUSE_DECLARATION; CANDIDATE_MAPPING_ONLY
NREQ-eafe438eb5f5a35654a875d05360f18d	50	5685	IMPLEMENTED_UNPROVEN	NO_CURRENT_FULL_CLAUSE_DECLARATION; CANDIDATE_MAPPING_ONLY
NREQ-ee1622dfd6c5009dbd81bf902b201b41	50	5686	IMPLEMENTED_UNPROVEN	NO_CURRENT_FULL_CLAUSE_DECLARATION; CANDIDATE_MAPPING_ONLY
NREQ-98338a6a85134295b1e206f1fa65ea11	50	5687	IMPLEMENTED_UNPROVEN	NO_CURRENT_FULL_CLAUSE_DECLARATION; CANDIDATE_MAPPING_ONLY
NREQ-006d0318b7779ec6fbc8fc918c738e6b	50	5688	IMPLEMENTED_UNPROVEN	NO_CURRENT_FULL_CLAUSE_DECLARATION; CANDIDATE_MAPPING_ONLY
NREQ-cbabbe9f86b0492fabec437b3cad0523	50	5689	IMPLEMENTED_UNPROVEN	NO_CURRENT_FULL_CLAUSE_DECLARATION; CANDIDATE_MAPPING_ONLY
NREQ-62196bdb558b2378ad84edbf0b7911eb	50	5690	IMPLEMENTED_UNPROVEN	NO_CURRENT_FULL_CLAUSE_DECLARATION; CANDIDATE_MAPPING_ONLY
NREQ-a2a250650a67faf70d7c5609d1394799	50	5691	IMPLEMENTED_UNPROVEN	NO_CURRENT_FULL_CLAUSE_DECLARATION; CANDIDATE_MAPPING_ONLY
NREQ-f4a72d30750f130c52ea1a7c57be8124	50	5693	IMPLEMENTED_UNPROVEN	NO_CURRENT_FULL_CLAUSE_DECLARATION; CANDIDATE_MAPPING_ONLY
NREQ-2b0f0cefee59e16f87cbcac572fe2cfb	50.1	5697	IMPLEMENTED_UNPROVEN	NO_CURRENT_FULL_CLAUSE_DECLARATION; CANDIDATE_MAPPING_ONLY
NREQ-5ab808067e6378712fdf66fd611cd0ca	50.1	5699	IMPLEMENTED_UNPROVEN	NO_CURRENT_FULL_CLAUSE_DECLARATION; CANDIDATE_MAPPING_ONLY
NREQ-1d5df8b66ef1948b988905d8611833f4	50.2	5703	IMPLEMENTED_UNPROVEN	NO_CURRENT_FULL_CLAUSE_DECLARATION; CANDIDATE_MAPPING_ONLY
NREQ-31c889d7ad82ee2da57ed6c7c458b5ac	50.3	5707	IMPLEMENTED_UNPROVEN	NO_CURRENT_FULL_CLAUSE_DECLARATION; CANDIDATE_MAPPING_ONLY
NREQ-b72353386354605a28411d9e0c26536c	51	5714	IMPLEMENTED_UNPROVEN	REVIEWED_CONTEXT_LINKED_TO_MANDATORY_CLAUSES
NREQ-85cae00e8ea0099d220dac95bcdb024a	51	5715	IMPLEMENTED_UNPROVEN	REVIEWED_CONTEXT_LINKED_TO_MANDATORY_CLAUSES
NREQ-a9af39eb40fe700b2ea021e97ece2c95	51	5716	IMPLEMENTED_UNPROVEN	REVIEWED_CONTEXT_LINKED_TO_MANDATORY_CLAUSES
NREQ-ddeb03a408390520214a21fec4cbc9fa	51	5717	IMPLEMENTED_UNPROVEN	REVIEWED_CONTEXT_LINKED_TO_MANDATORY_CLAUSES
NREQ-4274b34ef439a79ba5ba30c8106b22ea	51	5718	IMPLEMENTED_UNPROVEN	REVIEWED_CONTEXT_LINKED_TO_MANDATORY_CLAUSES
NREQ-083f2ff41709bee12ef425137d450396	51	5719	IMPLEMENTED_UNPROVEN	REVIEWED_CONTEXT_LINKED_TO_MANDATORY_CLAUSES
NREQ-6b2140549fd28d86306e1738b57aad98	51	5722	IMPLEMENTED_UNPROVEN	REVIEWED_CONTEXT_LINKED_TO_MANDATORY_CLAUSES
NREQ-6211c248f04adf67570c9884acb7c320	51	5723	IMPLEMENTED_UNPROVEN	REVIEWED_CONTEXT_LINKED_TO_MANDATORY_CLAUSES
NREQ-1c70378f47e9680ae59c6d92cd053708	51	5724	IMPLEMENTED_UNPROVEN	REVIEWED_CONTEXT_LINKED_TO_MANDATORY_CLAUSES
NREQ-701947e8c235e2a9af597619d8864d72	51	5727	IMPLEMENTED_UNPROVEN	NO_CURRENT_FULL_CLAUSE_DECLARATION; CANDIDATE_MAPPING_ONLY
NREQ-1b282b94305037b472426e82a7cbb79e	51	5745	UNKNOWN	NO_CURRENT_FULL_CLAUSE_DECLARATION; CANDIDATE_MAPPING_ONLY
NREQ-3d41b60fd2854ab56588626fd229c6d9	51	5746	UNKNOWN	NO_CURRENT_FULL_CLAUSE_DECLARATION; CANDIDATE_MAPPING_ONLY
NREQ-48f10282efd358b26e62c7780fe00505	51	5748	IMPLEMENTED_UNPROVEN	NO_CURRENT_FULL_CLAUSE_DECLARATION; CANDIDATE_MAPPING_ONLY
NREQ-08632d6ee82baf63bd7ef42a44dee682	51	5749	IMPLEMENTED_UNPROVEN	NO_CURRENT_FULL_CLAUSE_DECLARATION; CANDIDATE_MAPPING_ONLY
NREQ-b55cebb604fc2b0daf07fa8694500f0b	51	5750	IMPLEMENTED_UNPROVEN	NO_CURRENT_FULL_CLAUSE_DECLARATION; CANDIDATE_MAPPING_ONLY
NREQ-caddd9d16fa6b32222c8f9a49ddbd1a3	51	5751	IMPLEMENTED_UNPROVEN	NO_CURRENT_FULL_CLAUSE_DECLARATION; CANDIDATE_MAPPING_ONLY
NREQ-60ba6297c91b81ec4507af130648879e	51	5752	IMPLEMENTED_UNPROVEN	NO_CURRENT_FULL_CLAUSE_DECLARATION; CANDIDATE_MAPPING_ONLY
NREQ-fdaad5b1244de56386110c3e31e6fe75	51	5753	IMPLEMENTED_UNPROVEN	NO_CURRENT_FULL_CLAUSE_DECLARATION; CANDIDATE_MAPPING_ONLY
NREQ-9c8cf7d102548e374a570391feef101c	51	5754	IMPLEMENTED_UNPROVEN	NO_CURRENT_FULL_CLAUSE_DECLARATION; CANDIDATE_MAPPING_ONLY
NREQ-15b6cf1047c4e4c23ca198152c69a37d	51	5755	IMPLEMENTED_UNPROVEN	NO_CURRENT_FULL_CLAUSE_DECLARATION; CANDIDATE_MAPPING_ONLY
NREQ-a0840bec264ad2f99a8dcc94e71a3e75	51	5756	IMPLEMENTED_UNPROVEN	NO_CURRENT_FULL_CLAUSE_DECLARATION; CANDIDATE_MAPPING_ONLY
NREQ-6549a2ce9ee4cb8ff764336926a7d879	51	5757	IMPLEMENTED_UNPROVEN	NO_CURRENT_FULL_CLAUSE_DECLARATION; CANDIDATE_MAPPING_ONLY
NREQ-b03b4eeba3b6ac72e2ce9d89cbbd08c3	51	5758	IMPLEMENTED_UNPROVEN	NO_CURRENT_FULL_CLAUSE_DECLARATION; CANDIDATE_MAPPING_ONLY
NREQ-5c08c302c84b7abf7a0b5a88e99ea958	51	5760	IMPLEMENTED_UNPROVEN	NO_CURRENT_FULL_CLAUSE_DECLARATION; CANDIDATE_MAPPING_ONLY
NREQ-329292e01c4d27bd95a2323018211a00	52	5766	IMPLEMENTED_UNPROVEN	NO_CURRENT_FULL_CLAUSE_DECLARATION; CANDIDATE_MAPPING_ONLY
NREQ-694a85c490fbd129e6ed6ed5b1d0b901	52	5769	IMPLEMENTED_UNPROVEN	NO_CURRENT_FULL_CLAUSE_DECLARATION; CANDIDATE_MAPPING_ONLY
NREQ-c01c5e7a51611e5fbdc86cd8028e23c2	52	5770	IMPLEMENTED_UNPROVEN	NO_CURRENT_FULL_CLAUSE_DECLARATION; CANDIDATE_MAPPING_ONLY
NREQ-8cf146d4c0564c8cb3aa2683df18b6f1	52	5771	IMPLEMENTED_UNPROVEN	NO_CURRENT_FULL_CLAUSE_DECLARATION; CANDIDATE_MAPPING_ONLY
NREQ-331ce773e6ad96b1bd7867decf734e44	52	5772	IMPLEMENTED_UNPROVEN	NO_CURRENT_FULL_CLAUSE_DECLARATION; CANDIDATE_MAPPING_ONLY
NREQ-86fb5d5a266e63223430fd0de449c7e6	52	5773	IMPLEMENTED_UNPROVEN	NO_CURRENT_FULL_CLAUSE_DECLARATION; CANDIDATE_MAPPING_ONLY
NREQ-23220a1c063db3cd5a2b8021c1887b71	52	5774	IMPLEMENTED_UNPROVEN	NO_CURRENT_FULL_CLAUSE_DECLARATION; CANDIDATE_MAPPING_ONLY
NREQ-37def06fc968570c21f988855a0a0291	52	5775	IMPLEMENTED_UNPROVEN	NO_CURRENT_FULL_CLAUSE_DECLARATION; CANDIDATE_MAPPING_ONLY
NREQ-a2ac22a5c5a1b3e21c3aa278e9f78685	52	5776	IMPLEMENTED_UNPROVEN	NO_CURRENT_FULL_CLAUSE_DECLARATION; CANDIDATE_MAPPING_ONLY
NREQ-8c961b2ff7d109897f21e2baedf70a9f	52	5777	IMPLEMENTED_UNPROVEN	NO_CURRENT_FULL_CLAUSE_DECLARATION; CANDIDATE_MAPPING_ONLY
NREQ-7c8b40afc2ecebf57e8f907d0976fe7e	52	5778	IMPLEMENTED_UNPROVEN	NO_CURRENT_FULL_CLAUSE_DECLARATION; CANDIDATE_MAPPING_ONLY
NREQ-b41888242c5d06872cb78d0e4a61912a	52	5779	IMPLEMENTED_UNPROVEN	NO_CURRENT_FULL_CLAUSE_DECLARATION; CANDIDATE_MAPPING_ONLY
NREQ-60754b561edd63ac6ff7b68fc8a203c0	52	5780	IMPLEMENTED_UNPROVEN	NO_CURRENT_FULL_CLAUSE_DECLARATION; CANDIDATE_MAPPING_ONLY
NREQ-7d8eb90fa8e59fb62d7d0a51efcffc61	52	5781	IMPLEMENTED_UNPROVEN	NO_CURRENT_FULL_CLAUSE_DECLARATION; CANDIDATE_MAPPING_ONLY
NREQ-603a1287799074627dcb85b5e5740299	52	5782	IMPLEMENTED_UNPROVEN	NO_CURRENT_FULL_CLAUSE_DECLARATION; CANDIDATE_MAPPING_ONLY
NREQ-512e979db038e854f7a3b1733fe7f1f5	52	5783	IMPLEMENTED_UNPROVEN	NO_CURRENT_FULL_CLAUSE_DECLARATION; CANDIDATE_MAPPING_ONLY
NREQ-172d9d37dd7334f0158047a3807c174a	52	5784	IMPLEMENTED_UNPROVEN	NO_CURRENT_FULL_CLAUSE_DECLARATION; CANDIDATE_MAPPING_ONLY
NREQ-0f97b7286b3ac9f06727eafb20fd4bca	52	5785	IMPLEMENTED_UNPROVEN	NO_CURRENT_FULL_CLAUSE_DECLARATION; CANDIDATE_MAPPING_ONLY
NREQ-8b5cee5852663e441211b85b843ce61a	52	5787	UNKNOWN	NO_CURRENT_FULL_CLAUSE_DECLARATION; CANDIDATE_MAPPING_ONLY
NREQ-dbcc70e026ce8731fd94b6768404d53d	52	5788	IMPLEMENTED_UNPROVEN	NO_CURRENT_FULL_CLAUSE_DECLARATION; CANDIDATE_MAPPING_ONLY
NREQ-6c75dff3cf5a501f1950e061b5e273d1	52	5789	IMPLEMENTED_UNPROVEN	NO_CURRENT_FULL_CLAUSE_DECLARATION; CANDIDATE_MAPPING_ONLY
NREQ-92a22bb6c1550996fd6b9e2add3cf528	52	5790	IMPLEMENTED_UNPROVEN	NO_CURRENT_FULL_CLAUSE_DECLARATION; CANDIDATE_MAPPING_ONLY
NREQ-2b284adcac76e9ba0178ceefdbb50160	52	5791	IMPLEMENTED_UNPROVEN	NO_CURRENT_FULL_CLAUSE_DECLARATION; CANDIDATE_MAPPING_ONLY
NREQ-a7ebefcf0c844492e250883fdea1468c	52	5792	IMPLEMENTED_UNPROVEN	NO_CURRENT_FULL_CLAUSE_DECLARATION; CANDIDATE_MAPPING_ONLY
NREQ-1eedad80516eb3d3edefe71e4b8ecf38	52	5794	IMPLEMENTED_UNPROVEN	NO_CURRENT_FULL_CLAUSE_DECLARATION; CANDIDATE_MAPPING_ONLY
NREQ-4f26bce92522aa236e602a143c3e8377	52	5796	IMPLEMENTED_UNPROVEN	NO_CURRENT_FULL_CLAUSE_DECLARATION; CANDIDATE_MAPPING_ONLY
NREQ-4e8e9a9619b05bf68319a6e8a7320be7	52	5798	IMPLEMENTED_UNPROVEN	NO_CURRENT_FULL_CLAUSE_DECLARATION; CANDIDATE_MAPPING_ONLY
NREQ-e5397f1d43e610dedbe314a830c500bc	52	5800	IMPLEMENTED_UNPROVEN	NO_CURRENT_FULL_CLAUSE_DECLARATION; CANDIDATE_MAPPING_ONLY
NREQ-368199b6ecd5367fc3738049b5b28a04	52	5802	IMPLEMENTED_UNPROVEN	NO_CURRENT_FULL_CLAUSE_DECLARATION; CANDIDATE_MAPPING_ONLY
NREQ-9a6b6e2aea89f11aeacc8aa72fa01dad	52	5804	IMPLEMENTED_UNPROVEN	NO_CURRENT_FULL_CLAUSE_DECLARATION; CANDIDATE_MAPPING_ONLY
NREQ-725495eafbe7298eccb4791da66c07c1	52	5806	IMPLEMENTED_UNPROVEN	NO_CURRENT_FULL_CLAUSE_DECLARATION; CANDIDATE_MAPPING_ONLY
